movie_id,actor,billing_order
19995,Sam Worthington,0
19995,Zoe Saldana,1
19995,Sigourney Weaver,2
19995,Stephen Lang,3
19995,Michelle Rodriguez,4
285,Johnny Depp,0
285,Orlando Bloom,1
285,Keira Knightley,2
285,Stellan Skarsgård,3
285,Chow Yun-fat,4
206647,Daniel Craig,0
206647,Christoph Waltz,1
206647,Léa Seydoux,2
206647,Ralph Fiennes,3
206647,Monica Bellucci,4
49026,Christian Bale,0
49026,Michael Caine,1
49026,Gary Oldman,2
49026,Anne Hathaway,3
49026,Tom Hardy,4
49529,Taylor Kitsch,0
49529,Lynn Collins,1
49529,Samantha Morton,2
49529,Willem Dafoe,3
49529,Thomas Haden Church,4
559,Tobey Maguire,0
559,Kirsten Dunst,1
559,James Franco,2
559,Thomas Haden Church,3
559,Topher Grace,4
38757,Zachary Levi,0
38757,Mandy Moore,1
38757,Donna Murphy,2
38757,Ron Perlman,3
38757,M.C. Gainey,4
99861,Robert Downey Jr.,0
99861,Chris Hemsworth,1
99861,Mark Ruffalo,2
99861,Chris Evans,3
99861,Scarlett Johansson,4
767,Daniel Radcliffe,0
767,Rupert Grint,1
767,Emma Watson,2
767,Tom Felton,3
767,Michael Gambon,4
1452,Brandon Routh,0
1452,Kevin Spacey,1
1452,Kate Bosworth,2
1452,James Marsden,3
1452,Parker Posey,4
10764,Daniel Craig,0
10764,Olga Kurylenko,1
10764,Mathieu Amalric,2
10764,Judi Dench,3
10764,Giancarlo Giannini,4
58,Johnny Depp,0
58,Orlando Bloom,1
58,Keira Knightley,2
58,Stellan Skarsgård,3
58,Bill Nighy,4
57201,Johnny Depp,0
57201,Armie Hammer,1
57201,William Fichtner,2
57201,Helena Bonham Carter,3
57201,James Badge Dale,4
49521,Henry Cavill,0
49521,Amy Adams,1
49521,Michael Shannon,2
49521,Kevin Costner,3
49521,Diane Lane,4
2454,Ben Barnes,0
2454,William Moseley,1
2454,Anna Popplewell,2
2454,Skandar Keynes,3
2454,Georgie Henley,4
24428,Robert Downey Jr.,0
24428,Chris Evans,1
24428,Mark Ruffalo,2
24428,Chris Hemsworth,3
24428,Scarlett Johansson,4
1865,Johnny Depp,0
1865,Penélope Cruz,1
1865,Ian McShane,2
1865,Kevin McNally,3
1865,Geoffrey Rush,4
41154,Will Smith,0
41154,Tommy Lee Jones,1
41154,Josh Brolin,2
41154,Michael Stuhlbarg,3
41154,Emma Thompson,4
122917,Martin Freeman,0
122917,Ian McKellen,1
122917,Richard Armitage,2
122917,Ken Stott,3
122917,Graham McTavish,4
1930,Andrew Garfield,0
1930,Emma Stone,1
1930,Rhys Ifans,2
1930,Denis Leary,3
1930,Campbell Scott,4
20662,Russell Crowe,0
20662,Cate Blanchett,1
20662,Max von Sydow,2
20662,William Hurt,3
20662,Mark Strong,4
57158,Martin Freeman,0
57158,Ian McKellen,1
57158,Richard Armitage,2
57158,Ken Stott,3
57158,Graham McTavish,4
2268,Dakota Blue Richards,0
2268,Nicole Kidman,1
2268,Daniel Craig,2
2268,Sam Elliott,3
2268,Eva Green,4
254,Naomi Watts,0
254,Jack Black,1
254,Adrien Brody,2
254,Thomas Kretschmann,3
254,Colin Hanks,4
597,Kate Winslet,0
597,Leonardo DiCaprio,1
597,Frances Fisher,2
597,Billy Zane,3
597,Kathy Bates,4
44833,Taylor Kitsch,0
44833,Alexander Skarsgård,1
44833,Rihanna,2
44833,Brooklyn Decker,3
44833,Tadanobu Asano,4
135397,Chris Pratt,0
135397,Bryce Dallas Howard,1
135397,Irrfan Khan,2
135397,Vincent D'Onofrio,3
135397,Nick Robinson,4
37724,Daniel Craig,0
37724,Judi Dench,1
37724,Javier Bardem,2
37724,Ralph Fiennes,3
37724,Naomie Harris,4
558,Tobey Maguire,0
558,Kirsten Dunst,1
558,James Franco,2
558,Alfred Molina,3
558,Rosemary Harris,4
68721,Robert Downey Jr.,0
68721,Gwyneth Paltrow,1
68721,Don Cheadle,2
68721,Guy Pearce,3
68721,Rebecca Hall,4
12155,Mia Wasikowska,0
12155,Johnny Depp,1
12155,Anne Hathaway,2
12155,Helena Bonham Carter,3
12155,Crispin Glover,4
36668,Hugh Jackman,0
36668,Halle Berry,1
36668,Ian McKellen,2
36668,Patrick Stewart,3
36668,Famke Janssen,4
62211,Billy Crystal,0
62211,John Goodman,1
62211,Steve Buscemi,2
62211,Helen Mirren,3
62211,Noah Johnston,4
8373,Shia LaBeouf,0
8373,Megan Fox,1
8373,Josh Duhamel,2
8373,Rainn Wilson,3
8373,Tyrese Gibson,4
91314,Mark Wahlberg,0
91314,Stanley Tucci,1
91314,Kelsey Grammer,2
91314,Nicola Peltz,3
91314,Jack Reynor,4
68728,James Franco,0
68728,Mila Kunis,1
68728,Rachel Weisz,2
68728,Michelle Williams,3
68728,Zach Braff,4
102382,Andrew Garfield,0
102382,Emma Stone,1
102382,Jamie Foxx,2
102382,Dane DeHaan,3
102382,Campbell Scott,4
20526,Garrett Hedlund,0
20526,Jeff Bridges,1
20526,Olivia Wilde,2
20526,Bruce Boxleitner,3
20526,Yaya DaCosta,4
49013,Owen Wilson,0
49013,Larry the Cable Guy,1
49013,Michael Caine,2
49013,Emily Mortimer,3
49013,John Turturro,4
44912,Ryan Reynolds,0
44912,Blake Lively,1
44912,Peter Sarsgaard,2
44912,Tim Robbins,3
44912,Mark Strong,4
10193,Tom Hanks,0
10193,Tim Allen,1
10193,Ned Beatty,2
10193,Joan Cusack,3
10193,Michael Keaton,4
534,Christian Bale,0
534,Sam Worthington,1
534,Anton Yelchin,2
534,Moon Bloodgood,3
534,Bryce Dallas Howard,4
168259,Vin Diesel,0
168259,Paul Walker,1
168259,Dwayne Johnson,2
168259,Michelle Rodriguez,3
168259,Tyrese Gibson,4
72190,Brad Pitt,0
72190,Mireille Enos,1
72190,Abigail Hargrove,2
72190,Sterling Jerins,3
72190,James Badge Dale,4
127585,Hugh Jackman,0
127585,James McAvoy,1
127585,Michael Fassbender,2
127585,Jennifer Lawrence,3
127585,Halle Berry,4
54138,Chris Pine,0
54138,Zachary Quinto,1
54138,Zoe Saldana,2
54138,Karl Urban,3
54138,Simon Pegg,4
81005,Nicholas Hoult,0
81005,Eleanor Tomlinson,1
81005,Ewan McGregor,2
81005,Stanley Tucci,3
81005,Ian McShane,4
64682,Leonardo DiCaprio,0
64682,Tobey Maguire,1
64682,Carey Mulligan,2
64682,Joel Edgerton,3
64682,Elizabeth Debicki,4
9543,Jake Gyllenhaal,0
9543,Gemma Arterton,1
9543,Ben Kingsley,1
9543,Alfred Molina,2
9543,Steve Toussaint,3
68726,Idris Elba,0
68726,Charlie Hunnam,1
68726,Charlie Day,2
68726,Ron Perlman,3
68726,Burn Gorman,4
38356,Shia LaBeouf,0
38356,John Malkovich,1
38356,Ken Jeong,2
38356,Frances McDormand,3
38356,Josh Duhamel,4
217,Harrison Ford,0
217,Cate Blanchett,1
217,Shia LaBeouf,2
217,Ray Winstone,3
217,Karen Allen,4
105864,Raymond Ochoa,0
105864,Jack Bright,1
105864,Jeffrey Wright,2
105864,Frances McDormand,3
105864,Maleah Nipay-Padilla,4
62177,Kelly Macdonald,0
62177,Julie Walters,1
62177,Billy Connolly,2
62177,Emma Thompson,3
62177,Kevin McKidd,4
10681,Ben Burtt,0
10681,Elissa Knight,1
10681,Jeff Garlin,2
10681,Fred Willard,3
10681,John Ratzenberger,4
5174,Chris Tucker,0
5174,Jackie Chan,1
5174,Hiroyuki Sanada,2
5174,Max von Sydow,3
5174,Yvan Attal,4
14161,John Cusack,0
14161,Amanda Peet,1
14161,Chiwetel Ejiofor,2
14161,Thandie Newton,3
14161,Oliver Platt,4
17979,Gary Oldman,0
17979,Jim Carrey,1
17979,Steve Valentine,2
17979,Daryl Sabara,3
17979,Sage Ryan,4
76757,Mila Kunis,0
76757,Channing Tatum,1
76757,Sean Bean,2
76757,Eddie Redmayne,3
76757,Douglas Booth,4
411,William Moseley,0
411,Anna Popplewell,1
411,Skandar Keynes,2
411,Georgie Henley,3
411,Liam Neeson,4
155,Christian Bale,0
155,Heath Ledger,1
155,Aaron Eckhart,2
155,Michael Caine,3
155,Maggie Gyllenhaal,4
14160,Ed Asner,0
14160,Christopher Plummer,1
14160,Jordan Nagai,2
14160,Bob Peterson,3
14160,Delroy Lindo,4
15512,Seth Rogen,0
15512,Reese Witherspoon,1
15512,Hugh Laurie,2
15512,Paul Rudd,3
15512,Kiefer Sutherland,4
1726,Robert Downey Jr.,0
1726,Terrence Howard,1
1726,Jeff Bridges,2
1726,Shaun Toub,3
1726,Gwyneth Paltrow,4
44826,Ben Kingsley,0
44826,Sacha Baron Cohen,1
44826,Asa Butterfield,2
44826,Chloë Grace Moretz,3
44826,Ray Winstone,4
8487,Will Smith,0
8487,Kevin Kline,1
8487,Kenneth Branagh,2
8487,Salma Hayek,3
8487,M. Emmet Walsh,4
1735,Brendan Fraser,0
1735,Jet Li,1
1735,John Hannah,2
1735,Maria Bello,3
1735,Luke Ford,4
2698,Steve Carell,0
2698,Lauren Graham,1
2698,John Goodman,2
2698,Jimmy Bennett,3
2698,John Michael Higgins,4
137113,Tom Cruise,0
137113,Emily Blunt,1
137113,Brendan Gleeson,2
137113,Bill Paxton,3
137113,Jonas Armstrong,4
9804,Kevin Costner,0
9804,Chaim Girafi,1
9804,Rick Aviles,2
9804,R. D. Call,3
9804,Zitto Kazann,4
14869,Dennis Quaid,0
14869,Channing Tatum,1
14869,Marlon Wayans,2
14869,Sienna Miller,3
14869,Joseph Gordon-Levitt,4
150540,Amy Poehler,0
150540,Phyllis Smith,1
150540,Richard Kind,2
150540,Bill Hader,3
150540,Lewis Black,4
10138,Robert Downey Jr.,0
10138,Gwyneth Paltrow,1
10138,Don Cheadle,2
10138,Scarlett Johansson,3
10138,Mickey Rourke,4
58595,Kristen Stewart,0
58595,Charlize Theron,1
58595,Chris Hemsworth,2
58595,Sam Claflin,3
58595,Ian McShane,4
102651,Angelina Jolie,0
102651,Elle Fanning,1
102651,Sharlto Copley,2
102651,Sam Riley,3
102651,Juno Temple,4
119450,Andy Serkis,0
119450,Jason Clarke,1
119450,Gary Oldman,2
119450,Keri Russell,3
119450,Toby Kebbell,4
79698,Josh Hartnett,0
79698,Simone Kessell,1
79698,Tamsin Egerton,2
79698,Alice Englert,3
79698,Bipasha Basu,4
64686,Keanu Reeves,0
64686,Hiroyuki Sanada,1
64686,Kou Shibasaki,2
64686,Tadanobu Asano,3
64686,Min Tanaka,4
100402,Chris Evans,0
100402,Samuel L. Jackson,1
100402,Scarlett Johansson,2
100402,Robert Redford,3
100402,Sebastian Stan,4
10192,Mike Myers,0
10192,Eddie Murphy,1
10192,Cameron Diaz,2
10192,Antonio Banderas,3
10192,Julie Andrews,4
158852,Britt Robertson,0
158852,George Clooney,1
158852,Raffey Cassidy,2
158852,Thomas Robinson,3
158852,Hugh Laurie,4
177572,Scott Adsit,0
177572,Ryan Potter,1
177572,Daniel Henney,2
177572,T.J. Miller,3
177572,Jamie Chung,4
82690,John C. Reilly,0
82690,Sarah Silverman,1
82690,Jack McBrayer,2
82690,Jane Lynch,3
82690,Alan Tudyk,4
5255,Tom Hanks,0
5255,Michael Jeter,1
5255,Nona Gaye,2
5255,Peter Scolari,3
5255,Eddie Deezen,4
10191,Jay Baruchel,0
10191,Gerard Butler,1
10191,Craig Ferguson,2
10191,America Ferrera,3
10191,Jonah Hill,4
296,Arnold Schwarzenegger,0
296,Nick Stahl,1
296,Claire Danes,2
296,Kristanna Loken,3
296,David Andrews,4
118340,Chris Pratt,0
118340,Zoe Saldana,1
118340,Dave Bautista,2
118340,Vin Diesel,3
118340,Bradley Cooper,4
157336,Matthew McConaughey,0
157336,Jessica Chastain,1
157336,Anne Hathaway,2
157336,Michael Caine,3
157336,Casey Affleck,4
27205,Leonardo DiCaprio,0
27205,Joseph Gordon-Levitt,1
27205,Ellen Page,2
27205,Tom Hardy,3
27205,Ken Watanabe,4
49051,Ian McKellen,0
49051,Martin Freeman,1
49051,Richard Armitage,2
49051,Andy Serkis,3
49051,Cate Blanchett,4
9799,Paul Walker,0
9799,Vin Diesel,1
9799,Michelle Rodriguez,2
9799,Jordana Brewster,3
9799,Rick Yune,4
4922,Cate Blanchett,0
4922,Brad Pitt,1
4922,Tilda Swinton,2
4922,Julia Ormond,3
4922,Elle Fanning,4
49538,James McAvoy,0
49538,Michael Fassbender,1
49538,Jennifer Lawrence,2
49538,Kevin Bacon,3
49538,Rose Byrne,4
131634,Jennifer Lawrence,0
131634,Josh Hutcherson,1
131634,Liam Hemsworth,2
131634,Woody Harrelson,3
131634,Elizabeth Banks,4
27022,Nicolas Cage,0
27022,Jay Baruchel,1
27022,Monica Bellucci,2
27022,Alfred Molina,3
27022,Teresa Palmer,4
503,Kurt Russell,0
503,Richard Dreyfuss,1
503,Josh Lucas,2
503,Jacinda Barrett,3
503,Emmy Rossum,4
810,Mike Myers,0
810,Eddie Murphy,1
810,Cameron Diaz,2
810,Julie Andrews,3
810,Antonio Banderas,4
87101,Arnold Schwarzenegger,0
87101,Jason Clarke,1
87101,Emilia Clarke,2
87101,Jai Courtney,3
87101,J.K. Simmons,4
10140,Skandar Keynes,0
10140,Georgie Henley,1
10140,Simon Pegg,2
10140,Gary Sweet,3
10140,Arthur Angel,4
676,Ben Affleck,0
676,Josh Hartnett,1
676,Kate Beckinsale,2
676,Cuba Gooding Jr.,3
676,Jon Voight,4
1858,Shia LaBeouf,0
1858,Josh Duhamel,1
1858,Megan Fox,2
1858,Rachael Taylor,3
1858,Tyrese Gibson,4
1966,Colin Farrell,0
1966,Angelina Jolie,1
1966,Val Kilmer,2
1966,Jared Leto,3
1966,Jonathan Rhys Meyers,4
675,Daniel Radcliffe,0
675,Rupert Grint,1
675,Emma Watson,2
675,Michael Gambon,3
675,Ralph Fiennes,4
674,Daniel Radcliffe,0
674,Rupert Grint,1
674,Emma Watson,2
674,Ralph Fiennes,3
674,Michael Gambon,4
8960,Will Smith,0
8960,Charlize Theron,1
8960,Jason Bateman,2
8960,Jae Head,3
8960,Eddie Marsan,4
6479,Will Smith,0
6479,Alice Braga,1
6479,Charlie Tahan,2
6479,Salli Richardson-Whitfield,3
6479,Willow Smith,4
118,Johnny Depp,0
118,Freddie Highmore,1
118,David Kelly,2
118,AnnaSophia Robb,3
118,Julia Winter,4
2062,Patton Oswalt,0
2062,Ian Holm,1
2062,Lou Romano,2
2062,Brian Dennehy,3
2062,Peter Sohn,4
272,Christian Bale,0
272,Michael Caine,1
272,Liam Neeson,2
272,Katie Holmes,3
272,Gary Oldman,4
10527,Ben Stiller,0
10527,Jada Pinkett Smith,1
10527,David Schwimmer,2
10527,Chris Rock,3
10527,Cedric the Entertainer,4
18360,Ben Stiller,0
18360,Amy Adams,1
18360,Owen Wilson,2
18360,Hank Azaria,3
18360,Robin Williams,4
2080,Hugh Jackman,0
2080,Liev Schreiber,1
2080,Danny Huston,2
2080,Lynn Collins,3
2080,Ryan Reynolds,4
605,Keanu Reeves,0
605,Laurence Fishburne,1
605,Carrie-Anne Moss,2
605,Hugo Weaving,3
605,Mary Alice,4
109445,Kristen Bell,0
109445,Idina Menzel,1
109445,Jonathan Groff,2
109445,Josh Gad,3
109445,Santino Fontana,4
604,Keanu Reeves,0
604,Carrie-Anne Moss,1
604,Laurence Fishburne,2
604,Hugo Weaving,3
604,Helmut Bakaitis,4
76338,Chris Hemsworth,0
76338,Natalie Portman,1
76338,Tom Hiddleston,2
76338,Anthony Hopkins,3
76338,Christopher Eccleston,4
76341,Tom Hardy,0
76341,Charlize Theron,1
76341,Nicholas Hoult,2
76341,Hugh Keays-Byrne,3
76341,Josh Helman,4
13448,Tom Hanks,0
13448,Ewan McGregor,1
13448,Ayelet Zurer,2
13448,Stellan Skarsgård,3
13448,Pierfrancesco Favino,4
10195,Chris Hemsworth,0
10195,Natalie Portman,1
10195,Tom Hiddleston,2
10195,Anthony Hopkins,3
10195,Stellan Skarsgård,4
13053,John Travolta,0
13053,Miley Cyrus,1
13053,Susie Essman,2
13053,Mark Walton,3
13053,Malcolm McDowell,4
19585,Sam Rockwell,0
19585,Penélope Cruz,1
19585,Tracy Morgan,2
19585,Jon Favreau,3
19585,Steve Buscemi,4
57165,Sam Worthington,0
57165,Liam Neeson,1
57165,Ralph Fiennes,2
57165,Edgar Ramírez,3
57165,Toby Kebbell,4
62213,Johnny Depp,0
62213,Michelle Pfeiffer,1
62213,Helena Bonham Carter,2
62213,Jackie Earle Haley,3
62213,Jonny Lee Miller,4
177677,Tom Cruise,0
177677,Rebecca Ferguson,1
177677,Simon Pegg,2
177677,Jeremy Renner,3
177677,Ving Rhames,4
7978,Benicio del Toro,0
7978,Anthony Hopkins,1
7978,Emily Blunt,2
7978,Hugo Weaving,3
7978,Cristina Contes,4
5559,Jerry Seinfeld,0
5559,Renée Zellweger,1
5559,Jim Cummings,2
5559,Matthew Broderick,3
5559,Patrick Warburton,4
49444,Jack Black,0
49444,Angelina Jolie,1
49444,Dustin Hoffman,2
49444,Gary Oldman,3
49444,Jackie Chan,4
10196,Noah Ringer,0
10196,Nicola Peltz,1
10196,Jackson Rathbone,2
10196,Dev Patel,3
10196,Shaun Toub,4
956,Tom Cruise,0
956,Philip Seymour Hoffman,1
956,Ving Rhames,2
956,Billy Crudup,3
956,Jonathan Rhys Meyers,4
117251,Channing Tatum,0
117251,Jamie Foxx,1
117251,Joey King,2
117251,Maggie Gyllenhaal,3
117251,Richard Jenkins,4
50321,Seth Green,0
50321,Joan Cusack,1
50321,Dan Fogler,2
50321,Breckin Meyer,3
50321,Elisabeth Harnois,4
11619,Hugh Jackman,0
11619,Kate Winslet,1
11619,Ian McKellen,2
11619,Jean Reno,3
11619,Bill Nighy,4
266647,Levi Miller,0
266647,Garrett Hedlund,1
266647,Hugh Jackman,2
266647,Rooney Mara,3
266647,Amanda Seyfried,4
82703,Ty Burrell,0
82703,Max Charles,1
82703,Ariel Winter,2
82703,Allison Janney,3
82703,Ellie Kemper,4
652,Brad Pitt,0
652,Orlando Bloom,1
652,Eric Bana,2
652,Brian Cox,3
652,Sean Bean,4
80321,Ben Stiller,0
80321,Sacha Baron Cohen,1
80321,David Schwimmer,2
80321,Frances McDormand,3
80321,Chris Rock,4
36669,Pierce Brosnan,0
36669,Halle Berry,1
36669,Rosamund Pike,2
36669,Rick Yune,3
36669,Toby Stephens,4
95,Bruce Willis,0
95,Billy Bob Thornton,1
95,Ben Affleck,2
95,Liv Tyler,3
95,Will Patton,4
608,Tommy Lee Jones,0
608,Will Smith,1
608,Rip Torn,2
608,Lara Flynn Boyle,3
608,Johnny Knoxville,4
2310,Ray Winstone,0
2310,Angelina Jolie,1
2310,Anthony Hopkins,2
2310,Robin Wright,3
2310,John Malkovich,4
56292,Tom Cruise,0
56292,Jeremy Renner,1
56292,Simon Pegg,2
56292,Paula Patton,3
56292,Anil Kapoor,4
81188,Chris Pine,0
81188,Alec Baldwin,1
81188,Jude Law,2
81188,Isla Fisher,3
81188,Hugh Jackman,4
7552,Jim Carrey,0
7552,Téa Leoni,1
7552,Alec Baldwin,2
7552,Richard Jenkins,3
7552,Angie Harmon,4
616,Tom Cruise,0
616,Ken Watanabe,1
616,William Atherton,2
616,Chad Lindberg,3
616,Billy Connolly,4
147441,Christian Bale,0
147441,Joel Edgerton,1
147441,John Turturro,2
147441,Aaron Paul,3
147441,Ben Mendelsohn,4
13475,Chris Pine,0
13475,Zachary Quinto,1
13475,Leonard Nimoy,2
13475,Eric Bana,3
13475,Bruce Greenwood,4
557,Tobey Maguire,0
557,Willem Dafoe,1
557,Kirsten Dunst,2
557,James Franco,3
557,Cliff Robertson,4
82702,Jay Baruchel,0
82702,Gerard Butler,1
82702,Kristen Wiig,2
82702,Jonah Hill,3
82702,Cate Blanchett,4
10048,Josh Lucas,0
10048,Jessica Biel,1
10048,Jamie Foxx,2
10048,Sam Shepard,3
10048,Richard Roxburgh,4
13183,Malin Åkerman,0
13183,Billy Crudup,1
13183,Carla Gugino,2
13183,Jeffrey Dean Morgan,4
13183,Patrick Wilson,5
944,Mel Gibson,0
944,Danny Glover,1
944,Joe Pesci,2
944,Rene Russo,3
944,Jet Li,4
1927,Eric Bana,0
1927,Jennifer Connelly,1
1927,Sam Elliott,2
1927,Josh Lucas,4
1927,Nick Nolte,5
72559,Dwayne Johnson,0
72559,D.J. Cotrona,1
72559,Adrianne Palicki,2
72559,Bruce Willis,3
72559,Ray Park,4
7364,Matthew McConaughey,0
7364,Penélope Cruz,1
7364,Steve Zahn,2
7364,William H. Macy,4
7364,Lennie James,5
2114,Donald Sutherland,0
2114,Ming-Na Wen,1
2114,Alec Baldwin,2
2114,Ving Rhames,3
2114,Steve Buscemi,4
1771,Chris Evans,0
1771,Hugo Weaving,1
1771,Tommy Lee Jones,2
1771,Hayley Atwell,3
1771,Sebastian Stan,4
36643,Pierce Brosnan,0
36643,Sophie Marceau,1
36643,Robert Carlyle,2
36643,Denise Richards,3
36643,Robbie Coltrane,4
8619,Russell Crowe,0
8619,Paul Bettany,1
8619,James D'Arcy,2
8619,Billy Boyd,3
8619,Joseph Morgan,4
50620,Kristen Stewart,0
50620,Robert Pattinson,1
50620,Taylor Lautner,2
50620,Peter Facinelli,3
50620,Elizabeth Reaser,4
65759,Elijah Wood,0
65759,Robin Williams,1
65759,Pink,2
65759,E.G. Daily,3
65759,Johnny A. Sanchez,4
1724,Edward Norton,0
1724,Liv Tyler,1
1724,Tim Roth,2
1724,William Hurt,3
1724,Tim Blake Nelson,4
281957,Leonardo DiCaprio,0
281957,Tom Hardy,1
281957,Will Poulter,2
281957,Domhnall Gleeson,3
281957,Paul Anderson,4
77950,Ryan Reynolds,0
77950,Paul Giamatti,1
77950,Michael Peña,2
77950,Samuel L. Jackson,3
77950,Luis Guzmán,4
44896,Johnny Depp,0
44896,Isla Fisher,1
44896,Ned Beatty,2
44896,Bill Nighy,3
44896,Alfred Molina,4
270946,Tom McGrath,0
270946,Chris Miller,1
270946,Christopher Knights,2
270946,Conrad Vernon,3
270946,John Malkovich,4
2503,Matt Damon,0
2503,Julia Stiles,1
2503,David Strathairn,2
2503,Scott Glenn,3
2503,Paddy Considine,4
9502,Jack Black,0
9502,Dustin Hoffman,1
9502,Angelina Jolie,2
9502,Jackie Chan,3
9502,Lucy Liu,4
102899,Paul Rudd,0
102899,Michael Douglas,1
102899,Evangeline Lilly,2
102899,Corey Stoll,3
102899,Bobby Cannavale,4
101299,Jennifer Lawrence,0
101299,Josh Hutcherson,1
101299,Liam Hemsworth,2
101299,Woody Harrelson,3
101299,Elizabeth Banks,4
228161,Jim Parsons,0
228161,Rihanna,1
228161,Steve Martin,2
228161,Jennifer Lopez,3
228161,Matt Jones,4
74,Tom Cruise,0
74,Dakota Fanning,1
74,Miranda Otto,2
74,Justin Chatwin,3
74,Tim Robbins,4
8961,Martin Lawrence,0
8961,Will Smith,1
8961,Jordi Mollà,2
8961,Gabrielle Union,3
8961,Peter Stormare,4
417859,Antonio Banderas,0
417859,Salma Hayek,1
417859,Zach Galifianakis,2
417859,Billy Bob Thornton,3
417859,Amy Sedaris,4
27576,Angelina Jolie,0
27576,Liev Schreiber,1
27576,Chiwetel Ejiofor,2
27576,Daniel Olbrychski,3
27576,August Diehl,4
86834,Russell Crowe,0
86834,Jennifer Connelly,1
86834,Emma Watson,2
86834,Logan Lerman,3
86834,Anthony Hopkins,4
17578,Jamie Bell,0
17578,Andy Serkis,1
17578,Daniel Craig,2
17578,Nick Frost,3
17578,Simon Pegg,4
673,Daniel Radcliffe,0
673,Rupert Grint,1
673,Emma Watson,2
673,Gary Oldman,3
673,David Thewlis,4
6972,Nicole Kidman,0
6972,Hugh Jackman,1
6972,Essie Davis,2
6972,David Wenham,3
6972,Bryan Brown,4
82700,Jaden Smith,0
82700,Will Smith,1
82700,Sophie Okonedo,2
82700,Zoë Kravitz,3
82700,Glenn Morshower,4
10567,D. B. Sweeney,0
10567,Alfre Woodard,1
10567,Ossie Davis,2
10567,Max Casella,3
10567,Hayden Panettiere,4
181533,Ben Stiller,0
181533,Rami Malek,1
181533,Rebel Wilson,2
181533,Robin Williams,3
181533,Owen Wilson,4
38055,Will Ferrell,0
38055,Brad Pitt,1
38055,Tina Fey,2
38055,Jonah Hill,3
38055,David Cross,4
671,Daniel Radcliffe,0
671,Rupert Grint,1
671,Emma Watson,2
671,Richard Harris,3
671,Tom Felton,4
49524,Jeff Bridges,0
49524,Ryan Reynolds,1
49524,Kevin Bacon,2
49524,Stephanie Szostak,3
49524,Mary-Louise Parker,4
22,Johnny Depp,0
22,Geoffrey Rush,1
22,Orlando Bloom,2
22,Keira Knightley,3
22,Jack Davenport,4
131631,Jennifer Lawrence,0
131631,Josh Hutcherson,1
131631,Liam Hemsworth,2
131631,Woody Harrelson,3
131631,Donald Sutherland,4
591,Tom Hanks,0
591,Audrey Tautou,1
591,Ian McKellen,2
591,Paul Bettany,3
591,Jean Reno,4
172385,Jesse Eisenberg,0
172385,Anne Hathaway,1
172385,Leslie Mann,2
172385,Jamie Foxx,3
172385,Andy García,4
36658,Patrick Stewart,0
36658,Hugh Jackman,1
36658,Ian McKellen,2
36658,Halle Berry,3
36658,Famke Janssen,4
51497,Vin Diesel,0
51497,Paul Walker,1
51497,Jordana Brewster,2
51497,Tyrese Gibson,3
51497,Ludacris,4
58574,Robert Downey Jr.,0
58574,Jude Law,1
58574,Jared Harris,2
58574,Noomi Rapace,3
58574,Kelly Reilly,4
18823,Sam Worthington,0
18823,Liam Neeson,1
18823,Ralph Fiennes,2
18823,Gemma Arterton,3
18823,Jason Flemyng,4
861,Arnold Schwarzenegger,0
861,Sharon Stone,1
861,Rachel Ticotin,2
861,Ronny Cox,3
861,Michael Ironside,4
1911,Antonio Banderas,0
1911,Vladimir Kulich,1
1911,Dennis Storhøi,2
1911,Daniel Southern,3
1911,Clive Russell,4
49040,Jeremy Renner,0
49040,Rachel Weisz,1
49040,Edward Norton,2
49040,Scott Glenn,3
49040,Stacy Keach,4
415,George Clooney,0
415,Chris O'Donnell,1
415,Arnold Schwarzenegger,2
415,Uma Thurman,3
415,Alicia Silverstone,4
8871,Jim Carrey,0
8871,Taylor Momsen,1
8871,Jeffrey Tambor,2
8871,Christine Baranski,3
8871,Bill Irwin,4
435,Dennis Quaid,0
435,Jake Gyllenhaal,1
435,Emmy Rossum,2
435,Dash Mihok,3
435,Jay O. Sanders,4
955,Tom Cruise,0
955,Dougray Scott,1
955,Thandie Newton,2
955,Ving Rhames,3
955,Richard Roxburgh,4
2133,George Clooney,0
2133,Mark Wahlberg,1
2133,Diane Lane,2
2133,John C. Reilly,3
2133,William Fichtner,4
1979,Ioan Gruffudd,0
1979,Jessica Alba,1
1979,Chris Evans,2
1979,Michael Chiklis,3
1979,Julian McMahon,4
87827,Suraj Sharma,0
87827,Irrfan Khan,1
87827,Ayush Tandon,2
87827,Gautam Belur,3
87827,Adil Hussain,4
1250,Nicolas Cage,0
1250,Eva Mendes,1
1250,Wes Bentley,2
1250,Donal Logue,3
1250,Sam Elliott,4
9471,Cameron Diaz,0
9471,Drew Barrymore,1
9471,Lucy Liu,2
9471,Bernie Mac,3
9471,Robert Patrick,4
70981,Noomi Rapace,0
70981,Michael Fassbender,1
70981,Guy Pearce,2
70981,Idris Elba,3
70981,Logan Marshall-Green,4
10996,Michael J. Fox,0
10996,Geena Davis,1
10996,Hugh Laurie,2
10996,Jonathan Lipnicki,3
10996,Anna Hoelck,4
68724,Matt Damon,0
68724,Jodie Foster,1
68724,Sharlto Copley,3
68724,Alice Braga,4
68724,Diego Luna,5
2789,Vin Diesel,0
2789,Thandie Newton,1
2789,Karl Urban,2
2789,Colm Feore,3
2789,Linus Roache,4
97020,Joel Kinnaman,0
97020,Gary Oldman,1
97020,Michael Keaton,2
97020,Abbie Cornish,3
97020,Jackie Earle Haley,4
7459,Emile Hirsch,0
7459,Christina Ricci,1
7459,Matthew Fox,2
7459,Susan Sarandon,3
7459,Scott Porter,4
42888,Reese Witherspoon,0
42888,Paul Rudd,1
42888,Owen Wilson,2
42888,Jack Nicholson,3
42888,Kathryn Hahn,4
37834,Tom Cruise,0
37834,Cameron Diaz,1
37834,Peter Sarsgaard,2
37834,Viola Davis,3
37834,Jordi Mollà,4
75612,Tom Cruise,0
75612,Morgan Freeman,1
75612,Olga Kurylenko,2
75612,Andrea Riseborough,3
75612,Nikolaj Coster-Waldau,4
1895,Ewan McGregor,0
1895,Natalie Portman,1
1895,Hayden Christensen,2
1895,Ian McDiarmid,3
1895,Samuel L. Jackson,4
1894,Ewan McGregor,0
1894,Natalie Portman,1
1894,Hayden Christensen,2
1894,Ian McDiarmid,3
1894,Samuel L. Jackson,4
585,John Goodman,0
585,Billy Crystal,1
585,Mary Gibbs,2
585,Steve Buscemi,3
585,James Coburn,4
76170,Hugh Jackman,0
76170,Hiroyuki Sanada,1
76170,Famke Janssen,2
76170,Will Yun Lee,3
76170,Tao Okamoto,4
1893,Liam Neeson,0
1893,Ewan McGregor,1
1893,Natalie Portman,2
1893,Jake Lloyd,3
1893,Ian McDiarmid,4
49519,Nicolas Cage,0
49519,Emma Stone,1
49519,Ryan Reynolds,2
49519,Catherine Keener,3
49519,Cloris Leachman,4
12100,Nicolas Cage,0
12100,Adam Beach,1
12100,Peter Stormare,2
12100,Noah Emmerich,3
12100,Mark Ruffalo,4
98566,Megan Fox,0
98566,Will Arnett,1
98566,William Fichtner,2
98566,Alan Ritchson,3
98566,Noel Fisher,4
49047,Sandra Bullock,0
49047,George Clooney,1
49047,Ed Harris,2
49047,Orto Ignatiussen,3
49047,Phaldut Sharma,4
9619,Pierce Brosnan,0
9619,Linda Hamilton,1
9619,Jamie Renée Smith,2
9619,Jeremy Foley,3
9619,Elizabeth Hoffman,4
166424,Miles Teller,0
166424,Kate Mara,1
166424,Michael B. Jordan,2
166424,Jamie Bell,3
166424,Toby Kebbell,4
1593,Ben Stiller,0
1593,Jake Cherry,1
1593,Carla Gugino,2
1593,Robin Williams,3
1593,Dick Van Dyke,4
254128,Dwayne Johnson,0
254128,Alexandra Daddario,1
254128,Carla Gugino,2
254128,Ioan Gruffudd,3
254128,Archie Panjabi,4
714,Pierce Brosnan,0
714,Jonathan Pryce,1
714,Michelle Yeoh,2
714,Teri Hatcher,3
714,Ricky Jay,4
2024,Mel Gibson,0
2024,Heath Ledger,1
2024,Joely Richardson,2
2024,Jason Isaacs,3
2024,Tchéky Karyo,4
163,George Clooney,0
163,Brad Pitt,1
163,Catherine Zeta-Jones,2
163,Julia Roberts,3
163,Andy García,4
787,Angelina Jolie,0
787,Brad Pitt,1
787,Vince Vaughn,2
787,Adam Brody,3
787,Kerry Washington,4
262500,Shailene Woodley,0
262500,Theo James,1
262500,Kate Winslet,2
262500,Ansel Elgort,3
262500,Miles Teller,4
2567,Leonardo DiCaprio,0
2567,Cate Blanchett,1
2567,Kate Beckinsale,2
2567,John C. Reilly,3
2567,Alec Baldwin,4
38745,Jack Black,0
38745,Amanda Peet,1
38745,Emily Blunt,2
38745,Jason Segel,3
38745,Chris O'Dowd,4
40805,Seth Rogen,0
40805,Jay Chou,1
40805,Christoph Waltz,2
40805,Cameron Diaz,3
40805,Edward Furlong,4
53182,Sullivan Stapleton,0
53182,Eva Green,1
53182,Lena Headey,2
53182,Callan Mulvey,3
53182,David Wenham,4
41513,Hank Azaria,0
41513,Neil Patrick Harris,1
41513,Jayma Mays,2
41513,Sofía Vergara,3
41513,Tim Gunn,4
13700,Roseanne Barr,0
13700,Judi Dench,1
13700,Jennifer Tilly,2
13700,Steve Buscemi,3
13700,G. W. Bailey,4
39254,Hugh Jackman,0
39254,Dakota Goyo,1
39254,Evangeline Lilly,2
39254,Anthony Mackie,3
39254,Kevin Durand,4
77931,Hank Azaria,0
77931,Neil Patrick Harris,1
77931,Brendan Gleeson,2
77931,Jayma Mays,3
77931,Jonathan Winters,4
1639,Sandra Bullock,0
1639,Jason Patric,1
1639,Willem Dafoe,2
1639,Temuera Morrison,3
1639,Mike Hagerty,4
80274,Asa Butterfield,0
80274,Harrison Ford,1
80274,Hailee Steinfeld,2
80274,Abigail Breslin,3
80274,Ben Kingsley,4
1571,Bruce Willis,0
1571,Justin Long,1
1571,Timothy Olyphant,2
1571,Cliff Curtis,3
1571,Maggie Q,4
120,Elijah Wood,0
120,Ian McKellen,1
120,Cate Blanchett,2
120,Orlando Bloom,3
120,Sean Bean,4
10204,Jackie Chan,0
10204,Steve Coogan,1
10204,Cécile de France,2
10204,Robert Fyfe,3
10204,Jim Broadbent,4
8489,Will Smith,0
8489,Jamie Foxx,1
8489,Jon Voight,2
8489,Mario Van Peebles,3
8489,Ron Silver,4
10588,Mike Myers,0
10588,Dakota Fanning,1
10588,Spencer Breslin,2
10588,Kelly Preston,3
10588,Alec Baldwin,4
2048,Will Smith,0
2048,Bridget Moynahan,1
2048,Alan Tudyk,2
2048,James Cromwell,3
2048,Bruce Greenwood,4
1495,Orlando Bloom,0
1495,Eva Green,1
1495,Jeremy Irons,2
1495,Marton Csokas,3
1495,Brendan Gleeson,4
10137,Michael J. Fox,0
10137,Geena Davis,1
10137,Hugh Laurie,2
10137,Jonathan Lipnicki,3
10137,Nathan Lane,4
10198,Anika Noni Rose,0
10198,Bruno Campos,1
10198,Keith David,2
10198,Michael-Leon Wooley,3
10198,Jennifer Cody,4
286217,Matt Damon,0
286217,Jessica Chastain,1
286217,Kristen Wiig,2
286217,Jeff Daniels,3
286217,Michael Peña,4
1635,Ewan McGregor,0
1635,Scarlett Johansson,1
1635,Djimon Hounsou,2
1635,Sean Bean,3
1635,Steve Buscemi,4
9679,Nicolas Cage,0
9679,Angelina Jolie,1
9679,Giovanni Ribisi,2
9679,Delroy Lindo,3
9679,Will Patton,4
98,Russell Crowe,0
98,Joaquin Phoenix,1
98,Connie Nielsen,2
98,Oliver Reed,3
98,Richard Harris,4
180,Tom Cruise,0
180,Colin Farrell,1
180,Samantha Morton,2
180,Max von Sydow,3
180,Lois Smith,4
672,Daniel Radcliffe,0
672,Rupert Grint,1
672,Emma Watson,2
672,Richard Harris,3
672,Alan Rickman,4
36557,Daniel Craig,0
36557,Eva Green,1
36557,Mads Mikkelsen,2
36557,Judi Dench,3
36557,Jeffrey Wright,4
869,Mark Wahlberg,0
869,Tim Roth,1
869,Helena Bonham Carter,2
869,Michael Clarke Duncan,3
869,Kris Kristofferson,4
280,Arnold Schwarzenegger,0
280,Linda Hamilton,1
280,Robert Patrick,2
280,Edward Furlong,3
280,Michael Edwards,4
11322,Christian Bale,0
11322,Johnny Depp,1
11322,Giovanni Ribisi,2
11322,Billy Crudup,3
11322,Marion Cotillard,4
4982,Denzel Washington,0
4982,Russell Crowe,1
4982,Chiwetel Ejiofor,2
4982,Josh Brolin,3
4982,Lymari Nadal,4
36955,Arnold Schwarzenegger,0
36955,Jamie Lee Curtis,1
36955,Tom Arnold,2
36955,Bill Paxton,3
36955,Tia Carrere,4
18487,Denzel Washington,0
18487,John Travolta,1
18487,Luis Guzmán,2
18487,Victor Gojcaj,3
18487,John Turturro,4
39451,Robert De Niro,0
39451,Ben Stiller,1
39451,Owen Wilson,2
39451,Dustin Hoffman,3
39451,Barbra Streisand,4
27581,Will Ferrell,0
27581,Mark Wahlberg,1
27581,Eva Mendes,2
27581,Samuel L. Jackson,3
27581,Dwayne Johnson,4
9268,Arnold Schwarzenegger,0
9268,James Caan,1
9268,Vanessa Williams,2
9268,James Coburn,3
9268,Robert Pastorelli,4
68718,Jamie Foxx,0
68718,Christoph Waltz,1
68718,Leonardo DiCaprio,2
68718,Kerry Washington,3
68718,Samuel L. Jackson,4
10545,Tom Hulce,0
10545,Demi Moore,1
10545,Tony Jay,2
10545,Kevin Kline,3
10545,Paul Kandel,4
11688,David Spade,0
11688,John Goodman,2
11688,Eartha Kitt,4
11688,Patrick Warburton,6
11688,Wendie Malick,8
76163,Sylvester Stallone,0
76163,Jason Statham,1
76163,Dolph Lundgren,2
76163,Bruce Willis,3
76163,Arnold Schwarzenegger,4
2059,Nicolas Cage,0
2059,Diane Kruger,1
2059,Justin Bartha,2
2059,Sean Bean,3
2059,Jon Voight,4
2486,Ed Speleers,0
2486,Jeremy Irons,1
2486,Sienna Guillory,2
2486,Robert Carlyle,3
2486,Djimon Hounsou,4
16523,Max Records,0
16523,Catherine Keener,1
16523,Lauren Ambrose,2
16523,James Gandolfini,3
16523,Catherine O'Hara,4
116711,Josh Hutcherson,0
116711,Amanda Seyfried,1
116711,Colin Farrell,2
116711,Jason Sudeikis,3
116711,Aziz Ansari,4
37710,Johnny Depp,0
37710,Angelina Jolie,1
37710,Paul Bettany,2
37710,Timothy Dalton,3
37710,Steven Berkoff,4
9946,Arnold Schwarzenegger,0
9946,Gabriel Byrne,1
9946,Kevin Pollak,2
9946,Robin Tunney,3
9946,CCH Pounder,4
1372,Leonardo DiCaprio,0
1372,Djimon Hounsou,1
1372,Jennifer Connelly,2
1372,Kagiso Kuypers,3
1372,Arnold Vosloo,4
106646,Leonardo DiCaprio,0
106646,Jonah Hill,1
106646,Margot Robbie,2
106646,Kyle Chandler,3
106646,Rob Reiner,4
414,Val Kilmer,0
414,Tommy Lee Jones,1
414,Jim Carrey,1
414,Nicole Kidman,1
414,Chris O'Donnell,2
563,Casper Van Dien,0
563,Dina Meyer,1
563,Denise Richards,2
563,Jake Busey,3
563,Neil Patrick Harris,4
83542,Tom Hanks,0
83542,Halle Berry,1
83542,Jim Broadbent,2
83542,Hugo Weaving,3
83542,Jim Sturgess,4
41216,Emily Barclay,0
41216,Abbie Cornish,1
41216,Essie Davis,2
41216,Joel Edgerton,3
41216,Deborra-Lee Furness,4
314,Halle Berry,0
314,Benjamin Bratt,1
314,Sharon Stone,2
314,Lambert Wilson,3
314,Frances Conroy,4
184315,Dwayne Johnson,0
184315,Ian McShane,1
184315,John Hurt,2
184315,Rufus Sewell,3
184315,Aksel Hennie,4
9016,Joseph Gordon-Levitt,0
9016,Brian Murray,1
9016,David Hyde Pierce,2
9016,Emma Thompson,3
9016,Michael Wincott,4
18162,Will Ferrell,0
18162,Anna Friel,1
18162,Danny McBride,2
18162,Jorma Taccone,3
18162,Matt Lauer,4
138103,Sylvester Stallone,0
138103,Jason Statham,1
138103,Harrison Ford,2
138103,Arnold Schwarzenegger,3
138103,Mel Gibson,4
257088,Edgar Ramírez,0
257088,Luke Bracey,1
257088,Teresa Palmer,2
257088,Delroy Lindo,3
257088,Ray Winstone,4
10214,Jamie Kennedy,0
10214,Alan Cumming,1
10214,Traylor Howard,2
10214,Kal Penn,3
10214,Steven Wright,4
205775,Chris Hemsworth,0
205775,Benjamin Walker,1
205775,Cillian Murphy,2
205775,Brendan Gleeson,3
205775,Ben Whishaw,4
11692,Eddie Murphy,0
11692,Randy Quaid,1
11692,Rosario Dawson,2
11692,Joe Pantoliano,3
11692,Jay Mohr,4
22972,Matt Damon,0
22972,Greg Kinnear,1
22972,Brendan Gleeson,2
22972,Amy Ryan,3
22972,Jason Isaacs,4
227973,Noah Schnapp,1
227973,Bill Melendez,2
227973,Venus Schultheis,4
227973,Hadley Belle Miller,5
227973,Madisyn Shipman,6
29193,Steve Martin,0
29193,Campbell Scott,1
29193,Ben Gazzara,2
29193,Rebecca Pidgeon,3
29193,Ricky Jay,4
1734,Brendan Fraser,0
1734,Rachel Weisz,1
1734,John Hannah,2
1734,Arnold Vosloo,3
1734,Oded Fehr,4
3131,Leonardo DiCaprio,0
3131,Daniel Day-Lewis,1
3131,Cameron Diaz,2
3131,Liam Neeson,3
3131,Brendan Gleeson,4
9408,Shia LaBeouf,0
9408,Jeff Bridges,1
9408,Zooey Deschanel,2
9408,Jon Heder,3
9408,James Woods,4
9890,Nicole Kidman,0
9890,Matthew Broderick,1
9890,Bette Midler,2
9890,Glenn Close,3
9890,Christopher Walken,4
855,Josh Hartnett,0
855,Ewan McGregor,1
855,Jason Isaacs,2
855,Tom Sizemore,3
855,William Fichtner,4
77953,Will Ferrell,0
77953,Zach Galifianakis,1
77953,Dylan McDermott,2
77953,Jason Sudeikis,3
77953,Sarah Baker,4
18,Bruce Willis,0
18,Gary Oldman,1
18,Ian Holm,2
18,Milla Jovovich,3
18,Chris Tucker,4
37786,Sarah Jessica Parker,0
37786,Kristin Davis,1
37786,Cynthia Nixon,2
37786,Kim Cattrall,3
37786,Chris Noth,4
10501,Kenneth Branagh,0
10501,Kevin Kline,1
10501,Rosie Perez,2
10501,Armand Assante,3
10501,Edward James Olmos,4
57800,John Leguizamo,0
57800,Ray Romano,1
57800,Chris Wedge,2
57800,Denis Leary,3
57800,Seann William Scott,4
150689,Lily James,0
150689,Cate Blanchett,1
150689,Richard Madden,2
150689,Helena Bonham Carter,3
150689,Stellan Skarsgård,4
7980,Rachel Weisz,0
7980,Mark Wahlberg,1
7980,Susan Sarandon,2
7980,Saoirse Ronan,3
7980,Stanley Tucci,4
12,Albert Brooks,0
12,Ellen DeGeneres,1
12,Alexander Gould,2
12,Willem Dafoe,3
12,Brad Garrett,4
122,Elijah Wood,0
122,Ian McKellen,1
122,Viggo Mortensen,2
122,Liv Tyler,3
122,Orlando Bloom,4
121,Elijah Wood,0
121,Ian McKellen,1
121,Viggo Mortensen,2
121,Liv Tyler,3
121,Orlando Bloom,4
68737,Jeff Bridges,0
68737,Julianne Moore,1
68737,Ben Barnes,2
68737,Alicia Vikander,3
68737,Kit Harington,4
1995,Angelina Jolie,0
1995,Jon Voight,1
1995,Iain Glen,2
1995,Noah Taylor,3
1995,Daniel Craig,4
157353,Johnny Depp,0
157353,Paul Bettany,1
157353,Rebecca Hall,2
157353,Kate Mara,3
157353,Morgan Freeman,4
331,Sam Neill,0
331,William H. Macy,1
331,Téa Leoni,2
331,Trevor Morgan,3
331,Alessandro Nivola,4
61791,James Franco,0
61791,Freida Pinto,1
61791,John Lithgow,2
61791,Brian Cox,3
61791,Tom Felton,4
8204,Freddie Highmore,0
8204,Mary-Louise Parker,1
8204,Nick Nolte,2
8204,Sarah Bolger,3
8204,Andrew McCarthy,4
47964,Bruce Willis,0
47964,Jai Courtney,1
47964,Sebastian Koch,2
47964,Mary Elizabeth Winstead,3
47964,Юлия Снигирь,4
10733,Dennis Quaid,0
10733,Billy Bob Thornton,1
10733,Jason Patric,2
10733,Patrick Wilson,3
10733,Emilio Echevarría,4
9806,Craig T. Nelson,0
9806,Holly Hunter,1
9806,Samuel L. Jackson,2
9806,Jason Lee,3
9806,Dominique Louis,4
1408,Geena Davis,0
1408,Matthew Modine,1
1408,Frank Langella,2
1408,Maury Chaykin,3
1408,Patrick Malahide,4
32657,Logan Lerman,0
32657,Brandon T. Jackson,1
32657,Alexandra Daddario,2
32657,Jake Abel,3
32657,Sean Bean,4
607,Tommy Lee Jones,0
607,Will Smith,1
607,Linda Fiorentino,2
607,Vincent D'Onofrio,3
607,Rip Torn,4
863,Tom Hanks,0
863,Tim Allen,1
863,Joan Cusack,2
863,Kelsey Grammer,3
863,Don Rickles,4
44048,Denzel Washington,0
44048,Chris Pine,1
44048,Rosario Dawson,2
44048,Ethan Suplee,3
44048,Kevin Corrigan,4
5175,Chris Tucker,0
5175,Jackie Chan,1
5175,Zhang Ziyi,2
5175,Roselyn Sánchez,3
5175,"Ernie Reyes, Jr.",4
2655,Harrison Ford,0
2655,Michelle Pfeiffer,1
2655,Diana Scarwid,2
2655,James Remar,3
2655,Miranda Otto,4
22794,Bill Hader,0
22794,Anna Faris,1
22794,James Caan,2
22794,Mr. T,3
22794,Benjamin Bratt,4
8355,Ray Romano,0
8355,John Leguizamo,2
8355,Denis Leary,4
8355,Queen Latifah,6
8355,Simon Pegg,8
116745,Ben Stiller,0
116745,Kristen Wiig,1
116745,Patton Oswalt,2
116745,Shirley MacLaine,3
116745,Adam Scott,4
4327,Cameron Diaz,0
4327,Lucy Liu,1
4327,Drew Barrymore,2
4327,Bill Murray,3
4327,John Forsythe,4
1422,Leonardo DiCaprio,0
1422,Matt Damon,1
1422,Jack Nicholson,2
1422,Mark Wahlberg,3
1422,Martin Sheen,4
10674,Eddie Murphy,0
10674,Jackie Chan,1
10674,Ming-Na Wen,2
10674,Lea Salonga,3
10674,June Foray,4
7446,Ben Stiller,0
7446,Jack Black,1
7446,Robert Downey Jr.,2
7446,Nick Nolte,3
7446,Steve Coogan,4
65754,Daniel Craig,0
65754,Rooney Mara,1
65754,Christopher Plummer,2
65754,Goran Visnjic,3
65754,Stellan Skarsgård,4
1572,Bruce Willis,0
1572,Jeremy Irons,1
1572,Samuel L. Jackson,2
1572,Graham Greene,3
1572,Colleen Camp,4
10528,Robert Downey Jr.,0
10528,Jude Law,1
10528,Rachel McAdams,2
10528,Mark Strong,3
10528,Eddie Marsan,4
10865,Michael J. Fox,0
10865,Corey Burton,1
10865,Claudia Christian,2
10865,James Garner,3
10865,John Mahoney,4
258509,Jason Lee,2
258509,Justin Long,4
258509,Bella Thorne,6
258509,Matthew Gray Gubler,7
258509,Jesse McCartney,8
2253,Tom Cruise,0
2253,Carice van Houten,1
2253,Kenneth Branagh,2
2253,Bill Nighy,3
2253,Terence Stamp,4
10661,Adam Sandler,0
10661,John Turturro,1
10661,Emmanuelle Chriqui,2
10661,Nick Swardson,3
10661,Lainie Kazan,4
257344,Adam Sandler,0
257344,Michelle Monaghan,1
257344,Peter Dinklage,2
257344,Josh Gad,3
257344,Kevin James,4
644,Haley Joel Osment,0
644,Frances O'Connor,1
644,Sam Robards,2
644,Jake Thomas,3
644,Jude Law,4
10756,Eddie Murphy,0
10756,Terence Stamp,1
10756,Nathaniel Parker,2
10756,Marsha Thomason,3
10756,Jennifer Tilly,4
686,Jodie Foster,0
686,Matthew McConaughey,1
686,James Woods,2
686,John Hurt,3
686,Tom Skerritt,4
9383,Kevin Bacon,0
9383,Elisabeth Shue,1
9383,Josh Brolin,2
9383,Kim Dickens,3
9383,Rhona Mitra,4
179,Nicole Kidman,0
179,Sean Penn,1
179,Catherine Keener,2
179,Jesper Christensen,3
179,Yvan Attal,4
76285,Logan Lerman,0
76285,Alexandra Daddario,1
76285,Douglas Smith,2
76285,Leven Rambin,3
76285,Brandon T. Jackson,4
1996,Angelina Jolie,0
1996,Gerard Butler,1
1996,Noah Taylor,3
1996,Djimon Hounsou,4
1996,Til Schweiger,5
10003,Val Kilmer,0
10003,Elisabeth Shue,1
10003,Rade Serbedzija,2
10003,Henry Goodman,3
10003,Alun Armstrong,4
1535,Robert Redford,0
1535,Brad Pitt,1
1535,Catherine McCormack,2
1535,Stephen Dillane,3
1535,Larry Bryggman,4
2067,Gary Sinise,0
2067,Tim Robbins,1
2067,Don Cheadle,2
2067,Connie Nielsen,3
2067,Jerry O'Connell,4
46195,Jesse Eisenberg,0
46195,Anne Hathaway,1
46195,Leslie Mann,2
46195,Jane Lynch,4
46195,Will.i.am,5
2277,Robin Williams,0
2277,Sam Neill,1
2277,Embeth Davidtz,2
2277,Oliver Platt,3
2277,Kiersten Warren,4
10357,Tommy Lee Jones,0
10357,Anne Heche,1
10357,Gaby Hoffmann,2
10357,Don Cheadle,3
10357,Joshua Fardon,4
4477,Harrison Ford,0
4477,Brad Pitt,1
4477,Margaret Colin,2
4477,Rubén Blades,3
4477,Treat Williams,4
8665,Harrison Ford,0
8665,Liam Neeson,1
8665,Peter Sarsgaard,2
8665,Joss Ackland,3
8665,John Shrapnel,4
9387,Arnold Schwarzenegger,0
9387,James Earl Jones,1
9387,Max von Sydow,2
9387,Sandahl Bergman,3
9387,Cassandra Gava,4
921,Russell Crowe,0
921,Renée Zellweger,1
921,Paul Giamatti,2
921,Craig Bierko,3
921,Paddy Considine,4
49852,Elle Fanning,0
49852,Nathan Lane,1
49852,John Turturro,2
49852,Frances de la Tour,3
49852,Charlie Rowe,4
4464,Jeff Bridges,0
4464,David McCullough,1
4464,Chris Cooper,2
4464,Tobey Maguire,3
4464,Elizabeth Banks,4
664,Helen Hunt,0
664,Bill Paxton,1
664,Cary Elwes,2
664,Jami Gertz,3
664,Philip Seymour Hoffman,4
8358,Tom Hanks,0
8358,Helen Hunt,1
8358,Chris Noth,2
8358,Paul Sanchez,3
8358,Lari White,4
9836,Elijah Wood,0
9836,Robin Williams,1
9836,Brittany Murphy,2
9836,Hugh Jackman,3
9836,Nicole Kidman,4
2502,Matt Damon,0
2502,Franka Potente,1
2502,Brian Cox,2
2502,Julia Stiles,3
2502,Karl Urban,4
9772,Harrison Ford,0
9772,Gary Oldman,1
9772,Glenn Close,2
9772,Wendy Crewson,3
9772,William H. Macy,4
161,George Clooney,0
161,Brad Pitt,1
161,Matt Damon,2
161,Andy García,3
161,Julia Roberts,4
52451,Milla Jovovich,0
52451,Orlando Bloom,1
52451,Logan Lerman,2
52451,Ray Stevenson,3
52451,Matthew Macfadyen,4
76492,Adam Sandler,0
76492,Steve Buscemi,1
76492,David Spade,2
76492,Kevin James,3
76492,Selena Gomez,4
4523,Amy Adams,0
4523,Patrick Dempsey,1
4523,James Marsden,2
4523,Timothy Spall,3
4523,Rachel Covey,4
59961,Denzel Washington,0
59961,Ryan Reynolds,1
59961,Vera Farmiga,2
59961,Joel Kinnaman,3
59961,Brendan Gleeson,4
10481,Glenn Close,0
10481,Ioan Gruffudd,1
10481,Alice Evans,2
10481,Tim McInnerny,3
10481,Gérard Depardieu,4
59108,Ben Stiller,0
59108,Eddie Murphy,1
59108,Casey Affleck,2
59108,Alan Alda,3
59108,Matthew Broderick,4
1581,Cameron Diaz,0
1581,Kate Winslet,1
1581,Jude Law,2
1581,Jack Black,3
1581,Eli Wallach,4
9798,Will Smith,0
9798,Gene Hackman,1
9798,Jon Voight,2
9798,Regina King,3
9798,Ian Hart,4
22897,Meryl Streep,0
22897,Alec Baldwin,1
22897,Steve Martin,2
22897,John Krasinski,3
22897,Lake Bell,4
298,George Clooney,0
298,Brad Pitt,1
298,Matt Damon,2
298,Al Pacino,3
298,Bernie Mac,4
7484,Martin Lawrence,0
7484,Ashton Kutcher,1
7484,Gary Sinise,2
7484,Debra Messing,3
7484,Billy Connolly,4
157350,Shailene Woodley,0
157350,Theo James,1
157350,Kate Winslet,2
157350,Miles Teller,3
157350,Ray Stevenson,4
853,Jude Law,0
853,Rachel Weisz,1
853,Ed Harris,2
853,Joseph Fiennes,3
853,Bob Hoskins,4
10159,Dwayne Johnson,0
10159,Seann William Scott,1
10159,Rosario Dawson,2
10159,Christopher Walken,3
10159,"Ernie Reyes, Jr.",4
9593,Arnold Schwarzenegger,0
9593,F. Murray Abraham,1
9593,Art Carney,2
9593,Charles Dance,3
9593,Frank McRae,4
1904,Zhang Ziyi,0
1904,Gong Li,1
1904,Youki Kudoh,2
1904,Tsai Chin,3
1904,Suzuka Ohgo,4
9615,Lucas Black,0
9615,Nathalie Kelley,1
9615,Sung Kang,2
9615,Shad Moss,3
9615,Brian Tee,4
51052,James McAvoy,0
51052,Hugh Laurie,1
51052,Bill Nighy,2
51052,Jim Broadbent,3
51052,Imelda Staunton,4
297,Brad Pitt,0
297,Anthony Hopkins,1
297,Claire Forlani,2
297,Jeffrey Tambor,3
297,Marcia Gay Harden,4
9884,Arnold Schwarzenegger,0
9884,Francesca Neri,1
9884,Elias Koteas,2
9884,Cliff Curtis,3
9884,John Turturro,4
16858,Roy Scheider,0
16858,Jessica Lange,1
16858,Leland Palmer,2
16858,Ann Reinking,3
16858,Ben Vereen,4
62764,Julia Roberts,0
62764,Lily Collins,1
62764,Armie Hammer,2
62764,Nathan Lane,3
62764,Martin Klebba,4
22538,Michael Cera,0
22538,Mary Elizabeth Winstead,1
22538,Kieran Culkin,2
22538,Chris Evans,3
22538,Anna Kendrick,4
9341,Aaron Eckhart,0
9341,Hilary Swank,1
9341,Delroy Lindo,2
9341,Stanley Tucci,3
9341,Tchéky Karyo,4
12107,Eddie Murphy,0
12107,Janet Jackson,1
12107,Larry Miller,2
12107,John Ales,3
12107,Richard Gant,4
9637,Freddie Prinze Jr.,0
9637,Sarah Michelle Gellar,1
9637,Matthew Lillard,2
9637,Linda Cardellini,3
9637,Rowan Atkinson,4
49049,Karl Urban,0
49049,Olivia Thirlby,1
49049,Lena Headey,2
49049,Wood Harris,3
49049,Jason Cope,4
9339,Adam Sandler,0
9339,Kate Beckinsale,1
9339,Christopher Walken,2
9339,David Hasselhoff,3
9339,Henry Winkler,4
16281,Hal Holbrook,0
16281,Adrienne Barbeau,1
16281,Fritz Weaver,2
16281,Leslie Nielsen,3
16281,Carrie Nye,4
39691,James Marsden,0
39691,Nick Nolte,1
39691,Christina Applegate,2
39691,Bette Midler,3
39691,Pascale Hutton,4
8247,Hayden Christensen,0
8247,Jamie Bell,1
8247,Samuel L. Jackson,2
8247,Rachel Bilson,3
8247,Michael Rooker,4
11253,Ron Perlman,0
11253,Selma Blair,1
11253,Jeffrey Tambor,2
11253,Doug Jones,3
11253,John Hurt,4
1949,Jake Gyllenhaal,0
1949,Robert Downey Jr.,1
1949,Mark Ruffalo,2
1949,Anthony Edwards,3
1949,Brian Cox,4
8452,Arnold Schwarzenegger,0
8452,Michael Rapaport,1
8452,Tony Goldwyn,2
8452,Michael Rooker,3
8452,Sarah Wynter,4
310,Jim Carrey,0
310,Jennifer Aniston,1
310,Philip Baker Hall,2
310,Catherine Bell,3
310,Lisa Ann Walter,4
27578,Sylvester Stallone,0
27578,Jason Statham,1
27578,Dolph Lundgren,2
27578,Eric Roberts,3
27578,Randy Couture,4
954,Tom Cruise,0
954,Jon Voight,1
954,Emmanuelle Béart,2
954,Henry Czerny,3
954,Jean Reno,4
70160,Jennifer Lawrence,0
70160,Josh Hutcherson,1
70160,Liam Hemsworth,2
70160,Woody Harrelson,3
70160,Elizabeth Banks,4
45243,Bradley Cooper,0
45243,Ed Helms,1
45243,Zach Galifianakis,2
45243,Justin Bartha,3
45243,Ken Jeong,4
364,Michael Keaton,0
364,Danny DeVito,1
364,Michelle Pfeiffer,2
364,Christopher Walken,3
364,Michael Gough,4
7518,Bruce Willis,0
7518,Garry Shandling,1
7518,Steve Carell,2
7518,Wanda Sykes,3
7518,William Shatner,4
11544,Chris Sanders,0
11544,Daveigh Chase,1
11544,Tia Carrere,2
11544,David Ogden Stiers,3
11544,Kevin McDonald,4
9986,Julia Roberts,0
9986,Steve Buscemi,1
9986,John Cleese,2
9986,Oprah Winfrey,3
9986,Cedric the Entertainer,4
8656,Robert Duvall,0
8656,Téa Leoni,1
8656,Elijah Wood,2
8656,Vanessa Redgrave,3
8656,Morgan Freeman,4
146216,Bruce Willis,0
146216,Catherine Zeta-Jones,1
146216,Anthony Hopkins,2
146216,Helen Mirren,3
146216,John Malkovich,4
9291,Adam Sandler,0
9291,Chris Rock,1
9291,Burt Reynolds,2
9291,Michael Irvin,3
9291,Nelly,4
55301,Jason Lee,0
55301,David Cross,1
55301,Jenny Slate,2
55301,Andy Buckley,3
55301,Justin Long,4
109418,Adam Sandler,0
109418,Kevin James,1
109418,Chris Rock,2
109418,David Spade,3
109418,Salma Hayek,4
11665,Steve Carell,0
11665,Anne Hathaway,1
11665,Dwayne Johnson,2
11665,Alan Arkin,3
11665,Terence Stamp,4
6964,Jack Nicholson,0
6964,Diane Keaton,1
6964,Keanu Reeves,2
6964,Frances McDormand,3
6964,Amanda Peet,4
11324,Leonardo DiCaprio,0
11324,Mark Ruffalo,1
11324,Ben Kingsley,2
11324,Emily Mortimer,3
11324,Michelle Williams,4
12193,Vince Vaughn,0
12193,Reese Witherspoon,1
12193,Robert Duvall,2
12193,Sissy Spacek,3
12193,Jon Voight,4
9928,Robin Williams,0
9928,Ewan McGregor,1
9928,Halle Berry,2
9928,Mel Brooks,3
9928,Paula Abdul,4
754,John Travolta,0
754,Nicolas Cage,1
754,Joan Allen,2
754,Alessandro Nivola,3
754,Gina Gershon,4
10202,Adam Sandler,0
10202,Keri Russell,1
10202,Guy Pearce,2
10202,Courteney Cox,3
10202,Lucy Lawless,4
4147,Tom Hanks,0
4147,Tyler Hoechlin,1
4147,Jennifer Jason Leigh,2
4147,Liam Aiken,3
4147,Paul Newman,4
50546,Adam Sandler,0
50546,Jennifer Aniston,1
50546,Nicole Kidman,2
50546,Nick Swardson,3
50546,Brooklyn Decker,4
1701,Nicolas Cage,0
1701,John Cusack,1
1701,John Malkovich,2
1701,Ving Rhames,3
1701,Nick Chinlund,4
13027,Shia LaBeouf,0
13027,Michelle Monaghan,1
13027,Rosario Dawson,2
13027,Michael Chiklis,3
13027,Anthony Mackie,4
2289,Jude Law,0
2289,Nicole Kidman,1
2289,Renée Zellweger,2
2289,Eileen Atkins,3
2289,Brendan Gleeson,4
20504,Denzel Washington,0
20504,Gary Oldman,1
20504,Mila Kunis,2
20504,Ray Stevenson,3
20504,Jennifer Beals,4
9574,Robin Williams,0
9574,Marcia Gay Harden,1
9574,Christopher McDonald,2
9574,Raymond J. Barry,3
9574,Clancy Brown,4
11618,Liam Neeson,0
11618,Catherine Zeta-Jones,1
11618,Owen Wilson,2
11618,Lili Taylor,3
11618,Bruce Dern,4
2300,Michael Jordan,0
2300,Wayne Knight,1
2300,Billy West,2
2300,Dee Bradley Baker,3
2300,Theresa Randle,4
12096,Steve Martin,0
12096,Kevin Kline,1
12096,Jean Reno,2
12096,Beyoncé Knowles,3
12096,Emily Mortimer,4
10200,Keanu Reeves,0
10200,Jennifer Connelly,1
10200,Kathy Bates,2
10200,Jaden Smith,3
10200,John Cleese,4
8834,Mel Gibson,0
8834,Julia Roberts,1
8834,Patrick Stewart,2
8834,Cylk Cozart,3
8834,Steve Kahan,4
228150,Brad Pitt,0
228150,Shia LaBeouf,1
228150,Logan Lerman,2
228150,Michael Peña,3
228150,Jon Bernthal,4
6068,Harrison Ford,0
6068,Anne Heche,1
6068,David Schwimmer,2
6068,Jacqueline Obradors,3
6068,Temuera Morrison,4
41515,Dan Aykroyd,0
41515,Justin Timberlake,1
41515,Anna Faris,2
41515,Tom Cavanagh,3
41515,Christine Taylor,4
9023,Matt Damon,0
9023,James Cromwell,1
9023,Daniel Studi,2
9023,Chopper Bernet,3
9023,Jeff LeBeau,4
38317,Kevin James,0
38317,Rosario Dawson,1
38317,Sylvester Stallone,2
38317,Nick Nolte,3
38317,Jon Favreau,4
2157,Gary Oldman,0
2157,William Hurt,1
2157,Matt LeBlanc,2
2157,Mimi Rogers,3
2157,Heather Graham,4
14462,Denzel Washington,0
14462,Meryl Streep,1
14462,Liev Schreiber,2
14462,Jon Voight,3
14462,Kimberly Elise,4
159824,Adam Sandler,0
159824,Andy Samberg,1
159824,Selena Gomez,2
159824,Kevin James,3
159824,Steve Buscemi,4
49948,Steve Martin,0
49948,Itzhak Perlman,1
49948,Quincy Jones,2
49948,Bette Midler,3
49948,James Earl Jones,4
2135,Guy Pearce,0
2135,Mark Addy,1
2135,Phyllida Law,2
2135,Sienna Guillory,3
2135,Laura Kirk,4
9822,Charlize Theron,0
9822,Rade Serbedzija,1
9822,Bill Paxton,2
9822,Regina King,3
9822,Peter Firth,4
9705,John Travolta,0
9705,Hugh Jackman,1
9705,Halle Berry,2
9705,Don Cheadle,3
9705,Sam Shepard,4
1656,Antonio Banderas,0
1656,Catherine Zeta-Jones,1
1656,Adrián Alonso Barona,2
1656,Julio Oscar Mechoso,3
1656,Nick Chinlund,4
12159,Robin Williams,0
12159,Cuba Gooding Jr.,1
12159,Annabella Sciorra,2
12159,Max von Sydow,3
12159,Jessica Brooks Grant,4
9678,Adam Sandler,0
9678,Patricia Arquette,1
9678,Harvey Keitel,2
9678,Rhys Ifans,3
9678,Tom Lister Jr.,4
4442,Heath Ledger,0
4442,Matt Damon,1
4442,Mackenzie Crook,2
4442,Roger Ashton-Griffiths,3
4442,Peter Stormare,4
75,Jack Nicholson,0
75,Glenn Close,1
75,Annette Bening,2
75,Pierce Brosnan,3
75,Danny DeVito,4
9433,Alec Baldwin,0
9433,Anthony Hopkins,1
9433,Elle Macpherson,2
9433,Harold Perrineau,3
9433,L.Q. Jones,5
19959,Bruce Willis,0
19959,Radha Mitchell,1
19959,Rosamund Pike,2
19959,James Cromwell,3
19959,Ving Rhames,4
11973,Kevin Costner,0
11973,Bruce Greenwood,1
11973,Steven Culp,2
11973,Dylan Baker,3
11973,Shawn Driscoll,4
11228,Sylvester Stallone,0
11228,Amy Brenneman,1
11228,Viggo Mortensen,2
11228,Dan Hedaya,3
11228,Jay O. Sanders,4
77951,Charlie Rowe,0
77951,Justin Long,1
77951,Karl Urban,2
77951,Angourie Rice,3
77951,John Leguizamo,4
10715,Brendan Fraser,0
10715,Jenna Elfman,1
10715,Steve Martin,2
10715,Timothy Dalton,3
10715,Heather Locklear,4
10197,Judi Dench,0
10197,Daniel Day-Lewis,1
10197,Marion Cotillard,2
10197,Penélope Cruz,3
10197,Sophia Loren,4
9562,Paul Walker,0
9562,Frances O'Connor,1
9562,Gerard Butler,2
9562,Billy Connolly,3
9562,David Thewlis,4
9922,Kevin Costner,0
9922,Will Patton,1
9922,Olivia Williams,2
9922,Larenz Tate,3
9922,Tom Petty,4
9447,James Cromwell,0
9447,Mary Stein,1
9447,Mickey Rooney,2
9447,Magda Szubanski,3
9447,E.G. Daily,4
274854,Vin Diesel,0
274854,Rose Leslie,1
274854,Elijah Wood,2
274854,Ólafur Darri Ólafsson,3
274854,Rena Owen,4
8870,Val Kilmer,0
8870,Carrie-Anne Moss,1
8870,Benjamin Bratt,2
8870,Tom Sizemore,3
8870,Simon Baker,4
36970,Pierce Brosnan,0
36970,Jacques Perrin,1
36970,Rie Miyazawa,2
36970,Aldo Baglio,3
36970,Matthias Brandt,4
10077,Heike Makatsch,0
10077,Armin Rohde,1
10077,David Oyelowo,2
10077,Wilfried Hochholdinger,3
10077,Edward Burns,4
76649,Kit Harington,0
76649,Carrie-Anne Moss,1
76649,Emily Browning,2
76649,Adewale Akinnuoye-Agbaje,3
76649,Jessica Lucas,4
453,Russell Crowe,0
453,Ed Harris,0
453,Jennifer Connelly,1
453,Christopher Plummer,2
453,Paul Bettany,3
8587,Jonathan Taylor Thomas,0
8587,Matthew Broderick,1
8587,James Earl Jones,2
8587,Jeremy Irons,3
8587,Moira Kelly,4
72545,Dwayne Johnson,0
72545,Josh Hutcherson,2
72545,Kristin Davis,3
72545,Vanessa Hudgens,4
72545,Luis Guzmán,5
109451,Bill Hader,0
109451,Anna Faris,1
109451,James Caan,2
109451,Will Forte,3
109451,Andy Samberg,4
9533,Anthony Hopkins,0
9533,Edward Norton,1
9533,Ralph Fiennes,2
9533,Harvey Keitel,3
9533,Emily Watson,4
2023,Viggo Mortensen,0
2023,Zuleikha Robinson,1
2023,Omar Sharif,2
2023,Adam Alexi-Malle,3
2023,Louise Lombard,4
71880,Adam Sandler,0
71880,Katie Holmes,1
71880,Al Pacino,2
71880,Eugenio Derbez,3
71880,Tim Meadows,4
584,Paul Walker,0
584,Tyrese Gibson,1
584,Eva Mendes,2
584,Cole Hauser,3
584,Ludacris,4
309809,Jeff Bridges,0
309809,Rachel McAdams,1
309809,Paul Rudd,2
309809,Marion Cotillard,3
309809,James Franco,4
4858,Nicole Kidman,0
4858,Daniel Craig,1
4858,Jeremy Northam,2
4858,Jeffrey Wright,3
4858,Jackson Bond,4
17711,Rene Russo,0
17711,Jason Alexander,1
17711,Piper Perabo,2
17711,Randy Quaid,3
17711,Robert De Niro,4
8698,Sean Connery,0
8698,Peta Wilson,1
8698,Shane West,2
8698,Stuart Townsend,3
8698,Jason Flemyng,4
93456,Steve Carell,0
93456,Kristen Wiig,1
93456,Benjamin Bratt,2
93456,Miranda Cosgrove,3
93456,Russell Brand,4
602,Will Smith,0
602,Bill Pullman,1
602,Jeff Goldblum,2
602,Mary McDonnell,3
602,Judd Hirsch,4
330,Jeff Goldblum,0
330,Julianne Moore,1
330,Pete Postlethwaite,2
330,Richard Attenborough,3
330,Vince Vaughn,4
953,Ben Stiller,0
953,Chris Rock,1
953,David Schwimmer,2
953,Jada Pinkett Smith,3
953,Sacha Baron Cohen,4
9693,Clive Owen,0
9693,Michael Caine,1
9693,Julianne Moore,2
9693,Charlie Hunnam,3
9693,Chiwetel Ejiofor,4
36657,Patrick Stewart,0
36657,Hugh Jackman,1
36657,Ian McKellen,2
36657,Halle Berry,3
36657,Famke Janssen,4
8909,Angelina Jolie,0
8909,James McAvoy,1
8909,Morgan Freeman,2
8909,Thomas Kretschmann,3
8909,Terence Stamp,4
9802,Sean Connery,0
9802,Nicolas Cage,1
9802,Ed Harris,2
9802,John Spencer,3
9802,David Morse,4
950,Ray Romano,0
950,John Leguizamo,1
950,Denis Leary,2
950,Queen Latifah,3
950,Seann William Scott,4
1824,Adam Sandler,0
1824,Drew Barrymore,1
1824,Rob Schneider,2
1824,Sean Astin,3
1824,Lusia Strus,4
2976,John Travolta,0
2976,Michelle Pfeiffer,1
2976,Christopher Walken,2
2976,James Marsden,3
2976,Queen Latifah,4
11026,Stellan Skarsgård,0
11026,Izabella Scorupco,1
11026,James D'Arcy,2
11026,Julian Wadham,3
11026,Remy Sweeney,4
332,Matthew Broderick,0
332,Rupert Everett,1
332,Joely Fisher,2
332,Michelle Trachtenberg,3
332,Andy Dick,4
75656,Jesse Eisenberg,0
75656,Mark Ruffalo,1
75656,Woody Harrelson,2
75656,Mélanie Laurent,3
75656,Isla Fisher,4
38365,Adam Sandler,0
38365,Salma Hayek,1
38365,Maria Bello,2
38365,Steve Buscemi,3
38365,Maya Rudolph,4
594,Tom Hanks,0
594,Catherine Zeta-Jones,1
594,Stanley Tucci,2
594,Chi McBride,3
594,Diego Luna,4
15189,Emma Roberts,0
15189,Jake T. Austin,1
15189,Don Cheadle,2
15189,Johnny Simmons,3
15189,Kyla Pratt,4
11678,Chris O'Donnell,0
11678,Robin Tunney,1
11678,Bill Paxton,2
11678,Scott Glenn,3
11678,Izabella Scorupco,4
6538,Tom Hanks,0
6538,Philip Seymour Hoffman,1
6538,Julia Roberts,2
6538,Amy Adams,3
6538,Om Puri,4
10555,Will Smith,0
10555,Robert De Niro,1
10555,Renée Zellweger,2
10555,Jack Black,3
10555,Angelina Jolie,4
1125,Jamie Foxx,0
1125,Beyoncé Knowles,1
1125,Eddie Murphy,2
1125,Danny Glover,3
1125,Jennifer Hudson,4
4551,John Travolta,0
4551,Uma Thurman,1
4551,Vince Vaughn,2
4551,Cedric the Entertainer,3
4551,André Benjamin,4
612,Eric Bana,0
612,Daniel Craig,1
612,Ciarán Hinds,2
612,Mathieu Kassovitz,3
612,Hanns Zischler,4
9567,Bruce Willis,0
9567,Monica Bellucci,1
9567,Cole Hauser,2
9567,Eamonn Walker,3
9567,Johnny Messner,4
37821,Katherine Heigl,0
37821,Ashton Kutcher,1
37821,Tom Selleck,2
37821,Catherine O'Hara,3
37821,Alex Borstein,4
203801,Henry Cavill,0
203801,Armie Hammer,1
203801,Alicia Vikander,2
203801,Elizabeth Debicki,3
203801,Luca Calvani,4
2539,Adam Sandler,0
2539,Téa Leoni,1
2539,Paz Vega,2
2539,Cloris Leachman,3
2539,Shelbie Bruce,4
9297,Ryan Newman,0
9297,Steve Buscemi,1
9297,Mitchel Musso,2
9297,Sam Lerner,3
9297,Spencer Locke,4
3172,Bruce Willis,0
3172,Billy Bob Thornton,1
3172,Cate Blanchett,2
3172,Troy Garity,3
3172,William Converse-Roberts,4
6520,Sean Connery,0
6520,Richard Gere,1
6520,Julia Ormond,2
6520,Ben Cross,3
6520,Liam Cunningham,4
1439,Jodie Foster,0
1439,Chow Yun-fat,1
1439,Bai Ling,2
1439,Tom Felton,3
1439,Randall Duk Kim,4
37958,Mickey Rourke,0
37958,Kellan Lutz,1
37958,Isabel Lucas,2
37958,Henry Cavill,3
37958,Luke Evans,4
2026,Bruce Willis,0
2026,Kevin Pollak,1
2026,Jimmy Bennett,2
2026,Michelle Horn,3
2026,Ben Foster,4
7450,Matt Damon,0
7450,Bill Pullman,1
7450,Drew Barrymore,2
7450,John Leguizamo,3
7450,Nathan Lane,4
11375,Harrison Ford,0
11375,Josh Hartnett,1
11375,Lena Olin,2
11375,Bruce Greenwood,3
11375,Isaiah Washington,4
9425,Kurt Russell,0
9425,Jason Scott Lee,1
9425,Jason Isaacs,2
9425,Connie Nielsen,3
9425,Sean Pertwee,4
25769,Lou Taylor Pucci,0
25769,Chris Pine,1
25769,Piper Perabo,2
25769,Emily VanCamp,3
25769,Christopher Meloni,4
23685,Brendan Fraser,0
23685,Bridget Fonda,1
23685,John Turturro,2
23685,Chris Kattan,3
23685,Giancarlo Esposito,4
11866,Dennis Quaid,0
11866,Tyrese Gibson,1
11866,Giovanni Ribisi,2
11866,Miranda Otto,3
11866,Hugh Laurie,4
9741,Bruce Willis,0
9741,Samuel L. Jackson,1
9741,Robin Wright,2
9741,Spencer Treat Clark,3
9741,John Patrick Amedori,4
211672,Sandra Bullock,0
211672,Jon Hamm,1
211672,Michael Keaton,2
211672,Allison Janney,3
211672,Steve Coogan,4
23629,Emily Browning,0
23629,Abbie Cornish,1
23629,Jena Malone,2
23629,Vanessa Hudgens,3
23629,Jamie Chung,4
8688,Nicolas Cage,0
8688,Gary Sinise,1
8688,John Heard,2
8688,Carla Gugino,3
8688,Tamara Tunie,4
10153,Dustin Hoffman,0
10153,Sharon Stone,1
10153,Samuel L. Jackson,2
10153,Peter Coyote,3
10153,Liev Schreiber,4
8676,Matthew McConaughey,0
8676,Kate Hudson,1
8676,Donald Sutherland,2
8676,Ewen Bremner,3
8676,Alexis Dziena,4
20829,Adam Sandler,0
20829,Seth Rogen,1
20829,Leslie Mann,2
20829,Eric Bana,3
20829,Jonah Hill,4
4349,Jamie Foxx,0
4349,Jennifer Garner,1
4349,Chris Cooper,2
4349,Jason Bateman,3
4349,Ali Suliman,4
9718,Will Ferrell,0
9718,John C. Reilly,1
9718,Sacha Baron Cohen,2
9718,Gary Cole,3
9718,Michael Clarke Duncan,4
10808,Eddie Murphy,0
10808,Kristen Wilson,1
10808,Raven-Symoné,2
10808,Kyla Pratt,3
10808,Mandy Moore,4
197,Mel Gibson,0
197,Catherine McCormack,1
197,Sophie Marceau,2
197,Patrick McGoohan,3
197,Angus Macfadyen,4
25,Jamie Foxx,0
25,Jake Gyllenhaal,1
25,Scott MacDonald,1
25,Lucas Black,3
25,Peter Sarsgaard,4
35,Dan Castellaneta,0
35,Julie Kavner,1
35,Nancy Cartwright,2
35,Yeardley Smith,3
35,Hank Azaria,4
11086,Jim Carrey,0
11086,Martin Landau,1
11086,Laurie Holden,2
11086,David Ogden Stiers,3
11086,Hal Holbrook,4
10477,Kip Pardue,0
10477,Robert Sean Leonard,1
10477,Til Schweiger,2
10477,Estella Warren,3
10477,Sylvester Stallone,4
1997,Maï Anh Le,0
1997,Guy Pearce,1
1997,Oanh Nguyen,3
1997,Jaran 'See Tao' Petcharoen,4
1997,Stéphanie Lagarde,5
6947,Bryce Dallas Howard,0
6947,Joaquin Phoenix,1
6947,Adrien Brody,2
6947,William Hurt,3
6947,Sigourney Weaver,4
3050,Eddie Murphy,0
3050,Ossie Davis,1
3050,Oliver Platt,2
3050,Peter Boyle,3
3050,Richard Schiff,4
2675,Mel Gibson,0
2675,Joaquin Phoenix,1
2675,Rory Culkin,2
2675,Abigail Breslin,3
2675,Cherry Jones,4
809,Mike Myers,0
809,Eddie Murphy,1
809,Cameron Diaz,2
809,Julie Andrews,3
809,Antonio Banderas,4
920,Owen Wilson,0
920,Paul Newman,1
920,Bonnie Hunt,2
920,Larry the Cable Guy,3
920,Tony Shalhoub,4
4806,Julia Roberts,0
4806,Richard Gere,1
4806,Joan Cusack,2
4806,Rita Wilson,3
4806,Héctor Elizondo,4
7451,Vin Diesel,0
7451,Asia Argento,1
7451,Samuel L. Jackson,2
7451,Danny Trejo,3
7451,Leila Arcieri,4
228165,Tom Kenny,0
228165,Bill Fagerbakke,1
228165,Rodger Bumpass,2
228165,Clancy Brown,3
228165,Carolyn Lawrence,4
3595,Mel Gibson,0
3595,Gary Sinise,1
3595,Delroy Lindo,2
3595,Rene Russo,3
3595,Lili Taylor,4
16869,Brad Pitt,0
16869,Mélanie Laurent,1
16869,Christoph Waltz,2
16869,Eli Roth,3
16869,Michael Fassbender,4
879,Robin Williams,0
879,Dustin Hoffman,1
879,Julia Roberts,2
879,Bob Hoskins,3
879,Maggie Smith,4
1573,Bruce Willis,0
1573,Bonnie Bedelia,1
1573,William Atherton,2
1573,Reginald VelJohnson,3
1573,Franco Nero,4
9257,Samuel L. Jackson,0
9257,Colin Farrell,1
9257,Michelle Rodriguez,2
9257,LL Cool J,3
9257,Josh Charles,4
1903,Tom Cruise,0
1903,Penélope Cruz,1
1903,Cameron Diaz,2
1903,Kurt Russell,3
1903,Jason Lee,4
9697,Paul Giamatti,0
9697,Jeffrey Wright,1
9697,Bob Balaban,2
9697,Sarita Choudhury,3
9697,Cindy Cheung,4
395,Sanaa Lathan,0
395,Raoul Bova,1
395,Ewen Bremner,2
395,Colin Salmon,3
395,Tommy Flanagan,4
23398,Zachary Levi,0
23398,David Cross,1
23398,Jason Lee,2
23398,Justin Long,3
23398,Matthew Gray Gubler,4
10590,Mel Gibson,0
10590,Greg Kinnear,1
10590,Madeleine Stowe,2
10590,Sam Elliott,3
10590,Chris Klein,4
117263,Gerard Butler,0
117263,Aaron Eckhart,1
117263,Angela Bassett,2
117263,Morgan Freeman,3
117263,Radha Mitchell,4
200,Patrick Stewart,0
200,Jonathan Frakes,1
200,Brent Spiner,2
200,LeVar Burton,3
200,Michael Dorn,4
44943,Aaron Eckhart,0
44943,Ramón Rodríguez,1
44943,Will Rothhaar,2
44943,Cory Hardrict,3
44943,Jim Parrack,4
587,Ewan McGregor,0
587,Albert Finney,1
587,Billy Crudup,2
587,Jessica Lange,3
587,Helena Bonham Carter,4
10395,Jack Nicholson,0
10395,Christopher Plummer,1
10395,James Spader,2
10395,Michelle Pfeiffer,3
10395,Kate Nelligan,4
57212,Tom Hiddleston,0
57212,Benedict Cumberbatch,1
57212,Toby Kebbell,2
57212,Emily Watson,3
57212,Jeremy Irvine,4
152760,Matt Damon,0
152760,Cate Blanchett,1
152760,George Clooney,2
152760,Bill Murray,3
152760,John Goodman,4
2756,Ed Harris,0
2756,Mary Elizabeth Mastrantonio,1
2756,Michael Biehn,2
2756,Leo Burmester,3
2756,Todd Graff,4
33909,Michael Douglas,0
33909,Shia LaBeouf,1
33909,Josh Brolin,2
33909,Carey Mulligan,3
33909,Frank Langella,4
49017,Luke Evans,0
49017,Sarah Gadon,1
49017,Dominic Cooper,2
49017,Art Parkinson,3
49017,Charles Dance,4
9882,Denzel Washington,0
9882,Annette Bening,1
9882,Bruce Willis,2
9882,Tony Shalhoub,3
9882,Sami Bouajila,4
2270,Claire Danes,0
2270,Charlie Cox,1
2270,Michelle Pfeiffer,2
2270,Robert De Niro,3
2270,Sienna Miller,4
978,Brad Pitt,0
978,Jamyang Jamtsho Wangchuk,1
978,David Thewlis,2
978,BD Wong,3
978,Mako,4
44564,Kevin James,1
44564,Vince Vaughn,1
44564,Winona Ryder,2
44564,Jennifer Connelly,2
44564,Queen Latifah,4
3132,Anthony Hopkins,0
3132,Chris Rock,1
3132,Peter Stormare,2
3132,Gabriel Macht,3
3132,Kerry Washington,4
8814,Dwayne Johnson,0
8814,Karl Urban,1
8814,Rosamund Pike,2
8814,Ben Daniels,3
8814,Deobia Oparei,4
8427,Eddie Murphy,0
8427,Owen Wilson,1
8427,Famke Janssen,2
8427,Keith Dallas,3
8427,Malcolm McDowell,4
52520,Kate Beckinsale,0
52520,Stephen Rea,1
52520,Michael Ealy,2
52520,Theo James,3
52520,India Eisley,4
80585,Julianne Hough,0
80585,Diego Boneta,1
80585,Tom Cruise,2
80585,Alec Baldwin,3
80585,Russell Brand,4
10592,Bruce Willis,0
10592,Colin Farrell,1
10592,Terrence Howard,2
10592,Marcel Iureș,3
10592,Cole Hauser,4
49021,Jason Statham,0
49021,Clive Owen,1
49021,Robert De Niro,2
49021,Dominic Purcell,3
49021,Yvonne Strahovski,4
11535,Chris Klein,0
11535,LL Cool J,1
11535,Rebecca Romijn,2
11535,Naveen Andrews,3
11535,Jean Reno,4
10550,Antonio Banderas,0
10550,Lucy Liu,1
10550,Gregg Henry,2
10550,Ray Park,3
10550,Talisa Soto,4
11258,Morgan Freeman,0
11258,Christian Slater,1
11258,Randy Quaid,2
11258,Minnie Driver,3
11258,Ed Asner,4
12610,Chris Rock,0
12610,Laurence Fishburne,1
12610,David Hyde Pierce,2
12610,Brandy Norwood,3
12610,Bill Murray,4
59981,Lea Michele,0
59981,Dan Aykroyd,1
59981,Patrick Stewart,2
59981,Hugh Dancy,3
59981,Jim Belushi,4
201088,Chris Hemsworth,0
201088,Leehom Wang,1
201088,Tang Wei,2
201088,Viola Davis,3
201088,Holt McCallany,4
5137,Jude Law,0
5137,Gwyneth Paltrow,1
5137,Giovanni Ribisi,2
5137,Angelina Jolie,3
5137,Bai Ling,4
3093,Sharon Stone,0
3093,David Morrissey,1
3093,Charlotte Rampling,2
3093,David Thewlis,3
3093,Stan Collymore,4
107846,Sylvester Stallone,0
107846,Arnold Schwarzenegger,1
107846,Jim Caviezel,2
107846,Vinnie Jones,3
107846,50 Cent,4
188207,Kellan Lutz,0
188207,Liam McIntyre,1
188207,Gaia Weiss,2
188207,Scott Adkins,3
188207,Roxanne McKee,4
4614,Ben Affleck,0
4614,Morgan Freeman,1
4614,James Cromwell,2
4614,Ken Jenkins,3
4614,Liev Schreiber,4
24021,Kristen Stewart,0
24021,Robert Pattinson,1
24021,Taylor Lautner,2
24021,Ashley Greene,3
24021,Peter Facinelli,4
11371,Robert De Niro,0
11371,Edward Norton,1
11371,Marlon Brando,2
11371,Angela Bassett,3
11371,Paul Soles,4
20352,Steve Carell,0
20352,Jason Segel,1
20352,Russell Brand,2
20352,Julie Andrews,3
20352,Will Arnett,4
11517,Wesley Snipes,0
11517,Woody Harrelson,1
11517,Jennifer Lopez,2
11517,Robert Blake,3
11517,Chris Cooper,4
214756,Mark Wahlberg,0
214756,Seth MacFarlane,1
214756,Amanda Seyfried,2
214756,Jessica Barth,3
214756,Giovanni Ribisi,4
26428,Rachel Weisz,0
26428,Max Minghella,1
26428,Oscar Isaac,2
26428,Ashraf Barhom,3
26428,Michael Lonsdale,4
9824,Ben Stiller,0
9824,Geoffrey Rush,1
9824,Claire Forlani,2
9824,William H. Macy,3
9824,Hank Azaria,4
48988,Owen Wilson,0
48988,Jason Sudeikis,1
48988,Jenna Fischer,2
48988,Christina Applegate,3
48988,Nicky Whelan,4
9008,Al Pacino,0
9008,Russell Crowe,1
9008,Christopher Plummer,2
9008,Diane Venora,3
9008,Bruce McGill,4
12113,Leonardo DiCaprio,0
12113,Russell Crowe,1
12113,Mark Strong,2
12113,Ali Suliman,3
12113,Simon McBurney,4
38778,Steve Carell,0
38778,Paul Rudd,1
38778,Stephanie Szostak,2
38778,Jemaine Clement,3
38778,Zach Galifianakis,5
72331,Benjamin Walker,0
72331,Dominic Cooper,1
72331,Anthony Mackie,2
72331,Mary Elizabeth Winstead,3
72331,Rufus Sewell,4
1844,Sean Connery,0
1844,Catherine Zeta-Jones,1
1844,Will Patton,2
1844,Maury Chaykin,3
1844,Ving Rhames,4
846,David Duchovny,0
846,Gillian Anderson,1
846,Mitch Pileggi,2
846,William B. Davis,3
846,John Neville,4
9703,Colin Firth,0
9703,Ben Kingsley,1
9703,Aishwarya Rai Bachchan,2
9703,Peter Mullan,3
9703,Kevin McKidd,4
857,Tom Hanks,0
857,Matt Damon,1
857,Vin Diesel,2
857,Tom Sizemore,3
857,Barry Pepper,4
136797,Aaron Paul,0
136797,Dominic Cooper,1
136797,Imogen Poots,2
136797,Rami Malek,3
136797,Ramón Rodríguez,4
3981,Helen Hunt,0
3981,Mel Gibson,1
3981,Marisa Tomei,2
3981,Lauren Holly,3
3981,Mark Feuerstein,4
425,Ray Romano,0
425,John Leguizamo,2
425,Denis Leary,4
425,Goran Visnjic,6
425,Jack Black,7
6171,Morgan Freeman,0
6171,Thomas Jane,1
6171,Jason Lee,2
6171,Damian Lewis,3
6171,Timothy Olyphant,4
72976,Daniel Day-Lewis,0
72976,Sally Field,1
72976,David Strathairn,2
72976,Joseph Gordon-Levitt,3
72976,James Spader,4
603,Keanu Reeves,0
603,Laurence Fishburne,1
603,Carrie-Anne Moss,2
603,Hugo Weaving,3
603,Gloria Foster,4
568,Tom Hanks,0
568,Bill Paxton,1
568,Kevin Bacon,2
568,Gary Sinise,3
568,Ed Harris,4
9021,Tim Allen,0
9021,Elizabeth Mitchell,1
9021,David Krumholtz,2
9021,Eric Lloyd,3
9021,Spencer Breslin,4
82695,Hugh Jackman,0
82695,Russell Crowe,1
82695,Anne Hathaway,2
82695,Amanda Seyfried,3
82695,Sacha Baron Cohen,4
9489,Tom Hanks,0
9489,Meg Ryan,1
9489,Katie Sagona,2
9489,Greg Kinnear,3
9489,Parker Posey,4
12133,Will Ferrell,0
12133,John C. Reilly,1
12133,Mary Steenburgen,2
12133,Richard Jenkins,3
12133,Adam Scott,4
9342,Antonio Banderas,0
9342,Anthony Hopkins,1
9342,Catherine Zeta-Jones,2
9342,Stuart Wilson,3
9342,Diego Sieres,4
41733,Robert Downey Jr.,0
41733,Zach Galifianakis,1
41733,Michelle Monaghan,2
41733,Jamie Foxx,3
41733,Juliette Lewis,4
227306,Jack O'Connell,0
227306,Domhnall Gleeson,1
227306,Garrett Hedlund,2
227306,Miyavi,3
227306,Finn Wittrock,4
5551,Clint Eastwood,0
5551,Tommy Lee Jones,1
5551,Donald Sutherland,2
5551,James Garner,3
5551,James Cromwell,4
9350,Sylvester Stallone,0
9350,John Lithgow,1
9350,Michael Rooker,2
9350,Janine Turner,3
9350,Rex Linn,4
9208,John Travolta,0
9208,Christian Slater,1
9208,Samantha Mathis,2
9208,Delroy Lindo,3
9208,Bob Gunton,4
4244,Bruce Willis,0
4244,Spencer Breslin,1
4244,Emily Mortimer,2
4244,Lily Tomlin,3
4244,Chi McBride,4
1852,Nicolas Cage,0
1852,Maria Bello,1
1852,Maggie Gyllenhaal,2
1852,Michael Peña,3
1852,Jay Hernandez,4
11820,Julia Roberts,0
11820,Kirsten Dunst,1
11820,Julia Stiles,2
11820,Maggie Gyllenhaal,3
11820,Ginnifer Goodwin,4
76493,Sacha Baron Cohen,0
76493,Sayed Badreya,1
76493,Aasif Mandvi,2
76493,Megan Fox,3
76493,Anna Faris,4
345,Tom Cruise,0
345,Nicole Kidman,1
345,Madison Eginton,2
345,Jackie Sawiris,3
345,Sydney Pollack,4
196867,Quvenzhané Wallis,0
196867,Jamie Foxx,1
196867,Rose Byrne,2
196867,Cameron Diaz,3
196867,Bobby Cannavale,4
256591,Will Smith,1
256591,Margot Robbie,2
256591,Rodrigo Santoro,3
256591,Robert Taylor,4
256591,Gerald McRaney,5
59962,Reese Witherspoon,0
59962,Chris Pine,1
59962,Tom Hardy,2
59962,Laura Vandervoort,3
59962,Angela Bassett,4
36648,Wesley Snipes,0
36648,Kris Kristofferson,1
36648,Dominic Purcell,2
36648,Jessica Biel,3
36648,Ryan Reynolds,4
1880,Patrick Swayze,0
1880,C. Thomas Howell,1
1880,Lea Thompson,2
1880,Darren Dalton,3
1880,Charlie Sheen,4
9440,John Travolta,0
9440,Emma Thompson,1
9440,Billy Bob Thornton,2
9440,Kathy Bates,3
9440,Adrian Lester,4
71679,Milla Jovovich,0
71679,Sienna Guillory,1
71679,Michelle Rodriguez,2
71679,Aryana Engineer,3
71679,Li Bingbing,4
10483,Jason Statham,0
10483,Joan Allen,1
10483,Ian McShane,2
10483,Tyrese Gibson,3
10483,Natalie Martinez,4
11412,Geena Davis,0
11412,Samuel L. Jackson,1
11412,Yvonne Zima,2
11412,Craig Bierko,3
11412,Tom Amandes,4
11983,Meg Ryan,0
11983,Russell Crowe,1
11983,David Morse,2
11983,Pamela Reed,3
11983,David Caruso,4
6795,Jonah Bobo,0
6795,Josh Hutcherson,1
6795,Dax Shepard,2
6795,Kristen Stewart,3
6795,Tim Robbins,4
550,Edward Norton,0
550,Brad Pitt,1
550,Meat Loaf,2
550,Jared Leto,3
550,Helena Bonham Carter,4
11170,Matthew McConaughey,0
11170,Matthew Fox,1
11170,Anthony Mackie,2
11170,David Strathairn,3
11170,Ian McShane,4
9292,Bruce Willis,0
9292,Danny Aiello,1
9292,Andie MacDowell,2
9292,James Coburn,3
9292,Richard E. Grant,4
10783,John Travolta,0
10783,Lisa Kudrow,1
10783,Tim Roth,2
10783,Ed O'Neill,3
10783,Michael Rapaport,4
100241,Aaron Eckhart,0
100241,Yvonne Strahovski,1
100241,Bill Nighy,2
100241,Jai Courtney,3
100241,Miranda Otto,4
257,Barney Clark,0
257,Ben Kingsley,1
257,Jamie Foreman,2
257,Harry Eden,3
257,Edward Hardwicke,4
9947,Jennifer Garner,0
9947,Goran Visnjic,1
9947,Will Yun Lee,2
9947,Cary-Hiroyuki Tagawa,3
9947,Terence Stamp,4
189,Mickey Rourke,0
189,Jessica Alba,1
189,Josh Brolin,2
189,Joseph Gordon-Levitt,3
189,Rosario Dawson,4
12618,Harrison Ford,0
12618,Kristin Scott Thomas,1
12618,Charles S. Dutton,2
12618,Bonnie Hunt,3
12618,Dennis Haysbert,4
253412,Jason Clarke,0
253412,Jake Gyllenhaal,1
253412,Josh Brolin,2
253412,John Hawkes,3
253412,Sam Worthington,4
1427,Ben Whishaw,0
1427,Simon Chandler,1
1427,David Calder,2
1427,Richard Felix,3
1427,Birgit Minichmayr,4
818,Mike Myers,0
818,Beyoncé Knowles,1
818,Seth Green,2
818,Michael York,3
818,Mindy Sterling,4
16577,Nicolas Cage,0
16577,Kristen Bell,1
16577,Bill Nighy,2
16577,Donald Sutherland,3
16577,Freddie Highmore,4
329,Sam Neill,0
329,Laura Dern,1
329,Jeff Goldblum,2
329,Richard Attenborough,3
329,Bob Peck,4
12160,Kevin Costner,0
12160,Dennis Quaid,1
12160,Gene Hackman,2
12160,David Andrews,3
12160,Linden Ashby,4
9331,Harrison Ford,0
9331,Willem Dafoe,1
9331,Anne Archer,2
9331,Joaquim de Almeida,3
9331,Henry Czerny,4
9072,Marlon Wayans,0
9072,Shawn Wayans,1
9072,Kerry Washington,2
9072,John Witherspoon,3
9072,Tracy Morgan,4
3536,Matthew McConaughey,0
3536,Bill Paxton,1
3536,Harvey Keitel,2
3536,Jon Bon Jovi,3
3536,David Keith,4
9087,Michael Douglas,0
9087,Annette Bening,1
9087,Michael J. Fox,2
9087,Martin Sheen,3
9087,Anna Deavere Smith,4
12177,Mike Myers,0
12177,Jessica Alba,1
12177,Justin Timberlake,2
12177,Romany Malco,3
12177,Meagan Good,4
12138,Kurt Russell,0
12138,Kevin Costner,1
12138,Courteney Cox,2
12138,Christian Slater,3
12138,Kevin Pollak,4
273248,Samuel L. Jackson,0
273248,Kurt Russell,1
273248,Jennifer Jason Leigh,2
273248,Walton Goggins,3
273248,Demián Bichir,4
9955,Will Ferrell,0
9955,Jon Heder,1
9955,Will Arnett,2
9955,Amy Poehler,3
9955,Jenna Fischer,4
50359,Russell Brand,0
50359,James Marsden,1
50359,Kaley Cuoco,2
50359,Hank Azaria,3
50359,Elizabeth Perkins,4
1271,Gerard Butler,0
1271,Lena Headey,1
1271,Dominic West,2
1271,David Wenham,3
1271,Vincent Regan,4
693,Ben Stiller,0
693,Teri Polo,1
693,Robert De Niro,2
693,Dustin Hoffman,3
693,Barbra Streisand,4
14306,Owen Wilson,0
14306,Jennifer Aniston,1
14306,Eric Dane,2
14306,Kathleen Turner,3
14306,Alan Arkin,4
497,Tom Hanks,0
497,Michael Clarke Duncan,1
497,David Morse,2
497,Bonnie Hunt,3
497,James Cromwell,4
11199,Tim Allen,0
11199,John Travolta,1
11199,Martin Lawrence,2
11199,William H. Macy,3
11199,Ray Liotta,4
9982,Zach Braff,0
9982,Joan Cusack,1
9982,Dan Molina,2
9982,Steve Zahn,3
9982,Garry Marshall,4
210577,Ben Affleck,0
210577,Rosamund Pike,1
210577,Carrie Coon,2
210577,Neil Patrick Harris,3
210577,Tyler Perry,4
2501,Matt Damon,0
2501,Franka Potente,1
2501,Chris Cooper,2
2501,Clive Owen,3
2501,Brian Cox,4
710,Pierce Brosnan,0
710,Sean Bean,1
710,Izabella Scorupco,2
710,Famke Janssen,3
710,Joe Don Baker,4
2275,John Travolta,0
2275,Madeleine Stowe,1
2275,James Cromwell,2
2275,Timothy Hutton,3
2275,Leslie Stefanson,4
37165,Jim Carrey,0
37165,Laura Linney,1
37165,Noah Emmerich,2
37165,Natascha McElhone,3
37165,Ed Harris,4
9837,Val Kilmer,0
9837,Ralph Fiennes,1
9837,Patrick Stewart,2
9837,Michelle Pfeiffer,3
9837,Sandra Bullock,4
10708,Eddie Murphy,0
10708,Jeff Garlin,1
10708,Steve Zahn,2
10708,Regina King,3
10708,Kevin Nealon,4
136400,Denzel Washington,0
136400,Mark Wahlberg,1
136400,Paula Patton,2
136400,Bill Paxton,3
136400,Fred Ward,4
10992,Jeff Goldblum,0
10992,Elizabeth Perkins,1
10992,Alexander Pollock,2
10992,Miriam Margolyes,3
10992,Tobey Maguire,5
9654,Mark Wahlberg,0
9654,Charlize Theron,1
9654,Edward Norton,2
9654,Seth Green,3
9654,Jason Statham,4
2642,Sandra Bullock,0
2642,Hugh Grant,1
2642,Alicia Witt,2
2642,Dana Ivey,3
2642,Robert Klein,4
8916,Woody Allen,0
8916,Dan Aykroyd,1
8916,Anne Bancroft,2
8916,Danny Glover,3
8916,Gene Hackman,4
19899,Vince Vaughn,0
19899,Malin Åkerman,1
19899,Jason Bateman,2
19899,Kristen Bell,3
19899,Jon Favreau,4
2119,Tom Cruise,0
2119,Robert Duvall,1
2119,Nicole Kidman,2
2119,Randy Quaid,3
2119,Cary Elwes,4
9641,Steve Martin,0
9641,Eugene Levy,1
9641,Bonnie Hunt,2
9641,Tom Welling,3
9641,Jonathan Bennett,4
294254,Dylan O'Brien,0
294254,Kaya Scodelario,1
294254,Thomas Brodie-Sangster,2
294254,Giancarlo Esposito,3
294254,Aidan Gillen,4
38167,Julia Roberts,0
38167,James Franco,1
38167,Javier Bardem,2
38167,Billy Crudup,3
38167,Richard Jenkins,4
5994,Nicolas Cage,0
5994,Téa Leoni,1
5994,Don Cheadle,2
5994,Saul Rubinek,3
5994,Amber Valletta,4
39514,Bruce Willis,0
39514,John Malkovich,1
39514,Helen Mirren,2
39514,Mary-Louise Parker,3
39514,Karl Urban,4
9563,Al Pacino,0
9563,Cameron Diaz,1
9563,Dennis Quaid,2
9563,James Woods,3
9563,Jamie Foxx,4
547,Robert Redford,0
547,Kristin Scott Thomas,1
547,Sam Neill,2
547,Scarlett Johansson,3
547,Dianne Wiest,4
1538,Tom Cruise,0
1538,Jamie Foxx,1
1538,Jada Pinkett Smith,2
1538,Mark Ruffalo,3
1538,Peter Berg,4
9334,Dwayne Johnson,0
9334,Kelly Hu,1
9334,Michael Clarke Duncan,2
9334,Steven Brand,3
9334,Bernard Hill,4
11128,Joaquin Phoenix,0
11128,John Travolta,1
11128,Jacinda Barrett,2
11128,Robert Patrick,3
11128,Morris Chestnut,4
75780,Tom Cruise,0
75780,Rosamund Pike,1
75780,Richard Jenkins,2
75780,David Oyelowo,3
75780,Werner Herzog,4
8914,Thomas Jane,0
8914,Saffron Burrows,1
8914,LL Cool J,2
8914,Michael Rapaport,3
8914,Samuel L. Jackson,4
13576,Michael Jackson,0
13576,Orianthi,1
13576,Kenny Ortega,2
13576,Dorian Holley,3
13576,Patrick Woodroffe,4
39538,Matt Damon,0
39538,Gwyneth Paltrow,1
39538,Kate Winslet,2
39538,Jude Law,3
39538,Marion Cotillard,4
10628,Jerry O'Connell,0
10628,Anthony Anderson,1
10628,Estella Warren,2
10628,Christopher Walken,3
10628,Michael Shannon,4
14836,Dakota Fanning,0
14836,Teri Hatcher,1
14836,Jennifer Saunders,2
14836,Dawn French,3
14836,Keith David,4
8645,Mark Wahlberg,0
8645,Zooey Deschanel,1
8645,John Leguizamo,2
8645,Spencer Breslin,3
8645,Betty Buckley,4
9509,Denzel Washington,0
9509,Dakota Fanning,1
9509,Marc Anthony,2
9509,Radha Mitchell,3
9509,Christopher Walken,4
10067,Tim Allen,0
10067,Kristin Davis,1
10067,Danny Glover,2
10067,Spencer Breslin,3
10067,Robert Downey Jr.,4
9384,Ben Stiller,0
9384,Owen Wilson,1
9384,Snoop Dogg,2
9384,Fred Williamson,3
9384,Vince Vaughn,4
9279,Arnold Schwarzenegger,0
9279,Phil Hartman,1
9279,Sinbad,2
9279,Rita Wilson,3
9279,Jake Lloyd,4
1487,Ron Perlman,0
1487,Selma Blair,1
1487,Rupert Evans,2
1487,John Hurt,3
1487,Jeffrey Tambor,4
9422,John Travolta,0
9422,Robert Duvall,1
9422,Tony Shalhoub,2
9422,William H. Macy,3
9422,Zeljko Ivanek,4
77174,Kodi Smit-McPhee,0
77174,Tucker Albrizzi,1
77174,Jodelle Ferland,2
77174,Anna Kendrick,3
77174,Casey Affleck,4
4824,Bruce Willis,0
4824,Richard Gere,1
4824,Sidney Poitier,2
4824,Diane Venora,3
4824,J.K. Simmons,4
9620,Ben Affleck,0
9620,Aaron Eckhart,1
9620,Uma Thurman,2
9620,Paul Giamatti,3
9620,Colm Feore,4
9302,Robert Redford,0
9302,Michelle Pfeiffer,1
9302,Stockard Channing,2
9302,Joe Mantegna,3
9302,Kate Nelligan,4
10199,Matthew Broderick,0
10199,Dustin Hoffman,1
10199,Emma Watson,2
10199,Tracey Ullman,3
10199,Kevin Kline,4
10771,Jackie Chan,0
10771,Jennifer Love Hewitt,1
10771,Jason Isaacs,2
10771,Debi Mazar,3
10771,Ritchie Coster,4
3512,Steven Seagal,0
3512,Eric Bogosian,1
3512,Everett McGill,2
3512,Katherine Heigl,3
3512,Morris Chestnut,4
137094,Chris Pine,0
137094,Keira Knightley,1
137094,Kevin Costner,2
137094,Kenneth Branagh,3
137094,Lenn Kudrjawizki,4
274479,Jennifer Lawrence,0
274479,Bradley Cooper,1
274479,Robert De Niro,2
274479,Dascha Polanco,3
274479,Edgar Ramírez,4
8078,Sigourney Weaver,0
8078,Winona Ryder,1
8078,Brad Dourif,2
8078,Ron Perlman,3
8078,Michael Wincott,4
7485,Mark Wahlberg,0
7485,Michael Peña,1
7485,Danny Glover,3
7485,Kate Mara,4
7485,Elias Koteas,5
170687,Ben Kingsley,0
170687,Isaac Hempstead-Wright,1
170687,Elle Fanning,2
170687,Dee Bradley Baker,3
170687,Toni Collette,5
6435,Sandra Bullock,0
6435,Nicole Kidman,1
6435,Evan Rachel Wood,2
6435,Goran Visnjic,3
6435,Stockard Channing,4
137106,Chris Pratt,0
137106,Will Ferrell,1
137106,Elizabeth Banks,2
137106,Will Arnett,3
137106,Nick Offerman,4
10040,Sandra Bullock,0
10040,Regina King,1
10040,Enrique Murciano,2
10040,William Shatner,3
10040,Eileen Brennan,4
6278,Christian Bale,0
6278,Matthew McConaughey,1
6278,Izabella Scorupco,2
6278,Gerard Butler,3
6278,Alexander Siddig,4
82682,Josh Brolin,0
82682,Ryan Gosling,1
82682,Nick Nolte,2
82682,Emma Stone,3
82682,Sean Penn,4
17610,Jack Black,0
17610,Michael Cera,1
17610,Olivia Wilde,2
17610,Oliver Platt,3
17610,David Cross,4
22954,Morgan Freeman,0
22954,Matt Damon,1
22954,Tony Kgoroge,2
22954,Patrick Mofokeng,3
22954,Matt Stern,4
16995,Russell Crowe,0
16995,Ben Affleck,1
16995,Rachel McAdams,2
16995,Robin Wright,3
16995,Jason Bateman,4
16558,Clive Owen,0
16558,Julia Roberts,1
16558,Paul Giamatti,2
16558,Tom Wilkinson,3
16558,Lisa Roberts Gillan,4
9849,Jeff Daniels,0
9849,Elizabeth Hurley,1
9849,Daryl Hannah,2
9849,Christopher Lloyd,3
9849,Wallace Shawn,4
5820,Michael Douglas,0
5820,Kiefer Sutherland,1
5820,Eva Longoria,2
5820,Martin Donovan,3
5820,Kim Basinger,4
16866,Dwayne Johnson,0
16866,Seann William Scott,1
16866,Jessica Biel,2
16866,Justin Long,3
16866,Gary Oldman,4
201,Patrick Stewart,0
201,Jonathan Frakes,1
201,Brent Spiner,2
201,LeVar Burton,3
201,Michael Dorn,4
11775,George Clooney,0
11775,Catherine Zeta-Jones,1
11775,Edward Herrmann,2
11775,Geoffrey Rush,3
11775,Richard Jenkins,4
87825,Clint Eastwood,0
87825,Amy Adams,1
87825,Justin Timberlake,2
87825,John Goodman,3
87825,Matthew Lillard,4
12201,Mel Gibson,0
12201,Ray Winstone,1
12201,Danny Huston,2
12201,Shawn Roberts,3
12201,Denis O'Hare,4
11015,Penelope Ann Miller,0
11015,Tom Sizemore,1
11015,Linda Hunt,2
11015,James Whitmore,3
11015,Clayton Rohner,4
9932,Robert De Niro,0
9932,Billy Crystal,1
9932,Lisa Kudrow,2
9932,Joe Viterelli,3
9932,Cathy Moriarty,4
13389,Robert De Niro,0
13389,Carla Gugino,1
13389,50 Cent,2
13389,Al Pacino,3
13389,Donnie Wahlberg,4
8838,Bruce Willis,0
8838,Alec Baldwin,1
8838,Miko Hughes,2
8838,Chi McBride,3
8838,Kim Dickens,4
17332,Robert Downey Jr.,0
17332,Jamie Foxx,1
17332,Catherine Keener,2
17332,Nelsan Ellis,3
17332,Michael Bunin,4
4958,Matt Damon,0
4958,Bruce McGill,1
4958,Charlize Theron,2
4958,Will Smith,3
4958,Joel Gretsch,4
786,Kate Hudson,0
786,Billy Crudup,1
786,Frances McDormand,2
786,Jason Lee,3
786,Patrick Fugit,4
9513,Bill Murray,0
9513,Jennifer Love Hewitt,1
9513,Billy Connolly,2
9513,Ian Abercrombie,3
9513,Breckin Meyer,4
11679,Ice Cube,0
11679,Samuel L. Jackson,1
11679,Willem Dafoe,2
11679,Scott Speedman,3
11679,Peter Strauss,4
38321,Paul Bettany,0
38321,Karl Urban,1
38321,Cam Gigandet,2
38321,Maggie Q,3
38321,Lily Collins,4
14411,Brad Pitt,0
14411,Catherine Zeta-Jones,1
14411,Michelle Pfeiffer,2
14411,Joseph Fiennes,3
14411,Dennis Haysbert,4
8413,Laurence Fishburne,0
8413,Sam Neill,1
8413,Kathleen Quinlan,2
8413,Joely Richardson,3
8413,Richard T. Jones,4
10052,Kevin Costner,0
10052,Joe Morton,1
10052,Ron Rifkin,2
10052,Susanna Thompson,3
10052,Kathy Bates,4
9676,Josh Hartnett,0
9676,Scarlett Johansson,1
9676,Aaron Eckhart,2
9676,Hilary Swank,3
9676,Mia Kirshner,4
9664,James Franco,0
9664,David Ellison,1
9664,Jean Reno,2
9664,Philip Winchester,3
9664,Abdul Salis,4
2100,Robert Redford,0
2100,James Gandolfini,1
2100,Mark Ruffalo,2
2100,Steve Burton,3
2100,Delroy Lindo,4
10384,James Spader,0
10384,Angela Bassett,1
10384,Robert Forster,2
10384,Lou Diamond Phillips,3
10384,Peter Facinelli,4
137321,Colin Farrell,0
137321,Jessica Brown Findlay,1
137321,Russell Crowe,2
137321,William Hurt,3
137321,Jennifer Connelly,4
123553,Lily Collins,0
123553,Jamie Campbell Bower,1
123553,Kevin Zegers,2
123553,Jemima West,3
123553,Robert Sheehan,4
11260,Eddie Murphy,0
11260,Elizabeth Banks,1
11260,Gabrielle Union,2
11260,Scott Caan,3
11260,Ed Helms,4
9009,Jennifer Connelly,0
9009,John C. Reilly,1
9009,Tim Roth,2
9009,Dougray Scott,3
9009,Pete Postlethwaite,4
11374,Matthew McConaughey,0
11374,Woody Harrelson,1
11374,Sally Kirkland,2
11374,Jenna Elfman,3
11374,Martin Landau,4
2309,Brendan Fraser,0
2309,Sienna Guillory,1
2309,Andy Serkis,2
2309,Eliza Bennett,3
2309,Paul Bettany,4
8285,Gabriel Macht,0
8285,Scarlett Johansson,1
8285,Samuel L. Jackson,2
8285,Eva Mendes,3
8285,Paz Vega,4
210860,Johnny Depp,0
210860,Gwyneth Paltrow,1
210860,Ewan McGregor,2
210860,Paul Bettany,3
210860,Olivia Munn,4
2312,Jason Statham,0
2312,John Rhys-Davies,1
2312,Ray Liotta,2
2312,Leelee Sobieski,3
2312,Burt Reynolds,4
9839,Angelina Jolie,0
9839,Clive Owen,1
9839,Teri Polo,2
9839,Linus Roache,3
9839,Noah Emmerich,4
13922,Benjamin Bratt,0
13922,James Franco,1
13922,Connie Nielsen,2
13922,Marton Csokas,3
13922,Joseph Fiennes,4
9713,Eddie Murphy,0
9713,Jeff Goldblum,1
9713,Kelly Preston,2
9713,Robert Loggia,3
9713,Jon Cryer,4
190859,Bradley Cooper,0
190859,Sienna Miller,1
190859,Kyle Gallner,2
190859,Cole Konis,3
190859,Ben Reed,4
257445,Jack Black,1
257445,Dylan Minnette,2
257445,Odeya Rush,3
257445,Amy Ryan,4
257445,Jillian Bell,5
9007,Reese Witherspoon,0
9007,Mark Ruffalo,1
9007,Donal Logue,2
9007,Dina Spybey-Waters,3
9007,Ben Shenkman,4
889,Mark Addy,0
889,Stephen Baldwin,1
889,Kristen Johnston,2
889,Jane Krakowski,3
889,Joan Collins,4
1370,Sylvester Stallone,0
1370,Richard Crenna,1
1370,Kurtwood Smith,3
1370,Spiros Focás,4
1370,Sasson Gabai,5
347969,Adam Sandler,0
347969,Taylor Lautner,1
347969,Steve Buscemi,2
347969,Terry Crews,3
347969,Danny Trejo,4
24438,Hugh Grant,0
24438,Sarah Jessica Parker,1
24438,Mary Steenburgen,2
24438,Sam Elliott,3
24438,Natalia Klimas,4
116741,Owen Wilson,0
116741,Vince Vaughn,1
116741,Rose Byrne,2
116741,Max Minghella,3
116741,Aasif Mandvi,4
35791,Milla Jovovich,0
35791,Wentworth Miller,1
35791,Ali Larter,2
35791,Kim Coates,3
35791,Kacey Clarke,4
72431,Bryan Cranston,0
72431,David Oyelowo,1
72431,Cuba Gooding Jr.,2
72431,Daniela Ruah,3
72431,Terrence Howard,4
1813,Keanu Reeves,0
1813,Al Pacino,1
1813,Charlize Theron,2
1813,Jeffrey Jones,3
1813,Judith Ivey,4
87428,Adam Sandler,0
87428,Susan Sarandon,1
87428,Eva Amurri Martino,2
87428,Leighton Meester,3
87428,Andy Samberg,4
8840,Dennis Quaid,0
8840,David Thewlis,1
8840,Pete Postlethwaite,2
8840,Dina Meyer,3
8840,Julie Christie,4
10589,Pierce Brosnan,0
10589,Salma Hayek,1
10589,Woody Harrelson,2
10589,Troy Garity,3
10589,Russell Hornsby,4
71676,Nicolas Cage,0
71676,Ciarán Hinds,1
71676,Violante Placido,2
71676,Fergus Riordan,3
71676,Johnny Whitworth,4
1722,Nicolas Cage,0
1722,Penélope Cruz,1
1722,John Hurt,2
1722,Christian Bale,3
1722,Irene Papas,4
10022,Vin Diesel,0
10022,Lauren Graham,1
10022,Faith Ford,2
10022,Chris Potter,3
10022,Brittany Snow,4
11358,Dwayne Johnson,0
11358,Johnny Knoxville,1
11358,Neal McDonough,2
11358,Kristen Wilson,3
11358,Cobie Smulders,4
13,Tom Hanks,0
13,Robin Wright,1
13,Gary Sinise,2
13,Mykelti Williamson,3
13,Sally Field,4
6477,Jason Lee,0
6477,David Cross,1
6477,Cameron Richardson,2
6477,Jane Lynch,3
6477,Justin Long,4
1597,Ben Stiller,0
1597,Robert De Niro,1
1597,Teri Polo,2
1597,Blythe Danner,3
1597,Owen Wilson,4
10530,Irene Bedard,0
10530,Mel Gibson,1
10530,David Ogden Stiers,2
10530,John Kassir,3
10530,Russell Means,4
1924,Christopher Reeve,0
1924,Marlon Brando,1
1924,Margot Kidder,2
1924,Gene Hackman,3
1924,Ned Beatty,4
9327,Eddie Murphy,0
9327,Jada Pinkett Smith,1
9327,James Coburn,2
9327,Larry Miller,3
9327,Dave Chappelle,4
8488,Will Smith,0
8488,Eva Mendes,1
8488,Kevin James,2
8488,Amber Valletta,3
8488,Julie Ann Emery,4
10603,Brendan Fraser,0
10603,Leslie Mann,1
10603,Thomas Haden Church,2
10603,John Cleese,3
10603,Richard Roundtree,4
8273,Jason Biggs,0
8273,Alyson Hannigan,1
8273,Seann William Scott,2
8273,Eddie Kaye Thomas,3
8273,Thomas Ian Nicholas,4
109424,Tom Hanks,0
109424,Catherine Keener,1
109424,Max Martini,2
109424,Chris Mulkey,3
109424,Yul Vazquez,4
35056,Tina Fey,0
35056,Steve Carell,1
35056,Mark Wahlberg,2
35056,Taraji P. Henson,3
35056,Jimmi Simpson,4
8839,Christina Ricci,0
8839,Bill Pullman,1
8839,Cathy Moriarty,2
8839,Eric Idle,3
8839,Joe Nipote,4
156022,Denzel Washington,0
156022,Marton Csokas,1
156022,Chloë Grace Moretz,2
156022,David Harbour,3
156022,Haley Bennett,4
7303,Jennifer Lopez,0
7303,Ralph Fiennes,1
7303,Natasha Richardson,2
7303,Stanley Tucci,3
7303,Tyler Posey,4
8963,Denzel Washington,0
8963,Gene Hackman,1
8963,Matt Craven,2
8963,George Dzundza,3
8963,Viggo Mortensen,4
1402,Will Smith,0
1402,Jaden Smith,1
1402,Thandie Newton,2
1402,Brian Howe,3
1402,James Karen,4
9315,Jodie Foster,0
9315,Peter Sarsgaard,1
9315,Sean Bean,2
9315,Kate Beahan,3
9315,Michael Irby,4
8984,Michael Douglas,0
8984,Demi Moore,1
8984,Donald Sutherland,2
8984,Dylan Baker,3
8984,Jacqueline Kim,4
795,Nicolas Cage,0
795,Meg Ryan,1
795,Andre Braugher,2
795,Dennis Franz,3
795,Colm Feore,4
24,Uma Thurman,0
24,Lucy Liu,1
24,Vivica A. Fox,2
24,Daryl Hannah,3
24,David Carradine,4
11353,Steve Martin,0
11353,Eddie Murphy,1
11353,Heather Graham,2
11353,Christine Baranski,3
11353,Jamie Kennedy,4
393,Uma Thurman,0
393,David Carradine,1
393,Daryl Hannah,2
393,Michael Madsen,3
393,Gordon Liu Chia-Hui,4
9618,Sylvester Stallone,0
9618,Kurt Russell,1
9618,Teri Hatcher,2
9618,Jack Palance,3
9618,Brion James,4
9374,Meryl Streep,0
9374,Bruce Willis,1
9374,Goldie Hawn,2
9374,Isabella Rossellini,3
9374,Ian Ogilvy,4
8584,Jackie Chan,0
8584,Owen Wilson,1
8584,Lucy Liu,2
8584,Xander Berkeley,3
8584,Roger Yuan,4
2320,Kurt Russell,0
2320,Steven Seagal,1
2320,Halle Berry,2
2320,John Leguizamo,3
2320,Oliver Platt,4
58224,Jim Carrey,0
58224,Carla Gugino,1
58224,Madeline Carroll,2
58224,Angela Lansbury,3
58224,Ophelia Lovibond,4
1729,Jackie Chan,0
1729,Jet Li,1
1729,Michael Angarano,2
1729,Liu Yifei,3
1729,Li Bingbing,4
175574,Owen Wilson,0
175574,Woody Harrelson,1
175574,Amy Poehler,2
175574,George Takei,3
175574,Colm Meaney,4
8077,Sigourney Weaver,0
8077,Charles S. Dutton,1
8077,Charles Dance,2
8077,Pete Postlethwaite,3
8077,Ralph Brown,4
8818,Madonna,0
8818,Antonio Banderas,1
8818,Jonathan Pryce,2
8818,Jimmy Nail,3
8818,Victoria Sus,4
8195,Robert De Niro,0
8195,Jean Reno,1
8195,Natascha McElhone,2
8195,Stellan Skarsgård,3
8195,Sean Bean,4
10586,Michael Douglas,0
10586,Val Kilmer,1
10586,Tom Wilkinson,2
10586,John Kani,3
10586,Emily Mortimer,4
116149,Nicole Kidman,0
116149,Peter Capaldi,1
116149,Ben Whishaw,2
116149,Michael Gambon,3
116149,Imelda Staunton,4
80035,Ben Stiller,0
80035,Vince Vaughn,1
80035,Jonah Hill,2
80035,Richard Ayoade,3
80035,Rosemarie DeWitt,4
10632,Tommy Lee Jones,0
10632,Benicio del Toro,1
10632,Connie Nielsen,2
10632,Leslie Stefanson,3
10632,John Finn,4
12117,Anthony Hopkins,0
12117,Cuba Gooding Jr.,1
12117,Donald Sutherland,2
12117,Maura Tierney,3
12117,George Dzundza,4
1792,Matt Damon,0
1792,Greg Kinnear,1
1792,Eva Mendes,2
1792,Wen Yann Shih,3
1792,Seymour Cassel,4
13260,Will Ferrell,0
13260,Maura Tierney,1
13260,Woody Harrelson,2
13260,David Koechner,3
13260,Will Arnett,4
72197,Hugh Grant,0
72197,Brendan Gleeson,1
72197,Jeremy Piven,2
72197,Brian Blessed,3
72197,Salma Hayek,4
3580,Angelina Jolie,0
3580,Jeffrey Donovan,1
3580,John Malkovich,2
3580,Geoff Pierson,3
3580,Amy Ryan,4
12123,Keanu Reeves,0
12123,Morgan Freeman,1
12123,Rachel Weisz,2
12123,Fred Ward,3
12123,Kevin Dunn,4
9566,Robert De Niro,0
9566,Wesley Snipes,1
9566,Ellen Barkin,2
9566,John Leguizamo,3
9566,Benicio del Toro,4
9833,Gerard Butler,0
9833,Emmy Rossum,1
9833,Patrick Wilson,2
9833,Miranda Richardson,3
9833,Minnie Driver,4
4517,Cate Blanchett,0
4517,Clive Owen,1
4517,Geoffrey Rush,2
4517,Laurence Fox,3
4517,Tom Hollander,4
8202,Charlize Theron,0
8202,Marton Csokas,1
8202,Jonny Lee Miller,2
8202,Sophie Okonedo,3
8202,Frances McDormand,4
16072,Stephen Lang,0
16072,Jeff Daniels,1
16072,Robert Duvall,2
16072,Kevin Conway,3
16072,C. Thomas Howell,4
34314,Ray Liotta,0
34314,Lauren Holly,1
34314,Brendan Gleeson,2
34314,Héctor Elizondo,3
34314,Rachel Ticotin,4
19724,Eddie Murphy,0
19724,Thomas Haden Church,1
19724,Yara Shahidi,2
19724,Ronny Cox,3
19724,Stephen Rannazzisi,4
145220,Ricky Gervais,0
145220,Ty Burrell,1
145220,Tina Fey,2
145220,Steve Whitmire,3
145220,Eric Jacobson,4
14623,Brady Corbet,0
14623,Soren Fulton,1
14623,Debora Weston,2
14623,Lou Hirsch,3
14623,Alex Barringer,4
42297,Cher,0
42297,Christina Aguilera,1
42297,Eric Dane,2
42297,Cam Gigandet,3
42297,Julianne Hough,4
2841,Audrey Tautou,0
2841,Gaspard Ulliel,1
2841,Dominique Pinon,2
2841,Chantal Neuwirth,3
2841,André Dussollier,4
802,James Mason,0
802,Sue Lyon,1
802,Shelley Winters,2
802,Peter Sellers,3
802,Lois Maxwell,4
10375,Sylvester Stallone,0
10375,Courtney B. Vance,1
10375,Tom Berenger,2
10375,Charles S. Dutton,3
10375,Jeffrey Wright,4
36586,Wesley Snipes,0
36586,Kris Kristofferson,1
36586,Ron Perlman,2
36586,Leonor Varela,3
36586,Norman Reedus,4
11321,Will Smith,0
11321,Rosario Dawson,1
11321,Sarah Jane Morris,2
11321,Woody Harrelson,3
11321,Michael Ealy,4
70074,Sylvester Stallone,0
70074,Sung Kang,1
70074,Sarah Shahi,2
70074,Adewale Akinnuoye-Agbaje,3
70074,Jason Momoa,4
242,Al Pacino,0
242,Diane Keaton,1
242,Andy García,2
242,Talia Shire,3
242,Sofia Coppola,4
9621,Orlando Bloom,0
9621,Kirsten Dunst,1
9621,Susan Sarandon,2
9621,Alec Baldwin,3
9621,Bruce McGill,4
1819,Kate Hudson,0
1819,Owen Wilson,1
1819,Matt Dillon,2
1819,Michael Douglas,3
1819,Seth Rogen,4
8536,Gene Hackman,0
8536,Christopher Reeve,1
8536,Ned Beatty,2
8536,Jackie Cooper,3
8536,Sarah Douglas,4
8046,Ben Affleck,0
8046,Jennifer Lopez,1
8046,Justin Bartha,2
8046,Lainie Kazan,3
8046,Lenny Venito,4
1717,Sean Penn,0
1717,Jude Law,1
1717,Kate Winslet,2
1717,James Gandolfini,3
1717,Patricia Clarkson,4
479,Samuel L. Jackson,0
479,Jeffrey Wright,1
479,Christian Bale,2
479,Busta Rhymes,3
479,Dan Hedaya,4
9444,Meg Ryan,0
9444,John Cusack,1
9444,Christopher Lloyd,2
9444,Angela Lansbury,3
9444,Hank Azaria,4
824,Nicole Kidman,0
824,Ewan McGregor,1
824,John Leguizamo,2
824,Jim Broadbent,3
824,Richard Roxburgh,4
11456,John Travolta,0
11456,Vince Vaughn,1
11456,Teri Polo,2
11456,Matt O'Leary,3
11456,Steve Buscemi,4
261023,Johnny Depp,0
261023,Joel Edgerton,1
261023,Benedict Cumberbatch,2
261023,Dakota Johnson,3
261023,Kevin Bacon,4
3683,Ryan Phillippe,0
3683,Adam Beach,1
3683,Jesse Bradford,2
3683,John Benjamin Hickey,3
3683,John Slattery,4
22803,Jamie Foxx,0
22803,Gerard Butler,1
22803,Colm Meaney,2
22803,Bruce McGill,3
22803,Leslie Bibb,4
285923,Kurt Russell,1
285923,Zoë Bell,2
285923,Rosario Dawson,3
285923,Vanessa Ferlito,4
285923,Sydney Tamiia Poitier,5
1950,Eric Bana,0
1950,Drew Barrymore,1
1950,Robert Duvall,2
1950,Debra Messing,3
1950,Robert Downey Jr.,4
640,Leonardo DiCaprio,0
640,Tom Hanks,1
640,Christopher Walken,2
640,Martin Sheen,3
640,Nathalie Baye,4
97630,Jessica Chastain,0
97630,Jason Clarke,1
97630,Mark Strong,2
97630,Joel Edgerton,3
97630,Chris Pratt,4
9767,Vince Vaughn,0
9767,Jennifer Aniston,1
9767,Joey Lauren Adams,2
9767,Cole Hauser,3
9767,Jon Favreau,4
11631,Meryl Streep,0
11631,Pierce Brosnan,1
11631,Amanda Seyfried,2
11631,Colin Firth,3
11631,Stellan Skarsgård,4
32856,Jessica Alba,0
32856,Jessica Biel,1
32856,Bradley Cooper,2
32856,Eric Dane,3
32856,Patrick Dempsey,4
6519,Johnny Knoxville,0
6519,Seann William Scott,1
6519,Jessica Simpson,2
6519,Willie Nelson,3
6519,Burt Reynolds,4
8741,Sean Penn,0
8741,Adrien Brody,1
8741,Jim Caviezel,2
8741,Ben Chaplin,3
8741,George Clooney,4
49520,Olivia Wilde,0
49520,Ryan Reynolds,1
49520,Jason Bateman,2
49520,Leslie Mann,3
49520,Mircea Monroe,4
1850,Jim Carrey,0
1850,Courtney Love,1
1850,Bob Zmuda,2
1850,Danny DeVito,3
1850,Gerry Becker,4
524,Robert De Niro,0
524,Sharon Stone,1
524,Joe Pesci,2
524,James Woods,3
524,Don Rickles,4
26389,John Travolta,0
26389,Jonathan Rhys Meyers,1
26389,Kasia Smutniak,2
26389,Richard Durden,3
26389,Bing Yin,4
11817,Seann William Scott,0
11817,Jaime King,1
11817,Karel Roden,2
11817,Chow Yun-fat,3
11817,K. C. Collins,4
2123,Jim Carrey,0
2123,Renée Zellweger,1
2123,Anthony Anderson,2
2123,Robert Forster,3
2123,Richard Jenkins,4
9907,Courteney Cox,0
9907,Kevin James,1
9907,Sam Elliott,2
9907,Danny Glover,3
9907,Wanda Sykes,4
9969,Danny DeVito,0
9969,Matthew Broderick,1
9969,Kristin Davis,2
9969,Kristin Chenoweth,3
9969,Fred Armisen,4
18239,Kristen Stewart,0
18239,Robert Pattinson,1
18239,Taylor Lautner,2
18239,Billy Burke,3
18239,Ashley Greene,4
808,Mike Myers,0
808,Eddie Murphy,1
808,Cameron Diaz,2
808,John Lithgow,3
808,Vincent Cassel,4
38050,Matt Damon,0
38050,Emily Blunt,1
38050,John Slattery,2
38050,Anthony Mackie,3
38050,Lauren Hodges,4
8367,Kevin Costner,0
8367,Morgan Freeman,1
8367,Christian Slater,2
8367,Mary Elizabeth Mastrantonio,3
8367,Alan Rickman,4
9390,Tom Cruise,0
9390,Cuba Gooding Jr.,1
9390,Renée Zellweger,2
9390,Kelly Preston,3
9390,Alison Armitage,4
72105,Mark Wahlberg,0
72105,Mila Kunis,1
72105,Seth MacFarlane,2
72105,Joel McHale,3
72105,Giovanni Ribisi,4
2898,Jack Nicholson,0
2898,Helen Hunt,1
2898,Greg Kinnear,2
2898,Cuba Gooding Jr.,3
2898,Skeet Ulrich,4
10312,Robin Williams,0
10312,Philip Seymour Hoffman,1
10312,Bob Gunton,2
10312,Peter Coyote,3
10312,Michael Jeter,4
109443,Will Ferrell,0
109443,Steve Carell,1
109443,Paul Rudd,2
109443,Christina Applegate,3
109443,David Koechner,4
2022,Adam Sandler,0
2022,Winona Ryder,1
2022,John Turturro,2
2022,Allen Covert,3
2022,Peter Gallagher,4
37686,Joel Courtney,0
37686,Elle Fanning,1
37686,Riley Griffiths,2
37686,Kyle Chandler,3
37686,Ryan Lee,4
462,Julia Roberts,0
462,Albert Finney,1
462,Aaron Eckhart,2
462,Marg Helgenberger,3
462,Cherry Jones,4
9919,Kate Hudson,0
9919,Matthew McConaughey,1
9919,Kathryn Hahn,2
9919,Annie Parisse,3
9919,Adam Goldberg,4
187017,Jonah Hill,0
187017,Channing Tatum,1
187017,Dave Franco,2
187017,Ice Cube,3
187017,Nick Offerman,4
628,Brad Pitt,0
628,Tom Cruise,1
628,Kirsten Dunst,2
628,Antonio Banderas,3
628,Christian Slater,4
10201,Jim Carrey,0
10201,Zooey Deschanel,1
10201,Rhys Darby,2
10201,Sasha Alexander,3
10201,Fionnula Flanagan,4
9441,Julia Roberts,0
9441,Susan Sarandon,1
9441,Ed Harris,2
9441,Jena Malone,3
9441,Liam Aiken,4
274167,Will Ferrell,0
274167,Mark Wahlberg,1
274167,Linda Cardellini,2
274167,Thomas Haden Church,3
274167,Scarlett Estevez,4
224141,Meryl Streep,0
224141,Emily Blunt,1
224141,James Corden,2
224141,Anna Kendrick,3
224141,Chris Pine,4
388,Denzel Washington,0
388,Clive Owen,1
388,Jodie Foster,2
388,Christopher Plummer,3
388,Willem Dafoe,4
2112,Mel Gibson,0
2112,Kris Kristofferson,1
2112,Gregg Henry,2
2112,Maria Bello,3
2112,David Paymer,4
10329,Laura Linney,0
10329,Dylan Walsh,1
10329,Ernie Hudson,2
10329,Tim Curry,3
10329,Grant Heslov,4
74465,Matt Damon,0
74465,Scarlett Johansson,1
74465,Thomas Haden Church,2
74465,Colin Ford,3
74465,Maggie Elizabeth Jones,4
13811,Nicolas Cage,0
13811,Rose Byrne,1
13811,Chandler Canterbury,2
13811,Ben Mendelsohn,3
13811,Nadia Townsend,4
6877,Matthew McConaughey,0
6877,Sarah Jessica Parker,1
6877,Zooey Deschanel,2
6877,Justin Bartha,3
6877,Bradley Cooper,4
10320,Naomi Watts,0
10320,Simon Baker,1
10320,Elizabeth Perkins,2
10320,David Dorfman,3
10320,Gary Cole,4
50646,Steve Carell,0
50646,Julianne Moore,1
50646,Ryan Gosling,2
50646,Emma Stone,3
50646,Marisa Tomei,4
8920,Bill Murray,0
8920,Breckin Meyer,1
8920,Jennifer Love Hewitt,2
8920,Stephen Tobolowsky,3
8920,Evan Arnold,4
13673,Tim Allen,0
13673,Jamie Lee Curtis,1
13673,Dan Aykroyd,2
13673,M. Emmet Walsh,3
13673,Elizabeth Franz,4
60308,Brad Pitt,0
60308,Jonah Hill,1
60308,Philip Seymour Hoffman,2
60308,Robin Wright,3
60308,Chris Pratt,4
6950,Dustin Hoffman,0
6950,Rene Russo,1
6950,Morgan Freeman,2
6950,Kevin Spacey,3
6950,Cuba Gooding Jr.,4
225574,Liam Neeson,0
225574,Julianne Moore,1
225574,Scoot McNairy,2
225574,Michelle Dockery,3
225574,Nate Parker,4
13836,Dwayne Johnson,0
13836,AnnaSophia Robb,1
13836,Alexander Ludwig,2
13836,Carla Gugino,3
13836,Chris Marquette,4
752,Natalie Portman,0
752,Hugo Weaving,1
752,Stephen Rea,2
752,Stephen Fry,3
752,John Hurt,4
6038,Jackie Chan,0
6038,Owen Wilson,1
6038,Fann Wong,2
6038,Aaron Taylor-Johnson,3
6038,Aidan Gillen,4
9975,Will Ferrell,0
9975,Drew Barrymore,1
9975,David Cross,2
9975,Eugene Levy,3
9975,Dick Van Dyke,4
11451,Lindsay Lohan,0
11451,Michael Keaton,1
11451,Matt Dillon,2
11451,Breckin Meyer,3
11451,Justin Long,4
12103,Michael Douglas,0
12103,Sean Bean,1
12103,Brittany Murphy,2
12103,Skye McCole Bartusiak,3
12103,Guy Torry,4
60304,Jeremy Renner,0
60304,Gemma Arterton,1
60304,Famke Janssen,2
60304,Pihla Viitala,3
60304,Derek Mears,4
2251,Richard Gere,0
2251,Diane Lane,1
2251,Olivier Martinez,2
2251,Erik Per Sullivan,3
2251,Zeljko Ivanek,4
46529,Alex Pettyfer,0
46529,Timothy Olyphant,1
46529,Teresa Palmer,2
46529,Dianna Agron,3
46529,Callan McAuliffe,4
231,George Clooney,0
231,Matt Damon,1
231,Jeffrey Wright,2
231,Chris Cooper,3
231,Amanda Peet,4
228326,Diego Luna,0
228326,Channing Tatum,1
228326,Zoe Saldana,2
228326,Christina Applegate,3
228326,Eugenio Derbez,4
9754,Harrison Ford,0
9754,Paul Bettany,1
9754,Virginia Madsen,2
9754,Carly Schroeder,3
9754,Jimmy Bennett,4
66,Clint Eastwood,0
66,Gene Hackman,1
66,Ed Harris,2
66,Scott Glenn,3
66,Laura Linney,4
4421,Demi Moore,0
4421,Viggo Mortensen,1
4421,Anne Bancroft,2
4421,Jason Beghe,3
4421,Daniel von Bargen,4
2649,Michael Douglas,0
2649,Sean Penn,1
2649,Deborah Kara Unger,2
2649,James Rebhorn,3
2649,Spike Jonze,4
588,Radha Mitchell,0
588,Sean Bean,1
588,Laurie Holden,2
588,Deborah Kara Unger,3
588,Kim Coates,4
10393,Keanu Reeves,0
10393,Gene Hackman,1
10393,Brooke Langton,2
10393,Orlando Jones,3
10393,Faizon Love,4
71552,Jason Biggs,0
71552,Alyson Hannigan,1
71552,Seann William Scott,2
71552,Chris Klein,3
71552,Thomas Ian Nicholas,4
9631,Samuel L. Jackson,0
9631,Kevin Spacey,1
9631,David Morse,2
9631,Ron Rifkin,3
9631,John Spencer,4
216282,Richard Armitage,0
216282,Sarah Wayne Callies,1
216282,Matt Walsh,2
216282,Nathan Kress,3
216282,Alycia Debnam-Carey,4
306,Eddie Murphy,0
306,Judge Reinhold,1
306,Héctor Elizondo,2
306,Gilbert R. Hill,3
306,Timothy Carhart,4
928,Zach Galligan,0
928,Phoebe Cates,1
928,John Glover,2
928,Robert Prosky,3
928,Robert Picardo,4
205587,Robert Duvall,0
205587,Robert Downey Jr.,1
205587,Vera Farmiga,2
205587,Vincent D'Onofrio,3
205587,Jeremy Strong,4
6623,George Clooney,0
6623,Nicole Kidman,1
6623,Marcel Iureș,2
6623,Goran Visnjic,3
6623,Armin Mueller-Stahl,4
1577,Milla Jovovich,0
1577,Sienna Guillory,1
1577,Oded Fehr,2
1577,Thomas Kretschmann,3
1577,Sophie Vavasseur,4
9801,Renée Zellweger,0
9801,Hugh Grant,1
9801,Colin Firth,2
9801,Jim Broadbent,3
9801,Gemma Jones,4
2116,Denzel Washington,0
2116,Eva Mendes,1
2116,Sanaa Lathan,2
2116,John Billingsley,3
2116,Dean Cain,4
9624,Steven Seagal,0
9624,Michael Caine,1
9624,Joan Chen,2
9624,John C. McGinley,3
9624,R. Lee Ermey,4
14199,Taylor Lautner,0
14199,Taylor Dooley,1
14199,Cayden Boyd,2
14199,David Arquette,3
14199,Kristin Davis,4
1907,Leonardo DiCaprio,0
1907,Guillaume Canet,1
1907,Tilda Swinton,2
1907,Virginie Ledoyen,3
1907,Staffan Kihlbom,4
4599,Kate Hudson,0
4599,John Corbett,1
4599,Joan Cusack,2
4599,Hayden Panettiere,3
4599,Spencer Breslin,4
22832,Rain,0
22832,Naomie Harris,1
22832,Sung Kang,2
22832,Randall Duk Kim,3
22832,Rick Yune,4
10390,Kevin Costner,0
10390,Kelly Preston,1
10390,John C. Reilly,2
10390,Jena Malone,3
10390,J.K. Simmons,4
9879,Demi Moore,0
9879,Burt Reynolds,1
9879,Armand Assante,2
9879,Ving Rhames,3
9879,Robert Patrick,4
38579,Owen Wilson,0
38579,Emma Stone,1
38579,George Lopez,2
38579,Christopher Mintz-Plasse,3
38579,Steve Coogan,4
44603,Matt Damon,0
44603,Bryce Dallas Howard,1
44603,George McLaren,2
44603,Thierry Neuvic,3
44603,Cyndi Mayo Davis,4
11892,Sandra Bullock,0
11892,Ben Chaplin,1
11892,Ryan Gosling,2
11892,Michael Pitt,3
11892,Agnes Bruckner,4
9691,Sylvester Stallone,0
9691,Antonio Banderas,1
9691,Julianne Moore,2
9691,Anatoli Davydov,3
9691,Muse Watson,4
1248,Gaspard Ulliel,0
1248,Aaran Thomas,1
1248,Gong Li,2
1248,Dominic West,3
1248,Rhys Ifans,4
12220,Bruce Willis,0
12220,Michelle Pfeiffer,1
12220,Rob Reiner,2
12220,Colleen Rennison,3
12220,Jake Sandvig,4
72710,Saoirse Ronan,0
72710,Diane Kruger,1
72710,Jake Abel,2
72710,William Hurt,3
72710,Frances Fisher,4
10782,John Travolta,0
10782,Connie Nielsen,1
10782,Samuel L. Jackson,2
10782,Giovanni Ribisi,3
10782,Tim Daly,4
9573,Clint Eastwood,0
9573,Jeff Daniels,1
9573,Anjelica Huston,2
9573,Wanda De Jesus,3
9573,Tina Lifford,4
4959,Clive Owen,0
4959,Naomi Watts,1
4959,Armin Mueller-Stahl,2
4959,Ulrich Thomsen,3
4959,Brían F. O'Byrne,4
10061,Kurt Russell,0
10061,Stacy Keach,1
10061,Steve Buscemi,2
10061,Pam Grier,3
10061,Cliff Robertson,4
10386,Eli Marienthal,0
10386,Jennifer Aniston,1
10386,Vin Diesel,2
10386,Christopher McDonald,3
10386,Harry Connick Jr.,4
421,Bill Murray,0
421,Anjelica Huston,1
421,Cate Blanchett,2
421,Willem Dafoe,3
421,Owen Wilson,4
11615,Kevin Spacey,0
11615,Kate Winslet,1
11615,Laura Linney,2
11615,Gabriel Mann,3
11615,Rhona Mitra,4
13498,Tommy Lee Jones,0
13498,Cedric the Entertainer,1
13498,Christina Milian,2
13498,Paula Garcés,3
13498,Monica Keena,4
241554,Liam Neeson,0
241554,Ed Harris,1
241554,Joel Kinnaman,2
241554,Boyd Holbrook,3
241554,Bruce McGill,4
2252,Naomi Watts,0
2252,Viggo Mortensen,1
2252,Vincent Cassel,2
2252,Armin Mueller-Stahl,3
2252,Sinéad Cusack,4
11968,Paul Walker,0
11968,Jessica Alba,1
11968,Scott Caan,2
11968,Ashley Scott,3
11968,Josh Brolin,4
10047,Milla Jovovich,0
10047,Dustin Hoffman,1
10047,Faye Dunaway,2
10047,John Malkovich,3
10047,Vincent Cassel,4
38319,Danny McBride,0
38319,James Franco,1
38319,Natalie Portman,2
38319,Zooey Deschanel,3
38319,Justin Theroux,4
69668,Daniel Craig,0
69668,Naomi Watts,1
69668,Rachel Weisz,2
69668,Marton Csokas,3
69668,Elias Koteas,4
9770,John Travolta,0
9770,Dustin Hoffman,1
9770,Mia Kirshner,2
9770,Alan Alda,3
9770,Robert Prosky,4
11212,Joe Mantegna,0
11212,Lara Flynn Boyle,1
11212,Joe Pantoliano,2
11212,Brian Haley,3
11212,Cynthia Nixon,4
10533,Demi Moore,0
10533,Gary Oldman,1
10533,Robert Duvall,2
10533,Robert Prosky,3
10533,Edward Hardwicke,4
38363,Naomi Watts,0
38363,Sean Penn,1
38363,Ty Burrell,2
38363,Brooke Smith,3
38363,Bruce McGill,4
9923,Keira Knightley,0
9923,Mickey Rourke,1
9923,Edgar Ramírez,2
9923,Delroy Lindo,3
9923,Mo'Nique,4
11863,David Caruso,0
11863,Linda Fiorentino,1
11863,Chazz Palminteri,2
11863,Michael Biehn,3
11863,Richard Crenna,4
18501,Gerard Butler,0
18501,Michael C. Hall,1
18501,Logan Lerman,2
18501,Amber Valletta,3
18501,Terry Crews,4
109491,Alden Ehrenreich,0
109491,Alice Englert,1
109491,Jeremy Irons,2
109491,Viola Davis,3
109491,Emmy Rossum,4
9275,Robin Williams,0
9275,Catherine Keener,1
9275,Edward Norton,2
9275,Danny DeVito,3
9275,Jon Stewart,4
12634,Owen Wilson,0
12634,Morgan Freeman,1
12634,Gary Sinise,2
12634,Sara Foster,3
12634,Willie Nelson,4
10416,Garry Shandling,0
10416,Annette Bening,1
10416,John Goodman,2
10416,Greg Kinnear,3
10416,Linda Fiorentino,4
47327,Nicolas Cage,0
47327,Amber Heard,1
47327,William Fichtner,2
47327,Billy Burke,3
47327,David Morse,4
15268,Kristin Kreuk,0
15268,Chris Klein,1
15268,Neal McDonough,2
15268,Michael Clarke Duncan,3
15268,Moon Bloodgood,4
10796,Jet Li,0
10796,Jason Statham,1
10796,Carla Gugino,2
10796,Delroy Lindo,3
10796,James Morrison,4
9548,Andrew Dice Clay,0
9548,Wayne Newton,1
9548,Priscilla Presley,2
9548,Morris Day,3
9548,Lauren Holly,4
18947,Tom Sturridge,0
18947,Philip Seymour Hoffman,1
18947,Rhys Ifans,2
18947,Bill Nighy,3
18947,Emma Thompson,4
1900,Michael Douglas,0
1900,Benicio del Toro,1
1900,Jacob Vargas,2
1900,Tomás Milián,3
1900,Russell G. Jones,4
89,Harrison Ford,0
89,Sean Connery,1
89,Denholm Elliott,2
89,Alison Doody,3
89,John Rhys-Davies,4
96724,Keira Knightley,0
96724,Jude Law,1
96724,Aaron Taylor-Johnson,2
96724,Kelly Macdonald,3
96724,Matthew Macfadyen,4
198184,Sharlto Copley,0
198184,Dev Patel,1
198184,Ninja,2
198184,Yolandi Visser,3
198184,Jose Pablo Cantillo,4
9481,Denzel Washington,0
9481,Angelina Jolie,1
9481,Queen Latifah,2
9481,Michael Rooker,3
9481,Michael McGlone,4
4547,Jodie Foster,0
4547,Kristen Stewart,1
4547,Forest Whitaker,2
4547,Dwight Yoakam,3
4547,Jared Leto,4
6415,George Clooney,0
6415,Mark Wahlberg,1
6415,Ice Cube,2
6415,Spike Jonze,3
6415,Cliff Curtis,4
181283,Tom Hardy,0
181283,Gary Oldman,1
181283,Noomi Rapace,2
181283,Joel Kinnaman,3
181283,Paddy Considine,4
9896,Cuba Gooding Jr.,0
9896,Seth Green,1
9896,Whoopi Goldberg,2
9896,Breckin Meyer,3
9896,Amy Smart,4
167,Jeff Bridges,0
167,Kevin Spacey,1
167,Mary McCormack,2
167,Alfre Woodard,3
167,Ajay Naidu,4
11232,Meg Ryan,0
11232,Hugh Jackman,1
11232,Liev Schreiber,2
11232,Breckin Meyer,3
11232,Natasha Lyonne,4
1636,Elizabeth Hurley,0
1636,Brendan Fraser,1
1636,Frances O'Connor,2
1636,Orlando Jones,3
1636,Paul Adelstein,4
2148,Richard Gere,0
2148,Gregory Hines,1
2148,Diane Lane,2
2148,Lonette McKee,3
2148,Bob Hoskins,4
5176,Russell Crowe,0
5176,Christian Bale,1
5176,Logan Lerman,2
5176,Dallas Roberts,3
5176,Peter Fonda,4
260346,Liam Neeson,0
260346,Forest Whitaker,1
260346,Maggie Grace,2
260346,Famke Janssen,3
260346,Dougray Scott,4
1389,George Clooney,0
1389,Jennifer Lopez,1
1389,Ving Rhames,2
1389,Don Cheadle,3
1389,Albert Brooks,4
9894,Jim Carrey,0
9894,Matthew Broderick,1
9894,Leslie Mann,2
9894,Jack Black,3
9894,George Segal,4
8592,Warren Beatty,0
8592,Al Pacino,1
8592,Madonna,2
8592,Charlie Korsmo,3
8592,Glenne Headly,4
913,Pierce Brosnan,0
913,Rene Russo,1
913,Denis Leary,2
913,Ben Gazzara,3
913,Frankie Faison,4
11091,Drew Barrymore,0
11091,Steve Zahn,1
11091,Adam Garcia,2
11091,Brittany Murphy,3
11091,Logan Lerman,4
1368,Sylvester Stallone,0
1368,Richard Crenna,1
1368,Brian Dennehy,2
1368,Bill McKinney,3
1368,Jack Starrett,4
5393,George Carlin,0
5393,Andy Dick,2
5393,Sarah Michelle Gellar,3
5393,Lisa Kaplan,4
5393,Michael McShane,8
9095,Julia Roberts,0
9095,John Malkovich,1
9095,George Cole,2
9095,Michael Gambon,3
9095,Glenn Close,4
8874,Julia Roberts,0
8874,Dermot Mulroney,1
8874,Cameron Diaz,2
8874,Rupert Everett,3
8874,Philip Bosco,4
11467,Julia Roberts,0
11467,Billy Crystal,1
11467,Catherine Zeta-Jones,2
11467,John Cusack,3
11467,Hank Azaria,4
320,Al Pacino,0
320,Robin Williams,1
320,Hilary Swank,2
320,Maura Tierney,3
320,Martin Donovan,4
199,Patrick Stewart,0
199,Jonathan Frakes,1
199,Brent Spiner,2
199,LeVar Burton,3
199,Michael Dorn,4
20533,Josh Brolin,0
20533,John Malkovich,1
20533,Megan Fox,2
20533,Michael Fassbender,3
20533,Will Arnett,4
10684,Denzel Washington,0
10684,Meg Ryan,1
10684,Lou Diamond Phillips,2
10684,Matt Damon,3
10684,Michael Moriarty,4
1624,Jim Carrey,0
1624,Maura Tierney,1
1624,Cary Elwes,2
1624,Jennifer Tilly,3
1624,Swoosie Kurtz,4
888,John Goodman,0
888,Elizabeth Perkins,1
888,Rick Moranis,2
888,Rosie O'Donnell,3
888,Kyle MacLachlan,4
82675,Liam Neeson,0
82675,Maggie Grace,1
82675,Famke Janssen,2
82675,Rade Serbedzija,3
82675,Luke Grimes,4
4256,Pamela Anderson,0
4256,Jenny McCarthy,1
4256,Marny Eng,2
4256,Charlie Sheen,3
4256,Simon Rex,4
1493,Sandra Bullock,0
1493,Benjamin Bratt,1
1493,Michael Caine,2
1493,Candice Bergen,3
1493,William Shatner,4
88751,Brendan Fraser,0
88751,Josh Hutcherson,1
88751,Anita Briem,2
88751,Seth Meyers,3
88751,Jean Michel Paré,4
11130,Anne Hathaway,0
11130,Julie Andrews,1
11130,Héctor Elizondo,2
11130,John Rhys-Davies,3
11130,Heather Matarazzo,4
9944,Julia Roberts,0
9944,Denzel Washington,1
9944,Sam Shepard,2
9944,William Atherton,3
9944,John Lithgow,4
10731,Susan Sarandon,0
10731,Tommy Lee Jones,1
10731,Mary-Louise Parker,2
10731,Anthony LaPaglia,3
10731,Bradley Whitford,4
7350,Jack Nicholson,0
7350,Morgan Freeman,1
7350,Sean Hayes,2
7350,Beverly Todd,3
7350,Alfonso Freeman,4
9869,Harrison Ford,0
9869,Anne Archer,1
9869,Patrick Bergin,2
9869,Thora Birch,3
9869,James Fox,4
4379,Jennifer Lopez,0
4379,Jane Fonda,1
4379,Michael Vartan,2
4379,Wanda Sykes,3
4379,Adam Scott,4
146233,Hugh Jackman,0
146233,Jake Gyllenhaal,1
146233,Paul Dano,2
146233,Maria Bello,3
146233,Melissa Leo,4
2034,Denzel Washington,0
2034,Ethan Hawke,1
2034,Scott Glenn,2
2034,Tom Berenger,3
2034,Harris Yulin,4
926,Tim Allen,0
926,Sigourney Weaver,1
926,Alan Rickman,2
926,Tony Shalhoub,3
926,Sam Rockwell,4
4248,Anna Faris,0
4248,Marlon Wayans,1
4248,James DeBello,2
4248,Shawn Wayans,3
4248,David Cross,4
64328,Amy Adams,0
64328,Jason Segel,1
64328,Emily Blunt,2
64328,John Krasinski,3
64328,Zach Galifianakis,4
36647,Wesley Snipes,0
36647,Stephen Dorff,1
36647,Kris Kristofferson,2
36647,N'Bushe Wright,3
36647,Donal Logue,4
7214,Samuel L. Jackson,0
7214,Rob Brown,1
7214,Robert Ri'chard,2
7214,Rick Gonzalez,3
7214,Channing Tatum,4
1537,Ben Affleck,0
1537,Samuel L. Jackson,1
1537,Kim Staunton,2
1537,Toni Collette,3
1537,Sydney Pollack,4
9360,Jennifer Lopez,0
9360,Ice Cube,1
9360,Jon Voight,2
9360,Eric Stoltz,3
9360,Owen Wilson,4
6282,Piper Perabo,0
6282,Adam Garcia,1
6282,John Goodman,2
6282,Izabella Miko,3
6282,Tyra Banks,4
508,Keira Knightley,0
508,Heike Makatsch,1
508,Emma Thompson,2
508,Laura Linney,3
508,Hugh Grant,4
9487,Kevin Spacey,0
9487,Julia Louis-Dreyfus,1
9487,Hayden Panettiere,2
9487,Phyllis Diller,3
9487,Bonnie Hunt,4
768,Johnny Depp,0
768,Heather Graham,1
768,Ian Holm,2
768,Robbie Coltrane,3
768,Ian Richardson,4
2636,Sylvester Stallone,0
2636,Sharon Stone,1
2636,James Woods,2
2636,Rod Steiger,3
2636,Eric Roberts,4
10478,Kevin Costner,0
10478,Don Johnson,1
10478,Cheech Marin,2
10478,George Perez,3
10478,Rene Russo,5
27983,Lucille Ball,0
27983,Henry Fonda,1
27983,Van Johnson,2
27983,Tom Bosley,3
27983,Louise Troy,4
9981,Will Ferrell,0
9981,Robert Duvall,1
9981,Kate Walsh,2
9981,Musetta Vander,3
9981,Josh Hutcherson,4
7453,Martin Freeman,0
7453,Zooey Deschanel,1
7453,Sam Rockwell,2
7453,Yasiin Bey,3
7453,John Malkovich,4
15045,Kenan Thompson,0
15045,Shedrack Anderson III,1
15045,Jermaine Williams,2
15045,Keith Robinson,3
15045,Alphonso McAuley,4
7737,Milla Jovovich,0
7737,Oded Fehr,1
7737,Ali Larter,2
7737,Iain Glen,3
7737,Mike Epps,4
232672,Drew Barrymore,0
232672,Adam Sandler,1
232672,Wendi McLendon-Covey,2
232672,Bella Thorne,3
232672,Terry Crews,4
17379,Queen Latifah,0
17379,LL Cool J,1
17379,Timothy Hutton,2
17379,Giancarlo Esposito,3
17379,Alicia Witt,4
8987,Meryl Streep,0
8987,David Strathairn,1
8987,Kevin Bacon,2
8987,Benjamin Bratt,3
8987,John C. Reilly,4
11359,Hal Scardino,0
11359,Litefoot,1
11359,Lindsay Crouse,2
11359,Richard Jenkins,3
11359,Rishi Bhat,4
82525,Blake Lively,0
82525,Taylor Kitsch,1
82525,Aaron Taylor-Johnson,2
82525,Benicio del Toro,3
82525,Salma Hayek,4
9759,Chris Evans,0
9759,Kim Basinger,1
9759,Jason Statham,2
9759,Jessica Biel,3
9759,William H. Macy,4
9486,Rowan Atkinson,0
9486,John Malkovich,1
9486,Natalie Imbruglia,2
9486,Tasha de Vasconcelos,3
9486,Ben Miller,4
9906,Julia Roberts,0
9906,Meryl Streep,1
9906,Nicolas Cage,2
9906,Paul Giamatti,3
9906,Bruce Campbell,4
841,Kyle MacLachlan,0
841,Francesca Annis,1
841,Leonardo Cimino,2
841,Brad Dourif,3
841,José Ferrer,4
4688,Evan Rachel Wood,0
4688,Jim Sturgess,1
4688,Joe Anderson,2
4688,Dana Fuchs,3
4688,Martin Luther,4
4148,Leonardo DiCaprio,0
4148,Kate Winslet,1
4148,Michael Shannon,2
4148,Kathryn Hahn,3
4148,David Harbour,4
2207,Bruce Willis,0
2207,Yasiin Bey,1
2207,David Morse,2
2207,Jenna Stern,3
2207,David Zayas,4
9381,Vin Diesel,0
9381,Michelle Yeoh,1
9381,Mélanie Thierry,2
9381,Lambert Wilson,3
9381,Charlotte Rampling,4
9625,Steven Seagal,0
9625,Keenen Ivory Wayans,1
9625,Bob Gunton,2
9625,Brian Cox,3
9625,Michelle Johnson,4
9304,Michael Keaton,0
9304,Andie MacDowell,1
9304,Harris Yulin,2
9304,Eugene Levy,3
9304,Zack Duhame,4
20856,Carter Jenkins,0
20856,Austin Butler,1
20856,Kevin Nealon,2
20856,Robert Hoffman,3
20856,Doris Roberts,4
5955,Jack Nicholson,0
5955,Aaron Eckhart,1
5955,Helen Mirren,2
5955,Robin Wright,3
5955,Vanessa Redgrave,4
9899,Matthew Broderick,0
9899,Uma Thurman,1
9899,Will Ferrell,2
9899,Eileen Essell,3
9899,Gary Beach,5
9826,Billy Zane,0
9826,Kristy Swanson,1
9826,Treat Williams,2
9826,Catherine Zeta-Jones,3
9826,James Remar,4
21355,Matt Damon,0
21355,Henry Thomas,1
21355,Penélope Cruz,2
21355,Sam Shepard,3
21355,Robert Patrick,4
10858,Anthony Hopkins,0
10858,Joan Allen,1
10858,Powers Boothe,2
10858,Ed Harris,3
10858,Bob Hoskins,4
11439,Ewan McGregor,0
11439,Pierce Brosnan,1
11439,Jon Bernthal,2
11439,Kim Cattrall,3
11439,Tom Wilkinson,4
9457,Treat Williams,0
9457,Famke Janssen,1
9457,Anthony Heald,2
9457,Kevin J. O'Connor,3
9457,Una Damon,4
12412,Derek Luke,0
12412,Michael Ealy,1
12412,Laz Alonso,2
12412,John Turturro,3
12412,Valentina Cervi,4
13184,Nicolas Cage,0
13184,Shahkrit Yamnarm,1
13184,Charlie Yeung,2
13184,Panward Hemmanee,3
13184,Nirattisai Kaljaruek,4
2185,Tim Allen,0
2185,Rene Russo,1
2185,Patrick Warburton,2
2185,Ben Foster,3
2185,Zooey Deschanel,4
6639,Javier Bardem,0
6639,Unax Ugalde,1
6639,Benjamin Bratt,3
6639,Catalina Sandino Moreno,4
6639,Héctor Elizondo,5
58233,Rowan Atkinson,0
58233,Dominic West,1
58233,Gillian Anderson,2
58233,Rosamund Pike,3
58233,Daniel Kaluuya,4
116977,Charlie Sheen,0
116977,Wayne Brady,1
116977,Hilary Duff,2
116977,Eva Longoria,3
116977,Christopher Lloyd,4
68734,Ben Affleck,0
68734,Bryan Cranston,1
68734,Alan Arkin,2
68734,John Goodman,3
68734,Victor Garber,4
5503,Harrison Ford,0
5503,Tommy Lee Jones,1
5503,Sela Ward,2
5503,Julianne Moore,3
5503,Joe Pantoliano,4
27573,Gerard Butler,0
27573,Jennifer Aniston,1
27573,Gio Perez,2
27573,Siobhan Fallon,3
27573,Joel Garland,4
819,Robert De Niro,0
819,Brad Pitt,1
819,Kevin Bacon,2
819,Jason Patric,3
819,Ron Eldard,4
1369,Sylvester Stallone,0
1369,Richard Crenna,1
1369,Charles Napier,2
1369,Steven Berkoff,3
1369,Julia Nickson,4
9623,Demi Moore,0
9623,Alec Baldwin,1
9623,Joseph Gordon-Levitt,2
9623,Anne Heche,3
9623,James Gandolfini,4
10935,Kris Kristofferson,0
10935,Christopher Walken,1
10935,John Hurt,2
10935,Isabelle Huppert,3
10935,Sam Waterston,4
834,Kate Beckinsale,0
834,Scott Speedman,1
834,Tony Curran,2
834,Shane Brolly,3
834,Derek Jacobi,4
228066,James McAvoy,0
228066,Daniel Radcliffe,1
228066,Jessica Brown Findlay,2
228066,Andrew Scott,3
228066,Charles Dance,4
711,Sean Connery,0
711,Rob Brown,1
711,F. Murray Abraham,2
711,Anna Paquin,3
711,Busta Rhymes,4
10468,Sandra Bullock,0
10468,Viggo Mortensen,1
10468,Dominic West,2
10468,Elizabeth Perkins,3
10468,Alan Tudyk,4
10027,Jet Li,0
10027,Morgan Freeman,1
10027,Bob Hoskins,2
10027,Vincent Regan,3
10027,Dylan Brown,4
11812,Cameron Diaz,0
11812,Christina Applegate,1
11812,Thomas Jane,2
11812,Selma Blair,3
11812,Jason Bateman,4
37233,Tom Cruise,0
37233,Jeanne Tripplehorn,1
37233,Gene Hackman,2
37233,Holly Hunter,3
37233,Ed Harris,4
37950,Zac Efron,0
37950,Amanda Crew,1
37950,Charlie Tahan,2
37950,Augustus Prew,3
37950,Donal Logue,4
27582,Jason Statham,0
27582,Ben Foster,1
27582,Donald Sutherland,2
27582,Mini Anden,3
27582,Tony Goldwyn,4
64688,Channing Tatum,0
64688,Jonah Hill,1
64688,Brie Larson,2
64688,Dave Franco,3
64688,Ellie Kemper,4
509,Julia Roberts,0
509,Hugh Grant,1
509,Gina McKee,2
509,Tim McInnerny,3
509,Rhys Ifans,4
7443,Mel Gibson,0
7443,Miranda Richardson,1
7443,Timothy Spall,2
7443,Imelda Staunton,3
7443,Jane Horrocks,4
5966,Ben Stiller,0
5966,Jennifer Aniston,1
5966,Philip Seymour Hoffman,2
5966,Debra Messing,3
5966,Alec Baldwin,4
11066,Eddie Murphy,0
11066,Robin Givens,1
11066,Halle Berry,2
11066,David Alan Grier,3
11066,Grace Jones,4
136795,Sandra Bullock,0
136795,Melissa McCarthy,1
136795,Demián Bichir,2
136795,Michael Rapaport,3
136795,Taran Killam,4
8095,Elizabeth Taylor,0
8095,Richard Burton,1
8095,Rex Harrison,2
8095,Roddy McDowall,3
8095,Martin Landau,4
87826,Salma Hayek,0
87826,Kevin James,1
87826,Henry Winkler,2
87826,Joe Rogan,3
87826,Reggie Lee,4
11560,Ashley Judd,0
11560,Morgan Freeman,1
11560,Jim Caviezel,2
11560,Amanda Peet,3
11560,Adam Scott,4
25189,Barbra Streisand,0
25189,Jeff Bridges,1
25189,Lauren Bacall,2
25189,George Segal,3
25189,Mimi Rogers,4
2637,Richard Gere,0
2637,Laura Linney,1
2637,Will Patton,2
2637,Bob Tracey,3
2637,Debra Messing,4
18480,Sacha Baron Cohen,0
18480,Richard Bey,1
18480,Ron Paul,2
18480,Gustaf Hammarsten,3
18480,Clifford Bañagale,4
709,Timothy Dalton,0
709,Carey Lowell,1
709,Robert Davi,2
709,Talisa Soto,3
709,Anthony Zerbe,4
49730,Amanda Seyfried,0
49730,Gary Oldman,1
49730,Billy Burke,2
49730,Shiloh Fernandez,3
49730,Max Irons,4
2749,Robert De Niro,0
2749,Charlize Theron,1
2749,Edward Burns,2
2749,Kelsey Grammer,3
2749,Avery Brooks,4
9607,Bob Hoskins,0
9607,John Leguizamo,1
9607,Dennis Hopper,2
9607,Samantha Mathis,3
9607,Fisher Stevens,4
1830,Nicolas Cage,0
1830,Bridget Moynahan,1
1830,Jared Leto,2
1830,Ethan Hawke,3
1830,Eamonn Walker,4
54054,Katherine Heigl,0
54054,Jason O'Mara,1
54054,Daniel Sunjata,2
54054,John Leguizamo,3
54054,Sherri Shepherd,4
228967,James Franco,0
228967,Seth Rogen,1
228967,Lizzy Caplan,2
228967,Randall Park,3
228967,Diana Bang,4
46528,Kate Bosworth,0
46528,Jang Dong-gun,1
46528,Geoffrey Rush,2
46528,Danny Huston,3
46528,Ti Lung,4
65,Eminem,0
65,Mekhi Phifer,1
65,Brittany Murphy,2
65,Kim Basinger,3
65,Michael Shannon,4
9476,Heath Ledger,0
9476,Rufus Sewell,1
9476,Shannyn Sossamon,2
9476,Paul Bettany,3
9476,Laura Fraser,4
10610,Jackie Chan,0
10610,Lee Evans,1
10610,Claire Forlani,2
10610,Julian Sands,3
10610,John Rhys-Davies,4
745,Bruce Willis,0
745,Toni Collette,1
745,Olivia Williams,2
745,Haley Joel Osment,3
745,Donnie Wahlberg,4
49527,Sam Worthington,0
49527,Elizabeth Banks,1
49527,Jamie Bell,2
49527,Ed Harris,3
49527,Edward Burns,4
73937,Owen Wilson,0
73937,Steve Martin,1
73937,Jack Black,2
73937,Rashida Jones,3
73937,Jim Parsons,4
1885,Ralph Macchio,0
1885,Pat Morita,1
1885,William Zabka,2
1885,Martin Kove,3
1885,Chad McQueen,4
168672,Christian Bale,0
168672,Bradley Cooper,1
168672,Amy Adams,2
168672,Jeremy Renner,3
168672,Jennifer Lawrence,4
18240,Sandra Bullock,0
18240,Ryan Reynolds,1
18240,Mary Steenburgen,2
18240,Craig T. Nelson,3
18240,Betty White,4
10398,Tommy Lee Jones,0
10398,Ashley Judd,1
10398,Bruce Greenwood,2
10398,Annabeth Gish,3
10398,Benjamin Weir,4
165,Michael J. Fox,0
165,Christopher Lloyd,1
165,Lea Thompson,2
165,Elisabeth Shue,3
165,James Tolkan,4
240832,Scarlett Johansson,0
240832,Morgan Freeman,1
240832,Choi Min-sik,2
240832,Amr Waked,3
240832,Julian Rhind-Tutt,4
216015,Dakota Johnson,0
216015,Jamie Dornan,1
216015,Jennifer Ehle,2
216015,Eloise Mumford,3
216015,Victor Rasuk,4
12279,Antonio Banderas,0
12279,Carla Gugino,1
12279,Alexa PenaVega,2
12279,Daryl Sabara,3
12279,Sylvester Stallone,4
1645,Matthew McConaughey,0
1645,Sandra Bullock,1
1645,Samuel L. Jackson,2
1645,Kevin Spacey,3
1645,Oliver Platt,4
11007,Steve Martin,0
11007,Bonnie Hunt,1
11007,Piper Perabo,2
11007,Tom Welling,3
11007,Hilary Duff,4
193756,Mark Wahlberg,0
193756,Taylor Kitsch,1
193756,Emile Hirsch,2
193756,Ben Foster,3
193756,Yousuf Azami,4
11287,Tom Hanks,0
11287,Geena Davis,1
11287,Madonna,2
11287,Lori Petty,3
11287,Jon Lovitz,4
37799,Jesse Eisenberg,0
37799,Andrew Garfield,1
37799,Justin Timberlake,2
37799,Armie Hammer,3
37799,Max Minghella,4
10184,Ben Affleck,0
10184,Jennifer Aniston,1
10184,Drew Barrymore,2
10184,Jennifer Connelly,3
10184,Kevin Connolly,4
4257,Anna Faris,0
4257,Regina Hall,1
4257,Craig Bierko,2
4257,Bill Pullman,3
4257,Anthony Anderson,4
4234,David Arquette,0
4234,Neve Campbell,1
4234,Courteney Cox,2
4234,Patrick Dempsey,3
4234,Scott Foley,4
196,Michael J. Fox,0
196,Christopher Lloyd,1
196,Mary Steenburgen,2
196,Thomas F. Wilson,3
196,Lea Thompson,4
257091,Will Ferrell,0
257091,Kevin Hart,1
257091,Alison Brie,2
257091,Craig T. Nelson,3
257091,T.I.,4
6114,Gary Oldman,0
6114,Winona Ryder,1
6114,Anthony Hopkins,2
6114,Keanu Reeves,3
6114,Richard E. Grant,4
24803,Meryl Streep,0
24803,Amy Adams,1
24803,Stanley Tucci,2
24803,Chris Messina,3
24803,Linda Emond,4
109410,Chadwick Boseman,0
109410,T.R. Knight,1
109410,Harrison Ford,2
109410,Nicole Beharie,3
109410,Christopher Meloni,4
1213,Matt Damon,0
1213,Gwyneth Paltrow,1
1213,Jude Law,2
1213,Cate Blanchett,3
1213,Philip Seymour Hoffman,4
100042,Jim Carrey,0
100042,Jeff Daniels,1
100042,Rachel Melvin,2
100042,Kathleen Turner,3
100042,Brady Bluhm,4
9036,Paul Walker,0
9036,Bruce Greenwood,1
9036,Moon Bloodgood,2
9036,Jason Biggs,3
9036,Gerard Plunkett,4
257211,Robert De Niro,0
257211,Anne Hathaway,1
257211,Rene Russo,2
257211,Anders Holm,3
257211,JoJo Kushner,4
9361,Daniel Day-Lewis,0
9361,Madeleine Stowe,1
9361,Russell Means,2
9361,Eric Schweig,3
9361,Jodhi May,4
1677,Jamie Foxx,0
1677,Kerry Washington,1
1677,Regina King,2
1677,Harry Lennix,3
1677,Clifton Powell,4
187,Jessica Alba,0
187,Devon Aoki,1
187,Clive Owen,2
187,Rosario Dawson,3
187,Mickey Rourke,4
7461,Dennis Quaid,0
7461,Matthew Fox,1
7461,Forest Whitaker,2
7461,Sigourney Weaver,3
7461,William Hurt,4
16538,Paul Rudd,0
16538,Jason Segel,1
16538,Rashida Jones,2
16538,Andy Samberg,3
16538,J.K. Simmons,4
9889,Gwyneth Paltrow,0
9889,Jack Black,1
9889,Jason Alexander,2
9889,Joe Viterelli,3
9889,Bruce McGill,4
820,Kevin Costner,0
820,Tommy Lee Jones,1
820,Gary Oldman,2
820,Kevin Bacon,3
820,Michael Rooker,4
11565,Martin Lawrence,0
11565,Nia Long,1
11565,Emily Procter,2
11565,Zachary Levi,3
11565,Mark Moses,4
6073,Brad Pitt,0
6073,Julia Roberts,1
6073,James Gandolfini,2
6073,J.K. Simmons,3
6073,Gene Hackman,4
16996,Zac Efron,0
16996,Leslie Mann,1
16996,Matthew Perry,3
16996,Tyler Steelman,4
16996,Allison Miller,5
193610,Cameron Diaz,0
193610,Leslie Mann,1
193610,Kate Upton,2
193610,Don Johnson,3
193610,Nikolaj Coster-Waldau,4
19912,Bobby Campo,0
19912,Shantel VanSanten,1
19912,Nick Zano,2
19912,Haley Webb,3
19912,Krista Allen,4
296098,Tom Hanks,0
296098,Mark Rylance,1
296098,Amy Ryan,2
296098,Alan Alda,3
296098,Sebastian Koch,4
8007,Owen Wilson,0
8007,Gene Hackman,1
8007,Gabriel Macht,2
8007,Charles Malik Whitfield,3
8007,David Keith,4
32823,Jonah Hill,0
32823,Russell Brand,1
32823,Rose Byrne,2
32823,Elisabeth Moss,3
32823,Colm Meaney,4
4380,Richard Gere,0
4380,Jennifer Lopez,1
4380,Susan Sarandon,2
4380,Lisa Ann Walter,3
4380,Stanley Tucci,4
11551,Gregory Smith,0
11551,Kirsten Dunst,1
11551,Denis Leary,2
11551,Phil Hartman,3
11551,David Cross,4
10336,Michael Jai White,0
10336,Martin Sheen,1
10336,John Leguizamo,2
10336,Theresa Randle,3
10336,Nicol Williamson,4
11362,Jim Caviezel,0
11362,Guy Pearce,1
11362,Richard Harris,2
11362,James Frain,3
11362,Dagmara Domińczyk,4
50348,Matthew McConaughey,0
50348,Marisa Tomei,1
50348,Ryan Phillippe,2
50348,William H. Macy,3
50348,Josh Lucas,4
48138,Liam Neeson,0
48138,Diane Kruger,1
48138,January Jones,2
48138,Aidan Quinn,3
48138,Bruno Ganz,4
1124,Hugh Jackman,0
1124,Christian Bale,1
1124,Michael Caine,2
1124,Scarlett Johansson,3
1124,Andy Serkis,4
227159,Jason Bateman,0
227159,Jason Sudeikis,1
227159,Charlie Day,2
227159,Jennifer Aniston,3
227159,Kevin Spacey,4
68179,Brendan Fraser,0
68179,Rob Corddry,1
68179,Ricky Gervais,2
68179,Jessica Alba,3
68179,Sarah Jessica Parker,4
1579,Rudy Youngblood,0
1579,Raoul Max Trujillo,1
1579,Gerardo Taracena,2
1579,Iazua Larios,3
1579,Antonio Monroy,4
708,Timothy Dalton,0
708,Maryam d'Abo,1
708,Jeroen Krabbé,2
708,Joe Don Baker,3
708,John Rhys-Davies,4
34851,Topher Grace,0
34851,Alice Braga,1
34851,Laurence Fishburne,2
34851,Adrien Brody,4
34851,Danny Trejo,5
9930,Robert Redford,0
9930,Debra Winger,1
9930,Daryl Hannah,2
9930,Brian Dennehy,3
9930,Terence Stamp,4
1586,Johnny Depp,0
1586,John Turturro,1
1586,Timothy Hutton,3
1586,Charles S. Dutton,4
1586,Len Cariou,6
2044,Keanu Reeves,0
2044,Sandra Bullock,1
2044,Shohreh Aghdashloo,2
2044,Christopher Plummer,3
2044,Ebon Moss-Bachrach,4
9913,Kate Hudson,0
9913,Gena Rowlands,1
9913,Peter Sarsgaard,2
9913,John Hurt,3
9913,Joy Bryant,4
71864,Jennifer Garner,0
71864,Joel Edgerton,1
71864,Ron Livingston,2
71864,Rosemarie DeWitt,3
71864,CJ Adams,4
10761,Patrick Dempsey,0
10761,Michelle Monaghan,1
10761,Kevin McKidd,2
10761,Chris Messina,3
10761,Richmond Arquette,4
209451,Christopher Walken,0
209451,Vincent Piazza,1
209451,Freya Tingley,2
209451,James Madio,3
209451,Sean Whalen,4
11975,Matt Damon,0
11975,Danny DeVito,1
11975,Jon Voight,2
11975,Claire Danes,3
11975,Mary Kay Place,4
4970,Halle Berry,0
4970,Robert Downey Jr.,1
4970,Charles S. Dutton,2
4970,Penélope Cruz,3
4970,John Carroll Lynch,4
11831,Morgan Freeman,0
11831,Nigel Hawthorne,1
11831,Anthony Hopkins,2
11831,Djimon Hounsou,3
11831,Matthew McConaughey,4
9096,Sean Connery,0
9096,Lorraine Bracco,1
9096,José Wilker,2
9096,Rodolfo De Alexandre,3
9096,Angelo Barra Moreira,4
440,Steven Pasquale,0
440,Reiko Aylesworth,1
440,John Ortiz,2
440,Ariel Gade,3
440,Sam Trammell,4
11011,Macaulay Culkin,0
11011,John Larroquette,1
11011,Edward Herrmann,2
11011,Christine Ebersole,3
11011,Michael Maccarone,4
10641,Richard Gere,0
10641,Winona Ryder,1
10641,Anthony LaPaglia,2
10641,Elaine Stritch,3
10641,Vera Farmiga,4
11172,Drew Barrymore,0
11172,Hugh Grant,1
11172,Scott Porter,2
11172,Brad Garrett,3
11172,Haley Bennett,4
39513,Seth Rogen,0
39513,Simon Pegg,1
39513,Nick Frost,2
39513,Jason Bateman,3
39513,Kristen Wiig,4
82687,Seth Rogen,0
82687,Barbra Streisand,1
82687,Yvonne Strahovski,2
82687,Colin Hanks,3
82687,Adam Scott,4
41446,David Arquette,0
41446,Neve Campbell,1
41446,Courteney Cox,2
41446,Emma Roberts,3
41446,Hayden Panettiere,4
8224,Nicolas Cage,0
8224,Joaquin Phoenix,1
8224,James Gandolfini,2
8224,Chris Bauer,3
8224,Anthony Heald,4
10537,Val Kilmer,0
10537,Meg Ryan,1
10537,Kyle MacLachlan,2
10537,Frank Whaley,3
10537,Kevin Dillon,4
225886,Cameron Diaz,0
225886,Jason Segel,1
225886,Rob Corddry,2
225886,Ellie Kemper,3
225886,Rob Lowe,4
10385,Meg Ryan,0
10385,Diane Keaton,1
10385,Lisa Kudrow,2
10385,Walter Matthau,3
10385,Adam Arkin,4
55779,Emma Bell,0
55779,Nicholas D'Agosto,1
55779,Miles Fisher,2
55779,Ellen Wroe,3
55779,Jacqueline MacInnes Wood,4
10154,Hugh Grant,0
10154,James Caan,1
10154,Jeanne Tripplehorn,2
10154,Burt Young,3
10154,James Fox,4
10647,Kevin Spacey,0
10647,Helen Hunt,1
10647,Haley Joel Osment,2
10647,Jay Mohr,3
10647,Jim Caviezel,4
11431,Drew Barrymore,0
11431,Jimmy Fallon,1
11431,Jason Spevack,2
11431,Jack Kehler,3
11431,Maureen Keiller,4
8457,Owen Wilson,0
8457,Leslie Mann,1
8457,Josh Peck,2
8457,David Dorfman,3
8457,Nate Hartley,4
188161,Seth MacFarlane,0
188161,Charlize Theron,1
188161,Liam Neeson,2
188161,Amanda Seyfried,3
188161,Neil Patrick Harris,4
8850,Alec Baldwin,0
8850,John Lone,1
8850,Penelope Ann Miller,2
8850,Peter Boyle,3
8850,Ian McKellen,4
64685,Thomas Horn,0
64685,Tom Hanks,1
64685,Sandra Bullock,2
64685,Max von Sydow,3
64685,John Goodman,4
38357,Rachel McAdams,0
38357,Harrison Ford,1
38357,Patrick Wilson,2
38357,Jeff Goldblum,3
38357,Diane Keaton,3
10060,50 Cent,0
10060,Joy Bryant,1
10060,Adewale Akinnuoye-Agbaje,2
10060,Omar Benson Miller,3
10060,Terrence Howard,4
11398,Wesley Snipes,0
11398,Donald Sutherland,1
11398,Maury Chaykin,2
11398,Anne Archer,3
11398,Michael Biehn,4
1833,Anthony Rapp,0
1833,Adam Pascal,1
1833,Rosario Dawson,2
1833,Jesse L. Martin,3
1833,Wilson Jermaine Heredia,4
10391,Kim Basinger,0
10391,Angela Bettis,1
10391,Holliston Coleman,2
10391,Rufus Sewell,3
10391,Christina Ricci,4
8970,Steve Martin,0
8970,Goldie Hawn,1
8970,John Cleese,2
8970,Mark McKinney,3
8970,Jessica Cauffiel,4
9306,Marlon Brando,0
9306,Val Kilmer,1
9306,David Thewlis,2
9306,Fairuza Balk,3
9306,Daniel Rigney,4
11370,Catherine Deneuve,0
11370,Mena Suvari,1
11370,Stephen Rea,2
11370,Tim Roth,3
11370,Justin Chambers,4
12184,Natalie Portman,0
12184,Scarlett Johansson,1
12184,Eric Bana,2
12184,Jim Sturgess,3
12184,Kristin Scott Thomas,4
1921,Keanu Reeves,0
1921,Charlize Theron,1
1921,Jason Isaacs,2
1921,Greg Germann,3
1921,Lauren Graham,4
1683,Hilary Swank,0
1683,David Morrissey,1
1683,Idris Elba,2
1683,AnnaSophia Robb,3
1683,Stephen Rea,4
203,Harvey Keitel,0
203,Robert De Niro,1
203,David Proval,2
203,Amy Robinson,3
203,Richard Romanus,4
11858,Danny DeVito,0
11858,Mark Wahlberg,1
11858,Gregory Hines,2
11858,James Remar,3
11858,Ed Begley Jr.,4
62835,Zoe Saldana,0
62835,Cliff Curtis,1
62835,Callum Blue,2
62835,Michael Vartan,3
62835,Lennie James,4
18937,Jessalyn Gilsig,0
18937,Cary Elwes,1
18937,Gary Oldman,2
18937,Don Rickles,4
18937,Jane Seymour,5
13536,Robert De Niro,0
13536,James Franco,1
13536,Frances McDormand,2
13536,Eliza Dushku,3
13536,George Dzundza,4
15556,Val Kilmer,0
15556,Mira Sorvino,1
15556,Kelly McGillis,2
15556,Steven Weber,3
15556,Bruce Davison,4
10718,Martin Henderson,0
10718,Ice Cube,1
10718,Monet Mazur,2
10718,Adam Scott,3
10718,Matt Schulze,4
11062,Al Pacino,0
11062,John Cusack,1
11062,Bridget Fonda,2
11062,Danny Aiello,3
11062,Martin Landau,4
10802,Elizabeth Berkley,0
10802,Kyle MacLachlan,1
10802,Gina Gershon,2
10802,Glenn Plummer,3
10802,Robert Davi,4
1887,Kirsten Dunst,0
1887,Jason Schwartzman,1
1887,Judy Davis,2
1887,Rip Torn,3
1887,Rose Byrne,4
6071,David Caruso,0
6071,Samuel L. Jackson,1
6071,Nicolas Cage,2
6071,Helen Hunt,3
6071,Kathryn Erbe,4
10461,Sylvester Stallone,0
10461,Miranda Richardson,1
10461,Rachael Leigh Cook,2
10461,Mickey Rourke,3
10461,Johnny Strong,4
80278,Naomi Watts,0
80278,Ewan McGregor,1
80278,Tom Holland,2
80278,Samuel Joslin,3
80278,Oaklee Pendergast,4
10315,George Clooney,0
10315,Meryl Streep,1
10315,Jason Schwartzman,2
10315,Bill Murray,3
10315,Wallace Wolodarsky,4
16643,Angelina Jolie,0
16643,Edward Burns,1
16643,Tony Shalhoub,2
16643,Christian Kane,3
16643,Melissa Errico,4
2687,Chevy Chase,0
2687,Daryl Hannah,1
2687,Sam Neill,2
2687,Michael McKean,3
2687,Stephen Tobolowsky,4
11025,Ashley Olsen,0
11025,Mary-Kate Olsen,1
11025,Eugene Levy,2
11025,Andy Richter,3
11025,Riley Smith,4
8849,Jude Law,0
8849,Marisa Tomei,1
8849,Omar Epps,2
8849,Jane Krakowski,3
8849,Renée Taylor,4
78698,Drew Barrymore,0
78698,John Krasinski,1
78698,Kristen Bell,2
78698,Vinessa Shaw,3
78698,Dermot Mulroney,4
30943,Michelle Pfeiffer,0
30943,Treat Williams,1
30943,Whoopi Goldberg,2
30943,Jonathan Jackson,3
30943,Cory Buck,4
9544,Stephen Dorff,0
9544,Natascha McElhone,1
9544,Stephen Rea,2
9544,Udo Kier,3
9544,Amelia Curtis,4
24418,John C. Reilly,0
24418,Josh Hutcherson,1
24418,Chris Massoglia,2
24418,Patrick Fugit,3
24418,Salma Hayek,4
7288,Ben Stiller,0
7288,Drew Barrymore,1
7288,Eileen Essell,2
7288,Amber Valletta,3
7288,Justin Theroux,4
14655,Samuel L. Jackson,0
14655,Bernie Mac,1
14655,Sharon Leal,2
14655,Adam Herschman,3
14655,Sean Hayes,4
10366,Jean-Claude Van Damme,0
10366,Kiana Tom,1
10366,Bill Goldberg,2
10366,Michael Jai White,3
10366,Heidi Schanz,4
19898,Ben Foster,0
19898,Dennis Quaid,1
19898,Cam Gigandet,2
19898,Antje Traue,3
19898,Cung Le,4
4965,Gary Sinise,0
4965,Madeleine Stowe,1
4965,Mekhi Phifer,2
4965,Vincent D'Onofrio,3
4965,Tony Shalhoub,4
56715,Jean Reno,0
56715,Christina Applegate,1
56715,Christian Clavier,2
56715,Matt Ross,3
56715,Tara Reid,4
1272,Cillian Murphy,0
1272,Rose Byrne,1
1272,Chris Evans,2
1272,Michelle Yeoh,3
1272,Cliff Curtis,4
72358,Eddie Murphy,0
72358,Allison Janney,1
72358,Cliff Curtis,2
72358,Clark Duke,3
72358,Kerry Washington,4
266396,Sean Penn,0
266396,Jasmine Trinca,1
266396,Javier Bardem,2
266396,Ray Winstone,3
266396,Mark Rylance,4
9978,Alex Pettyfer,0
9978,Sarah Bolger,1
9978,Ewan McGregor,2
9978,Robbie Coltrane,3
9978,Stephen Fry,4
8271,Shia LaBeouf,0
8271,Sarah Roemer,1
8271,Carrie-Anne Moss,2
8271,David Morse,3
8271,Aaron Yoo,4
10428,Jonny Lee Miller,0
10428,Angelina Jolie,1
10428,Jesse Bradford,2
10428,Matthew Lillard,3
10428,Renoly Santiago,4
5353,Richard Gere,0
5353,Terrence Howard,1
5353,James Brolin,2
5353,Diane Kruger,3
5353,Jesse Eisenberg,4
11934,Tim Robbins,0
11934,Jennifer Jason Leigh,1
11934,Paul Newman,2
11934,Charles Durning,3
11934,John Mahoney,4
19495,Kuno Becker,0
19495,Jay Hernandez,1
19495,Jason Scott Lee,2
19495,Doskhan Zholzhaksynov,3
19495,Ayanat Ksenbai,4
9495,Brandon Lee,0
9495,Rochelle Davis,1
9495,Ernie Hudson,2
9495,Michael Wincott,3
9495,Bai Ling,4
24420,Eric Bana,0
24420,Rachel McAdams,1
24420,Michelle Nolden,2
24420,Arliss Howard,3
24420,Ron Livingston,5
1257,Diane Keaton,0
1257,Mandy Moore,1
1257,Gabriel Macht,2
1257,Tom Everett Scott,3
1257,Lauren Graham,4
62214,Charlie Tahan,0
62214,Catherine O'Hara,1
62214,Martin Short,2
62214,Martin Landau,3
62214,Atticus Shaffer,4
16320,Nathan Fillion,0
16320,Gina Torres,1
16320,Alan Tudyk,2
16320,Morena Baccarin,3
16320,Adam Baldwin,4
8842,Meg Ryan,0
8842,Tony Shalhoub,1
8842,Joe Cortese,2
8842,Kerry Washington,3
8842,Omar Epps,4
9531,Christopher Reeve,0
9531,Richard Pryor,1
9531,Jackie Cooper,2
9531,Marc McClure,3
9531,Annette O'Toole,4
64807,Robert De Niro,0
64807,Sylvester Stallone,1
64807,Alan Arkin,2
64807,Jon Bernthal,3
64807,Kevin Hart,4
11529,Reese Witherspoon,0
11529,Josh Lucas,1
11529,Patrick Dempsey,2
11529,Candice Bergen,3
11529,Rhona Mitra,4
20943,Katherine Heigl,0
20943,Gerard Butler,1
20943,Eric Winter,2
20943,Bree Turner,3
20943,Nick Searcy,4
9099,Steve Martin,0
9099,Dan Aykroyd,1
9099,Phil Hartman,2
9099,Glenne Headly,3
9099,Daryl Mitchell,4
9488,Antonio Banderas,0
9488,Carla Gugino,1
9488,Alexa PenaVega,2
9488,Daryl Sabara,3
9488,Steve Buscemi,4
193,Patrick Stewart,0
193,Jonathan Frakes,1
193,Brent Spiner,2
193,LeVar Burton,3
193,Michael Dorn,4
55787,Robert Pattinson,0
55787,Reese Witherspoon,1
55787,Christoph Waltz,2
55787,Tatum Etheridge,3
55787,Hal Holbrook,4
10400,Denzel Washington,0
10400,Vicellous Reon Shannon,1
10400,Deborah Kara Unger,2
10400,Liev Schreiber,3
10400,John Hannah,4
1957,Jennifer Lopez,0
1957,Billy Campbell,1
1957,Juliette Lewis,2
1957,Dan Futterman,3
1957,Fred Ward,4
10833,Sigourney Weaver,0
10833,Jennifer Love Hewitt,1
10833,Gene Hackman,2
10833,Ray Liotta,3
10833,Jason Lee,4
256961,Kevin James,0
256961,Raini Rodriguez,1
256961,Eduardo Verástegui,2
256961,Daniella Alonso,3
256961,Neal McDonough,4
5852,Jennifer Lopez,0
5852,Jim Caviezel,1
5852,Jeremy Sisto,2
5852,Terrence Howard,3
5852,Sônia Braga,4
12312,Tim Allen,0
12312,Julie Bowen,1
12312,Kelly Lynch,2
12312,Greg Germann,3
12312,Jim Belushi,4
622,Johnny Depp,0
622,Frank Langella,1
622,Lena Olin,2
622,Emmanuelle Seigner,3
622,Barbara Jefford,4
11306,Hugh Grant,0
11306,Gene Hackman,1
11306,Sarah Jessica Parker,2
11306,David Morse,3
11306,Bill Nunn,4
12508,Mark Wahlberg,0
12508,Jennifer Aniston,1
12508,Jason Flemyng,2
12508,Dominic West,3
12508,Jason Bonham,4
25793,Gabourey Sidibe,0
25793,Mo'Nique,1
25793,Paula Patton,2
25793,Mariah Carey,3
25793,Lenny Kravitz,4
10534,Jeff Bridges,0
10534,Caroline Goodall,1
10534,John Savage,2
10534,Scott Wolf,3
10534,Jeremy Sisto,4
1091,Kurt Russell,0
1091,Keith David,1
1091,Wilford Brimley,2
1091,Donald Moffat,3
1091,Richard Dysart,4
87421,Vin Diesel,0
87421,Karl Urban,1
87421,Katee Sackhoff,2
87421,Jordi Mollà,3
87421,Bokeem Woodbine,4
10871,Dennis Quaid,0
10871,Danny Glover,1
10871,R. Lee Ermey,2
10871,Claudia Stedelin,3
10871,Brent Hinkley,4
13503,James Van Der Beek,0
13503,Rachael Leigh Cook,1
13503,Ashton Kutcher,2
13503,Dylan McDermott,3
13503,Usher Raymond,4
13600,Saoirse Ronan,0
13600,Harry Treadaway,1
13600,Mary Kay Place,2
13600,Bill Murray,3
13600,Martin Landau,4
68722,Joaquin Phoenix,0
68722,Philip Seymour Hoffman,1
68722,Amy Adams,2
68722,Laura Dern,3
68722,Jesse Plemons,4
14324,Ryan Cartwright,0
14324,Hayden Christensen,2
14324,Mischa Barton,3
14324,Jay Villiers,4
14324,Simone Spinazzè,5
14325,Rob Brown,0
14325,Dennis Quaid,1
14325,Darrin Henson,2
14325,Charles S. Dutton,3
14325,Aunjanue Ellis,4
312221,Michael B. Jordan,0
312221,Sylvester Stallone,1
312221,Graham McTavish,2
312221,Tessa Thompson,3
312221,Phylicia Rashād,4
23168,Ben Affleck,0
23168,Rebecca Hall,1
23168,Jeremy Renner,2
23168,Jon Hamm,3
23168,Blake Lively,4
76494,Cameron Diaz,0
76494,Jennifer Lopez,1
76494,Elizabeth Banks,2
76494,Anna Kendrick,3
76494,Brooklyn Decker,4
4944,George Clooney,0
4944,Frances McDormand,1
4944,Brad Pitt,2
4944,John Malkovich,3
4944,Tilda Swinton,4
10488,Abigail Breslin,0
10488,Jodie Foster,1
10488,Gerard Butler,2
10488,Michael Carman,3
10488,Mark Brady,4
96721,Daniel Brühl,0
96721,Chris Hemsworth,1
96721,Olivia Wilde,2
96721,Alexandra Maria Lara,3
96721,Natalie Dormer,4
334,Julianne Moore,0
334,William H. Macy,1
334,John C. Reilly,2
334,Tom Cruise,3
334,Philip Baker Hall,4
23742,Bruce Willis,0
23742,Tracy Morgan,1
23742,Juan Carlos Hernández,2
23742,Seann William Scott,3
23742,Michelle Trachtenberg,4
62837,Morgan Freeman,0
62837,Ashley Judd,1
62837,Harry Connick Jr.,2
62837,Nathan Gamble,3
62837,Kris Kristofferson,4
8966,Kristen Stewart,0
8966,Robert Pattinson,1
8966,Billy Burke,2
8966,Taylor Lautner,3
8966,Peter Facinelli,4
8470,Denzel Washington,0
8470,Robert Duvall,1
8470,Anne Heche,2
8470,Kimberly Elise,3
8470,Daniel E. Smith,4
11001,Martin Lawrence,0
11001,Luke Wilson,1
11001,Dave Chappelle,2
11001,Peter Greene,3
11001,Nicole Ari Parker,4
138832,Jason Sudeikis,0
138832,Jennifer Aniston,1
138832,Will Poulter,2
138832,Emma Roberts,3
138832,Ed Helms,4
2163,Kurt Russell,0
2163,J. T. Walsh,1
2163,Kathleen Quinlan,2
2163,M.C. Gainey,3
2163,Jack Noseworthy,4
36670,Sean Connery,0
36670,Kim Basinger,1
36670,Klaus Maria Brandauer,2
36670,Edward Fox,3
36670,Barbara Carrera,4
23048,John Cusack,0
23048,Lizzy Caplan,1
23048,Rob Corddry,2
23048,Craig Robinson,3
23048,Clark Duke,4
227735,Morgan Freeman,0
227735,Ashley Judd,1
227735,Nathan Gamble,2
227735,Cozi Zuehlsdorff,3
227735,Harry Connick Jr.,4
2155,Ben Affleck,0
2155,Gary Sinise,1
2155,Charlize Theron,2
2155,Dennis Farina,3
2155,Donal Logue,4
8409,Vin Diesel,0
8409,Larenz Tate,1
8409,Timothy Olyphant,2
8409,Geno Silva,3
8409,Jacqueline Obradors,4
222936,Bradley Cooper,0
222936,Emma Stone,1
222936,Rachel McAdams,2
222936,Bill Murray,3
222936,John Krasinski,4
31908,Alec Baldwin,0
31908,James Woods,1
31908,Virginia Madsen,2
31908,Whoopi Goldberg,3
31908,Craig T. Nelson,4
10219,Ethan Hawke,0
10219,Youki Kudoh,1
10219,Reeve Carney,2
10219,Anne Suzuki,3
10219,Rick Yune,4
48171,Anthony Hopkins,0
48171,Colin O'Donoghue,1
48171,Alice Braga,2
48171,Toby Jones,3
48171,Ciarán Hinds,4
782,Ethan Hawke,0
782,Jude Law,2
782,Gore Vidal,3
782,Uma Thurman,4
782,Alan Arkin,5
11802,Andy Samberg,0
11802,Cheryl Hines,1
11802,Jeff Daniels,2
11802,Patrick Warburton,3
11802,Kristin Chenoweth,4
9776,Chris Rock,0
9776,Bernie Mac,1
9776,Dylan Baker,2
9776,Nick Searcy,3
9776,Lynn Whitfield,4
18785,Bradley Cooper,0
18785,Ed Helms,1
18785,Zach Galifianakis,2
18785,Justin Bartha,3
18785,Heather Graham,4
817,Mike Myers,0
817,Heather Graham,1
817,Michael York,2
817,Robert Wagner,3
817,Rob Lowe,4
268,Jack Nicholson,0
268,Michael Keaton,1
268,Kim Basinger,2
268,Michael Gough,3
268,Pat Hingle,4
45054,Charlie Cox,0
45054,Dougray Scott,1
45054,Wes Bentley,2
45054,Rodrigo Santoro,3
45054,Jordi Mollà,4
943,Mel Gibson,0
943,Danny Glover,1
943,Joe Pesci,2
943,Rene Russo,3
943,Stuart Wilson,4
22881,Sandra Bullock,0
22881,Quinton Aaron,1
22881,Kathy Bates,2
22881,Tim McGraw,3
22881,Jae Head,4
10054,Alexa PenaVega,0
10054,Daryl Sabara,1
10054,Antonio Banderas,2
10054,Carla Gugino,3
10054,Alan Cumming,4
51540,Jennifer Aniston,0
51540,Jason Bateman,1
51540,Charlie Day,2
51540,Jason Sudeikis,3
51540,Colin Farrell,4
44264,Jeff Bridges,0
44264,Matt Damon,1
44264,Josh Brolin,2
44264,Barry Pepper,3
44264,Hailee Steinfeld,4
350,Meryl Streep,0
350,Anne Hathaway,1
350,Emily Blunt,2
350,Stanley Tucci,3
350,Simon Baker,4
152,William Shatner,0
152,Leonard Nimoy,1
152,DeForest Kelley,2
152,James Doohan,3
152,George Takei,4
109431,Jason Bateman,0
109431,Melissa McCarthy,1
109431,Jon Favreau,2
109431,Amanda Peet,3
109431,T.I.,4
1598,Robert De Niro,0
1598,Nick Nolte,1
1598,Jessica Lange,2
1598,Juliette Lewis,3
1598,Joe Don Baker,4
8065,Jim Sturgess,0
8065,Kevin Spacey,1
8065,Kate Bosworth,2
8065,Aaron Yoo,3
8065,Liza Lapira,4
271718,Amy Schumer,0
271718,Bill Hader,1
271718,Brie Larson,2
271718,Colin Quinn,3
271718,Vanessa Bayer,4
11638,Bernie Mac,0
11638,Ashton Kutcher,1
11638,Zoe Saldana,2
11638,Judith Scott,3
11638,Hal Williams,4
409,Ralph Fiennes,0
409,Juliette Binoche,1
409,Willem Dafoe,2
409,Kristin Scott Thomas,3
409,Naveen Andrews,4
2118,Kevin Spacey,0
2118,Guy Pearce,1
2118,Danny DeVito,2
2118,James Cromwell,3
2118,Kim Basinger,4
11459,Michael Angarano,0
11459,Kurt Russell,1
11459,Kelly Preston,2
11459,Danielle Panabaker,3
11459,Kevin Heffernan,4
10806,Kevin Kline,0
10806,Joan Cusack,1
10806,Tom Selleck,2
10806,Matt Dillon,3
10806,Debbie Reynolds,4
9348,Natasha Henstridge,0
9348,Ben Kingsley,1
9348,Michael Madsen,2
9348,Alfred Molina,3
9348,Forest Whitaker,4
377,John Saxon,0
377,Ronee Blakley,1
377,Heather Langenkamp,2
377,Amanda Wyss,3
377,Jsu Garcia,4
8843,Jennifer Lopez,0
8843,Vincent D'Onofrio,1
8843,Vince Vaughn,2
8843,Marianne Jean-Baptiste,3
8843,Catherine Sutherland,4
9313,Leonardo DiCaprio,0
9313,Jeremy Irons,1
9313,Gérard Depardieu,2
9313,Gabriel Byrne,3
9313,John Malkovich,4
39486,Diane Lane,0
39486,John Malkovich,1
39486,Scott Glenn,2
39486,Dylan Walsh,3
39486,Fred Dalton Thompson,4
1273,Chris Evans,0
1273,Sarah Michelle Gellar,1
1273,Mako,2
1273,Kevin Smith,3
1273,Patrick Stewart,4
13920,Cuba Gooding Jr.,0
13920,Ed Harris,1
13920,Alfre Woodard,2
13920,S. Epatha Merkerson,3
13920,Debra Winger,4
50544,Justin Timberlake,0
50544,Mila Kunis,1
50544,Patricia Clarkson,2
50544,Woody Harrelson,3
50544,Nolan Gould,4
140823,Emma Thompson,0
140823,Tom Hanks,1
140823,Paul Giamatti,2
140823,Colin Farrell,3
140823,Ruth Wilson,4
1883,Denzel Washington,0
1883,Angela Bassett,1
1883,Albert Hall,2
1883,"Al Freeman, Jr.",3
1883,Delroy Lindo,4
89492,Paul Rudd,0
89492,Leslie Mann,1
89492,Jason Segel,2
89492,Maude Apatow,3
89492,Megan Fox,4
22949,Robin Williams,0
22949,John Travolta,1
22949,Seth Green,2
22949,Justin Long,3
22949,Matt Dillon,4
12437,Bill Nighy,0
12437,Michael Sheen,1
12437,Rhona Mitra,2
12437,Shane Brolly,3
12437,Steven Mackintosh,4
2959,Robin Williams,0
2959,Mandy Moore,1
2959,John Krasinski,2
2959,Eric Christian Olsen,3
2959,Christine Taylor,4
9957,Jon Heder,0
9957,Rob Schneider,1
9957,David Spade,2
9957,Jon Lovitz,3
9957,Tim Meadows,4
11648,Diane Lane,0
11648,John Cusack,1
11648,Elizabeth Perkins,2
11648,Christopher Plummer,3
11648,Dermot Mulroney,4
9366,Johnny Depp,0
9366,Al Pacino,1
9366,Michael Madsen,2
9366,Bruno Kirby,3
9366,James Russo,4
1576,Milla Jovovich,0
1576,Michelle Rodriguez,1
1576,Eric Mabius,2
1576,Ryan McCluskey,3
1576,Oscar Pearce,4
609,Craig T. Nelson,0
609,JoBeth Williams,1
609,Beatrice Straight,2
609,Heather O'Rourke,3
609,Dominique Dunne,4
5516,Tom Hanks,0
5516,Irma P. Hall,1
5516,Marlon Wayans,2
5516,J.K. Simmons,3
5516,Tzi Ma,4
13051,Mark Wahlberg,0
13051,Mila Kunis,1
13051,Beau Bridges,2
13051,Ludacris,3
13051,Chris O'Donnell,4
49530,Justin Timberlake,0
49530,Amanda Seyfried,1
49530,Cillian Murphy,2
49530,Olivia Wilde,3
49530,Alex Pettyfer,4
34806,Jennifer Lopez,0
34806,Alex O'Loughlin,1
34806,Danneel Ackles,2
34806,Eric Christian Olsen,3
34806,Anthony Anderson,4
49022,Kate Hudson,0
49022,Ginnifer Goodwin,1
49022,John Krasinski,2
49022,Colin Egglesfield,3
49022,Ashley Williams,4
11469,Martin Lawrence,0
11469,Marsha Thomason,1
11469,Tom Wilkinson,2
11469,Vincent Regan,3
11469,Daryl Mitchell,4
23479,Walter Matthau,0
23479,Tatum O'Neal,1
23479,Ben Piazza,3
23479,Vic Morrow,4
23479,Erin Blunt,5
11667,Jean-Claude Van Damme,0
11667,Raúl Juliá,1
11667,Ming-Na Wen,2
11667,Damian Chapa,3
11667,Kylie Minogue,4
423,Adrien Brody,0
423,Thomas Kretschmann,1
423,Frank Finlay,2
423,Maureen Lipman,3
423,Emilia Fox,4
2447,Keisha Castle-Hughes,0
2447,Oscar Isaac,1
2447,Hiam Abbass,2
2447,Shaun Toub,3
2447,Ciarán Hinds,4
10066,Elisha Cuthbert,0
10066,Paris Hilton,1
10066,Brian Van Holt,2
10066,Jared Padalecki,3
10066,Chad Michael Murray,4
2288,Julia Roberts,0
2288,Jude Law,1
2288,Natalie Portman,2
2288,Clive Owen,3
2288,Colin Stinton,4
88794,Leonardo DiCaprio,0
88794,Josh Hamilton,1
88794,Geoff Pierson,2
88794,Armie Hammer,4
88794,Naomi Watts,5
13515,Kiefer Sutherland,0
13515,Paula Patton,1
13515,Amy Smart,2
13515,Cameron Boyce,3
13515,Erica Gluck,4
11979,Stuart Townsend,0
11979,Aaliyah,1
11979,Marguerite Moreau,2
11979,Vincent Pérez,3
11979,Paul McGann,4
169,Kevin Peter Hall,0
169,Danny Glover,1
169,Gary Busey,2
169,Rubén Blades,3
169,María Conchita Alonso,4
8090,Diane Lane,0
8090,Billy Burke,1
8090,Colin Hanks,2
8090,Joseph Cross,3
8090,Mary Beth Hurt,4
11622,Brendan Fraser,0
11622,Alicia Silverstone,1
11622,Christopher Walken,2
11622,Sissy Spacek,3
11622,Nathan Fillion,4
3604,Sam J. Jones,0
3604,Melody Anderson,1
3604,Max von Sydow,2
3604,Chaim Topol,3
3604,Ornella Muti,4
9541,Ben Affleck,0
9541,Raquel Castro,1
9541,Liv Tyler,2
9541,Jennifer Lopez,3
9541,George Carlin,4
94348,Tyler Perry,0
94348,Rachel Nichols,1
94348,Jean Reno,2
94348,Matthew Fox,3
94348,Giancarlo Esposito,4
8197,John Cusack,0
8197,Kevin Spacey,1
8197,Jude Law,2
8197,Alison Eastwood,3
8197,Jack Thompson,4
336004,Jeffrey Dean Morgan,0
336004,Robert De Niro,1
336004,Kate Bosworth,2
336004,Dave Bautista,3
336004,Gina Carano,4
35019,Emma Thompson,0
35019,Asa Butterfield,1
35019,Ralph Fiennes,2
35019,Maggie Gyllenhaal,3
35019,Maggie Smith,4
10410,Jack Nicholson,0
10410,Danny DeVito,1
10410,Armand Assante,2
10410,J. T. Walsh,3
10410,John C. Reilly,4
8836,David Duchovny,0
8836,Gillian Anderson,1
8836,Amanda Peet,2
8836,Billy Connolly,3
8836,Xzibit,4
14442,Anne Hathaway,0
14442,Hugh Dancy,1
14442,Cary Elwes,2
14442,Vivica A. Fox,3
14442,Joanna Lumley,4
321741,Will Smith,0
321741,Alec Baldwin,1
321741,Albert Brooks,2
321741,Gugu Mbatha-Raw,3
321741,David Morse,4
59965,Taylor Lautner,0
59965,Lily Collins,1
59965,Alfred Molina,2
59965,Jason Isaacs,3
59965,Maria Bello,4
14175,Ewan McGregor,0
14175,Ricky Gervais,1
14175,Tim Curry,2
14175,Jim Broadbent,3
14175,Hugh Laurie,4
11004,Michael Douglas,0
11004,Tobey Maguire,1
11004,Frances McDormand,2
11004,Katie Holmes,3
11004,Rip Torn,4
11918,Drake Bell,0
11918,Sara Paxton,1
11918,Leslie Nielsen,2
11918,Christopher McDonald,3
11918,Jeffrey Tambor,4
98357,Mark Wahlberg,0
98357,Russell Crowe,1
98357,Catherine Zeta-Jones,2
98357,Jeffrey Wright,3
98357,Barry Pepper,4
10012,Portia de Rossi,0
10012,Christina Ricci,1
10012,Jesse Eisenberg,2
10012,Milo Ventimiglia,3
10012,Judy Greer,4
49526,Joseph Gordon-Levitt,0
49526,Michael Shannon,1
49526,Dania Ramirez,2
49526,Jamie Chung,3
49526,Wolé Parks,4
268920,Reese Witherspoon,0
268920,Sofía Vergara,1
268920,Michael Mosley,2
268920,John Carroll Lynch,3
268920,Richard T. Jones,4
9093,Heath Ledger,0
9093,Wes Bentley,1
9093,Kate Hudson,2
9093,Djimon Hounsou,3
9093,Michael Sheen,4
119283,Jason Statham,0
119283,Jennifer Lopez,1
119283,Nick Nolte,2
119283,Michael Chiklis,3
119283,Clifton Collins Jr,4
11823,Kirsten Dunst,0
11823,Paul Bettany,1
11823,Sam Neill,2
11823,James McAvoy,3
11823,Bernard Hill,4
35169,Brendan Fraser,0
35169,Ken Jeong,1
35169,Brooke Shields,2
35169,Angela Kinsey,3
35169,Rob Riggle,4
118957,Sharni Vinson,0
118957,Phoebe Tonkin,1
118957,Julian McMahon,2
118957,Xavier Samuel,3
118957,Cariba Heine,4
849,Ken Marshall,0
849,Lysette Anthony,1
849,Francesca Annis,2
849,Alun Armstrong,3
849,David Battley,4
4515,Robert Redford,0
4515,Meryl Streep,1
4515,Tom Cruise,2
4515,Michael Peña,3
4515,Andrew Garfield,4
18886,Danny Glover,0
18886,Willem Dafoe,1
18886,Brad Johnson,2
18886,Rosanna Arquette,3
18886,Tom Sizemore,4
6575,John C. Reilly,0
6575,Jenna Fischer,1
6575,Tim Meadows,2
6575,Kristen Wiig,3
6575,Raymond J. Barry,4
6440,Kevin Spacey,0
6440,Julianne Moore,1
6440,Cate Blanchett,2
6440,Judi Dench,3
6440,Pete Postlethwaite,4
13496,Colin Farrell,0
13496,Scott Caan,1
13496,Ali Larter,2
13496,Gabriel Macht,3
13496,Gregory Smith,4
18320,Emily Blunt,0
18320,Jim Broadbent,1
18320,Mark Strong,2
18320,Paul Bettany,3
18320,Miranda Richardson,4
22787,Kate Beckinsale,0
22787,Gabriel Macht,1
22787,Tom Skerritt,2
22787,Columbus Short,3
22787,Shawn Doyle,4
8967,Brad Pitt,0
8967,Sean Penn,1
8967,Jessica Chastain,2
8967,Hunter McCracken,3
8967,Finnegan Williams,4
37498,Jean-Claude Van Damme,0
37498,Lela Rochon,1
37498,Paul Sorvino,2
37498,Rob Schneider,3
37498,Mark Houghton,4
144336,Arnold Schwarzenegger,0
144336,Sam Worthington,1
144336,Mireille Enos,2
144336,Joe Manganiello,3
144336,Harold Perrineau,4
9616,Heath Ledger,0
9616,Shannyn Sossamon,1
9616,Benno Fürmann,2
9616,Mark Addy,3
9616,Peter Weller,4
13056,Ray Stevenson,0
13056,Dominic West,1
13056,Julie Benz,2
13056,Colin Salmon,3
13056,Doug Hutchison,4
14113,Tim Allen,0
14113,Courteney Cox,1
14113,Chevy Chase,2
14113,Spencer Breslin,3
14113,Kevin Zegers,4
285783,Joseph Gordon-Levitt,0
285783,Ben Kingsley,1
285783,Charlotte Le Bon,2
285783,Ben Schwartz,3
285783,James Badge Dale,4
9726,Russell Crowe,0
9726,Marion Cotillard,1
9726,Albert Finney,2
9726,Tom Hollander,3
9726,Abbie Cornish,4
20763,Elijah Wood,0
20763,Lorraine Bracco,1
20763,Adam Baldwin,2
20763,John Heard,3
20763,Joseph Mazzello,4
9702,Damian Chapa,0
9702,Jesse Borrego,1
9702,Benjamin Bratt,2
9702,Enrique Castillo,3
9702,Victor Rivers,4
9311,Julia Ormond,0
9311,Gabriel Byrne,1
9311,Richard Harris,2
9311,Jim Broadbent,3
9311,Tom Wilkinson,4
9280,Rebecca Romijn,0
9280,Antonio Banderas,1
9280,Peter Coyote,2
9280,Rie Rasmussen,3
9280,Gregg Henry,4
26843,Anthony Quinn,0
26843,Rod Steiger,1
26843,Oliver Reed,2
26843,Irene Papas,3
26843,Raf Vallone,4
11876,Juliette Binoche,0
11876,Olivier Martinez,1
11876,Pierre Arditi,2
11876,François Cluzet,3
11876,Gérard Depardieu,4
22267,Tobey Maguire,0
22267,Skeet Ulrich,1
22267,Jeffrey Wright,2
22267,Jewel,3
22267,Jonathan Rhys Meyers,4
198663,Dylan O'Brien,0
198663,Ki Hong Lee,1
198663,Kaya Scodelario,2
198663,Aml Ameen,3
198663,Blake Cooper,4
239573,Vince Vaughn,0
239573,Dave Franco,1
239573,James Marsden,2
239573,June Diane Raphael,3
239573,Sienna Miller,4
10436,Daniel Day-Lewis,0
10436,Michelle Pfeiffer,1
10436,Winona Ryder,2
10436,Alexis Smith,3
10436,Geraldine Chaplin,4
1381,Hugh Jackman,0
1381,Rachel Weisz,1
1381,Ellen Burstyn,2
1381,Mark Margolis,3
1381,Stephen McHattie,4
2162,Cuba Gooding Jr.,0
2162,Skeet Ulrich,1
2162,Peter Firth,2
2162,David Paymer,3
2162,Daniel Hugh Kelly,5
127493,Nicolas Cage,0
127493,Malin Åkerman,1
127493,Josh Lucas,2
127493,Sami Gayle,3
127493,Danny Huston,4
228205,Scott Eastwood,1
228205,Britt Robertson,2
228205,Lolita Davidovich,3
228205,Melissa Benoist,4
228205,Jack Huston,5
2900,Johnny Depp,0
2900,Charlize Theron,1
2900,Joe Morton,2
2900,Clea DuVall,3
2900,Nick Cassavetes,4
21311,Kim Basinger,0
21311,Vincent Pérez,1
21311,Liam Aiken,2
21311,Daniel Craig,3
21311,Eva Marie Saint,4
77875,Gerard Butler,0
77875,Jessica Biel,1
77875,Uma Thurman,2
77875,Catherine Zeta-Jones,3
77875,Iqbal Theba,4
192136,Idris Elba,0
192136,Naomie Harris,1
192136,Tony Kgoroge,2
192136,Riaad Moosa,3
192136,Fana Mokoena,4
18254,Warren Beatty,0
18254,Diane Keaton,1
18254,Edward Herrmann,2
18254,Jack Nicholson,3
18254,Jerzy Kosinski,4
881,Tom Cruise,0
881,Jack Nicholson,1
881,Demi Moore,2
881,Kevin Bacon,3
881,Kevin Pollak,4
10877,Steven Seagal,0
10877,DMX,1
10877,Isaiah Washington,2
10877,Anthony Anderson,3
10877,Bill Duke,4
9600,Martin Lawrence,0
9600,Nia Long,1
9600,Paul Giamatti,2
9600,Jascha Washington,3
9600,Terrence Howard,4
202575,Brianne Siddall,0
202575,Joey Camen,1
202575,Elisa Gabrielli,2
202575,Robin Atkin Downes,3
202575,Shanelle Workman,4
71469,Emile Hirsch,0
71469,Rachael Taylor,1
71469,Olivia Thirlby,2
71469,Joel Kinnaman,3
71469,Max Minghella,4
85446,Kathryn McCormick,0
85446,Ryan Guzman,1
85446,Stephen Boss,2
85446,Megan Boone,3
85446,Jessica Guadix,4
326,Samuel L. Jackson,0
326,Julianna Margulies,1
326,Kenan Thompson,2
326,Nathan Phillips,3
326,Rachel Blanchard,4
10685,James Spader,0
10685,Keanu Reeves,1
10685,Marisa Tomei,2
10685,Ernie Hudson,3
10685,Chris Ellis,4
7220,Thomas Jane,0
7220,John Travolta,1
7220,Will Patton,2
7220,Roy Scheider,3
7220,Laura Harring,4
9763,Kuno Becker,0
9763,Alessandro Nivola,1
9763,Anna Friel,2
9763,Stephen Dillane,3
9763,Gary Lewis,4
72387,Jason Statham,0
72387,Chris Sarandon,1
72387,James Hong,2
72387,Catherine Chan,3
72387,Robert John Burke,4
12596,John Cusack,0
12596,Billy Bob Thornton,1
12596,Cate Blanchett,2
12596,Angelina Jolie,3
12596,Gene Dinovi,4
1892,Mark Hamill,0
1892,Harrison Ford,1
1892,Carrie Fisher,2
1892,Billy Dee Williams,3
1892,Anthony Daniels,4
13460,Rhona Mitra,0
13460,Bob Hoskins,1
13460,Malcolm McDowell,2
13460,Alexander Siddig,3
13460,David O'Hara,4
8055,Kate Winslet,0
8055,Ralph Fiennes,1
8055,David Kross,2
8055,Jeanette Hain,3
8055,Bruno Ganz,4
50647,Paul Rudd,0
50647,Jennifer Aniston,1
50647,Justin Theroux,2
50647,Malin Åkerman,3
50647,Lauren Ambrose,4
10719,Will Ferrell,0
10719,James Caan,1
10719,Zooey Deschanel,2
10719,Mary Steenburgen,3
10719,Daniel Tay,4
9294,John Travolta,0
9294,Kyra Sedgwick,1
9294,Forest Whitaker,2
9294,Robert Duvall,3
9294,Jeffrey DeMunn,4
11888,Jim Belushi,0
11888,Cuba Gooding Jr.,1
11888,James Coburn,2
11888,M. Emmet Walsh,3
11888,Sisqó,4
9647,Bill Murray,0
9647,Karen Allen,1
9647,John Forsythe,2
9647,Bobcat Goldthwait,3
9647,Carol Kane,4
9353,Jack Black,0
9353,Ana de la Reguera,1
9353,Héctor Jiménez,2
9353,Darius Rose,3
9353,Moisés Arias,4
55721,Kristen Wiig,0
55721,Rose Byrne,1
55721,Maya Rudolph,2
55721,Wendi McLendon-Covey,3
55721,Ellie Kemper,4
109414,James Franco,0
109414,Jonah Hill,1
109414,Seth Rogen,2
109414,Jay Baruchel,3
109414,Danny McBride,4
10307,Patricia Arquette,0
10307,Gabriel Byrne,1
10307,Jonathan Pryce,2
10307,Nia Long,3
10307,Thomas Kopache,4
11978,Robert De Niro,0
11978,Cuba Gooding Jr.,1
11978,Charlize Theron,2
11978,Aunjanue Ellis,3
11978,Hal Holbrook,4
22907,Chris Brown,0
22907,Hayden Christensen,1
22907,Matt Dillon,2
22907,Michael Ealy,3
22907,Idris Elba,4
87567,Robert De Niro,0
87567,Diane Keaton,1
87567,Katherine Heigl,2
87567,Amanda Seyfried,3
87567,Topher Grace,4
38322,Martin Lawrence,0
38322,Brandon T. Jackson,1
38322,Portia Doubleday,2
38322,Mari Morrow,3
38322,Faizon Love,4
45612,Jake Gyllenhaal,0
45612,Michelle Monaghan,1
45612,Vera Farmiga,2
45612,Russell Peters,3
45612,Michael Arden,4
7305,Ethan Hawke,0
7305,Vincent Spano,1
7305,Josh Hamilton,2
7305,Bruce Ramsay,3
7305,John Newton,4
3594,Jim Carrey,0
3594,Virginia Madsen,1
3594,Logan Lerman,2
3594,Danny Huston,3
3594,Lynn Collins,5
157841,Kyle Catlett,0
157841,Helena Bonham Carter,1
157841,Judy Davis,2
157841,Callum Keith Rennie,3
157841,Niamh Wilson,4
11519,Dan Aykroyd,0
11519,Ned Beatty,1
11519,John Belushi,2
11519,Lorraine Gary,3
11519,Murray Hamilton,4
12920,Kurt Russell,0
12920,Dakota Fanning,1
12920,Kris Kristofferson,2
12920,Elisabeth Shue,3
12920,David Morse,4
59,Viggo Mortensen,0
59,Maria Bello,1
59,Heidi Hayes,2
59,Ashton Holmes,3
59,William Hurt,4
9335,Jason Statham,0
9335,Amber Valletta,1
9335,Kate Nauta,2
9335,Alessandro Gassman,3
9335,François Berléand,4
12106,Sharon Stone,0
12106,Gene Hackman,1
12106,Russell Crowe,2
12106,Leonardo DiCaprio,3
12106,Tobin Bell,4
11141,Pierce Brosnan,0
11141,Julianne Moore,1
11141,Michael Sheen,2
11141,Parker Posey,3
11141,Frances Fisher,4
8649,Nicolas Cage,0
8649,Patricia Arquette,1
8649,John Goodman,2
8649,Ving Rhames,3
8649,Tom Sizemore,4
31867,Jude Law,0
31867,Forest Whitaker,1
31867,Alice Braga,2
31867,Liev Schreiber,3
31867,Carice van Houten,4
3587,Whoopi Goldberg,0
3587,Gérard Depardieu,1
3587,Haley Joel Osment,2
3587,Ute Lemper,3
3587,Andrea Martin,4
124459,Steve Carell,0
124459,Jim Carrey,1
124459,Steve Buscemi,2
124459,Olivia Wilde,3
124459,James Gandolfini,4
24662,Scott Bakula,0
24662,Jasmine Guy,1
24662,Natalie Cole,2
24662,Ashley Peldon,3
24662,Lindsay Ridgeway,4
182,George Clooney,0
182,Cate Blanchett,1
182,Tobey Maguire,2
182,Tony Curran,3
182,Leland Orser,4
28,Martin Sheen,0
28,Marlon Brando,1
28,Robert Duvall,2
28,Frederic Forrest,3
28,Sam Bottoms,4
38073,Drew Barrymore,0
38073,Justin Long,1
38073,Charlie Day,2
38073,Jason Sudeikis,3
38073,Christina Applegate,4
2054,Richard Dreyfuss,0
2054,Glenne Headly,1
2054,Jay Thomas,2
2054,Olympia Dukakis,3
2054,William H. Macy,4
606,Meryl Streep,0
606,Robert Redford,1
606,Klaus Maria Brandauer,2
606,Michael Kitchen,3
606,Malick Bowens,4
87502,Denzel Washington,1
87502,Don Cheadle,2
87502,Bruce Greenwood,3
87502,Kelly Reilly,4
87502,John Goodman,5
698,Roger Moore,0
698,Lois Chiles,1
698,Michael Lonsdale,2
698,Corinne Cléry,3
698,Richard Kiel,4
120467,Ralph Fiennes,0
120467,Tony Revolori,1
120467,F. Murray Abraham,2
120467,Mathieu Amalric,3
120467,Adrien Brody,4
11313,Anthony Hopkins,0
11313,Anton Yelchin,1
11313,Hope Davis,2
11313,Mika Boorem,3
11313,David Morse,4
10559,Dennis Quaid,0
10559,Jim Caviezel,1
10559,Andre Braugher,2
10559,Elizabeth Mitchell,3
10559,Noah Emmerich,4
296099,Ed Helms,0
296099,Christina Applegate,1
296099,Skyler Gisondo,2
296099,Steele Stebbins,3
296099,Chris Hemsworth,4
8012,John Travolta,0
8012,Gene Hackman,1
8012,Rene Russo,2
8012,Danny DeVito,3
8012,Dennis Farina,4
1574,Catherine Zeta-Jones,0
1574,Renée Zellweger,1
1574,Queen Latifah,2
1574,Richard Gere,3
1574,Christine Baranski,4
9032,Adam Sandler,0
9032,Joey Lauren Adams,1
9032,Kristy Swanson,2
9032,Cole Sprouse,3
9032,Jon Stewart,4
2770,Jason Biggs,0
2770,Thomas Ian Nicholas,1
2770,Chris Klein,2
2770,Seann William Scott,3
2770,Eddie Kaye Thomas,4
862,Tom Hanks,0
862,Tim Allen,1
862,Don Rickles,2
862,Jim Varney,3
862,Wallace Shawn,4
1637,Keanu Reeves,0
1637,Dennis Hopper,1
1637,Sandra Bullock,2
1637,Joe Morton,3
1637,Jeff Daniels,4
72570,Rachel McAdams,0
72570,Channing Tatum,1
72570,Sam Neill,2
72570,Scott Speedman,3
72570,Jessica Lange,4
27569,Harrison Ford,0
27569,Brendan Fraser,1
27569,Keri Russell,2
27569,Courtney B. Vance,3
27569,Meredith Droeger,4
10637,Denzel Washington,0
10637,Will Patton,1
10637,Ryan Hurst,2
10637,Wood Harris,3
10637,Hayden Panettiere,4
1669,Alec Baldwin,0
1669,Sean Connery,1
1669,Scott Glenn,2
1669,Sam Neill,3
1669,James Earl Jones,4
132363,Forest Whitaker,0
132363,David Banner,1
132363,Michael Rainey Jr.,2
132363,LaJessie Smith,3
132363,Mariah Carey,4
9472,Vince Vaughn,0
9472,Christine Taylor,1
9472,Ben Stiller,2
9472,Rip Torn,3
9472,Justin Long,4
2907,Raúl Juliá,0
2907,Anjelica Huston,1
2907,Christopher Lloyd,2
2907,Christina Ricci,3
2907,Carel Struycken,4
9273,Jim Carrey,0
9273,Ian McNeice,1
9273,Simon Callow,2
9273,Maynard Eziashi,3
9273,Bob Gunton,4
9880,Anne Hathaway,0
9880,Julie Andrews,1
9880,Heather Matarazzo,2
9880,Robert Schwartzman,3
9880,Héctor Elizondo,4
2925,Goldie Hawn,0
2925,Bette Midler,1
2925,Diane Keaton,2
2925,Maggie Smith,3
2925,Dan Hedaya,4
807,Brad Pitt,0
807,Morgan Freeman,1
807,Gwyneth Paltrow,2
807,John C. McGinley,3
807,Kevin Spacey,4
17654,Sharlto Copley,0
17654,Jason Cope,1
17654,Nathalie Boltt,2
17654,Sylvaine Strike,3
17654,Elizabeth Mkandawie,4
11836,Tom Kenny,0
11836,Clancy Brown,1
11836,Rodger Bumpass,2
11836,Bill Fagerbakke,3
11836,Carolyn Lawrence,4
322,Sean Penn,0
322,Tim Robbins,1
322,Kevin Bacon,2
322,Laurence Fishburne,3
322,Marcia Gay Harden,4
70,Clint Eastwood,0
70,Hilary Swank,1
70,Morgan Freeman,2
70,Jay Baruchel,3
70,Mike Colter,4
9535,Robert De Niro,0
9535,Billy Crystal,1
9535,Lisa Kudrow,2
9535,Chazz Palminteri,3
9535,Joe Viterelli,4
11036,Rachel McAdams,0
11036,Ryan Gosling,1
11036,Gena Rowlands,2
11036,James Garner,3
11036,Sam Shepard,4
6557,Katherine Heigl,0
6557,James Marsden,1
6557,Malin Åkerman,2
6557,Judy Greer,3
6557,Edward Burns,4
18126,Miley Cyrus,0
18126,Billy Ray Cyrus,1
18126,Emily Osment,2
18126,Jason Earles,3
18126,Taylor Swift,4
16340,E.G. Daily,0
16340,Susan Sarandon,1
16340,John Lithgow,2
16340,Tara Strong,3
16340,Cheryl Chase,4
10333,Nick Nolte,0
10333,Barbra Streisand,1
10333,Blythe Danner,2
10333,Kate Nelligan,3
10333,Jeroen Krabbé,4
4476,Brad Pitt,0
4476,Anthony Hopkins,1
4476,Aidan Quinn,2
4476,Julia Ormond,3
4476,Henry Thomas,4
22947,George Clooney,0
22947,Vera Farmiga,1
22947,Anna Kendrick,2
22947,Jason Bateman,3
22947,Melanie Lynskey,4
2755,Jack Nicholson,0
2755,Kathy Bates,1
2755,Hope Davis,2
2755,Dermot Mulroney,3
2755,June Squibb,4
82654,Nicholas Hoult,0
82654,Teresa Palmer,1
82654,Analeigh Tipton,2
82654,Rob Corddry,3
82654,Dave Franco,4
59967,Joseph Gordon-Levitt,0
59967,Bruce Willis,1
59967,Emily Blunt,2
59967,Paul Dano,3
59967,Noah Segan,4
16300,Chris Rock,0
16300,Regina King,1
16300,Chazz Palminteri,2
16300,Eugene Levy,3
16300,Frankie Faison,4
9598,Christine Cavanaugh,0
9598,Miriam Margolyes,1
9598,Danny Mann,2
9598,Hugo Weaving,3
9598,Miriam Flynn,4
82696,Meryl Streep,0
82696,Steve Carell,1
82696,Tommy Lee Jones,2
82696,Jean Smart,3
82696,Marin Ireland,4
9870,Jason Segel,0
9870,Kristen Bell,1
9870,Mila Kunis,2
9870,Russell Brand,3
9870,Bill Hader,4
8292,Mark Wahlberg,0
8292,Tyrese Gibson,1
8292,André Benjamin,2
8292,Garrett Hedlund,3
8292,Terrence Howard,4
8780,Tina Fey,0
8780,Amy Poehler,1
8780,Dax Shepard,2
8780,Sigourney Weaver,3
8780,Greg Kinnear,4
9715,Sandra Bullock,0
9715,Harry Connick Jr.,1
9715,Gena Rowlands,2
9715,Mae Whitman,3
9715,Michael Paré,4
10521,Anne Hathaway,0
10521,Kate Hudson,1
10521,Bryan Greenberg,2
10521,Chris Pratt,3
10521,Steve Howey,4
10762,Seth Green,0
10762,Matthew Lillard,1
10762,Dax Shepard,2
10762,Antony Starr,3
10762,Andrew Hampton,4
10096,Jennifer Garner,0
10096,Mark Ruffalo,1
10096,Judy Greer,2
10096,Andy Serkis,3
10096,Kathy Baker,4
59436,Owen Wilson,0
59436,Rachel McAdams,1
59436,Kurt Fuller,2
59436,Mimi Kennedy,3
59436,Michael Sheen,4
227783,Will Arnett,0
227783,Katherine Heigl,1
227783,Brendan Fraser,2
227783,Liam Neeson,3
227783,Stephen Lang,4
4133,Johnny Depp,0
4133,Penélope Cruz,1
4133,Ethan Suplee,2
4133,Ray Liotta,3
4133,Franka Potente,4
10207,Kevin Costner,0
10207,Robin Wright,1
10207,Paul Newman,2
10207,John Savage,3
10207,Illeana Douglas,4
172,William Shatner,0
172,Leonard Nimoy,1
172,DeForest Kelley,2
172,James Doohan,3
172,George Takei,4
21972,Shad Moss,0
21972,Morris Chestnut,1
21972,Jonathan Lipnicki,2
21972,Brenda Song,3
21972,Jesse Plemons,4
36593,Leslie Nielsen,0
36593,Priscilla Presley,1
36593,George Kennedy,2
36593,O.J. Simpson,3
36593,Fred Ward,4
707,Roger Moore,0
707,Christopher Walken,1
707,Tanya Roberts,2
707,Grace Jones,3
707,Patrick Macnee,4
533,Peter Sallis,0
533,Helena Bonham Carter,1
533,Ralph Fiennes,2
533,Nicholas Smith,3
533,Liz Smith,4
6023,Hilary Swank,0
6023,Gerard Butler,1
6023,Lisa Kudrow,2
6023,Harry Connick Jr.,3
6023,Gina Gershon,4
6439,Frankie Muniz,0
6439,Mandy Moore,1
6439,Hayden Panettiere,2
6439,Bruce Greenwood,3
6439,Wendie Malick,4
4347,Keira Knightley,0
4347,James McAvoy,1
4347,Romola Garai,2
4347,Saoirse Ronan,3
4347,Brenda Blethyn,4
37056,Amanda Seyfried,0
37056,Christopher Egan,1
37056,Gael García Bernal,2
37056,Vanessa Redgrave,3
37056,Franco Nero,4
4105,Michael Douglas,0
4105,Andy García,1
4105,Kate Capshaw,3
4105,Shigeru Kôyama,4
4105,John Spencer,5
76489,Sean Hayes,0
76489,Will Sasso,1
76489,Chris Diamantopoulos,2
76489,Jane Lynch,3
76489,Sofía Vergara,4
3933,Johnny Depp,0
3933,Helena Bonham Carter,1
3933,Emily Watson,2
3933,Tracey Ullman,3
3933,Paul Whitehouse,4
9918,Josh Lucas,0
9918,Derek Luke,1
9918,Jon Voight,2
9918,Austin Nichols,3
9918,Evan Jones,4
273481,Emily Blunt,0
273481,Benicio del Toro,1
273481,Josh Brolin,2
273481,Victor Garber,3
273481,Jon Bernthal,4
307081,Jake Gyllenhaal,0
307081,Rachel McAdams,1
307081,Forest Whitaker,2
307081,Oona Laurence,3
307081,50 Cent,4
16871,Alison Lohman,0
16871,Justin Long,1
16871,Lorna Raver,2
16871,Dileep Rao,3
16871,David Paymer,4
293863,Blake Lively,0
293863,Michiel Huisman,1
293863,Harrison Ford,2
293863,Ellen Burstyn,3
293863,Kathy Baker,4
13156,Michael Caine,0
13156,Robert Duvall,1
13156,Haley Joel Osment,2
13156,Josh Lucas,3
13156,Kyra Sedgwick,4
41233,Rick Malambri,0
41233,Adam G. Sevani,1
41233,Joe Slaughter,2
41233,Sharni Vinson,3
41233,Alyson Stoner,4
9266,Kate Bosworth,0
9266,Matthew Davis,1
9266,Michelle Rodriguez,2
9266,Sanoe Lake,3
9266,Mika Boorem,4
1262,Will Ferrell,0
1262,Maggie Gyllenhaal,1
1262,Dustin Hoffman,2
1262,Emma Thompson,3
1262,Queen Latifah,4
4513,Josh Hartnett,0
4513,Melissa George,1
4513,Ben Foster,2
4513,Danny Huston,3
4513,Mark Boone Junior,4
22970,Kristen Connolly,0
22970,Chris Hemsworth,1
22970,Anna Hutchison,2
22970,Fran Kranz,3
22970,Jesse Williams,4
7278,Sean Maguire,0
7278,Carmen Electra,1
7278,Ken Davitian,2
7278,Kevin Sorbo,3
7278,Diedrich Bader,4
9013,Robert De Niro,0
9013,Charles Grodin,1
9013,Yaphet Kotto,2
9013,John Ashton,3
9013,Dennis Farina,4
865,Arnold Schwarzenegger,0
865,Richard Dawson,1
865,María Conchita Alonso,2
865,Yaphet Kotto,3
865,Jim Brown,4
10776,Rick Moranis,0
10776,Ellen Greene,1
10776,Vincent Gardenia,2
10776,Steve Martin,3
10776,Tisha Campbell-Martin,4
50456,Saoirse Ronan,0
50456,Eric Bana,1
50456,Vicky Krieps,2
50456,Cate Blanchett,3
50456,Tom Hollander,4
9823,Robin Shou,0
9823,Talisa Soto,1
9823,James Remar,2
9823,Sandra Hess,3
9823,Lynn 'Red' Williams,4
59861,Tom Hanks,0
59861,Julia Roberts,1
59861,Bryan Cranston,2
59861,Cedric the Entertainer,3
59861,Pam Grier,4
133805,Chloë Grace Moretz,0
133805,Julianne Moore,1
133805,Judy Greer,2
133805,Alex Russell,4
133805,Portia Doubleday,5
12763,Antonio Banderas,0
12763,Rob Brown,1
12763,Yaya DaCosta,2
12763,Alfre Woodard,3
12763,John Ortiz,4
9766,Dwayne Johnson,0
9766,Xzibit,1
9766,L. Scott Caldwell,2
9766,Leon Rippy,3
9766,Kevin Dunn,4
14034,Martin Lawrence,0
14034,Danny DeVito,1
14034,John Leguizamo,2
14034,Glenne Headly,3
14034,Carmen Ejogo,4
12244,Christopher Plummer,0
12244,Martin Landau,1
12244,John C. Reilly,2
12244,Crispin Glover,3
12244,Jennifer Connelly,4
109421,Jude Law,0
109421,Rooney Mara,1
109421,Catherine Zeta-Jones,2
109421,Channing Tatum,3
109421,Vinessa Shaw,4
11137,Julia Stiles,0
11137,Luke Mably,1
11137,Ben Miller,2
11137,Miranda Richardson,3
11137,James Fox,4
51162,Jim Cummings,0
51162,Travis Oates,1
51162,Bud Luckey,3
51162,Craig Ferguson,4
51162,Tom Kenny,5
10152,Mimi Rogers,0
10152,Eric Christian Olsen,1
10152,Luis Guzmán,2
10152,Rachel Nichols,3
10152,Eugene Levy,4
9452,Warren Beatty,0
9452,Halle Berry,1
9452,Sean Astin,2
9452,Christine Baranski,3
9452,Adilah Barnes,4
239566,Chadwick Boseman,0
239566,Nelsan Ellis,1
239566,Dan Aykroyd,2
239566,Viola Davis,3
239566,Lennie James,4
9271,Denzel Washington,0
9271,Russell Crowe,1
9271,Kelly Lynch,2
9271,William Forsythe,3
9271,Stephen Spinella,4
4474,Uma Thurman,0
4474,Luke Wilson,1
4474,Anna Faris,2
4474,Eddie Izzard,3
4474,Rainn Wilson,4
184346,Eric Bana,0
184346,Edgar Ramírez,1
184346,Olivia Munn,2
184346,Joel McHale,3
184346,Sean Harris,4
48340,Ioan Gruffudd,0
48340,Richard Roxburgh,1
48340,Alice Parkinson,2
48340,Daniel Wyllie,4
48340,Allison Cratchley,5
14846,Brittany Murphy,0
14846,Holly Hunter,1
14846,Kathy Bates,2
14846,Ron Livingston,3
14846,Kevin Sussman,4
72207,Jason Segel,0
72207,Emily Blunt,1
72207,Chris Pratt,2
72207,Alison Brie,3
72207,Rhys Ifans,4
16232,Bernie Mac,0
16232,Angela Bassett,1
16232,Michael Rispoli,2
16232,Brian J. White,3
16232,Dondre Whitfield,4
43539,Russell Crowe,0
43539,Elizabeth Banks,1
43539,Brian Dennehy,2
43539,RZA,3
43539,Moran Atias,4
9920,Milla Jovovich,0
9920,Cameron Bright,1
9920,Nick Chinlund,2
9920,Sebastien Andrieu,3
9920,Ida Martin,4
8978,Ethan Hawke,0
8978,Laurence Fishburne,1
8978,Gabriel Byrne,2
8978,Maria Bello,3
8978,Drea de Matteo,4
11702,Chow Yun-fat,0
11702,Mira Sorvino,1
11702,Michael Rooker,2
11702,Kenneth Tsang,3
11702,Jürgen Prochnow,4
18550,Laurence Fishburne,0
18550,Stephen Baldwin,1
18550,Salma Hayek,2
18550,Will Patton,3
18550,Robert John Burke,4
8869,David Arquette,0
8869,Kari Wuhrer,1
8869,Scott Terra,2
8869,Scarlett Johansson,3
8869,Doug E. Doug,4
43347,Jake Gyllenhaal,0
43347,Anne Hathaway,1
43347,Oliver Platt,2
43347,Hank Azaria,4
43347,Gabriel Macht,6
3489,Al Pacino,0
3489,Alicia Witt,1
3489,Leelee Sobieski,2
3489,Amy Brenneman,3
3489,William Forsythe,4
9701,Charlize Theron,0
9701,Elle Peterson,1
9701,Thomas Curtis,2
9701,Frances McDormand,3
9701,Sean Bean,4
2122,Bruce Willis,0
2122,Matthew Perry,1
2122,Amanda Peet,2
2122,Kevin Pollak,3
2122,Frank Collison,4
37707,Adrien Brody,0
37707,Sarah Polley,1
37707,Delphine Chanéac,2
37707,David Hewlett,3
37707,Abigail Chu,4
10658,Lea Thompson,0
10658,Jeffrey Jones,1
10658,Tim Robbins,2
10658,Ed Gale,3
10658,Holly Robinson Peete,4
13150,Edward Norton,0
13150,Jon Voight,1
13150,Colin Farrell,2
13150,Noah Emmerich,3
13150,Jennifer Ehle,4
9042,Cole Hauser,0
9042,Eddie Cibrian,1
9042,Morris Chestnut,2
9042,Lena Headey,3
9042,Piper Perabo,4
17813,Luke Wilson,0
17813,Kate Hudson,1
17813,Sophie Marceau,2
17813,David Paymer,3
17813,Paul Wilson,4
11208,Josh Hartnett,0
11208,Rose Byrne,1
11208,Matthew Lillard,2
11208,Diane Kruger,3
11208,Christopher Cousins,4
58151,Anton Yelchin,0
58151,Colin Farrell,1
58151,Toni Collette,2
58151,Christopher Mintz-Plasse,3
58151,David Tennant,4
11400,Colin Farrell,0
11400,Q'orianka Kilcher,1
11400,Christopher Plummer,2
11400,Christian Bale,3
11400,August Schellenberg,4
10350,Freddie Prinze Jr.,0
10350,Saffron Burrows,1
10350,Matthew Lillard,2
10350,Tchéky Karyo,3
10350,Jürgen Prochnow,4
28902,Annette Bening,0
28902,Aidan Quinn,1
28902,Stephen Rea,2
28902,Robert Downey Jr.,3
28902,Paul Guilfoyle,4
14164,Chow Yun-fat,0
14164,Justin Chatwin,1
14164,Joon Park,2
14164,Jamie Chung,3
14164,Emmy Rossum,4
76640,Arnold Schwarzenegger,0
76640,Forest Whitaker,1
76640,Rodrigo Santoro,2
76640,Johnny Knoxville,3
76640,Jaimie Alexander,4
11058,Greg Kinnear,0
11058,Rebecca Romijn,1
11058,Robert De Niro,2
11058,Cameron Bright,3
11058,Zoie Palmer,4
14844,Mandy Moore,0
14844,Stark Sands,1
14844,Tony Jayawardena,2
14844,Jeremy Piven,3
14844,Annabella Sciorra,4
57089,Hayden Panettiere,0
57089,Bill Hader,1
57089,Joan Cusack,2
57089,Patrick Warburton,3
57089,Glenn Close,4
1947,Robert Redford,0
1947,Jennifer Lopez,1
1947,Morgan Freeman,2
1947,Becca Gardner,3
1947,Josh Lucas,4
8054,Christopher Plummer,0
8054,Heath Ledger,1
8054,Johnny Depp,2
8054,Jude Law,3
8054,Colin Farrell,4
46829,Paul Giamatti,0
46829,Dustin Hoffman,1
46829,Rosamund Pike,2
46829,Minnie Driver,3
46829,Rachelle Lefevre,4
146238,Ben Affleck,0
146238,Gemma Arterton,1
146238,Justin Timberlake,2
146238,Anthony Mackie,3
146238,David Costabile,4
9989,Ryan Phillippe,0
9989,Rachael Leigh Cook,1
9989,Tim Robbins,2
9989,Claire Forlani,3
9989,Richard Roundtree,4
9665,Matthew Broderick,0
9665,Denzel Washington,1
9665,Cary Elwes,2
9665,Morgan Freeman,3
9665,Jihmi Kennedy,4
311,Robert De Niro,0
311,James Woods,1
311,Elizabeth McGovern,2
311,Joe Pesci,3
311,Burt Young,4
102362,Colin Farrell,0
102362,Noomi Rapace,1
102362,Terrence Howard,2
102362,Dominic Cooper,3
102362,Isabelle Huppert,4
11162,Al Pacino,0
11162,Jeremy Irons,1
11162,Joseph Fiennes,2
11162,Lynn Collins,3
11162,Zuleikha Robinson,4
6016,Nick Nolte,0
6016,Tchéky Karyo,1
6016,Nutsa Kukhianidze,2
6016,Marc Lavoine,3
6016,Saïd Taghmaoui,4
17186,Steve Howey,0
17186,Mike Vogel,1
17186,Cameron Richardson,2
17186,Sophia Bush,3
17186,Channing Tatum,4
13967,Ewan McGregor,0
13967,Renée Zellweger,1
13967,Emily Watson,2
13967,Barbara Flynn,3
13967,Bill Paterson,4
9053,Jaime Pressly,0
9053,Devon Aoki,1
9053,Holly Valance,2
9053,Sarah Carter,3
9053,Natassia Malthe,4
4512,Brad Pitt,0
4512,Casey Affleck,1
4512,Sam Shepard,2
4512,Mary-Louise Parker,3
4512,Paul Schneider,4
265208,Jason Statham,0
265208,Michael Angarano,1
265208,Milo Ventimiglia,2
265208,Dominik García-Lorido,3
265208,Anne Heche,4
45610,Gerard Butler,0
45610,Michelle Monaghan,1
45610,Kathy Baker,2
45610,Richard Goteri,3
45610,Peter Carey,4
1874,Joseph Fiennes,0
1874,Dennis Haysbert,1
1874,Diane Kruger,2
1874,Shiloh Henderson,3
1874,Patrick Lyster,4
215211,Nicole Kidman,0
215211,Milo Ventimiglia,1
215211,Paz Vega,2
215211,Tim Roth,3
215211,Parker Posey,4
10955,John Malkovich,0
10955,Ray Winstone,1
10955,Uwe Mansshardt,2
10955,Hanns Zischler,3
10955,Paolo Paoloni,4
254470,Anna Kendrick,0
254470,Rebel Wilson,1
254470,Hailee Steinfeld,2
254470,Brittany Snow,3
254470,Skylar Astin,4
69,Joaquin Phoenix,0
69,Reese Witherspoon,1
69,Ginnifer Goodwin,2
69,Robert Patrick,3
69,Tyler Hilton,4
4967,Ben Stiller,0
4967,Edward Norton,1
4967,Jenna Elfman,2
4967,Anne Bancroft,3
4967,Eli Wallach,4
9449,John Goodman,0
9449,Jim Broadbent,1
9449,Celia Imrie,2
9449,Tom Felton,3
9449,Hugh Laurie,4
11499,Michael Sheen,0
11499,Frank Langella,1
11499,Kevin Bacon,2
11499,Sam Rockwell,3
11499,Mark Simich,4
4912,Sam Rockwell,0
4912,Drew Barrymore,1
4912,Julia Roberts,2
4912,Rutger Hauer,3
4912,Brad Pitt,4
12771,Matthew Perry,0
12771,Elizabeth Hurley,1
12771,Vincent Pastore,2
12771,Bruce Campbell,3
12771,Cedric the Entertainer,4
12506,Denzel Washington,0
12506,Kevin Kline,1
12506,Penelope Wilton,2
12506,Kate Hardie,3
12506,John Matshikiza,4
24071,Loren Dean,0
24071,Hope Davis,1
24071,Jason Lee,2
24071,Alfre Woodard,3
24071,Zooey Deschanel,4
11249,Brad Dourif,0
11249,Jennifer Tilly,1
11249,Billy Boyd,2
11249,Redman,3
11249,Hannah Spearritt,4
9667,Adrien Brody,0
9667,Keira Knightley,1
9667,Kris Kristofferson,2
9667,Jennifer Jason Leigh,3
9667,Kelly Lynch,4
812,Scott Weinger,0
812,Robin Williams,1
812,Linda Larkin,2
812,Jonathan Freeman,3
812,Frank Welker,4
277216,O'Shea Jackson Jr.,0
277216,Corey Hawkins,1
277216,Jason Mitchell,2
277216,Neil Brown Jr.,3
277216,Aldis Hodge,4
87,Harrison Ford,0
87,Kate Capshaw,1
87,Jonathan Ke Quan,2
87,Amrish Puri,3
87,Roshan Seth,4
14444,Whoopi Goldberg,0
14444,David Spade,1
14444,E.G. Daily,2
14444,Tara Strong,3
14444,Christine Cavanaugh,4
2043,Morgan Freeman,0
2043,Monica Potter,1
2043,Michael Wincott,2
2043,Dylan Baker,3
2043,Mika Boorem,4
1428,Antonio Banderas,0
1428,Salma Hayek,1
1428,Johnny Depp,2
1428,Eva Mendes,3
1428,Mickey Rourke,4
562,Bruce Willis,0
562,Alan Rickman,1
562,Alexander Godunov,2
562,Bonnie Bedelia,3
562,Reginald VelJohnson,4
15373,Seann William Scott,0
15373,Paul Rudd,1
15373,Elizabeth Banks,2
15373,Christopher Mintz-Plasse,3
15373,Bobb'e J. Thompson,4
318846,Christian Bale,0
318846,Steve Carell,1
318846,Ryan Gosling,2
318846,Brad Pitt,3
318846,Melissa Leo,4
26320,Demetri Martin,0
26320,Imelda Staunton,1
26320,Henry Goodman,2
26320,Liev Schreiber,3
26320,Jonathan Groff,4
14292,Kurt Russell,0
14292,Patricia Clarkson,1
14292,Noah Emmerich,2
14292,Sean McCann,3
14292,Kenneth Welsh,4
924,Sarah Polley,0
924,Ving Rhames,1
924,Jake Weber,2
924,Mekhi Phifer,3
924,Ty Burrell,4
2018,Jennifer Lopez,0
2018,Matthew McConaughey,1
2018,Justin Chambers,2
2018,Joanna Gleason,3
2018,Lou Myers,4
9428,Gene Hackman,0
9428,Anjelica Huston,1
9428,Ben Stiller,2
9428,Gwyneth Paltrow,3
9428,Luke Wilson,4
2832,John Cusack,0
2832,Ray Liotta,1
2832,Amanda Peet,2
2832,John Hawkes,3
2832,Alfred Molina,4
137093,Robert De Niro,0
137093,Morgan Freeman,1
137093,Michael Douglas,2
137093,Kevin Kline,3
137093,Mary Steenburgen,4
699,Roger Moore,0
699,Carole Bouquet,1
699,Chaim Topol,2
699,Lynn-Holly Johnson,3
699,Julian Glover,4
9778,John Cusack,0
9778,Kate Beckinsale,1
9778,Jeremy Piven,2
9778,Bridget Moynahan,3
9778,Eugene Levy,4
8831,Jean-Claude Van Damme,0
8831,Mia Sara,1
8831,Ron Silver,2
8831,Bruce McGill,3
8831,Gloria Reuben,4
9398,Ben Stiller,0
9398,Owen Wilson,1
9398,Christine Taylor,2
9398,Will Ferrell,3
9398,Milla Jovovich,4
112949,Julianne Hough,0
112949,Josh Duhamel,1
112949,Cobie Smulders,2
112949,David Lyons,3
112949,Mike Pniewski,4
10439,Bette Midler,0
10439,Sarah Jessica Parker,1
10439,Kathy Najimy,2
10439,Omri Katz,3
10439,Thora Birch,4
3638,Catherine Zeta-Jones,0
3638,Aaron Eckhart,1
3638,Abigail Breslin,2
3638,Patricia Clarkson,3
3638,Jenny Wade,4
23483,Aaron Taylor-Johnson,0
23483,Chloë Grace Moretz,1
23483,Christopher Mintz-Plasse,2
23483,Nicolas Cage,3
23483,Mark Strong,4
62206,Jesse Eisenberg,0
62206,Danny McBride,1
62206,Aziz Ansari,2
62206,Bianca Kajlich,3
62206,Nick Swardson,4
10577,Gerard Butler,0
10577,Christopher Plummer,1
10577,Jonny Lee Miller,2
10577,Justine Waddell,3
10577,Jennifer Esposito,5
218778,Steve Carell,0
218778,Jennifer Garner,1
218778,Ed Oxenbould,2
218778,Dylan Minnette,3
218778,Kerris Dorsey,4
4348,Keira Knightley,0
4348,Matthew Macfadyen,1
4348,Rosamund Pike,2
4348,Simon Woods,3
4348,Donald Sutherland,4
78,Harrison Ford,0
78,Rutger Hauer,1
78,Sean Young,2
78,Edward James Olmos,3
78,M. Emmet Walsh,4
11780,Liam Neeson,0
11780,Jessica Lange,1
11780,John Hurt,2
11780,Tim Roth,3
11780,Eric Stoltz,4
192102,Kevin Costner,0
192102,Amber Heard,1
192102,Hailee Steinfeld,2
192102,Connie Nielsen,3
192102,Tómas Lemarquis,4
2001,Joaquin Phoenix,0
2001,Eva Mendes,1
2001,Alex Veadov,2
2001,Mark Wahlberg,3
2001,Robert Duvall,4
10383,Winona Ryder,0
10383,Ben Chaplin,1
10383,Sarah Wynter,2
10383,Philip Baker Hall,4
10383,John Hurt,5
10025,Lindsay Lohan,0
10025,Samaire Armstrong,1
10025,Chris Pine,2
10025,Missi Pyle,3
10025,Makenzie Vega Norfolk,4
15198,Russell Crowe,0
15198,Hank Azaria,1
15198,Mary McCormack,2
15198,Burt Reynolds,3
15198,Colm Meaney,4
23172,Amber Valletta,0
23172,Lucas Till,1
23172,Jackie Chan,2
23172,Billy Ray Cyrus,3
23172,George Lopez,4
17834,Martin Short,0
17834,Kathleen Turner,1
17834,Mara Wilson,2
17834,Robert Pastorelli,3
17834,Deborah Odell,4
10016,Natasha Henstridge,0
10016,Ice Cube,1
10016,Jason Statham,2
10016,Clea DuVall,3
10016,Pam Grier,4
10317,Sandra Bullock,0
10317,Anthony Mackie,1
10317,Billy Bob Thornton,2
10317,Zoe Kazan,3
10317,Scoot McNairy,5
9746,Tenzin Thuthob Tsarong,0
9746,Tencho Gyalpo,1
9746,Tsewang Migyur Khangsar,2
9746,Gyurme Tethong,3
9746,Robert Lin,4
13092,Kelan Pannell,0
13092,Janette Scott,1
13092,Simon Pegg,2
13092,Megan Fox,3
13092,Gillian Anderson,4
59859,Aaron Taylor-Johnson,0
59859,Chloë Grace Moretz,1
59859,Christopher Mintz-Plasse,2
59859,Clark Duke,3
59859,Jim Carrey,4
13495,Viggo Mortensen,0
13495,Elena Anaya,1
13495,Unax Ugalde,2
13495,Eduard Fernández,3
13495,Eduardo Noriega,4
254473,Paul Walker,0
254473,David Belle,1
254473,RZA,2
254473,Robert Maillet,3
254473,Carlo Rota,4
700,Roger Moore,0
700,Maud Adams,1
700,Louis Jourdan,2
700,Kristina Wayborn,3
700,Kabir Bedi,4
4964,Seth Rogen,0
4964,Katherine Heigl,1
4964,Leslie Mann,2
4964,Paul Rudd,3
4964,Jason Segel,4
10024,Cameron Diaz,0
10024,Alec Baldwin,1
10024,Abigail Breslin,2
10024,Joan Cusack,3
10024,Sofia Vassilieva,4
13490,Martin Lawrence,0
13490,James Earl Jones,1
13490,Margaret Avery,2
13490,Joy Bryant,3
13490,Cedric the Entertainer,4
15927,Judy Davis,0
15927,Alec Guinness,1
15927,Peggy Ashcroft,2
15927,James Fox,3
15927,Victor Banerjee,4
1259,Judi Dench,0
1259,Cate Blanchett,1
1259,Bill Nighy,2
1259,Juno Temple,3
1259,Max Lewis,4
5125,Omar Metwally,0
5125,Reese Witherspoon,1
5125,Jake Gyllenhaal,2
5125,Moa Khouas,3
5125,Zineb Oukach,4
174,William Shatner,0
174,Leonard Nimoy,1
174,DeForest Kelley,2
174,James Doohan,3
174,George Takei,4
9583,Sandra Bullock,0
9583,Ellen Burstyn,1
9583,Fionnula Flanagan,2
9583,James Garner,3
9583,Cherry Jones,4
9437,Morgan Freeman,0
9437,Ashley Judd,1
9437,Cary Elwes,2
9437,Alex McArthur,3
9437,Tony Goldwyn,4
525,Dan Aykroyd,0
525,John Belushi,1
525,James Brown,2
525,Cab Calloway,3
525,Ray Charles,4
10188,Alexis Bledel,0
10188,Amber Tamblyn,1
10188,America Ferrera,2
10188,Blake Lively,3
10188,Rachel Nichols,4
63574,Queen Latifah,0
63574,Dolly Parton,1
63574,Keke Palmer,2
63574,Jeremy Jordan,3
63574,Courtney B. Vance,4
245,Hugh Grant,0
245,Nicholas Hoult,1
245,Toni Collette,2
245,Rachel Weisz,3
245,Sharon Small,4
9825,Bill Pullman,0
9825,Bridget Fonda,1
9825,Oliver Platt,2
9825,Brendan Gleeson,3
9825,Betty White,4
186,Josh Hartnett,0
186,Bruce Willis,1
186,Lucy Liu,2
186,Morgan Freeman,3
186,Ben Kingsley,4
9549,Fred Ward,0
9549,Dennis Quaid,1
9549,Ed Harris,2
9549,Scott Glenn,3
9549,Sam Shepard,4
34584,Barret Oliver,0
34584,Gerald McRaney,1
34584,Noah Hathaway,2
34584,Drum Garrett,3
34584,Darryl Cooksey,4
2666,Rufus Sewell,0
2666,William Hurt,1
2666,Kiefer Sutherland,2
2666,Jennifer Connelly,3
2666,Richard O'Brien,4
12783,Keira Knightley,0
12783,Ralph Fiennes,1
12783,Aidan McArdle,2
12783,Simon McBurney,3
12783,Charlotte Rampling,4
13155,Fairuza Balk,0
13155,Nicol Williamson,1
13155,Jean Marsh,2
13155,Piper Laurie,3
13155,Matt Clark,4
42807,Matthew McConaughey,0
42807,Skeet Ulrich,1
42807,Ethan Hawke,2
42807,Vincent D'Onofrio,3
42807,Gail Cronauer,4
28355,Renée Zellweger,0
28355,Jodelle Ferland,1
28355,Ian McShane,2
28355,Kerry O'Malley,3
28355,Callum Keith Rennie,4
8080,Carrie-Anne Moss,0
8080,Aaron Eckhart,1
8080,Ben Kingsley,2
8080,Harry Lennix,3
8080,Kevin Chamberlin,4
5126,John Cusack,0
5126,Bobby Coleman,1
5126,Amanda Peet,2
5126,Joan Cusack,3
5126,Oliver Platt,4
56288,Jessica Alba,0
56288,Mason Cook,1
56288,Rowan Blanchard,2
56288,Joel McHale,3
56288,Jeremy Piven,4
1613,Samuel L. Jackson,0
1613,Robert Carlyle,1
1613,Emily Mortimer,2
1613,Meat Loaf,3
1613,Rhys Ifans,4
31582,Robert De Niro,0
31582,Philip Seymour Hoffman,1
31582,Barry Miller,2
31582,Chris Bauer,3
31582,Skipp Sudduth,4
16617,LL Cool J,0
16617,Jonny Lee Miller,1
16617,Kathryn Morris,2
16617,Patricia Velásquez,3
16617,Clifton Collins Jr,4
8944,Bruce Willis,0
8944,Robert De Niro,1
8944,Sean Penn,2
8944,Robin Wright,3
8944,Stanley Tucci,4
41488,Michael Caine,0
41488,Tilda Swinton,1
41488,Jeremy Northam,2
41488,Alan Bates,3
41488,Charlotte Rampling,4
14560,Kevin James,0
14560,Keir O'Donnell,1
14560,Jayma Mays,2
14560,Raini Rodriguez,3
14560,Shirley Knight,4
10330,Jamie Lee Curtis,0
10330,Lindsay Lohan,1
10330,Mark Harmon,2
10330,Harold Gould,3
10330,Haley Hudson,4
6957,Steve Carell,0
6957,Catherine Keener,1
6957,Paul Rudd,2
6957,Romany Malco,3
6957,Seth Rogen,4
1934,Joseph Fiennes,0
1934,Gwyneth Paltrow,1
1934,Geoffrey Rush,2
1934,Tom Wilkinson,3
1934,Judi Dench,4
169917,Liam Neeson,0
169917,Dan Stevens,1
169917,David Harbour,2
169917,Boyd Holbrook,3
169917,Adam David Thompson,4
951,Arnold Schwarzenegger,0
951,Penelope Ann Miller,1
951,Pamela Reed,2
951,Linda Hunt,3
951,Richard Tyson,4
10189,Seth Rogen,0
10189,James Franco,1
10189,Danny McBride,2
10189,Gary Cole,4
10189,Rosie Perez,5
9454,Drew Barrymore,0
9454,Dougray Scott,1
9454,Anjelica Huston,2
9454,Megan Dodds,3
9454,Melanie Lynskey,4
2055,Kevin Costner,0
2055,Robert Duvall,1
2055,Michael Gambon,2
2055,Michael Jeter,3
2055,Diego Luna,4
1551,Kiefer Sutherland,0
1551,Julia Roberts,1
1551,Kevin Bacon,2
1551,William Baldwin,3
1551,Oliver Platt,4
5902,Dirk Bogarde,0
5902,James Caan,1
5902,Michael Caine,2
5902,Sean Connery,3
5902,Edward Fox,4
11460,Rachel McAdams,0
11460,Cillian Murphy,1
11460,Brian Cox,2
11460,Jayma Mays,3
11460,Jack Scalia,4
9358,Ali Larter,0
9358,A.J. Cook,1
9358,Michael Landes,2
9358,Tony Todd,3
9358,Keegan Connor Tracy,4
134,George Clooney,0
134,John Turturro,1
134,Tim Blake Nelson,2
134,John Goodman,3
134,Holly Hunter,4
22894,Paul Bettany,0
22894,Dennis Quaid,1
22894,Kevin Durand,2
22894,Kate Walsh,3
22894,Doug Jones,4
134374,Mark Wahlberg,0
134374,Dwayne Johnson,1
134374,Anthony Mackie,2
134374,Tony Shalhoub,3
134374,Ed Harris,4
1901,Topher Grace,0
1901,Scarlett Johansson,1
1901,Dennis Quaid,2
1901,Marg Helgenberger,3
1901,David Paymer,4
15028,Jesse Bradford,0
15028,Paula Garcés,1
15028,Robin Thomas,2
15028,French Stewart,3
15028,Michael Biehn,4
11509,Kevin Kline,0
11509,Scott Glenn,1
11509,Kevin Costner,2
11509,Danny Glover,3
11509,Brian Dennehy,4
7445,Tobey Maguire,0
7445,Jake Gyllenhaal,1
7445,Natalie Portman,2
7445,Sam Shepard,3
7445,Mare Winningham,4
17047,Frankie Muniz,0
17047,Anthony Anderson,1
17047,Hannah Spearritt,2
17047,Alfie Allen,3
17047,Cynthia Stevenson,4
62838,Robert De Niro,0
62838,Katherine Heigl,1
62838,Ashton Kutcher,2
62838,Carla Gugino,3
62838,Lea Michele,4
2057,Angelina Jolie,0
2057,Antonio Banderas,1
2057,Gregory Itzin,2
2057,Jack Thompson,3
2057,Allison Mackie,4
70436,John Cusack,0
70436,Luke Evans,1
70436,Alice Eve,2
70436,Brendan Gleeson,3
70436,Kevin McNally,4
16784,Ray Romano,0
16784,Gene Hackman,1
16784,Marcia Gay Harden,2
16784,Maura Tierney,3
16784,June Squibb,4
8011,Christopher Lambert,0
8011,Mario Van Peebles,1
8011,Deborah Kara Unger,2
8011,Mako,3
8011,Martin Neufeld,4
31640,Jack Nicholson,0
31640,Stephen Dorff,1
31640,Jennifer Lopez,2
31640,Judy Davis,3
31640,Michael Caine,4
9092,Sigourney Weaver,0
9092,Sam Neill,1
9092,Monica Keena,2
9092,Gil Bellows,3
9092,Brian Glover,4
2779,Dan Aykroyd,0
2779,Helen Hunt,1
2779,Woody Allen,2
2779,Charlize Theron,3
2779,David Ogden Stiers,4
316002,Jake Gyllenhaal,1
316002,Jessica Biel,2
316002,James Marsden,3
316002,Catherine Keener,4
316002,Paul Reubens,5
36355,Elijah Wood,0
36355,Paul Hogan,1
36355,Jonathan Banks,2
36355,Jason Fuchs,3
36355,Robert Deacon,4
238615,Ryan Reynolds,0
238615,Ben Kingsley,1
238615,Natalie Martinez,2
238615,Matthew Goode,4
238615,Michelle Dockery,5
1985,Ralph Fiennes,0
1985,Rachel Weisz,1
1985,Danny Huston,2
1985,Bill Nighy,3
1985,Donald Sumpter,4
615,Jim Caviezel,0
615,Maia Morgenstern,1
615,Monica Bellucci,2
615,Rosalinda Celentano,3
615,Sergio Rubini,4
788,Robin Williams,0
788,Sally Field,1
788,Pierce Brosnan,2
788,Harvey Fierstein,3
788,Polly Holliday,4
380,Dustin Hoffman,0
380,Tom Cruise,1
380,Valeria Golino,2
380,Gerald R. Molen,3
380,Jack Murdock,4
13223,Clint Eastwood,0
13223,Christopher Carley,1
13223,Bee Vang,2
13223,Ahney Her,3
13223,Brian Haley,4
10523,Josh Brolin,0
10523,Elizabeth Banks,1
10523,Ellen Burstyn,2
10523,Ioan Gruffudd,3
10523,Thandie Newton,4
8681,Liam Neeson,0
8681,Famke Janssen,1
8681,Maggie Grace,2
8681,Katie Cassidy,3
8681,Holly Valance,4
239571,Michelle Monaghan,0
239571,James Marsden,1
239571,Liana Liberato,2
239571,Luke Bracey,3
239571,Gerald McRaney,4
619,Whitney Houston,0
619,Kevin Costner,1
619,Michele Lamar Richards,2
619,Ralph Waite,3
619,Gary Kemp,4
424,Liam Neeson,0
424,Ben Kingsley,1
424,Ralph Fiennes,2
424,Caroline Goodall,3
424,Jonathan Sagall,4
50014,Emma Stone,0
50014,Viola Davis,1
50014,Octavia Spencer,2
50014,Bryce Dallas Howard,3
50014,Jessica Chastain,4
162903,Benedict Cumberbatch,0
162903,Daniel Brühl,1
162903,Anthony Mackie,2
162903,David Thewlis,3
162903,Alicia Vikander,4
11024,Freddie Prinze Jr.,0
11024,Sarah Michelle Gellar,1
11024,Matthew Lillard,2
11024,Linda Cardellini,3
11024,Seth Green,4
6466,Robert Englund,0
6466,Ken Kirzinger,1
6466,Jason Ritter,2
6466,Monica Keena,3
6466,Lochlyn Munro,4
254024,Kate Beckinsale,0
254024,Cara Delevingne,1
254024,Daniel Brühl,2
254024,Ava Acres,3
254024,Corrado Invernizzi,6
12589,Debi Derryberry,0
12589,Megan Cavanagh,1
12589,Mark DeCarlo,2
12589,Jeffrey Garcia,3
12589,Patrick Stewart,4
7191,Lizzy Caplan,0
7191,Jessica Lucas,1
7191,Odette Annable,2
7191,Michael Stahl-David,3
7191,Mike Vogel,4
1497,Paige Turco,0
1497,David Warner,1
1497,Michelan Sisti,2
1497,Leif Tilden,3
1497,Kenn Scott,4
117,Kevin Costner,0
117,Sean Connery,1
117,Charles Martin Smith,2
117,Andy García,3
117,Robert De Niro,4
6977,Tommy Lee Jones,0
6977,Javier Bardem,1
6977,Josh Brolin,2
6977,Woody Harrelson,3
6977,Kelly Macdonald,4
168530,Ice Cube,0
168530,Kevin Hart,1
168530,John Leguizamo,2
168530,Bruce McGill,3
168530,Tika Sumpter,4
634,Renée Zellweger,0
634,Colin Firth,1
634,Hugh Grant,2
634,Gemma Jones,3
634,Jim Broadbent,4
392,Juliette Binoche,0
392,Alfred Molina,1
392,Johnny Depp,2
392,Judi Dench,3
392,Leslie Caron,4
10327,Reese Witherspoon,0
10327,Sally Field,1
10327,Regina King,2
10327,Jennifer Coolidge,3
10327,James Newman,4
88042,Billy Crystal,0
88042,Bette Midler,1
88042,Marisa Tomei,2
88042,Tom Everett Scott,3
88042,Bailee Madison,4
41630,Natalie Portman,0
41630,Ashton Kutcher,1
41630,Kevin Kline,2
41630,Cary Elwes,3
41630,Greta Gerwig,4
11969,Kurt Russell,0
11969,Val Kilmer,1
11969,Sam Elliott,2
11969,Bill Paxton,3
11969,Powers Boothe,4
2085,Jet Li,0
2085,Aaliyah,1
2085,Isaiah Washington,2
2085,Russell Wong,3
2085,DMX,4
794,Gregory Peck,0
794,Lee Remick,1
794,David Warner,2
794,Billie Whitelaw,3
794,Harvey Stephens,4
9286,Mary Elizabeth Winstead,0
9286,Ryan Merriman,1
9286,Kris Lemche,2
9286,Alexz Johnson,3
9286,Sam Easton,4
77877,Zac Efron,0
77877,Blythe Danner,1
77877,Taylor Schilling,2
77877,Jay R. Ferguson,3
77877,Riley Thomas Stewart,4
1265,Josh Hutcherson,0
1265,AnnaSophia Robb,1
1265,Robert Patrick,2
1265,Zooey Deschanel,3
1265,Bailee Madison,4
866,Johnny Depp,0
866,Kate Winslet,1
866,Julie Christie,2
866,Dustin Hoffman,3
866,Freddie Highmore,4
175555,Tyler Perry,0
175555,Anna Maria Horsford,1
175555,Tika Sumpter,2
175555,Eric Lively,3
175555,Chad Michael Murray,4
75174,Liam Neeson,0
75174,Dermot Mulroney,1
75174,Frank Grillo,2
75174,Dallas Roberts,3
75174,Joe Anderson,4
11096,Robert De Niro,0
11096,Dakota Fanning,1
11096,Famke Janssen,2
11096,Elisabeth Shue,3
11096,Amy Irving,4
8699,Will Ferrell,0
8699,Christina Applegate,1
8699,Paul Rudd,2
8699,David Koechner,3
8699,Steve Carell,4
769,Robert De Niro,0
769,Ray Liotta,1
769,Joe Pesci,2
769,Lorraine Bracco,3
769,Paul Sorvino,4
10923,Frankie Muniz,0
10923,Hilary Duff,1
10923,Angie Harmon,2
10923,Keith David,3
10923,Cynthia Stevenson,4
11283,Emma Thompson,0
11283,Colin Firth,1
11283,Kelly Macdonald,2
11283,Thomas Brodie-Sangster,3
11283,Eliza Bennett,4
111,Al Pacino,0
111,Steven Bauer,1
111,Michelle Pfeiffer,2
111,Mary Elizabeth Mastrantonio,3
111,Robert Loggia,4
11676,Tim Robbins,0
11676,Martin Lawrence,1
11676,John C. McGinley,2
11676,Kelly Preston,3
11676,Irma P. Hall,4
746,John Lone,0
746,Peter O'Toole,1
746,Joan Chen,2
746,Dennis Dun,3
746,Ryuichi Sakamoto,4
77866,Mark Wahlberg,0
77866,Kate Beckinsale,1
77866,Ben Foster,2
77866,Giovanni Ribisi,3
77866,J.K. Simmons,4
9416,Chris Tucker,0
9416,Charlie Sheen,1
9416,Heather Locklear,2
9416,Paul Sorvino,3
9416,Elise Neal,4
7345,Daniel Day-Lewis,0
7345,Paul Dano,1
7345,Dillon Freasier,2
7345,Ciarán Hinds,3
7345,Kevin J. O'Connor,4
14317,Lacey Chabert,0
14317,Tom Kane,1
14317,Cree Summer,2
14317,Tim Curry,3
14317,Lynn Redgrave,4
20694,E.G. Daily,0
20694,Nancy Cartwright,1
20694,Kath Soucie,2
20694,Dionne Quan,3
20694,Tim Curry,4
12277,Eddie Griffin,0
12277,Chris Kattan,1
12277,Denise Richards,2
12277,Aunjanue Ellis,3
12277,Chi McBride,4
9779,Amber Tamblyn,0
9779,Alexis Bledel,1
9779,America Ferrera,2
9779,Blake Lively,3
9779,Jenna Boyd,4
2140,Jet Li,0
2140,Bridget Fonda,1
2140,Tchéky Karyo,2
2140,Max Ryan,3
2140,Ric Young,4
12620,Anna Faris,0
12620,Emma Stone,1
12620,Kat Dennings,2
12620,Katharine McPhee,3
12620,Rumer Willis,4
14177,Queen Latifah,0
14177,Alicia Silverstone,1
14177,Andie MacDowell,2
14177,Alfre Woodard,3
14177,Mena Suvari,4
198185,Jon Hamm,0
198185,Bill Paxton,1
198185,Lake Bell,2
198185,Suraj Sharma,3
198185,Aasif Mandvi,4
227156,Jeff Bridges,0
227156,Meryl Streep,1
227156,Brenton Thwaites,2
227156,Odeya Rush,3
227156,Alexander Skarsgård,4
10735,Amanda Bynes,0
10735,Colin Firth,1
10735,Kelly Preston,2
10735,Jonathan Pryce,3
10735,Oliver James,4
11351,Ray Wise,0
11351,Jonathan Breck,1
11351,Garikayi Mutambirwa,2
11351,Eric Nenninger,3
11351,Josh Hammond,4
10030,Dane Cook,0
10030,Jessica Alba,1
10030,Dan Fogler,2
10030,Ellia English,3
10030,Lonny Ross,4
10623,Jet Li,0
10623,DMX,1
10623,Kelly Hu,2
10623,Anthony Anderson,3
10623,Tom Arnold,4
590,Nicole Kidman,0
590,Julianne Moore,1
590,Meryl Streep,2
590,Stephen Dillane,3
590,Miranda Richardson,4
9655,Amanda Bynes,0
9655,Channing Tatum,1
9655,Laura Ramsey,2
9655,Vinnie Jones,3
9655,David Cross,4
1268,Rowan Atkinson,0
1268,Max Baldry,1
1268,Emma de Caunes,2
1268,Willem Dafoe,3
1268,Karel Roden,4
11237,Johnny Messner,0
11237,KaDee Strickland,1
11237,Matthew Marsden,2
11237,Nicholas Gonzalez,3
11237,Eugene Byrd,4
190955,Clive Owen,0
190955,Billy Crudup,1
190955,Marion Cotillard,2
190955,Mila Kunis,3
190955,Zoe Saldana,4
5123,Freddie Highmore,0
5123,Keri Russell,1
5123,Jonathan Rhys Meyers,2
5123,Terrence Howard,3
5123,Robin Williams,4
4518,Cate Blanchett,0
4518,Geoffrey Rush,1
4518,Christopher Eccleston,2
4518,Joseph Fiennes,3
4518,Richard Attenborough,4
11932,Ed Gale,0
11932,Jennifer Tilly,1
11932,Brad Dourif,2
11932,Katherine Heigl,3
11932,Nick Stabile,4
11165,Martin Balsam,0
11165,Sô Yamamura,1
11165,Joseph Cotten,2
11165,Tatsuya Mihashi,3
11165,E.G. Marshall,4
6116,Victoria Beckham,0
6116,Melanie Brown,1
6116,Emma Bunton,2
6116,Melanie Chisholm,3
6116,Geri Halliwell,4
57431,Sam Rockwell,0
57431,Jonah Hill,1
57431,Max Records,2
57431,Ari Graynor,3
57431,J.B. Smoove,4
21724,Shoshana Bush,0
21724,Damon Wayans Jr.,1
21724,Essence Atkins,2
21724,Chris Elliott,3
21724,David Alan Grier,4
278,Tim Robbins,0
278,Morgan Freeman,1
278,Bob Gunton,2
278,Clancy Brown,3
278,Mark Rolston,4
9290,Paul Hogan,0
9290,Linda Kozlowski,1
9290,Jere Burns,2
9290,Jonathan Banks,3
9290,Alec Wilson,4
11543,Woody Harrelson,0
11543,Randy Quaid,1
11543,Vanessa Angel,2
11543,Bill Murray,3
11543,Chris Elliott,4
284536,Mark Wahlberg,0
284536,John Goodman,1
284536,Brie Larson,2
284536,Michael Kenneth Williams,3
284536,Jessica Lange,4
152737,Meryl Streep,0
152737,Julia Roberts,1
152737,Chris Cooper,2
152737,Ewan McGregor,3
152737,Margo Martindale,4
13374,Michelle Trachtenberg,0
13374,Joan Cusack,1
13374,Amy Stewart,2
13374,Hayden Panettiere,3
13374,Kim Cattrall,4
8976,Ashton Kutcher,0
8976,Amanda Peet,1
8976,Aimee Garcia,2
8976,Taryn Manning,3
8976,Ali Larter,4
9469,Denzel Washington,0
9469,Ray Allen,1
9469,Milla Jovovich,2
9469,Rosario Dawson,3
9469,Hill Harper,4
1909,Johnny Depp,0
1909,Marlon Brando,1
1909,Faye Dunaway,2
1909,Géraldine Pailhas,3
1909,Bob Dishy,4
22971,Amanda Seyfried,0
22971,Channing Tatum,1
22971,Henry Thomas,2
22971,Richard Jenkins,3
22971,Scott Porter,4
34813,Jeffrey Dean Morgan,0
34813,Zoe Saldana,1
34813,Chris Evans,2
34813,Idris Elba,3
34813,Columbus Short,4
46261,Katie Holmes,0
46261,Guy Pearce,1
46261,Bailee Madison,2
46261,Alan Dale,3
46261,Jack Thompson,4
10431,Jet Li,0
10431,Jason Statham,1
10431,John Lone,2
10431,Devon Aoki,3
10431,Luis Guzmán,4
8051,Adam Sandler,0
8051,Emily Watson,1
8051,Philip Seymour Hoffman,2
8051,Luis Guzmán,3
8051,Mary Lynn Rajskub,4
9352,Scott Mechlowicz,0
9352,Jacob Pitts,1
9352,Michelle Trachtenberg,2
9352,Travis Wester,3
9352,Vinnie Jones,4
10167,Steven Seagal,0
10167,Morris Chestnut,1
10167,Ja Rule,2
10167,Nia Peeples,3
10167,Claudia Christian,4
18147,Lewis Black,0
18147,Wilmer Valderrama,1
18147,Tyler James Williams,2
18147,Dyllan Christopher,3
18147,Brett Kelly,4
17170,Michael J. Fox,0
17170,Kiefer Sutherland,1
17170,Phoebe Cates,2
17170,Jason Robards,3
17170,Dianne Wiest,4
18975,Martin Landau,0
18975,Jonathan Taylor Thomas,1
18975,Geneviève Bujold,2
18975,Udo Kier,3
18975,Bebe Neuwirth,4
15487,Shia LaBeouf,0
15487,Stephen Dillane,1
15487,Josh Flitter,2
15487,Peter Firth,3
15487,Peyton List,4
22825,Cameron Diaz,0
22825,James Marsden,1
22825,Frank Langella,2
22825,Michael Zegen,3
22825,James Rebhorn,4
11152,Shawn Ashmore,0
11152,Jonathan Tucker,1
11152,Jena Malone,2
11152,Laura Ramsey,3
11152,Joe Anderson,4
1831,Madonna,0
1831,Rupert Everett,1
1831,Benjamin Bratt,2
1831,Malcolm Stumpf,3
1831,Josef Sommer,4
43931,Max Thieriot,0
43931,John Magaro,1
43931,Denzel Whitaker,2
43931,Zena Grey,3
43931,Nick Lashaway,4
10591,Emile Hirsch,0
10591,Elisha Cuthbert,1
10591,Timothy Olyphant,2
10591,James Remar,3
10591,Chris Marquette,4
10861,Jean-Claude Van Damme,0
10861,Natasha Henstridge,2
10861,Jean-Hugues Anglade,3
10861,Zach Grenier,4
10861,Paul Ben-Victor,5
12770,Jason Lee,0
12770,Tom Green,1
12770,Leslie Mann,2
12770,Dennis Farina,3
12770,John C. McGinley,4
276907,Tom Hardy,0
276907,Emily Browning,1
276907,Christopher Eccleston,2
276907,David Thewlis,3
276907,Taron Egerton,4
10074,Andy Samberg,0
10074,Isla Fisher,1
10074,Bill Hader,2
10074,Sissy Spacek,3
10074,Danny McBride,4
65055,Sara Paxton,0
65055,Chris Carmack,1
65055,Joel David Moore,2
65055,Chris Zylka,3
65055,Dustin Milligan,4
10397,Emily Watson,0
10397,Robert Carlyle,1
10397,Joe Breen,2
10397,Michael Legge,3
10397,Ciaran Owens,4
200505,Kevin Costner,0
200505,Jennifer Garner,1
200505,Tom Welling,2
200505,Sam Elliott,3
200505,Terry Crews,4
11954,Steve Railsback,0
11954,Peter Firth,1
11954,Frank Finlay,2
11954,Mathilda May,3
11954,Patrick Stewart,4
60309,Evan Rachel Wood,0
60309,James McAvoy,1
60309,Kevin Kline,2
60309,Robin Wright,3
60309,Alexis Bledel,4
9787,Emile Hirsch,0
9787,Victor Rasuk,1
9787,Rebecca De Mornay,2
9787,John Robinson,3
9787,Michael Angarano,4
293646,Antonio Banderas,0
293646,Rodrigo Santoro,1
293646,Juliette Binoche,2
293646,James Brolin,3
293646,Lou Diamond Phillips,4
6978,Kurt Russell,0
6978,Kim Cattrall,1
6978,Dennis Dun,2
6978,James Hong,3
6978,Victor Wong,4
59440,Tom Hardy,0
59440,Jennifer Morrison,1
59440,Nick Nolte,2
59440,Joel Edgerton,3
59440,Frank Grillo,4
1770,Liam Neeson,0
1770,Aidan Quinn,1
1770,Stephen Rea,2
1770,Alan Rickman,3
1770,Julia Roberts,4
10655,Jeff Daniels,0
10655,Tom Berenger,1
10655,Martin Sheen,2
10655,Sam Elliott,3
10655,Stephen Lang,4
8988,Ryan Phillippe,0
8988,Abbie Cornish,1
8988,Joseph Gordon-Levitt,2
8988,Channing Tatum,3
8988,Josef Sommer,4
15992,Katie Holmes,0
15992,Benjamin Bratt,1
15992,Charlie Hunnam,2
15992,Zooey Deschanel,3
15992,Fred Ward,4
17707,Claire Danes,0
17707,Kate Beckinsale,1
17707,Bill Pullman,2
17707,Jacqueline Kim,3
17707,Lou Diamond Phillips,4
77883,Jeffrey Dean Morgan,0
77883,Natasha Calis,1
77883,Madison Davenport,2
77883,Kyra Sedgwick,3
77883,Rob LaBelle,4
40001,Shirley MacLaine,0
40001,Ricki Lake,1
40001,Brendan Fraser,2
40001,Jane Krakowski,3
40001,Loren Dean,4
64639,James Marsden,0
64639,Kate Bosworth,1
64639,Alexander Skarsgård,2
64639,Dominic Purcell,3
64639,Laz Alonso,4
9903,Richard Gere,0
9903,Alfred Molina,1
9903,Marcia Gay Harden,2
9903,Hope Davis,3
9903,Julie Delpy,4
20766,Viggo Mortensen,0
20766,Kodi Smit-McPhee,1
20766,Charlize Theron,2
20766,Robert Duvall,3
20766,Guy Pearce,4
24264,Tanya Roberts,0
24264,Ted Wass,1
24264,Donovan Scott,2
24264,Elizabeth of Toro,3
24264,France Zobda,4
19803,Nick Cannon,0
19803,Roselyn Sánchez,1
19803,Shawn Ashmore,2
19803,Cheech Marin,3
19803,Kelly Hu,4
20309,Chris Klein,0
20309,Heather Graham,1
20309,Orlando Jones,2
20309,Sally Field,3
20309,Richard Jenkins,4
9912,Anthony Hopkins,0
9912,Iain Rea,1
9912,Tessa Mitchell,2
9912,Aaron Murphy,3
9912,Tim Shadbolt,4
9067,Lori Petty,0
9067,Ice-T,1
9067,Naomi Watts,2
9067,Malcolm McDowell,3
9067,Iggy Pop,4
8338,Julianne Moore,0
8338,Mark Ruffalo,1
8338,Alice Braga,2
8338,Gael García Bernal,3
8338,Danny Glover,4
168705,Kristanna Loken,0
168705,Ben Kingsley,1
168705,Michelle Rodriguez,2
168705,Michael Madsen,3
168705,Matthew Davis,4
72113,Kate Winslet,0
72113,Jodie Foster,1
72113,Christoph Waltz,2
72113,John C. Reilly,3
72113,Elvis Polanski,4
9729,Kevin Bacon,0
9729,Colin Firth,1
9729,Alison Lohman,2
9729,David Hayman,3
9729,Rachel Blanchard,4
94352,Erica Linz,0
94352,Igor Zaripov,1
94352,Matt Gillanders,2
94352,Jason Berrent,3
94352,Dallas Barnett,4
22256,Billy Crudup,0
22256,Donald Sutherland,1
22256,Monica Potter,2
22256,Jeremy Sisto,3
22256,Matthew Lillard,4
12404,Zac Efron,0
12404,Claire Danes,1
12404,Christian McKay,2
12404,Imogen Poots,3
12404,Zoe Kazan,4
152742,Geoffrey Rush,0
152742,Jim Sturgess,1
152742,Sylvia Hoeks,2
152742,Donald Sutherland,3
152742,Maximilian Dirr,4
11699,Nicolas Cage,2
11699,Eva Mendes,2
11699,Val Kilmer,3
11699,Fairuza Balk,4
11699,Shawn Hatosy,5
49953,Yuri Lowenthal,0
49953,Gemma Arterton,1
49953,Isabelle Fuhrman,2
49953,Melanie Griffith,3
49953,Tim Curry,4
109091,Michael Fassbender,0
109091,Cameron Diaz,1
109091,Javier Bardem,2
109091,Goran Visnjic,3
109091,Penélope Cruz,4
38543,James Purefoy,0
38543,Kate Mara,1
38543,Jason Flemyng,2
38543,Paul Giamatti,3
38543,Brian Cox,4
33157,Rod Steiger,0
33157,Christopher Plummer,1
33157,Orson Welles,2
33157,Jack Hawkins,3
33157,Virginia McKenna,4
242166,Cam Gigandet,0
242166,Rachael Leigh Cook,1
242166,Shane West,2
242166,Bill Pullman,3
242166,Brian Krause,4
859,Glenn Close,0
859,John Malkovich,1
859,Michelle Pfeiffer,2
859,Swoosie Kurtz,3
859,Keanu Reeves,4
83770,Garrett Hedlund,0
83770,Sam Riley,1
83770,Kristen Stewart,2
83770,Amy Adams,3
83770,Tom Sturridge,4
168,William Shatner,0
168,Leonard Nimoy,1
168,DeForest Kelley,2
168,James Doohan,3
168,George Takei,4
1246,Sylvester Stallone,0
1246,Burt Young,1
1246,Milo Ventimiglia,2
1246,Geraldine Hughes,3
1246,James Francis Kelly III,4
4233,David Arquette,0
4233,Neve Campbell,1
4233,Courteney Cox,2
4233,Sarah Michelle Gellar,3
4233,Jamie Kennedy,4
184098,Adam Brody,0
184098,Michael Ealy,1
184098,Jerry Ferrara,2
184098,Meagan Good,3
184098,Regina Hall,4
2069,Bruce Willis,0
2069,Matthew Perry,1
2069,Rosanna Arquette,2
2069,Michael Clarke Duncan,3
2069,Kevin Pollak,4
1788,Kevin Bacon,0
1788,John Lithgow,1
1788,Dianne Wiest,2
1788,Chris Penn,3
1788,Lori Singer,4
11635,Luke Wilson,0
11635,Will Ferrell,1
11635,Vince Vaughn,2
11635,Ellen Pompeo,3
11635,Leah Remini,4
177,Jeff Bridges,0
177,Robin Williams,1
177,Mercedes Ruehl,2
177,Amanda Plummer,3
177,Michael Jeter,4
3600,Jennifer Love Hewitt,0
3600,Freddie Prinze Jr.,1
3600,Mekhi Phifer,2
3600,Brandy Norwood,3
3600,Muse Watson,4
2621,David Duchovny,0
2621,Minnie Driver,1
2621,Carroll O'Connor,2
2621,Robert Loggia,3
2621,Jim Belushi,4
10358,Seth Rogen,0
10358,Elizabeth Banks,1
10358,Jennifer Schwalbach Smith,2
10358,Jason Mewes,3
10358,Gerry Bednob,4
10480,Renée Zellweger,0
10480,Morgan Freeman,1
10480,Chris Rock,2
10480,Greg Kinnear,3
10480,Aaron Eckhart,4
10313,George Clooney,0
10313,Ewan McGregor,1
10313,Jeff Bridges,2
10313,Kevin Spacey,3
10313,Robert Patrick,4
18828,Orlando Jones,0
18828,Eddie Griffin,1
18828,Garcelle Beauvais,2
18828,Gary Grubbs,3
18828,Daniel Roebuck,4
3558,Winona Ryder,0
3558,Angelina Jolie,1
3558,Clea DuVall,2
3558,Brittany Murphy,3
3558,Elisabeth Moss,4
13476,Josh Duhamel,0
13476,Kate Bosworth,1
13476,Topher Grace,2
13476,Nathan Lane,3
13476,Sean Hayes,4
10208,Steve Whitmire,0
10208,Dave Goelz,1
10208,Bill Barretta,2
10208,Frank Oz,3
10208,Jerry Nelson,4
24961,Diana Ross,0
24961,Michael Jackson,1
24961,Nipsey Russell,2
24961,Ted Ross,3
24961,Theresa Merritt,4
20697,David Arquette,0
20697,Scott Caan,1
20697,Oliver Platt,2
20697,Rose McGowan,3
20697,Bill Goldberg,4
20761,Antonio Banderas,0
20761,Woody Harrelson,1
20761,Lolita Davidovich,2
20761,Tom Sizemore,3
20761,Lucy Liu,4
70868,Sarah Jessica Parker,0
70868,Pierce Brosnan,1
70868,Sarah Shahi,2
70868,Busy Philipps,3
70868,Olivia Munn,5
43593,Elisabeth Shue,0
43593,Adam Scott,1
43593,Jerry O'Connell,2
43593,Steven R. McQueen,3
43593,Jessica Szohr,4
6478,Kevin Spacey,0
6478,Kate Bosworth,1
6478,John Goodman,2
6478,Bob Hoskins,3
6478,Brenda Blethyn,4
26672,Vincent Price,0
26672,Anthony Quayle,1
26672,Sean Connery,2
26672,Joan Sims,3
26672,Paul Matthews,4
41283,Dwayne Johnson,0
41283,Billy Bob Thornton,1
41283,Maggie Grace,3
41283,Carla Gugino,4
41283,Tom Berenger,5
19908,Jesse Eisenberg,0
19908,Woody Harrelson,1
19908,Emma Stone,3
19908,Abigail Breslin,4
19908,Amber Heard,5
10663,Adam Sandler,0
10663,Kathy Bates,1
10663,Fairuza Balk,2
10663,Henry Winkler,3
10663,Jerry Reed,4
1891,Mark Hamill,0
1891,Harrison Ford,1
1891,Carrie Fisher,2
1891,Billy Dee Williams,3
1891,Anthony Daniels,4
9737,Will Smith,0
9737,Martin Lawrence,1
9737,Téa Leoni,2
9737,Tchéky Karyo,3
9737,Joe Pantoliano,4
37137,Leslie Nielsen,0
37137,Priscilla Presley,1
37137,George Kennedy,2
37137,O.J. Simpson,3
37137,Robert Goulet,4
9532,Devon Sawa,0
9532,Ali Larter,1
9532,Kerr Smith,2
9532,Tony Todd,3
9532,Seann William Scott,4
10316,Ryan Gosling,0
10316,George Clooney,1
10316,Philip Seymour Hoffman,2
10316,Paul Giamatti,3
10316,Evan Rachel Wood,4
2787,Vin Diesel,0
2787,Radha Mitchell,1
2787,Cole Hauser,2
2787,Lewis Fitz-Gerald,3
2787,Claudia Black,4
12658,Ashley Judd,0
12658,Greg Kinnear,1
12658,Hugh Jackman,2
12658,Marisa Tomei,3
12658,Ellen Barkin,4
152601,Joaquin Phoenix,0
152601,Scarlett Johansson,1
152601,Rooney Mara,2
152601,Amy Adams,3
152601,Olivia Wilde,4
10866,Steve Zahn,0
10866,Paul Walker,1
10866,Leelee Sobieski,2
10866,Jessica Bowman,3
10866,Stuart Stone,4
227707,Aneurin Barnard,0
227707,Michael Sheen,1
227707,Lena Headey,2
227707,Sam Neill,3
227707,Ioan Gruffudd,4
21349,Susan Sarandon,0
21349,Natalie Portman,1
21349,Hart Bochner,2
21349,Eileen Ryan,3
21349,Ray Baker,4
70435,Gina Carano,0
70435,Ewan McGregor,1
70435,Michael Fassbender,2
70435,Bill Paxton,3
70435,Channing Tatum,4
580,Lorraine Gary,0
580,Lance Guest,1
580,Mario Van Peebles,2
580,Michael Caine,3
580,Karen Young,4
9819,Diane Keaton,0
9819,Meryl Streep,1
9819,Leonardo DiCaprio,2
9819,Robert De Niro,3
9819,Hume Cronyn,4
20024,Ralph Fiennes,0
20024,Stephen Rea,1
20024,Julianne Moore,2
20024,James Bolam,3
20024,Ian Hart,4
2453,Mickey Rourke,0
2453,Don Johnson,1
2453,Chelsea Field,2
2453,Daniel Baldwin,3
2453,Giancarlo Esposito,4
6973,Tommy Lee Jones,0
6973,Charlize Theron,1
6973,Susan Sarandon,2
6973,Frances Fisher,3
6973,James Franco,4
354110,Demi Moore,1
354110,Kiefer Sutherland,2
354110,Donald Sutherland,3
354110,Brian Cox,4
354110,Siobhan Williams,5
22215,Michelle Pfeiffer,0
22215,Kathy Bates,1
22215,Rupert Friend,2
22215,Felicity Jones,3
22215,Iben Hjejle,4
11632,Reese Witherspoon,0
11632,James Purefoy,1
11632,Jonathan Rhys Meyers,2
11632,Romola Garai,3
11632,Gabriel Byrne,4
3021,John Cusack,0
3021,Samuel L. Jackson,1
3021,Mary McCormack,3
3021,Jasmine Jessica Anthony,4
3021,Tony Shalhoub,5
957,Mel Brooks,0
957,Rick Moranis,1
957,Bill Pullman,2
957,Daphne Zuniga,3
957,John Candy,4
256917,Russell Crowe,0
256917,Olga Kurylenko,1
256917,Yılmaz Erdoğan,2
256917,Cem Yılmaz,3
256917,Jai Courtney,4
251,Patrick Swayze,0
251,Demi Moore,1
251,Whoopi Goldberg,2
251,Tony Goldwyn,3
251,Vincent Schiavelli,4
544,Cameron Diaz,0
544,Ben Stiller,1
544,Matt Dillon,2
544,Lee Evans,3
544,Chris Elliott,4
11395,Tim Allen,0
11395,Judge Reinhold,1
11395,Wendy Crewson,2
11395,David Krumholtz,3
11395,Peter Boyle,4
14635,Dennis Quaid,0
14635,Rachel Griffiths,1
14635,Beth Grant,3
14635,Angus T. Jones,4
14635,Brian Cox,5
13680,Dwayne Johnson,0
13680,Madison Pettis,1
13680,Kyra Sedgwick,2
13680,Roselyn Sánchez,3
13680,Morris Chestnut,4
688,Meryl Streep,0
688,Clint Eastwood,1
688,Annie Corley,2
688,Victor Slezak,3
688,Jim Haynie,4
11090,Rob Schneider,0
11090,Colleen Haskell,1
11090,John C. McGinley,2
11090,Ed Asner,3
11090,Guy Torry,4
783,Ben Kingsley,0
783,Candice Bergen,1
783,Edward Fox,2
783,John Gielgud,3
783,Trevor Howard,4
228194,Helen Mirren,0
228194,Manish Dayal,1
228194,Om Puri,2
228194,Charlotte Le Bon,3
228194,Rohan Chand,4
1642,Sandra Bullock,0
1642,Jeremy Northam,1
1642,Dennis Miller,2
1642,Wendy Gazelle,3
1642,Ken Howard,4
10950,Sean Penn,0
10950,Michelle Pfeiffer,1
10950,Dianne Wiest,2
10950,Dakota Fanning,3
10950,Richard Schiff,4
235260,Roma Downey,0
235260,Diogo Morgado,1
235260,Louise Delamere,2
235260,Darwin Shaw,3
235260,Amber Rose Revah,4
277,Kate Beckinsale,0
277,Scott Speedman,1
277,Michael Sheen,2
277,Shane Brolly,3
277,Bill Nighy,4
8999,Clive Owen,0
8999,Jennifer Aniston,1
8999,Vincent Cassel,2
8999,Melissa George,3
8999,Addison Timlin,4
11323,Matt Damon,0
11323,Scott Bakula,1
11323,Joel McHale,2
11323,Melanie Lynskey,3
11323,Ann Dowd,4
10445,Anthony Hopkins,0
10445,Debra Winger,1
10445,John Wood,2
10445,Julian Fellowes,3
10445,Roddy Maude-Roxby,4
11453,Rob Schneider,0
11453,Eddie Griffin,1
11453,Jeroen Krabbé,2
11453,Til Schweiger,3
11453,Hanna Verboom,4
146239,Vince Vaughn,0
146239,Cobie Smulders,1
146239,Chris Pratt,2
146239,Britt Robertson,3
146239,Jack Reynor,4
10878,Jason Biggs,0
10878,Steve Zahn,1
10878,Jack Black,2
10878,Amanda Peet,3
10878,Amanda Detmer,4
82650,Zachary Gordon,0
82650,Robert Capron,1
82650,Devon Bostick,2
82650,Rachael Harris,3
82650,Steve Zahn,4
10279,John Leguizamo,0
10279,Adrien Brody,1
10279,Mira Sorvino,2
10279,Jennifer Esposito,3
10279,Anthony LaPaglia,4
2294,Kevin Smith,0
2294,Jason Mewes,1
2294,Ben Affleck,2
2294,Jeff Anderson,3
2294,Brian O'Halloran,4
2176,Leelee Sobieski,0
2176,Diane Lane,1
2176,Stellan Skarsgård,2
2176,Bruce Dern,3
2176,Kathy Baker,4
19366,Rachael Leigh Cook,0
19366,Rosario Dawson,1
19366,Tara Reid,2
19366,Gabriel Mann,3
19366,Alan Cumming,4
204082,Jason Statham,0
204082,James Franco,1
204082,Izabela Vidovic,2
204082,Winona Ryder,3
204082,Rachelle Lefevre,4
24100,Richard E. Grant,0
24100,Jonathan Lipnicki,1
24100,Jim Carter,2
24100,Alice Krige,3
24100,Pamela Gidley,4
1599,Jason Schwartzman,0
1599,Dustin Hoffman,1
1599,Lily Tomlin,2
1599,Jude Law,3
1599,Mark Wahlberg,4
5550,Robert John Burke,0
5550,Nancy Allen,1
5550,Mario Machado,2
5550,Jodi Long,3
5550,John Posey,4
17709,Brendan Fraser,0
17709,Sarah Jessica Parker,1
17709,Alfred Molina,2
17709,Eric Idle,3
17709,Robert Prosky,4
287948,Ed Skrein,0
287948,Ray Stevenson,1
287948,Loan Chabanol,2
287948,Gabriella Wright,3
287948,Tatjana Pajković,4
7548,Johnny Depp,0
7548,Samantha Morton,1
7548,John Malkovich,2
7548,Rosamund Pike,3
7548,Paul Ritter,4
109513,Kristen Bell,0
109513,Dax Shepard,1
109513,Tom Arnold,2
109513,Kristin Chenoweth,3
109513,Michael Rosenbaum,4
12085,Diane Keaton,0
12085,Queen Latifah,1
12085,Katie Holmes,2
12085,Ted Danson,3
12085,Roger Cross,4
204922,Nicole Kidman,0
204922,Colin Firth,1
204922,Mark Strong,2
204922,Anne-Marie Duff,3
204922,Jing Lusi,4
38985,Roy Scheider,0
38985,Bruno Cremer,1
38985,Francisco Rabal,2
38985,Amidou,3
38985,Ramon Bieri,4
44113,Frances Conroy,0
44113,Robert De Niro,1
44113,Edward Norton,2
44113,Milla Jovovich,3
44113,Enver Gjokaj,4
21494,Romain Duris,0
21494,Fabrice Luchini,1
21494,Edouard Baer,2
21494,Ludivine Sagnier,3
21494,Laura Morante,4
164457,Christian Bale,0
164457,Zoe Saldana,1
164457,Woody Harrelson,2
164457,Sam Shepard,3
164457,Willem Dafoe,4
4566,George Clooney,0
4566,Tom Wilkinson,1
4566,Tilda Swinton,2
4566,Sydney Pollack,3
4566,Michael O'Keefe,4
17795,Jack Lemmon,0
17795,James Garner,1
17795,Dan Aykroyd,2
17795,John Heard,3
17795,Wilford Brimley,4
1073,Jeff Bridges,0
1073,Tim Robbins,1
1073,Joan Cusack,2
1073,Hope Davis,3
1073,Robert Gossett,4
81836,Ellen Page,0
81836,Woody Allen,1
81836,Jesse Eisenberg,2
81836,Penélope Cruz,3
81836,Alec Baldwin,4
10724,Clint Eastwood,0
10724,Freddie Jones,1
10724,David Huffman,2
10724,Warren Clarke,3
10724,Ronald Lacey,4
9473,Trey Parker,0
9473,Matt Stone,1
9473,Mary Kay Bergman,2
9473,Isaac Hayes,3
9473,George Clooney,4
2196,Matthew Macfadyen,0
2196,Keeley Hawes,1
2196,Andy Nyman,2
2196,Ewen Bremner,3
2196,Daisy Donovan,4
1499,Paige Turco,0
1499,Stuart Wilson,1
1499,Sab Shimono,2
1499,Vivian Wu,3
1499,Mark Caso,4
20857,Keanu Reeves,0
20857,Diane Lane,1
20857,Michael B. Jordan,2
20857,D. B. Sweeney,3
20857,John Hawkes,4
82693,Bradley Cooper,0
82693,Jennifer Lawrence,1
82693,Robert De Niro,2
82693,Jacki Weaver,3
82693,Chris Tucker,4
1646,Hilary Swank,0
1646,Scott Glenn,1
1646,Imelda Staunton,2
1646,Patrick Dempsey,3
1646,Mario,4
44944,Kimberly Elise,0
44944,Janet Jackson,1
44944,Loretta Devine,2
44944,Thandie Newton,3
44944,Anika Noni Rose,4
4108,Jason Statham,0
4108,Shu Qi,1
4108,François Berléand,2
4108,Matt Schulze,3
4108,Ric Young,4
8456,Sean Faris,0
8456,Amber Heard,1
8456,Cam Gigandet,2
8456,Djimon Hounsou,3
8456,Evan Peters,4
7341,Emily Bergl,0
7341,Jason London,1
7341,Amy Irving,2
7341,J. Smith-Cameron,3
7341,Dylan Bruno,4
19255,John Krasinski,0
19255,Maya Rudolph,1
19255,Carmen Ejogo,2
19255,Catherine O'Hara,3
19255,Jeff Daniels,4
10187,Kevin Costner,0
10187,Madeline Carroll,1
10187,Paula Patton,2
10187,Kelsey Grammer,3
10187,Dennis Hopper,4
31005,Jake Gyllenhaal,0
31005,Dustin Hoffman,1
31005,Susan Sarandon,2
31005,Aleksia Landeau,3
31005,Ellen Pompeo,4
49517,John Hurt,0
49517,Gary Oldman,1
49517,Kathy Burke,2
49517,Benedict Cumberbatch,3
49517,Colin Firth,4
50780,Jodie Foster,0
50780,Mel Gibson,1
50780,Jennifer Lawrence,2
50780,Anton Yelchin,3
50780,Zachary Booth,4
16363,Burt Reynolds,0
16363,Dolly Parton,1
16363,Dom DeLuise,2
16363,Charles Durning,3
16363,Jim Nabors,4
1946,Jennifer Jason Leigh,0
1946,Jude Law,1
1946,Ian Holm,2
1946,Willem Dafoe,3
1946,Don McKellar,4
85,Harrison Ford,0
85,Karen Allen,1
85,Paul Freeman,2
85,Ronald Lacey,3
85,John Rhys-Davies,4
772,Macaulay Culkin,0
772,Joe Pesci,1
772,Catherine O'Hara,2
772,Daniel Stern,3
772,John Heard,4
840,Richard Dreyfuss,0
840,François Truffaut,1
840,Teri Garr,2
840,Melinda Dillon,3
840,Bob Balaban,4
9682,Kristen Bell,0
9682,Ian Somerhalder,1
9682,Christina Milian,2
9682,Rick Gonzalez,3
9682,Jonathan Tucker,4
96,Eddie Murphy,0
96,Judge Reinhold,1
96,John Ashton,2
96,Ronny Cox,3
96,Paul Reiser,4
10678,Steve Martin,0
10678,Queen Latifah,1
10678,Eugene Levy,2
10678,Joan Plowright,3
10678,Jean Smart,4
274,Jodie Foster,0
274,Anthony Hopkins,1
274,Scott Glenn,2
274,Ted Levine,3
274,Anthony Heald,4
8872,Mike Myers,0
8872,Dana Carvey,1
8872,Rob Lowe,2
8872,Tia Carrere,3
8872,Lara Flynn Boyle,4
16290,Johnny Knoxville,0
16290,Bam Margera,1
16290,Ryan Dunn,2
16290,Steve-O,3
16290,Chris Pontius,4
579,Roy Scheider,0
579,Lorraine Gary,1
579,Murray Hamilton,2
579,Joseph Mascolo,3
579,Jeffrey Kramer,4
14405,Drew Barrymore,0
14405,Piper Perabo,1
14405,Andy García,2
14405,George Lopez,3
14405,Paul Rodríguez,4
138843,Patrick Wilson,0
138843,Vera Farmiga,1
138843,Lili Taylor,2
138843,Ron Livingston,3
138843,Shanley Caswell,4
11637,Ice Cube,0
11637,Nia Long,1
11637,Aleisha Allen,2
11637,Philip Bolden,3
11637,Jay Mohr,4
226486,Melissa McCarthy,0
226486,Susan Sarandon,1
226486,Kathy Bates,2
226486,Allison Janney,3
226486,Dan Aykroyd,4
1584,Jack Black,0
1584,Joan Cusack,1
1584,Mike White,2
1584,Sarah Silverman,3
1584,Adam Pascal,4
9312,Christopher Lambert,0
9312,Robin Shou,1
9312,Linden Ashby,2
9312,Cary-Hiroyuki Tagawa,3
9312,Bridgette Wilson,4
12153,Shawn Wayans,0
12153,Marlon Wayans,1
12153,Jaime King,2
12153,Frankie Faison,3
12153,Maitland Ward,4
65057,George Clooney,0
65057,Shailene Woodley,1
65057,Amara Miller,2
65057,Nick Krause,3
65057,Robert Forster,4
8326,Sigourney Weaver,0
8326,Jon Voight,1
8326,Tim Blake Nelson,2
8326,Patricia Arquette,3
8326,Shia LaBeouf,4
35690,Miley Cyrus,0
35690,Greg Kinnear,1
35690,Bobby Coleman,2
35690,Liam Hemsworth,3
35690,Hallock Beals,4
76203,Chiwetel Ejiofor,0
76203,Michael Fassbender,1
76203,Lupita Nyong'o,2
76203,Benedict Cumberbatch,3
76203,Paul Dano,4
13497,Nick Cannon,0
13497,Zoe Saldana,1
13497,Orlando Jones,2
13497,Leonard Roberts,3
13497,GQ,4
35688,Tyler Perry,0
35688,Janet Jackson,1
35688,Jill Scott,2
35688,Sharon Leal,3
35688,Malik Yoba,4
162,Johnny Depp,0
162,Winona Ryder,1
162,Dianne Wiest,2
162,Alan Arkin,3
162,Anthony Michael Hall,4
103370,Tyler Perry,0
103370,Eugene Levy,1
103370,Denise Richards,2
103370,Doris Roberts,3
103370,Devan Leos,4
1051,Gene Hackman,0
1051,Fernando Rey,1
1051,Roy Scheider,2
1051,Tony Lo Bianco,3
1051,Marcel Bozzuffi,4
10073,Alyson Hannigan,0
10073,Adam Campbell,1
10073,Sophie Monk,2
10073,Jennifer Coolidge,3
10073,Fred Willard,4
16690,Harriet Owen,0
16690,Blayne Weaver,1
16690,Jeff Bennett,2
16690,Kath Soucie,3
16690,Corey Burton,4
273895,David Oyelowo,0
273895,Tom Wilkinson,1
273895,Carmen Ejogo,2
273895,André Holland,3
273895,Omar J. Dorsey,4
14873,John Goodman,0
14873,Haley Joel Osment,1
14873,Mae Whitman,2
14873,Connor Funk,3
14873,Bob Joles,4
8968,Emily Deschanel,0
8968,Barry Watson,1
8968,Skye McCole Bartusiak,2
8968,Lucy Lawless,3
8968,Tory Mussett,4
9963,Sandra Bullock,0
9963,Julian McMahon,1
9963,Courtney Taylor Burness,2
9963,Nia Long,3
9963,Shyann McClure,4
15655,Jim Cummings,0
15655,Nikita Hopkins,2
15655,Ken Sansom,3
15655,John Fiedler,4
15655,Peter Cullen,5
21208,Vera Farmiga,0
21208,Peter Sarsgaard,1
21208,Isabelle Fuhrman,2
21208,CCH Pounder,3
21208,Jimmy Bennett,4
272878,Thomas Haden Church,0
272878,Josh Wiggins,1
272878,Lauren Graham,2
272878,Robbie Amell,3
272878,Mia Xitlali,4
9760,Kal Penn,0
9760,Adam Campbell,1
9760,Jennifer Coolidge,2
9760,Jayma Mays,3
9760,Faune A. Chambers,4
314365,Mark Ruffalo,0
314365,Michael Keaton,1
314365,Rachel McAdams,2
314365,Liev Schreiber,3
314365,John Slattery,4
13279,Samuel L. Jackson,0
13279,Patrick Wilson,1
13279,Kerry Washington,2
13279,Ron Glass,3
13279,Justin Chambers,4
1975,Sarah Michelle Gellar,0
1975,Amber Tamblyn,1
1975,Edison Chen,2
1975,Arielle Kebbel,3
1975,Jennifer Beals,4
33644,Angela Bassett,0
33644,Taye Diggs,1
33644,Whoopi Goldberg,2
33644,Regina King,3
33644,Suzzanne Douglas,4
1649,Keanu Reeves,0
1649,Alex Winter,1
1649,George Carlin,2
1649,William Sadler,3
1649,Joss Ackland,4
9895,Robin Williams,0
9895,Christopher Walken,1
9895,Laura Linney,2
9895,Lewis Black,3
9895,Jeff Goldblum,4
9570,Maximilian Schell,0
9570,Anthony Perkins,1
9570,Robert Forster,2
9570,Joseph Bottoms,3
9570,Ernest Borgnine,4
27579,George Clooney,0
27579,Violante Placido,1
27579,Thekla Reuten,2
27579,Paolo Bonacelli,3
27579,Johan Leysen,4
16052,Jennifer Lopez,0
16052,Edward James Olmos,1
16052,Constance Marie,2
16052,Jon Seda,3
16052,Lupe Ontiveros,4
40264,Chris Riggi,0
40264,Matt Lanter,1
40264,Jenn Proske,2
40264,Ken Jeong,3
40264,Bradley Dodds,4
1164,Brad Pitt,0
1164,Cate Blanchett,1
1164,Gael García Bernal,2
1164,Rinko Kikuchi,3
1164,Adriana Barraza,4
239678,Jason Bateman,0
239678,Tina Fey,1
239678,Adam Driver,2
239678,Rose Byrne,3
239678,Corey Stoll,4
14359,Meryl Streep,0
14359,Philip Seymour Hoffman,1
14359,Amy Adams,2
14359,Viola Davis,3
14359,Alice Drummond,4
3989,Trey Parker,0
3989,Matt Stone,1
3989,Kristen Miller,2
3989,Masasa Moyo,3
3989,Daran Norris,4
76617,Alexandra Daddario,0
76617,Dan Yeager,1
76617,Bill Moseley,2
76617,Marilyn Burns,3
76617,Tania Raymonde,4
1710,Sigourney Weaver,0
1710,Holly Hunter,1
1710,Will Patton,2
1710,William McNamara,3
1710,Harry Connick Jr.,4
4258,Simon Rex,0
4258,Ashley Tisdale,1
4258,Charlie Sheen,2
4258,Lindsay Lohan,3
4258,Erica Ash,4
20391,Lee Marvin,0
20391,Clint Eastwood,1
20391,Jean Seberg,2
20391,Harve Presnell,3
20391,Ray Walston,4
10139,Sean Penn,0
10139,Emile Hirsch,1
10139,James Franco,2
10139,Josh Brolin,3
10139,Diego Luna,4
9645,Gabriel Byrne,0
9645,Julianna Margulies,1
9645,Desmond Harrington,2
9645,Ron Eldard,3
9645,Isaiah Washington,4
55465,Neil Patrick Harris,0
55465,John Cho,1
55465,Elias Koteas,2
55465,Danneel Ackles,3
55465,Kal Penn,4
617,Matt Dillon,0
617,Kevin Bacon,1
617,Denise Richards,2
617,Neve Campbell,3
617,Theresa Russell,4
19904,Dylan Walsh,0
19904,Sela Ward,1
19904,Penn Badgley,2
19904,Amber Heard,3
19904,Sherry Stringfield,4
48289,Helen Mirren,0
48289,Ciarán Hinds,1
48289,Tom Wilkinson,2
48289,Jessica Chastain,3
48289,Sam Worthington,4
243,John Cusack,0
243,Iben Hjejle,1
243,Todd Louiso,2
243,Jack Black,3
243,Lisa Bonet,4
6933,Shannyn Sossamon,0
6933,Edward Burns,1
6933,Ana Claudia Talancón,2
6933,Ray Wise,3
6933,Azura Skye,4
17182,Sally Field,0
17182,Kiefer Sutherland,1
17182,Ed Harris,2
17182,Beverly D'Angelo,3
17182,Charlayne Woodard,4
8848,Jason Statham,0
8848,Saffron Burrows,1
8848,Stephen Campbell Moore,2
8848,Daniel Mays,3
8848,James Faulkner,4
38,Jim Carrey,0
38,Kate Winslet,1
38,Kirsten Dunst,2
38,Mark Ruffalo,3
38,Elijah Wood,4
38303,Kristen Bell,0
38303,Sigourney Weaver,1
38303,Betty White,2
38303,Kristin Chenoweth,3
38303,Odette Annable,4
1266,Keanu Reeves,0
1266,Forest Whitaker,1
1266,Chris Evans,2
1266,Hugh Laurie,3
1266,Martha Higareda,4
107985,Simon Pegg,0
107985,Nick Frost,1
107985,Martin Freeman,2
107985,Eddie Marsan,3
107985,Paddy Considine,4
14043,Emma Roberts,0
14043,Josh Flitter,1
14043,Max Thieriot,2
14043,Rachael Leigh Cook,3
14043,Tate Donovan,4
19901,Ethan Hawke,0
19901,Sam Neill,1
19901,Willem Dafoe,2
19901,Claudia Karvan,3
19901,Isabel Lucas,4
34016,Alice Eve,0
34016,Jay Baruchel,1
34016,Mike Vogel,2
34016,Krysten Ritter,3
34016,Debra Jo Rupp,4
59860,Selena Gomez,0
59860,Katie Cassidy,1
59860,Cory Monteith,2
59860,Leighton Meester,3
59860,Andie MacDowell,4
10069,Jon Foster,0
10069,Samaire Armstrong,1
10069,Frankie Muniz,2
10069,Jimmi Simpson,3
10069,Wendell Pierce,4
9588,Tom Selleck,0
9588,Laura San Giacomo,1
9588,Alan Rickman,2
9588,Chris Haywood,3
9588,Ron Haddrick,4
12819,Hayden Panettiere,0
12819,Justin Long,1
12819,Dennis Hopper,2
12819,Christina Ricci,3
12819,Danny Glover,4
9954,Steven Strait,0
9954,Laura Ramsey,1
9954,Jessica Lucas,2
9954,Taylor Kitsch,3
9954,Chace Crawford,4
10115,Jeff Bridges,0
10115,Missy Peregrym,1
10115,Vanessa Lengies,2
10115,Maddy Curley,3
10115,Nikki SooHoo,4
25132,Jimmy Bennett,0
25132,Kat Dennings,1
25132,Jolie Vanier,2
25132,William H. Macy,3
25132,James Spader,4
577,Nicole Kidman,0
577,Matt Dillon,1
577,Joaquin Phoenix,2
577,Casey Affleck,3
577,Illeana Douglas,4
12690,Viggo Mortensen,0
12690,Ed Harris,1
12690,Renée Zellweger,2
12690,Jeremy Irons,3
12690,Timothy Spall,4
9945,James Woods,0
9945,Daniel Baldwin,1
9945,Sheryl Lee,2
9945,Thomas Ian Griffith,3
9945,Maximilian Schell,4
539,Anthony Perkins,0
539,Vera Miles,1
539,John Gavin,2
539,Janet Leigh,3
539,Martin Balsam,4
13596,Dane Cook,0
13596,Kate Hudson,1
13596,Alec Baldwin,2
13596,Jason Biggs,3
13596,Diora Baird,4
226857,Alex Pettyfer,0
226857,Gabriella Wilde,1
226857,Robert Patrick,2
226857,Rhys Wakefield,3
226857,Emma Rigby,4
13159,Jane Fonda,0
13159,Lindsay Lohan,1
13159,Felicity Huffman,2
13159,Dermot Mulroney,3
13159,Cary Elwes,4
526,Matthew Broderick,0
526,Rutger Hauer,1
526,Michelle Pfeiffer,2
526,Alfred Molina,3
526,John Wood,4
22796,Jim Carrey,0
22796,Ashley Judd,1
22796,Ian Michael Smith,2
22796,Joseph Mazzello,3
22796,Oliver Platt,4
2355,Adam Sandler,0
2355,Don Cheadle,1
2355,Jada Pinkett Smith,2
2355,Liv Tyler,3
2355,Saffron Burrows,4
5915,Emile Hirsch,0
5915,Marcia Gay Harden,1
5915,William Hurt,2
5915,Jena Malone,3
5915,Brian H. Dierker,4
9842,Billy Bob Thornton,0
9842,Jon Heder,1
9842,Jacinda Barrett,2
9842,Sarah Silverman,3
9842,Michael Clarke Duncan,4
61012,Adelaide Clemens,0
61012,Kit Harington,1
61012,Sean Bean,2
61012,Carrie-Anne Moss,3
61012,Radha Mitchell,4
755,George Clooney,0
755,Quentin Tarantino,1
755,Harvey Keitel,2
755,Juliette Lewis,3
755,Ernest Liu,4
13682,Jim Cummings,0
13682,John Fiedler,1
13682,Nikita Hopkins,2
13682,Kath Soucie,3
13682,Ken Sansom,4
9089,Holly Hunter,0
9089,Robert Downey Jr.,1
9089,Anne Bancroft,2
9089,Charles Durning,3
9089,Claire Danes,4
7979,Khalid Abdalla,0
7979,Atossa Leoni,1
7979,Shaun Toub,2
7979,Zekeria Ebrahimi,3
7979,Ahmad Khan Mahmoodzada,4
470,Sean Penn,0
470,Naomi Watts,1
470,Benicio del Toro,2
470,Danny Huston,3
470,Carly Nahon,4
15644,Cole Hauser,0
15644,Robin Tunney,1
15644,Dennis Farina,2
15644,Daniel Baldwin,3
15644,Tom Sizemore,4
9582,Jason Lee,0
9582,Julia Stiles,1
9582,Selma Blair,2
9582,James Brolin,3
9582,Shawn Hatosy,4
10642,Jason Biggs,0
10642,Mena Suvari,1
10642,Zak Orth,2
10642,Thomas Sadoski,3
10642,Jimmi Simpson,4
22074,Michael Moore,0
22074,Thora Birch,1
22074,William Black,2
22074,Elijah Cummings,3
22074,Baron Hill,4
2428,Max von Sydow,0
2428,Michael Anderson Jr.,1
2428,Carroll Baker,2
2428,Ina Balin,3
2428,Victor Buono,4
290751,Chiwetel Ejiofor,0
290751,Nicole Kidman,1
290751,Julia Roberts,2
290751,Dean Norris,3
290751,Lyndon Smith,4
13805,Matt Lanter,0
13805,Vanessa Lachey,1
13805,Nicole Ari Parker,2
13805,Crista Flanagan,3
13805,Gary 'G. Thang' Johnson,4
4597,Columbus Short,0
4597,Laurence Fishburne,1
4597,Skeet Ulrich,2
4597,Amaury Nolasco,3
4597,Matt Dillon,4
9414,Bill Murray,0
9414,Peter Gallagher,1
9414,Joanne Whalley,2
9414,Alfred Molina,3
9414,Richard Wilson,4
63492,Chris Evans,0
63492,Anna Faris,1
63492,Martin Freeman,2
63492,Chris Pratt,3
63492,Ari Graynor,4
81796,Guy Pearce,0
81796,Maggie Grace,1
81796,Joseph Gilgun,2
81796,Lennie James,4
81796,Peter Stormare,5
10710,Ben Stiller,0
10710,Jack Black,1
10710,Rachel Weisz,2
10710,Christopher Walken,3
10710,Amy Poehler,4
15092,Jason Statham,0
15092,Amy Smart,1
15092,Dwight Yoakam,2
15092,Efren Ramirez,3
15092,Julanne Chidi Hill,4
11382,John Cusack,0
11382,Dianne Wiest,1
11382,Jennifer Tilly,2
11382,Chazz Palminteri,3
11382,Mary-Louise Parker,4
8198,Michael Caine,0
8198,Brendan Fraser,1
8198,Đỗ Thị Hải Yến,2
8198,Tzi Ma,3
8198,Rade Serbedzija,4
6963,Nicolas Cage,0
6963,Michael Caine,1
6963,Hope Davis,2
6963,Gemmenne de la Peña,3
6963,Nicholas Hoult,4
15070,Wesley Snipes,0
15070,Ving Rhames,1
15070,Peter Falk,2
15070,Michael Rooker,3
15070,Jon Seda,4
12797,Ricky Gervais,0
12797,Greg Kinnear,1
12797,Téa Leoni,2
12797,Billy Campbell,3
12797,Jordan Carlos,4
17134,John Cena,0
17134,Aidan Gillen,1
17134,Ashley Scott,2
17134,Steve Harris,3
17134,Brian J. White,4
41402,Kodi Smit-McPhee,0
41402,Chloë Grace Moretz,1
41402,Richard Jenkins,2
41402,Elias Koteas,3
41402,Sasha Barrese,4
18885,Victor Wong,0
18885,Max Elliott Slade,1
18885,Sean Fox,2
18885,J. Evan Bonifant,3
18885,Caroline Junko King,4
4953,Jack Black,0
4953,Yasiin Bey,1
4953,Danny Glover,2
4953,Mia Farrow,3
4953,Marcus Carl Franklin,4
10773,Judi Dench,0
10773,Bob Hoskins,1
10773,Will Young,2
10773,Christopher Guest,3
10773,Kelly Reilly,4
2639,Woody Allen,0
2639,Kirstie Alley,1
2639,Billy Crystal,2
2639,Judy Davis,3
2639,Caroline Aaron,4
10563,Matthew Perry,0
10563,Neve Campbell,1
10563,Dylan McDermott,2
10563,Oliver Platt,3
10563,Cylk Cozart,4
295964,Bradley Cooper,0
295964,Sienna Miller,1
295964,Lily James,3
295964,Alicia Vikander,5
295964,Uma Thurman,6
5971,Robert De Niro,0
5971,Sean Penn,1
5971,Demi Moore,2
5971,Hoyt Axton,3
5971,Bruno Kirby,4
9716,Drew Barrymore,0
9716,Diva Gray,1
9716,Natasha Lyonne,2
9716,Edward Norton,3
9716,Woody Allen,4
11835,Kevin Bacon,0
11835,Garrett Hedlund,1
11835,Kelly Preston,2
11835,Jordan Garrett,3
11835,John Goodman,4
26171,Robert De Niro,0
26171,Drew Barrymore,1
26171,Kate Beckinsale,2
26171,Sam Rockwell,3
26171,Melissa Leo,4
31117,Jon Voight,0
31117,Scott Baio,1
31117,Vanessa Angel,2
31117,Skyler Shaye,3
31117,Whoopi Goldberg,4
9074,Samuel L. Jackson,0
9074,Eugene Levy,1
9074,Luke Goss,2
9074,Miguel Ferrer,3
9074,Susie Essman,4
14396,Cedric the Entertainer,0
14396,Lucy Liu,1
14396,Nicollette Sheridan,2
14396,Mark Dacascos,3
14396,Callum Keith Rennie,4
15673,Nia Vardalos,0
15673,Toni Collette,1
15673,David Duchovny,2
15673,Stephen Spinella,3
15673,Alec Mapa,4
171274,Joaquin Phoenix,0
171274,Josh Brolin,1
171274,Owen Wilson,2
171274,Katherine Waterston,3
171274,Reese Witherspoon,4
24432,Daniel Tay,0
24432,Jimmy Fallon,1
24432,Jon Stewart,2
24432,Whoopi Goldberg,3
24432,William H. Macy,4
109417,Josh Holloway,0
109417,Josh Peck,1
109417,Chris Brown,2
109417,Laz Alonso,3
109417,Caity Lotz,4
106747,Danny Trejo,0
106747,Mel Gibson,1
106747,Amber Heard,2
106747,Michelle Rodriguez,3
106747,Sofía Vergara,4
10929,Crispin Glover,0
10929,R. Lee Ermey,1
10929,Laura Harring,2
10929,Jackie Burroughs,3
10929,Ashlyn Gere,4
14220,Steve Zahn,0
14220,Allen Covert,1
14220,Jonah Hill,2
14220,Kevin Heffernan,3
14220,Ashley Scott,4
46435,Allan Corduner,0
46435,Jim Broadbent,1
46435,Timothy Spall,2
46435,Dexter Fletcher,3
46435,Shirley Henderson,4
256962,Jakob Salvati,0
256962,Emily Watson,1
256962,Cary-Hiroyuki Tagawa,2
256962,Michael Rapaport,3
256962,David Henrie,4
48231,Keira Knightley,0
48231,Viggo Mortensen,1
48231,Michael Fassbender,2
48231,Sarah Gadon,3
48231,Vincent Cassel,4
3509,Keanu Reeves,0
3509,Winona Ryder,1
3509,Woody Harrelson,2
3509,Robert Downey Jr.,3
3509,Mitch Baker,4
82684,Gerard Butler,0
82684,Jonny Weston,1
82684,Elisabeth Shue,2
82684,Abigail Spencer,3
82684,Leven Rambin,4
12142,Christian Slater,0
12142,Tara Reid,1
12142,Stephen Dorff,2
12142,Frank C. Turner,3
12142,Matthew Walker,4
23367,Vanessa Hudgens,0
23367,Aly Michalka,1
23367,Gaelan Connell,2
23367,Lisa Kudrow,2
23367,Scott Porter,3
10740,Nicole Kidman,0
10740,Cameron Bright,1
10740,Danny Huston,2
10740,Lauren Bacall,3
10740,Alison Elliott,4
241239,Oscar Isaac,0
241239,Jessica Chastain,1
241239,Albert Brooks,2
241239,Elyes Gabel,3
241239,David Oyelowo,4
14582,Paul Gross,0
14582,Caroline Dhavernas,1
14582,Joe Dinicol,2
14582,Meredith Bailey,3
14582,Adam Harrington,4
14914,Aaron Abrams,0
14914,Alan Alda,1
14914,Lauren Graham,2
14914,Greg Kinnear,3
14914,Tatiana Maslany,4
3902,Cate Blanchett,0
3902,Heath Ledger,1
3902,Julianne Moore,3
3902,Ben Whishaw,4
3902,Charlotte Gainsbourg,5
77948,Henry Cavill,0
77948,Verónica Echegui,1
77948,Sigourney Weaver,2
77948,Bruce Willis,3
77948,Caroline Goodall,4
21755,Rachel Weisz,0
21755,Adrien Brody,1
21755,Mark Ruffalo,2
21755,Rinko Kikuchi,3
21755,Robbie Coltrane,4
4960,Philip Seymour Hoffman,0
4960,Samantha Morton,1
4960,Jennifer Jason Leigh,2
4960,Michelle Williams,3
4960,Catherine Keener,4
16608,Guy Pearce,0
16608,Ray Winstone,1
16608,Emily Watson,2
16608,Danny Huston,3
16608,David Wenham,4
334531,Aaron Eckhart,0
334531,Finn Wittrock,1
334531,Robin Tunney,2
334531,Sarah Bolger,3
334531,Michael Reilly Burke,4
7299,Christian Bale,0
7299,Taye Diggs,1
7299,Emily Watson,2
7299,Angus Macfadyen,3
7299,Sean Bean,4
19457,Mark Wahlberg,0
19457,Joaquin Phoenix,1
19457,Charlize Theron,2
19457,James Caan,3
19457,Ellen Burstyn,4
314385,Angelina Jolie,0
314385,Brad Pitt,1
314385,Mélanie Laurent,2
314385,Melvil Poupaud,3
314385,Niels Arestrup,4
46503,Kirsten Dunst,0
46503,Ryan Gosling,1
46503,Kristen Wiig,2
46503,Frank Langella,3
46503,Lily Rabe,4
10448,Jason Scott Lee,0
10448,Esai Morales,1
10448,Sandrine Holt,2
10448,Eru Potaka-Dewes,3
10448,Emilio Tuki Hito,4
43935,Brandon Routh,0
43935,Peter Stormare,1
43935,Sam Huntington,2
43935,Taye Diggs,3
43935,Anita Briem,4
11458,Al Pacino,0
11458,Kim Basinger,1
11458,Ryan O'Neal,2
11458,Téa Leoni,3
11458,Jonathan Walker,4
44638,Helen Mirren,0
44638,Felicity Jones,1
44638,Reeve Carney,2
44638,David Strathairn,3
44638,Tom Conti,4
241257,Ethan Hawke,0
241257,Emma Watson,1
241257,David Thewlis,2
241257,Lothaire Bluteau,3
241257,Dale Dickey,4
14538,Sammo Hung,0
14538,Vanness Wu,1
14538,Maggie Q,2
14538,Andy Lau,4
14538,Ti Lung,5
13250,Pierce Brosnan,0
13250,Maria Bello,1
13250,Gerard Butler,2
13250,Emma Karwandy,3
13250,Claudette Mink,4
133931,Jeremy Suarez,0
133931,Samuel L. Jackson,1
133931,Abigail Breslin,2
133931,Leonard Nimoy,3
133931,Jeff Goldblum,4
334074,Pierce Brosnan,0
334074,Milla Jovovich,1
334074,Dylan McDermott,2
334074,Angela Bassett,3
334074,Robert Forster,4
199373,Nicolas Cage,0
199373,Vanessa Hudgens,1
199373,John Cusack,2
199373,Radha Mitchell,3
199373,Jodi Lyn O'Keefe,4
14202,Edward Norton,0
14202,Juliet Howland,1
14202,Naomi Watts,2
14202,Ian Renwick,3
14202,Liev Schreiber,4
581,Kevin Costner,0
581,Mary McDonnell,1
581,Graham Greene,2
581,Rodney A. Grant,3
581,Floyd Red Crow Westerman,4
52449,Cameron Diaz,0
52449,Jason Segel,1
52449,Justin Timberlake,2
52449,Lucy Punch,3
52449,Phyllis Smith,4
12150,Al Pacino,0
12150,Ellen Barkin,1
12150,John Goodman,2
12150,Michael Rooker,3
12150,William Hickey,4
11247,Hilary Duff,0
11247,Jennifer Coolidge,1
11247,Chad Michael Murray,2
11247,Dan Byrd,3
11247,Regina King,4
4232,David Arquette,0
4232,Neve Campbell,1
4232,Courteney Cox,2
4232,Matthew Lillard,3
4232,Rose McGowan,4
9378,Tony Shalhoub,0
9378,Embeth Davidtz,1
9378,Matthew Lillard,2
9378,Shannon Elizabeth,3
9378,Matthew Harrison,4
694,Jack Nicholson,0
694,Shelley Duvall,1
694,Danny Lloyd,2
694,Scatman Crothers,3
694,Barry Nelson,4
105,Michael J. Fox,0
105,Christopher Lloyd,1
105,Lea Thompson,2
105,Crispin Glover,3
105,Thomas F. Wilson,4
11377,Geoffrey Rush,0
11377,Famke Janssen,1
11377,Taye Diggs,2
11377,Peter Gallagher,3
11377,Chris Kattan,4
26367,Tyler Perry,0
26367,Taraji P. Henson,1
26367,Adam Rodríguez,2
26367,Mary J. Blige,3
26367,Gladys Knight,4
41210,Jason Bateman,0
41210,Jennifer Aniston,1
41210,Jeff Goldblum,2
41210,Juliette Lewis,3
41210,Todd Louiso,4
12090,Ashton Kutcher,0
12090,Brittany Murphy,1
12090,Christian Kane,2
12090,David Moscow,3
12090,Alex Thomas,4
62630,Dominic Cooper,0
62630,Ludivine Sagnier,1
62630,Raad Rawi,2
62630,Mehmet Ferda,3
62630,Philip Quast,3
29427,Timothy Olyphant,0
29427,Radha Mitchell,1
29427,Joe Anderson,2
29427,Danielle Panabaker,3
29427,Christie Lynn Smith,4
2669,Mel Gibson,0
2669,Anthony Hopkins,1
2669,Laurence Olivier,2
2669,Edward Fox,3
2669,Daniel Day-Lewis,4
203833,Geoffrey Rush,0
203833,Sophie Nélisse,1
203833,Emily Watson,2
203833,Nico Liersch,3
203833,Ben Schnetzer,4
13523,Josh Zuckerman,0
13523,Amanda Crew,1
13523,Clark Duke,2
13523,James Marsden,3
13523,Seth Green,4
25195,Amy Adams,0
25195,Matthew Goode,1
25195,Adam Scott,2
25195,John Lithgow,3
25195,Flaminia Cinque,4
50725,Topher Grace,0
50725,Anna Faris,1
50725,Dan Fogler,2
50725,Teresa Palmer,3
50725,Michelle Trachtenberg,4
82631,Viola Davis,0
82631,Maggie Gyllenhaal,1
82631,Ving Rhames,2
82631,Lance Reddick,3
82631,Rosie Perez,4
10065,Ryan Reynolds,0
10065,Melissa George,1
10065,Jesse James,2
10065,Chloë Grace Moretz,3
10065,Jimmy Bennett,4
2757,Nicolas Cage,0
2757,Meryl Streep,1
2757,Chris Cooper,2
2757,Tilda Swinton,3
2757,Cara Seymour,4
11683,Simon Baker,0
11683,John Leguizamo,1
11683,Dennis Hopper,2
11683,Robert Joy,3
11683,Asia Argento,4
1878,Johnny Depp,0
1878,Benicio del Toro,1
1878,Tobey Maguire,2
1878,Christina Ricci,3
1878,Ellen Barkin,4
23082,Ricky Gervais,0
23082,Jennifer Garner,1
23082,Jonah Hill,2
23082,Louis C.K.,3
23082,Jeffrey Tambor,4
195589,Seth Rogen,0
195589,Zac Efron,1
195589,Rose Byrne,2
195589,Dave Franco,3
195589,Ike Barinholtz,4
854,Jim Carrey,0
854,Cameron Diaz,1
854,Nancy Fish,2
854,Tim Bagley,3
854,Johnny Williams,4
2280,Tom Hanks,0
2280,Elizabeth Perkins,1
2280,Robert Loggia,2
2280,John Heard,3
2280,Jared Rushton,4
496,Sacha Baron Cohen,0
496,Ken Davitian,1
496,Luenell,2
496,Pamela Anderson,3
496,Bob Barr,4
8835,Reese Witherspoon,0
8835,Luke Wilson,1
8835,Selma Blair,2
8835,Matthew Davis,3
8835,Victor Garber,4
157,William Shatner,0
157,Leonard Nimoy,1
157,DeForest Kelley,2
157,James Doohan,3
157,George Takei,4
8643,Laura Linney,0
8643,Tom Wilkinson,1
8643,Campbell Scott,2
8643,Jennifer Carpenter,3
8643,Kenneth Welsh,4
10402,Rob Schneider,0
10402,William Forsythe,1
10402,Eddie Griffin,2
10402,Arija Bareikis,3
10402,Oded Fehr,4
218043,Nicolas Cage,0
218043,Chad Michael Murray,1
218043,Lea Thompson,2
218043,Nicky Whelan,3
218043,Martin Klebba,4
9043,Claire Danes,0
9043,Diane Keaton,1
9043,Rachel McAdams,2
9043,Dermot Mulroney,3
9043,Sarah Jessica Parker,4
21301,Ice Cube,0
21301,Cedric the Entertainer,1
21301,Sean Patrick Thomas,2
21301,Keke Palmer,3
21301,Michael Ealy,4
10147,Billy Bob Thornton,0
10147,Tony Cox,1
10147,Brett Kelly,2
10147,Bernie Mac,3
10147,John Ritter,4
816,Mike Myers,0
816,Elizabeth Hurley,1
816,Michael York,2
816,Mimi Rogers,3
816,Seth Green,4
60307,Zachary Gordon,0
60307,Devon Bostick,1
60307,Rachael Harris,2
60307,Robert Capron,3
60307,Steve Zahn,4
106,Arnold Schwarzenegger,0
106,Carl Weathers,1
106,Elpidia Carrillo,2
106,Bill Duke,3
106,Jesse Ventura,4
279,F. Murray Abraham,0
279,Tom Hulce,1
279,Elizabeth Berridge,2
279,Roy Dotrice,3
279,Simon Callow,4
8617,Brittany Snow,0
8617,Scott Porter,1
8617,Jessica Stroup,2
8617,Dana Davis,3
8617,Kelly Blatz,4
10625,Lindsay Lohan,0
10625,Rachel McAdams,1
10625,Tim Meadows,2
10625,Ana Gasteyer,3
10625,Amy Poehler,4
10934,Diane Lane,0
10934,Sandra Oh,1
10934,Lindsay Duncan,2
10934,Raoul Bova,3
10934,Vincent Riotta,4
5279,Helen Mirren,0
5279,Clive Owen,1
5279,Maggie Smith,2
5279,Geraldine Somerville,3
5279,Jeremy Northam,4
10013,Kathleen Turner,0
10013,Nicolas Cage,1
10013,Barry Miller,2
10013,Catherine Hicks,3
10013,Joan Allen,4
194662,Michael Keaton,0
194662,Emma Stone,1
194662,Zach Galifianakis,2
194662,Naomi Watts,3
194662,Edward Norton,4
160588,Cate Blanchett,0
160588,Alec Baldwin,1
160588,Sally Hawkins,2
160588,Bobby Cannavale,3
160588,Louis C.K.,4
9829,J.J. Johnson,0
9829,Polly Adams,1
9829,Trish Gates,2
9829,Nancy McDoniel,3
9829,Opal Alladin,4
10028,Jessica Alba,0
10028,Mekhi Phifer,1
10028,Joy Bryant,2
10028,Romeo Miller,3
10028,David Moscow,4
10535,Leslie Nielsen,0
10535,Nicollette Sheridan,1
10535,Charles Durning,2
10535,Marcia Gay Harden,3
10535,Barry Bostwick,4
790,Adrienne Barbeau,0
790,Jamie Lee Curtis,1
790,Janet Leigh,2
790,John Houseman,3
790,Tom Atkins,4
43959,AnnaSophia Robb,0
43959,Helen Hunt,1
43959,Lorraine Nicholson,2
43959,Carrie Underwood,3
43959,Dennis Quaid,4
10364,Alan Arkin,0
10364,Martin Balsam,1
10364,Richard Benjamin,2
10364,Art Garfunkel,3
10364,Jack Gilford,4
16991,Seth Rogen,0
16991,Anna Faris,1
16991,Michael Peña,2
16991,Ray Liotta,3
16991,Collette Wolfe,4
9610,Arnold Schwarzenegger,0
9610,Grace Jones,1
9610,Wilt Chamberlain,2
9610,Tracey Walter,3
9610,Mako,4
1578,Robert De Niro,0
1578,Joe Pesci,1
1578,Cathy Moriarty,2
1578,Frank Vincent,3
1578,Nicholas Colasanto,4
25643,Aaron Eckhart,0
25643,Jennifer Aniston,1
25643,Judy Greer,2
25643,Martin Sheen,3
25643,Deirdre Blades,4
11904,Nicholas Rowe,0
11904,Alan Cox,1
11904,Sophie Ward,2
11904,Anthony Higgins,3
11904,Susan Fleetwood,4
28665,Kay Panabaker,0
28665,Naturi Naughton,1
28665,Kherington Payne,2
28665,Megan Mullally,3
28665,Walter Perez,4
44115,James Franco,0
44115,Kate Mara,1
44115,Amber Tamblyn,2
44115,Clémence Poésy,3
44115,Lizzy Caplan,4
10569,Woody Allen,0
10569,Carolyn Saxon,1
10569,Tracey Ullman,2
10569,Michael Rapaport,3
10569,Tony Darrow,4
10560,Amanda Schull,0
10560,Zoe Saldana,1
10560,Susan May Pratt,2
10560,Peter Gallagher,3
10560,Scottie Thompson,4
333348,Steve Martin,0
333348,Diane Keaton,1
333348,John Goodman,2
333348,Alan Arkin,3
333348,Olivia Wilde,4
20483,Kristen Stewart,0
20483,Corbin Bleu,1
20483,Max Thieriot,2
20483,Jennifer Beals,3
20483,Sam Robards,4
11457,Kevin Kline,0
11457,Kristin Scott Thomas,1
11457,Hayden Christensen,2
11457,Jena Malone,3
11457,Mary Steenburgen,4
321697,Michael Fassbender,2
321697,Kate Winslet,3
321697,Seth Rogen,4
321697,Katherine Waterston,5
321697,Jeff Daniels,6
19840,Hayden Panettiere,0
19840,Paul Rust,1
19840,Lauren London,2
19840,Lauren Storm,3
19840,Jack Carpenter,4
22327,Michael Cera,0
22327,Zach Galifianakis,1
22327,Justin Long,2
22327,Ray Liotta,3
22327,Steve Buscemi,4
2575,Pierce Brosnan,0
2575,Geoffrey Rush,1
2575,Jamie Lee Curtis,2
2575,Leonor Varela,3
2575,Brendan Gleeson,4
11644,John Travolta,0
11644,Nancy Allen,1
11644,John Lithgow,2
11644,Dennis Franz,3
11644,Peter Boyden,4
146227,Ethan Hawke,0
146227,Selena Gomez,1
146227,Jon Voight,2
146227,Paul Freeman,3
146227,Bruce Payne,4
68924,Kevin Kline,0
68924,Joan Allen,1
68924,Sigourney Weaver,2
68924,Henry Czerny,3
68924,Tobey Maguire,4
253235,Michael Douglas,0
253235,Diane Keaton,1
253235,Sterling Jerins,2
253235,Paloma Guzmán,3
253235,Frances Sternhagen,4
22102,Shelley Long,0
22102,Craig T. Nelson,1
22102,Betty Thomas,2
22102,Mary Gross,3
22102,Carla Gugino,4
10068,Mickey Rourke,0
10068,Kim Basinger,1
10068,Margaret Whitton,2
10068,David Margulies,3
10068,Christine Baranski,4
848,Peter MacNicol,0
848,Caitlin Clarke,1
848,Ralph Richardson,2
848,John Hallam,3
848,Peter Eyre,4
36811,James McAvoy,0
36811,Christopher Plummer,1
36811,Helen Mirren,2
36811,Paul Giamatti,3
36811,Anne-Marie Duff,4
522,Johnny Depp,0
522,Martin Landau,1
522,Sarah Jessica Parker,2
522,Patricia Arquette,3
522,Jeffrey Jones,4
130150,Josh Brolin,0
130150,Kate Winslet,1
130150,Gattlin Griffith,2
130150,Tobey Maguire,3
130150,Tom Lipinski,4
13809,Mark Strong,0
13809,Tom Wilkinson,1
13809,Toby Kebbell,2
13809,Gerard Butler,3
13809,Tom Hardy,4
27380,Barry Bostwick,0
27380,Michael Beck,1
27380,Persis Khambatta,2
27380,Henry Silva,5
27380,George Furth,5
10549,Kenneth Branagh,0
10549,Derek Jacobi,1
10549,Julie Christie,2
10549,Richard Briers,3
10549,Kate Winslet,4
33870,Chi Cao,0
33870,Chengwu Guo,1
33870,Wen Bin Huang,2
33870,Joan Chen,3
33870,Bruce Greenwood,5
10739,Woody Allen,0
10739,Jason Biggs,1
10739,Christina Ricci,2
10739,Stockard Channing,3
10739,Danny DeVito,4
127560,Jeremy Irvine,0
127560,Colin Firth,1
127560,Stellan Skarsgård,2
127560,Michael MacKenzie,3
127560,Nicole Kidman,4
10017,Charlie Sheen,0
10017,Nick Cassavetes,1
10017,Sherilyn Fenn,2
10017,Randy Quaid,3
10017,Matthew Barry,4
11468,Val Kilmer,0
11468,Vincent D'Onofrio,1
11468,Adam Goldberg,2
11468,Luis Guzmán,3
11468,Doug Hutchison,4
193613,Dane DeHaan,0
193613,Mackenzie Gray,1
193613,James Hetfield,2
193613,Lars Ulrich,3
193613,Kirk Hammett,4
17436,Billy Bob Thornton,0
17436,Kim Basinger,1
17436,Mickey Rourke,2
17436,Winona Ryder,3
17436,Jon Foster,4
43434,Edgar Ramírez,0
43434,Alexander Scheer,1
43434,Fadi Abi Samra,2
43434,Nora von Waldstätten,3
43434,Talal El-Jordi,4
8408,Lori Cardille,0
8408,Terry Alexander,1
8408,Joseph Pilato,2
8408,Jarlath Conroy,3
8408,Anthony Dileo Jr.,4
9626,Arnold Schwarzenegger,0
9626,Brigitte Nielsen,1
9626,Sandahl Bergman,2
9626,Paul L. Smith,3
9626,"Ernie Reyes, Jr.",4
75638,Sigourney Weaver,0
75638,Robert De Niro,1
75638,Cillian Murphy,2
75638,Elizabeth Olsen,3
75638,Toby Jones,4
8363,Jonah Hill,0
8363,Michael Cera,1
8363,Christopher Mintz-Plasse,2
8363,Bill Hader,3
8363,Seth Rogen,4
15670,Tyler Perry,0
15670,Derek Luke,1
15670,Keshia Knight Pulliam,2
15670,Whoopi Goldberg,3
15670,Ion Overman,4
290555,Jason Momoa,1
290555,Lucas Till,2
290555,John Pyper-Ferguson,3
290555,Stephen McHattie,4
290555,Merritt Patterson,5
8328,Briana Evigan,0
8328,Robert Hoffman,1
8328,Will Kemp,2
8328,Cassie Ventura,3
8328,Adam G. Sevani,4
10982,Anne Hathaway,0
10982,Glenn Close,1
10982,Jim Belushi,2
10982,Patrick Warburton,3
10982,Anthony Anderson,4
205,Don Cheadle,0
205,Sophie Okonedo,1
205,Nick Nolte,2
205,Fana Mokoena,3
205,Joaquin Phoenix,4
1620,Timothy Olyphant,0
1620,Dougray Scott,1
1620,Olga Kurylenko,2
1620,Robert Knepper,3
1620,Ulrich Thomsen,4
175541,Forest Whitaker,0
175541,Angela Bassett,1
175541,Jennifer Hudson,2
175541,Tyrese Gibson,3
175541,Jacob Latimore,4
241254,Bruce Willis,0
241254,Jason Patric,1
241254,John Cusack,2
241254,Jessica Lowndes,3
241254,Gia Mantegna,4
1933,Nicole Kidman,0
1933,Christopher Eccleston,1
1933,Alakina Mann,2
1933,James Bentley,3
1933,Eric Sykes,4
679,Sigourney Weaver,0
679,Michael Biehn,1
679,James Remar,2
679,Paul Reiser,3
679,Lance Henriksen,4
11113,Audrey Hepburn,0
11113,Rex Harrison,1
11113,Stanley Holloway,2
11113,Wilfrid Hyde-White,3
11113,Gladys Cooper,4
3597,Jennifer Love Hewitt,0
3597,Sarah Michelle Gellar,1
3597,Ryan Phillippe,2
3597,Freddie Prinze Jr.,3
3597,Bridgette Wilson,4
193893,Jake Johnson,0
193893,Damon Wayans Jr.,1
193893,Nina Dobrev,2
193893,Rob Riggle,3
193893,James D'Arcy,4
9675,Paul Giamatti,0
9675,Thomas Haden Church,1
9675,Virginia Madsen,2
9675,Sandra Oh,3
9675,Marylouise Burke,4
9988,Erik Stolhanske,0
9988,Jay Chandrasekhar,1
9988,Steve Lemme,2
9988,Paul Soter,3
9988,M.C. Gainey,4
948,Donald Pleasence,0
948,Jamie Lee Curtis,1
948,P.J. Soles,2
948,Nancy Kyes,3
948,Nick Castle,4
21765,Molly Shannon,0
21765,Liam Aiken,1
21765,Matthew Broderick,2
21765,Donald Faison,3
21765,Cheech Marin,4
146304,Terrence Howard,0
146304,Harold Perrineau,1
146304,Morris Chestnut,2
146304,Sanaa Lathan,3
146304,Taye Diggs,4
7516,Ryan Reynolds,0
7516,Ray Liotta,1
7516,Joseph Ruskin,2
7516,Alex Rocco,3
7516,Wayne Newton,4
41439,Tobin Bell,0
41439,Costas Mandylor,1
41439,Betsy Russell,2
41439,Cary Elwes,3
41439,Sean Patrick Flanery,4
2752,Josh Hartnett,0
2752,Shannyn Sossamon,1
2752,Adam Trese,3
2752,Emmanuelle Vaugier,4
2752,Barry Newman,5
9429,Will Ferrell,0
9429,Chris Kattan,1
9429,Jennifer Coolidge,2
9429,Michael Clarke Duncan,3
9429,Eva Mendes,4
38117,Alex Pettyfer,0
38117,Vanessa Hudgens,1
38117,Mary-Kate Olsen,2
38117,Lisa Gay Hamilton,3
38117,Neil Patrick Harris,4
9792,Aaron Stanford,0
9792,Kathleen Quinlan,1
9792,Vinessa Shaw,2
9792,Emilie de Ravin,3
9792,Dan Byrd,4
13778,David Spade,0
13778,Mary McCormack,1
13778,Craig Bierko,2
13778,Scott Terra,3
13778,Jenna Boyd,4
228203,Kevin Costner,0
228203,Ramiro Rodriguez,1
228203,Carlos Pratts,2
228203,Johnny Ortiz,3
228203,Rafael Martinez,4
41382,Shad Moss,0
41382,Brandon T. Jackson,1
41382,Naturi Naughton,2
41382,Loretta Devine,3
41382,Teairra Mari,4
13960,T.I.,0
13960,Evan Ross,1
13960,Jackie Long,2
13960,Lauren London,3
13960,Albert Daniels,4
114150,Anna Kendrick,0
114150,Skylar Astin,1
114150,Brittany Snow,2
114150,Anna Camp,3
114150,Rebel Wilson,4
26602,Freddie Prinze Jr.,0
26602,Jessica Biel,1
26602,Fred Ward,2
26602,Matthew Lillard,3
26602,Brian Dennehy,4
10223,Bill Paxton,0
10223,Bridget Fonda,1
10223,Billy Bob Thornton,2
10223,Brent Briscoe,3
10223,Chelcie Ross,4
16028,Laura Regan,0
16028,Marc Blucas,1
16028,Ethan Embry,2
16028,Dagmara Domińczyk,3
16028,Jon Abrahams,3
26390,Richard Gere,0
26390,Don Cheadle,1
26390,Ethan Hawke,2
26390,Wesley Snipes,3
26390,Vincent D'Onofrio,4
27759,Charlton Heston,0
27759,Ava Gardner,1
27759,David Niven,2
27759,Burt Kwouk,3
27759,Flora Robson,4
109428,Jane Levy,0
109428,Shiloh Fernandez,1
109428,Lou Taylor Pucci,2
109428,Jessica Lucas,3
109428,Elizabeth Blackmore,4
23049,Nia Vardalos,0
23049,Richard Dreyfuss,1
23049,Alexis Georgoulis,2
23049,Alistair McGowan,3
23049,Harland Williams,4
9310,Hugh Grant,0
9310,Dennis Quaid,1
9310,Mandy Moore,2
9310,Willem Dafoe,3
9310,Chris Klein,4
11411,Christopher Reeve,0
11411,Margot Kidder,1
11411,Gene Hackman,2
11411,Jackie Cooper,3
11411,Marc McClure,4
7304,Paul Walker,0
7304,Cameron Bright,1
7304,Vera Farmiga,2
7304,Chazz Palminteri,3
7304,Karel Roden,4
24747,Jim Caviezel,0
24747,Claire Forlani,1
24747,Jeremy Northam,2
24747,Malcolm McDowell,3
24747,Aidan Quinn,4
1491,Edward Norton,0
1491,Jessica Biel,1
1491,Paul Giamatti,2
1491,Rufus Sewell,3
1491,Eddie Marsan,4
10629,Cate Blanchett,0
10629,Gerard McSorley,1
10629,Ciarán Hinds,2
10629,Brenda Fricker,3
10629,Don Wycherley,4
255343,Benicio del Toro,0
255343,Josh Hutcherson,1
255343,Brady Corbet,2
255343,Claudia Traisac,3
255343,Carlos Bardem,4
4723,Dwayne Johnson,0
4723,Seann William Scott,1
4723,Sarah Michelle Gellar,2
4723,Mandy Moore,3
4723,Will Sasso,4
79694,Ashley Greene,0
79694,Sebastian Stan,1
79694,Tom Felton,2
79694,Julianna Guill,3
79694,Luke Pasqualino,4
4032,Anna Chlumsky,0
4032,Macaulay Culkin,1
4032,Dan Aykroyd,2
4032,Jamie Lee Curtis,3
4032,Richard Masur,4
18615,Nicole Kidman,0
18615,Robert Downey Jr.,1
18615,Ty Burrell,2
18615,Harris Yulin,3
18615,Jane Alexander,4
10673,Charlie Sheen,0
10673,Michael Douglas,1
10673,Martin Sheen,2
10673,Daryl Hannah,3
10673,John C. McGinley,4
4584,Kate Winslet,0
4584,Emma Thompson,1
4584,Hugh Grant,2
4584,Tom Wilkinson,3
4584,Alan Rickman,4
2977,Anne Hathaway,0
2977,James McAvoy,1
2977,Julie Walters,2
2977,James Cromwell,3
2977,Maggie Smith,4
10760,Amanda Bynes,0
10760,Sara Paxton,1
10760,Matt Long,2
10760,Jeremy Howard,3
10760,Danny Strong,4
11093,Jennifer Connelly,0
11093,Ben Kingsley,1
11093,Ron Eldard,2
11093,Frances Fisher,3
11093,Kim Dickens,4
207,Robin Williams,0
207,Ethan Hawke,1
207,Robert Sean Leonard,2
207,Gale Hansen,3
207,Josh Charles,4
8467,Jim Carrey,0
8467,Jeff Daniels,1
8467,Lauren Holly,2
8467,Teri Garr,3
8467,Mike Starr,4
639,Meg Ryan,0
639,Billy Crystal,1
639,Carrie Fisher,2
639,Bruno Kirby,3
639,Steven Ford,4
24226,Paul Newman,0
24226,Charlotte Rampling,1
24226,Jack Warden,2
24226,James Mason,3
24226,Milo O'Shea,4
9285,Breckin Meyer,0
9285,Seann William Scott,1
9285,Amy Smart,2
9285,Paulo Costanzo,3
9285,DJ Qualls,4
14709,James Van Der Beek,0
14709,Amy Smart,1
14709,Jon Voight,2
14709,Paul Walker,3
14709,Ron Lester,4
74643,Jean Dujardin,0
74643,Bérénice Bejo,1
74643,John Goodman,2
74643,James Cromwell,3
74643,Penelope Ann Miller,4
13788,Odette Annable,0
13788,Gary Oldman,1
13788,Meagan Good,2
13788,Cam Gigandet,3
13788,Idris Elba,4
83666,Bruce Willis,0
83666,Edward Norton,1
83666,Jared Gilman,2
83666,Kara Hayward,3
83666,Bill Murray,4
10781,Jordana Brewster,0
10781,Taylor Handley,1
10781,Diora Baird,2
10781,Matt Bomer,3
10781,R. Lee Ermey,4
13908,Dana Carvey,0
13908,Brent Spiner,1
13908,Jennifer Esposito,2
13908,Harold Gould,3
13908,James Brolin,4
39180,Michael Clarke Duncan,0
39180,David Arquette,1
39180,Leslie Bibb,2
39180,Joe Viterelli,3
39180,Steve Schirripa,5
16161,Tyrese Gibson,0
16161,Taraji P. Henson,1
16161,Omar Gooding,2
16161,Ving Rhames,3
16161,Snoop Dogg,4
49950,Minka Kelly,0
49950,Leighton Meester,1
49950,Cam Gigandet,2
49950,Aly Michalka,3
49950,Matt Lanter,4
10956,David Spade,0
10956,Brittany Daniel,1
10956,Dennis Miller,2
10956,Adam Beach,3
10956,Jaime Pressly,4
9594,Jean-Claude Van Damme,0
9594,Geoffrey Lewis,1
9594,Alonna Shaw,2
9594,Cory Everson,3
9594,Philip Chan Yan-Kin,4
4638,Simon Pegg,0
4638,Nick Frost,1
4638,Jim Broadbent,2
4638,Paddy Considine,3
4638,Rafe Spall,4
13972,Cloris Leachman,0
13972,India Ennenga,1
13972,Annette Bening,2
13972,Eva Mendes,3
13972,Debra Messing,4
5038,Scarlett Johansson,0
5038,Rebecca Hall,1
5038,Javier Bardem,2
5038,Penélope Cruz,3
5038,Christopher Evan Welch,4
13491,Joakim Nätterqvist,0
13491,Sofia Helin,1
13491,Stellan Skarsgård,2
13491,Michael Nyqvist,3
13491,Mirja Turestedt,4
10571,Freddie Prinze Jr.,0
10571,Claire Forlani,1
10571,Jason Biggs,2
10571,Amanda Detmer,3
10571,Alyson Hannigan,4
10994,Alison Lohman,0
10994,Michelle Pfeiffer,1
10994,Cole Hauser,2
10994,Robin Wright,3
10994,Amy Aquino,4
19994,Megan Fox,0
19994,Amanda Seyfried,1
19994,Johnny Simmons,2
19994,Adam Brody,3
19994,J.K. Simmons,4
25166,Danny DeVito,0
25166,Bette Midler,1
25166,Neve Campbell,2
25166,Jamie Lee Curtis,3
25166,Casey Affleck,4
30890,Woody Allen,0
30890,Mia Farrow,1
30890,Jeff Daniels,2
30890,Larry David,3
30890,Todd Field,4
23169,Robert Pattinson,0
23169,Emilie de Ravin,1
23169,Pierce Brosnan,2
23169,Lena Olin,3
23169,Chris Cooper,4
17403,Mandy Moore,0
17403,Trent Ford,1
17403,Allison Janney,2
17403,Alexandra Holden,3
17403,Dylan Baker,4
12120,Dan Aykroyd,0
12120,Kim Basinger,1
12120,Jon Lovitz,2
12120,Alyson Hannigan,3
12120,Seth Green,4
9800,Tom Hanks,0
9800,Denzel Washington,1
9800,Jason Robards,2
9800,Mary Steenburgen,3
9800,Antonio Banderas,4
1090,Craig Bierko,0
1090,Armin Mueller-Stahl,1
1090,Gretchen Mol,2
1090,Vincent D'Onofrio,3
1090,Dennis Haysbert,4
40160,Sean Connery,0
40160,Natalie Wood,1
40160,Karl Malden,2
40160,Brian Keith,3
40160,Martin Landau,4
18074,Gwyneth Paltrow,0
18074,Scott Speedman,1
18074,Maria Bello,2
18074,Paul Giamatti,3
18074,Andre Braugher,4
9689,Woody Allen,0
9689,George Hamilton,1
9689,Téa Leoni,2
9689,Debra Messing,3
9689,Mark Rydell,4
9781,Giuseppe Andrews,0
9781,James DeBello,1
9781,Edward Furlong,2
9781,Sam Huntington,3
9781,Lin Shaye,4
8009,Christopher Lambert,0
8009,Roxanne Hart,1
8009,Clancy Brown,2
8009,Sean Connery,3
8009,Beatie Edney,4
3877,Halle Berry,0
3877,Benicio del Toro,1
3877,David Duchovny,2
3877,Alison Lohman,3
3877,Sarah Dubrovsky,4
8854,Shaquille O'Neal,0
8854,Annabeth Gish,1
8854,Richard Roundtree,2
8854,Judd Nelson,3
8854,Irma P. Hall,4
152599,Marion Cotillard,0
152599,Jeremy Renner,1
152599,Joaquin Phoenix,2
152599,Dagmara Domińczyk,3
152599,Gabriel Rush,4
68727,James McAvoy,0
68727,Vincent Cassel,1
68727,Rosario Dawson,2
68727,Matt Cross,4
68727,Danny Sapani,5
12657,Tom Arnold,0
12657,Kevin Hart,1
12657,Method Man,2
12657,Snoop Dogg,3
12657,K. D. Aubert,4
12410,Viggo Mortensen,0
12410,Jason Isaacs,1
12410,Mark Strong,2
12410,Steven Mackintosh,3
12410,Jodie Whittaker,4
34647,Nathaniel Brown,0
34647,Paz de la Huerta,1
34647,Cyril Roy,2
34647,Masato Tanno,4
34647,Jesse Kuhn,5
73935,Alicia Silverstone,0
73935,Krysten Ritter,1
73935,Sigourney Weaver,2
73935,Richard Lewis,3
73935,Wallace Shawn,4
28178,Richard Gere,0
28178,Joan Allen,1
28178,Jason Alexander,2
28178,Cary-Hiroyuki Tagawa,3
28178,Sarah Roemer,4
185567,Orlando Bloom,0
185567,Forest Whitaker,1
185567,Conrad Kemp,2
185567,Inge Beckmann,3
185567,Tinarie Van Wyk-Loots,4
264656,Hilary Swank,1
264656,Tommy Lee Jones,2
264656,Grace Gummer,3
264656,Meryl Streep,4
264656,Miranda Otto,5
35696,"Miguel A. Núñez, Jr.",0
35696,Vivica A. Fox,1
35696,Kevin Pollak,2
35696,Tommy Davidson,3
35696,Ginuwine,4
9035,Nathan Fillion,0
9035,Don Thompson,1
9035,Elizabeth Banks,2
9035,Gregg Henry,3
9035,Xantha Radley,4
90,Eddie Murphy,0
90,Judge Reinhold,1
90,John Ashton,2
90,Ronny Cox,3
90,Paul Reiser,4
771,Macaulay Culkin,0
771,Joe Pesci,1
771,Daniel Stern,2
771,John Heard,3
771,Catherine O'Hara,4
12154,Tom Selleck,0
12154,Steve Guttenberg,1
12154,Ted Danson,2
12154,Nancy Travis,3
12154,Margaret Colin,4
9576,Dustin Hoffman,0
9576,Jessica Lange,1
9576,Teri Garr,2
9576,Dabney Coleman,3
9576,Charles Durning,4
744,Tom Cruise,0
744,Kelly McGillis,1
744,Val Kilmer,2
744,Anthony Edwards,3
744,Tom Skerritt,4
14,Kevin Spacey,0
14,Annette Bening,1
14,Thora Birch,2
14,Wes Bentley,3
14,Mena Suvari,4
45269,Colin Firth,1
45269,Geoffrey Rush,2
45269,Helena Bonham Carter,3
45269,Guy Pearce,5
45269,Timothy Spall,6
9493,Arnold Schwarzenegger,0
9493,Danny DeVito,1
9493,Kelly Preston,2
9493,Chloe Webb,3
9493,David Caruso,4
22556,William Hurt,0
22556,Maria Bello,1
22556,Kristen Stewart,2
22556,Eddie Redmayne,3
22556,Veronica Russell,4
873,Whoopi Goldberg,0
873,Margaret Avery,1
873,Danny Glover,2
873,Akosua Busia,3
873,Oprah Winfrey,4
205596,Benedict Cumberbatch,0
205596,Keira Knightley,1
205596,Matthew Goode,2
205596,Rory Kinnear,3
205596,Allen Leech,4
10765,Goldie Hawn,0
10765,Eileen Brennan,1
10765,Armand Assante,2
10765,Robert Webber,3
10765,Mary Kay Place,4
16769,Sissy Spacek,0
16769,Tommy Lee Jones,1
16769,Levon Helm,2
16769,Beverly D'Angelo,3
16769,William Sanderson,4
33217,Zachary Gordon,0
33217,Robert Capron,1
33217,Rachael Harris,2
33217,Steve Zahn,3
33217,Devon Bostick,4
132232,Jessica Chastain,0
132232,Nikolaj Coster-Waldau,1
132232,Megan Charpentier,2
132232,Isabelle Nélisse,3
132232,Daniel Kash,4
11153,Chevy Chase,0
11153,Beverly D'Angelo,1
11153,Imogene Coca,2
11153,Randy Quaid,3
11153,Anthony Michael Hall,4
208134,Johnny Knoxville,0
208134,Jackson Nicoll,1
208134,Georgina Cates,2
208134,Spike Jonze,3
208134,Catherine Keener,4
1165,Helen Mirren,0
1165,Michael Sheen,1
1165,James Cromwell,2
1165,Sylvia Syms,3
1165,Helen McCrory,4
4011,Geena Davis,0
4011,Alec Baldwin,1
4011,Winona Ryder,2
4011,Michael Keaton,3
4011,Catherine O'Hara,4
17202,Tyler Perry,0
17202,Jill Scott,1
17202,Janet Jackson,2
17202,Michael Jai White,3
17202,Malik Yoba,4
9587,Winona Ryder,0
9587,Gabriel Byrne,1
9587,Trini Alvarado,2
9587,Samantha Mathis,3
9587,Kirsten Dunst,4
65086,Daniel Radcliffe,0
65086,Ciarán Hinds,1
65086,Sidney Johnston,2
65086,Alisa Khazanova,3
65086,Mary Stockley,4
10053,Camilla Belle,0
10053,Katie Cassidy,1
10053,Tommy Flanagan,2
10053,Brian Geraghty,3
10053,Clark Gregg,4
11870,Frankie Muniz,0
11870,Paul Giamatti,1
11870,Amanda Bynes,2
11870,Amanda Detmer,3
11870,Donald Faison,4
11778,Robert De Niro,0
11778,John Cazale,1
11778,John Savage,2
11778,Christopher Walken,3
11778,Meryl Streep,4
586,Dustin Hoffman,0
586,Robert De Niro,1
586,Anne Heche,2
586,Woody Harrelson,3
586,Jim Belushi,4
18736,Hilary Duff,0
18736,Adam Lamberg,1
18736,Hallie Todd,2
18736,Robert Carradine,3
18736,Jake Thomas,4
134411,Dwayne Johnson,0
134411,Barry Pepper,1
134411,Jon Bernthal,2
134411,Susan Sarandon,3
134411,Michael Kenneth Williams,4
287903,Adam Scott,0
287903,Toni Collette,1
287903,Allison Tolman,2
287903,David Koechner,4
287903,Emjay Anthony,5
9276,Jordana Brewster,0
9276,Elijah Wood,1
9276,Clea DuVall,2
9276,Laura Harris,3
9276,Josh Hartnett,4
15765,Angela Bassett,0
15765,Laurence Fishburne,1
15765,Vanessa Bell Calloway,2
15765,Rae'Ven Larrymore Kelly,3
15765,Virginia Capers,4
2142,Sylvester Stallone,0
2142,Harvey Keitel,1
2142,Ray Liotta,2
2142,Robert De Niro,3
2142,Michael Rapaport,4
11397,Chyler Leigh,0
11397,Chris Evans,1
11397,Jaime Pressly,2
11397,Eric Christian Olsen,3
11397,Mia Kirshner,4
77016,Jake Gyllenhaal,0
77016,Michael Peña,1
77016,Natalie Martinez,2
77016,Anna Kendrick,3
77016,David Harbour,4
11478,Joshua Jackson,0
11478,Paul Walker,1
11478,Hill Harper,2
11478,Leslie Bibb,3
11478,Christopher McDonald,4
266856,Eddie Redmayne,0
266856,Felicity Jones,1
266856,Charlie Cox,2
266856,Emily Watson,3
266856,Simon McBurney,4
13411,Jamie Kennedy,0
13411,Taye Diggs,1
13411,Anthony Anderson,2
13411,Regina Hall,3
13411,Blair Underwood,4
10564,Natalie Portman,0
10564,Ashley Judd,1
10564,Stockard Channing,2
10564,Joan Cusack,3
10564,Sally Field,4
947,Peter O'Toole,0
947,Alec Guinness,1
947,Anthony Quinn,2
947,Jack Hawkins,3
947,Omar Sharif,4
24150,Scout Taylor-Compton,0
24150,Sheri Moon Zombie,1
24150,Tyler Mane,2
24150,Chase Wright Vanek,3
24150,Brad Dourif,4
228970,Reese Witherspoon,0
228970,Laura Dern,1
228970,Thomas Sadoski,2
228970,Keene McRae,4
228970,Michiel Huisman,5
18405,Garret Dillahunt,0
18405,Michael Bowen,1
18405,Joshua Cox,2
18405,Riki Lindhome,3
18405,Aaron Paul,4
6961,Debra Messing,0
6961,Dermot Mulroney,1
6961,Amy Adams,2
6961,Jack Davenport,3
6961,Jeremy Sheffield,4
11442,Jamie Lee Curtis,0
11442,Brad Loree,1
11442,Busta Rhymes,2
11442,Bianca Kajlich,3
11442,Katee Sackhoff,4
2493,Cary Elwes,0
2493,Robin Wright,1
2493,Mandy Patinkin,2
2493,André the Giant,3
2493,Chris Sarandon,4
14047,Denzel Washington,0
14047,Nate Parker,1
14047,Forest Whitaker,2
14047,Denzel Whitaker,3
14047,Kimberly Elise,4
64690,Ryan Gosling,0
64690,Carey Mulligan,1
64690,Bryan Cranston,2
64690,Albert Brooks,3
64690,Oscar Isaac,4
11132,Lindsay Lohan,0
11132,Adam Garcia,1
11132,Glenne Headly,2
11132,Alison Pill,3
11132,Megan Fox,4
17127,Jennifer Aniston,0
17127,Paul Rudd,1
17127,Hayden Panettiere,2
17127,Alan Alda,3
17127,Allison Janney,4
1562,Imogen Poots,0
1562,Robert Carlyle,1
1562,Rose Byrne,2
1562,Jeremy Renner,3
1562,Harold Perrineau,4
232679,Jim Caviezel,0
232679,Michael Chiklis,1
232679,Laura Dern,2
232679,Clancy Brown,3
232679,Ser'Darius Blain,4
17880,Jeff Daniels,0
17880,AnnaSophia Robb,1
17880,Cicely Tyson,2
17880,Eva Marie Saint,3
17880,Dave Matthews,4
14736,"Chris Warren, Jr.",0
14736,Kyla Pratt,1
14736,Sanaa Lathan,2
14736,Omar Epps,3
14736,Alfre Woodard,4
9434,John Cusack,0
9434,Minnie Driver,1
9434,Dan Aykroyd,2
9434,Joan Cusack,3
9434,Alan Arkin,4
23706,Sandra Bullock,0
23706,Thomas Haden Church,1
23706,Bradley Cooper,2
23706,Ken Jeong,3
23706,DJ Qualls,4
11531,Kim Director,0
11531,Jeffrey Donovan,1
11531,Erica Leerhsen,2
11531,Tristine Skyler,3
11531,Stephen Barker Turner,4
9100,Robin Tunney,0
9100,Fairuza Balk,1
9100,Neve Campbell,2
9100,Rachel True,3
9100,Skeet Ulrich,4
116,Jonathan Rhys Meyers,0
116,Scarlett Johansson,1
116,Emily Mortimer,2
116,Brian Cox,3
116,Penelope Wilton,4
38843,Joey King,0
38843,Selena Gomez,1
38843,John Corbett,2
38843,Bridget Moynahan,3
38843,Ginnifer Goodwin,4
1245,Anthony Hopkins,0
1245,Emma Thompson,1
1245,James Fox,2
1245,Christopher Reeve,3
1245,Hugh Grant,4
4995,Mark Wahlberg,0
4995,Burt Reynolds,1
4995,John C. Reilly,2
4995,Julianne Moore,3
4995,Thomas Jane,4
10413,Jean-Claude Van Damme,0
10413,Rosanna Arquette,1
10413,Kieran Culkin,2
10413,Ted Levine,3
10413,Tiffany Taubman,4
14012,Tim McGraw,0
14012,Maria Bello,1
14012,Armie Hammer,2
14012,Alison Lohman,3
14012,Ryan Kwanten,4
9793,Michael Bailey Smith,0
9793,Archie Kao,1
9793,Jay Acovone,2
9793,Jeff Kober,3
9793,Philip Pavel,4
12212,Jennifer Morrison,0
12212,Matthew Davis,1
12212,Loretta Devine,2
12212,Hart Bochner,3
12212,Anthony Anderson,4
13768,Alexis Bledel,0
13768,William Hurt,1
13768,Sissy Spacek,2
13768,Jonathan Jackson,3
13768,Scott Bairstow,4
8975,John Cena,0
8975,Kelly Carlson,1
8975,Robert Patrick,2
8975,Abigail Bianca,3
8975,Anthony Ray Parker,4
45272,Gwyneth Paltrow,0
45272,Garrett Hedlund,1
45272,Tim McGraw,2
45272,Leighton Meester,3
45272,Marshall Chapman,4
9424,James Marsden,0
9424,Katie Holmes,1
9424,Nick Stahl,2
9424,Steve Railsback,3
9424,Bruce Greenwood,4
97367,Ryan Gosling,0
97367,Bradley Cooper,1
97367,Eva Mendes,2
97367,Dane DeHaan,3
97367,Emory Cohen,4
254904,Pierce Brosnan,0
254904,Luke Bracey,1
254904,Olga Kurylenko,2
254904,Bill Smitrovich,3
254904,Amila Terzimehic,4
18681,Ewan McGregor,0
18681,Ashley Judd,1
18681,Patrick Bergin,2
18681,k.d. lang,3
18681,Geneviève Bujold,4
12162,Jeremy Renner,0
12162,Anthony Mackie,1
12162,Brian Geraghty,2
12162,Guy Pearce,3
12162,Ralph Fiennes,4
11495,David Keith,0
11495,Drew Barrymore,1
11495,Freddie Jones,2
11495,Heather Locklear,3
11495,Martin Sheen,4
64689,Brad Pitt,0
64689,Scoot McNairy,1
64689,Ben Mendelsohn,2
64689,James Gandolfini,3
64689,Ray Liotta,4
157849,Philip Seymour Hoffman,0
157849,Rachel McAdams,1
157849,Robin Wright,2
157849,Daniel Brühl,3
157849,Willem Dafoe,4
13166,Tom Green,0
13166,Rip Torn,1
13166,Marisa Coughlan,2
13166,Eddie Kaye Thomas,3
13166,Harland Williams,4
15511,Phil Vischer,0
15511,Mike Nawrocki,1
15511,Cam Clarke,2
15511,Laura Gerow,3
15511,Yuri Lowenthal,4
12211,Christopher Lambert,0
12211,Bruce Payne,1
12211,Adrian Paul,2
12211,Donnie Yen,3
12211,Lisa Barbuscia,4
13816,André Benjamin,0
13816,Paula Patton,2
13816,Terrence Howard,3
13816,Faizon Love,4
13816,Malinda Williams,5
51828,Anne Hathaway,0
51828,Jim Sturgess,1
51828,Patricia Clarkson,2
51828,Ken Stott,3
51828,Romola Garai,4
22798,Ellen Page,0
22798,Alia Shawkat,1
22798,Kristen Wiig,2
22798,Drew Barrymore,3
22798,Shannon Eagen,4
7501,Barry Pepper,0
7501,Andy Davoli,1
7501,Seth Green,2
7501,Vin Diesel,3
7501,John Malkovich,4
10743,Edward Burns,0
10743,Rachel Weisz,1
10743,Morris Chestnut,2
10743,Dustin Hoffman,3
10743,Andy García,4
15237,Kevin Kline,0
15237,Ashley Judd,1
15237,Jonathan Pryce,2
15237,Kevin McNally,3
15237,Sandra Nelson,4
9686,Woody Allen,0
9686,Marvin Chatinover,1
9686,Mae Questel,2
9686,Mia Farrow,3
9686,Molly Regan,4
97430,Russell Crowe,0
97430,Lucy Liu,1
97430,Jamie Chung,2
97430,RZA,3
97430,Zhu Zhu,4
12257,Drew Barrymore,0
12257,Catherine O'Hara,1
12257,Luke Wilson,2
12257,Jake Busey,3
12257,Shelley Duvall,4
13539,Leelee Sobieski,0
13539,Chris Klein,1
13539,Josh Hartnett,2
13539,Michael Rooker,3
13539,Annie Corley,4
68,Jonathan Pryce,0
68,Robert De Niro,1
68,Katherine Helmond,2
68,Ian Holm,3
68,Bob Hoskins,4
14024,Hilary Duff,0
14024,Oliver James,1
14024,David Keith,2
14024,Johnny Lewis,3
14024,Rita Wilson,4
115,Jeff Bridges,0
115,John Goodman,1
115,Julianne Moore,2
115,Steve Buscemi,3
115,Philip Seymour Hoffman,4
7874,Samuel L. Jackson,0
7874,Christina Ricci,1
7874,Justin Timberlake,2
7874,S. Epatha Merkerson,3
7874,"John Cothran, Jr.",4
4911,Kurt Russell,0
4911,Scott Speedman,1
4911,Michael Michele,2
4911,Brendan Gleeson,3
4911,Ving Rhames,4
1988,Angelina Jolie,0
1988,Dan Futterman,1
1988,Irrfan Khan,2
1988,Archie Panjabi,3
1988,Denis O'Hare,4
16222,Jodi Lyn O'Keefe,0
16222,Shane West,1
16222,Marla Sokoloff,2
16222,James Franco,3
16222,Aaron Paul,5
9557,Cuba Gooding Jr.,0
9557,Horatio Sanz,1
9557,Roselyn Sánchez,2
9557,Vivica A. Fox,3
9557,Maurice Godin,4
9026,Rupert Everett,0
9026,Colin Firth,1
9026,Reese Witherspoon,2
9026,Judi Dench,3
9026,Tom Wilkinson,4
18276,Luke Wilson,0
18276,Logan Lerman,1
18276,Brie Larson,2
18276,Tim Blake Nelson,3
18276,Cody Linley,4
8321,Colin Farrell,0
8321,Brendan Gleeson,1
8321,Ralph Fiennes,2
8321,Clémence Poésy,3
8321,Thekla Reuten,4
72359,Craig Robinson,0
72359,Kerry Washington,1
72359,David Alan Grier,2
72359,S. Epatha Merkerson,3
72359,Tyler James Williams,4
10186,Rainn Wilson,0
10186,Josh Gad,1
10186,Christina Applegate,2
10186,Emma Stone,3
10186,Teddy Geiger,4
25704,Alexis Bledel,0
25704,Zach Gilford,1
25704,Rodrigo Santoro,2
25704,Jane Lynch,3
25704,Carol Burnett,4
133694,Matt Damon,0
133694,John Krasinski,1
133694,Frances McDormand,2
133694,Rosemarie DeWitt,3
133694,Lucas Black,4
19265,Larry David,0
19265,Evan Rachel Wood,1
19265,Adam Brooks,2
19265,Michael McKean,3
19265,Lyle Kanouse,4
36047,Susan Ward,0
36047,Lori Heuring,1
36047,Matthew Settle,2
36047,Nathan Bexton,3
36047,Tess Harper,4
8053,Tommy Lee Jones,0
8053,Barry Pepper,1
8053,Dwight Yoakam,2
8053,January Jones,3
8053,Melissa Leo,4
2290,Robin Williams,0
2290,Armin Mueller-Stahl,1
2290,Hannah Taylor-Gordon,2
2290,Éva Igó,3
2290,István Bálint,4
5236,Robert Downey Jr.,0
5236,Val Kilmer,1
5236,Michelle Monaghan,2
5236,Corbin Bernsen,3
5236,Dash Mihok,4
6552,Devon Sawa,0
6552,Seth Green,1
6552,Jessica Alba,3
6552,Vivica A. Fox,4
6552,Christopher Hart,5
1018,Naomi Watts,0
1018,Laura Harring,1
1018,Ann Miller,2
1018,Dan Hedaya,3
1018,Justin Theroux,4
10075,Agnes Bruckner,0
10075,Hugh Dancy,1
10075,Katja Riemann,2
10075,Olivier Martinez,3
10075,Bryan Dick,4
38031,Gemma Jones,0
38031,Anthony Hopkins,1
38031,Naomi Watts,2
38031,Josh Brolin,3
38031,Antonio Banderas,4
42188,Carey Mulligan,0
42188,Andrew Garfield,1
42188,Keira Knightley,2
42188,Domhnall Gleeson,3
42188,Andrea Riseborough,4
6687,Woody Harrelson,0
6687,Emily Mortimer,1
6687,Kate Mara,2
6687,Eduardo Noriega,3
6687,Thomas Kretschmann,4
13853,Daryl Hannah,0
13853,Pamela Reed,1
13853,James Remar,2
13853,Thomas G. Waites,3
13853,John Doolittle,4
8461,Naomi Watts,0
8461,Tim Roth,1
8461,Michael Pitt,2
8461,Brady Corbet,3
8461,Devon Gearhart,4
331592,Thomas Stroppel,1
331592,Artie Ahr,2
331592,Amber Marie Bollinger,3
331592,Christine Haeberman,4
331592,Steve Hanks,5
10045,David Belle,0
10045,Cyril Raffaelli,1
10045,Tony D'Amario,2
10045,Dany Verissimo-Petit,3
10045,Bibi Naceri,4
400,Andy García,0
400,Christopher Lloyd,1
400,William Forsythe,2
400,Bill Nunn,3
400,Treat Williams,4
9104,Joaquin Phoenix,0
9104,Ed Harris,1
9104,Scott Glenn,2
9104,Anna Paquin,3
9104,Elizabeth McGovern,4
16353,Tony Jaa,0
16353,Sarunyu Wongkrachang,1
16353,Sorapong Chatree,2
16353,Primorata Dejudom,3
23759,Michael Fassbender,0
23759,Olga Kurylenko,1
23759,David Morrissey,2
23759,Liam Cunningham,3
23759,Dominic West,4
24206,Dolph Lundgren,0
24206,Gina Bellman,1
24206,Conrad Dunn,2
24206,Christopher Heyerdahl,3
10185,Bradley Cooper,0
10185,Vinnie Jones,1
10185,Brooke Shields,2
10185,Leslie Bibb,3
10185,Roger Bart,4
74536,Channing Tatum,0
74536,Al Pacino,1
74536,Juliette Binoche,2
74536,Katie Holmes,3
74536,James Ransone,4
13501,Penélope Cruz,0
13501,Martin Freeman,1
13501,Gwyneth Paltrow,2
13501,Simon Pegg,3
13501,Danny DeVito,4
15208,Anna Friel,0
15208,Karel Roden,1
15208,Hans Matheson,2
15208,Vincent Regan,3
15208,Franco Nero,4
172391,Jake T. Austin,0
172391,Liam Neeson,1
172391,Steve Buscemi,2
172391,AnnaSophia Robb,3
172391,Laurence Fishburne,4
262543,Antonio Banderas,0
262543,Birgitte Hjort Sørensen,1
262543,Dylan McDermott,2
262543,Robert Forster,3
262543,Tim McInnerny,4
9288,Bruce Payne,0
9288,Mark Dymond,1
9288,Clemency Burton-Hill,2
9288,Ellie Chidzey,3
9288,Tim Stern,4
137,Bill Murray,0
137,Andie MacDowell,1
137,Chris Elliott,2
137,Stephen Tobolowsky,3
137,Brian Doyle-Murray,4
264999,Channing Tatum,0
264999,Matt Bomer,1
264999,Joe Manganiello,2
264999,Kevin Nash,3
264999,Adam Rodríguez,4
454,Leonardo DiCaprio,0
454,Claire Danes,1
454,John Leguizamo,2
454,Harold Perrineau,3
454,Pete Postlethwaite,4
33,Clint Eastwood,0
33,Gene Hackman,1
33,Morgan Freeman,2
33,Richard Harris,3
33,Jaimz Woolvett,4
1951,Bryce Dallas Howard,0
1951,Isaach De Bankolé,1
1951,Danny Glover,2
1951,Willem Dafoe,3
1951,Michaël Abiteboul,4
12405,Dev Patel,0
12405,Freida Pinto,1
12405,Anil Kapoor,2
12405,Mia Drake Inderbitzin,3
12405,Saurabh Shukla,4
10998,Michael Douglas,0
10998,Glenn Close,1
10998,Anne Archer,2
10998,Ellen Hamilton Latzen,3
10998,Jane Krakowski,4
114,Julia Roberts,0
114,Richard Gere,1
114,Ralph Bellamy,2
114,Jason Alexander,3
114,Héctor Elizondo,4
9396,Paul Hogan,0
9396,Linda Kozlowski,1
9396,John Meillon,2
9396,Ernie Dingo,3
9396,Charles S. Dutton,4
2604,Tom Cruise,0
2604,Raymond J. Barry,1
2604,Caroline Kava,2
2604,Holly Marie Combs,3
2604,Kyra Sedgwick,4
864,Leon Robinson,0
864,Doug E. Doug,1
864,Rawle D. Lewis,2
864,Malik Yoba,3
864,John Candy,4
14435,Jensen Ackles,0
14435,Jaime King,1
14435,Kerr Smith,2
14435,Betsy Rue,3
14435,Edi Gathegi,4
1931,Columbus Short,0
1931,Meagan Good,1
1931,Ne-Yo,2
1931,Darrin Henson,3
1931,Jermaine Williams,4
691,Roger Moore,0
691,Barbara Bach,1
691,Curd Jürgens,2
691,Richard Kiel,3
691,Caroline Munro,4
9877,Alicia Witt,0
9877,Jared Leto,1
9877,Rebecca Gayheart,2
9877,Michael Rosenbaum,3
9877,Loretta Devine,4
62008,Tyler Perry,0
62008,Phylicia Rashād,1
62008,Thandie Newton,2
62008,Brian J. White,3
62008,Gabrielle Union,4
12227,Klaus Maria Brandauer,0
12227,Ethan Hawke,1
12227,Seymour Cassel,2
12227,Susan Hogan,3
12227,James Remar,4
13824,Molly Shannon,0
13824,Will Ferrell,1
13824,Elaine Hendrix,2
13824,Harland Williams,3
13824,Tom Green,4
71688,Meryl Streep,0
71688,Anthony Stewart Head,1
71688,Harry Lloyd,2
71688,Jim Broadbent,3
71688,Susan Brown,4
15173,Phil Vischer,0
15173,Mike Nawrocki,1
15173,Tim Hodge,2
15173,Lisa Vischer,3
15173,Daniel Anderson,4
8291,Janet Jackson,0
8291,Tupac Amaru Shakur,1
8291,Regina King,2
8291,Joe Torry,3
8291,Tyra Ferrell,4
13950,Ice Cube,0
13950,Mike Epps,1
13950,Tommy Flanagan,2
13950,Carmen Chaplin,3
13950,Eva Mendes,4
12158,Eddie Murphy,0
12158,Angela Bassett,1
12158,Allen Payne,2
12158,Kadeem Hardison,3
12158,John Witherspoon,4
11586,Linda Blair,0
11586,Richard Burton,1
11586,Louise Fletcher,2
11586,Max von Sydow,3
11586,Kitty Winn,4
10008,Donald Sutherland,0
10008,Sissy Spacek,1
10008,James D'Arcy,2
10008,Matthew Marsh,3
10008,Gaye Brown,3
2830,Ashton Kutcher,0
2830,Tara Reid,1
2830,Andy Richter,2
2830,Jeffrey Tambor,3
2830,Michael Madsen,4
12403,Milla Jovovich,0
12403,Timothy Olyphant,1
12403,Steve Zahn,2
12403,Chris Hemsworth,3
12403,Anthony Ruivivar,4
34563,Forest Whitaker,0
34563,America Ferrera,1
34563,Carlos Mencia,2
34563,Regina King,3
34563,Lance Gross,4
14557,Tom Everett Scott,0
14557,Mark-Paul Gosselaar,1
14557,Poppy Montgomery,2
14557,Lochlyn Munro,3
14557,Randy Pearlstein,4
10368,Cher,0
10368,Judi Dench,1
10368,Joan Plowright,2
10368,Maggie Smith,3
10368,Lily Tomlin,4
10280,Robert John Burke,0
10280,Joe Mantegna,1
10280,Lucinda Jenney,2
10280,Michael Constantine,3
10280,Kari Wuhrer,4
12637,Liza Minnelli,0
12637,Robert De Niro,1
12637,Lionel Stander,2
12637,Barry Primus,3
12637,Dick Miller,4
34152,Alfre Woodard,0
34152,Delroy Lindo,1
34152,David Patrick Kelly,2
34152,Zelda Harris,3
34152,Carlton Williams,4
14434,Chris Rock,0
14434,Kerry Washington,1
14434,Gina Torres,2
14434,Steve Buscemi,3
14434,Edward Herrmann,4
11470,Kane Hodder,0
11470,Lexa Doig,1
11470,Chuck Campbell,2
11470,Lisa Ryder,3
11470,David Cronenberg,4
10741,Anthony Hopkins,0
10741,Heather Graham,1
10741,Ashton Kutcher,2
10741,Mary Elizabeth Winstead,3
10741,Helen Hunt,4
24940,Monica Potter,0
24940,Freddie Prinze Jr.,1
24940,Shalom Harlow,2
24940,Ivana Miličević,3
24940,Sarah Murdoch,4
82679,Victoria Justice,0
82679,Jackson Nicoll,1
82679,Chelsea Handler,2
82679,Josh Pence,3
82679,Jane Levy,4
1440,Kate Winslet,0
1440,Patrick Wilson,1
1440,Jennifer Connelly,2
1440,Jackie Earle Haley,3
1440,Noah Emmerich,4
18041,Joshua Jackson,0
18041,James Marsden,1
18041,Kate Hudson,2
18041,Lena Headey,3
18041,Norman Reedus,4
28029,Diane Lane,0
28029,Viggo Mortensen,1
28029,Liev Schreiber,2
28029,Anna Paquin,3
28029,Tovah Feldshuh,4
1123,Tim Robbins,0
1123,Derek Luke,1
1123,Bonnie Henna,2
1123,Mncedisi Shabangu,3
1123,Tumisho Masha,4
14033,Eliza Dushku,0
14033,Melissa Sagemiller,1
14033,Wes Bentley,2
14033,Casey Affleck,3
14033,Angela Featherstone,4
16899,Jessica Biel,0
16899,Ben Barnes,1
16899,Kristin Scott Thomas,2
16899,Colin Firth,3
16899,Kimberley Nixon,4
245700,Timothy Spall,0
245700,Dorothy Atkinson,1
245700,Marion Bailey,2
245700,Paul Jesson,3
245700,Lesley Manville,4
9045,Ulrich Tukur,0
9045,Mathieu Kassovitz,1
9045,Ulrich Mühe,2
9045,Michel Duchaussoy,3
9045,Marcel Iureș,4
16005,Tim Robbins,0
16005,Rachel McAdams,1
16005,Michael Peña,2
16005,Kerry Bishé,3
16005,Molly Hagan,4
44754,Anna Paquin,0
44754,Matt Damon,1
44754,Mark Ruffalo,2
44754,Matthew Broderick,3
44754,Jeannie Berlin,4
23988,Diora Baird,0
23988,Leslie Nielsen,1
23988,Steve Howey,2
23988,Kenan Thompson,3
23988,Tara Wilson,4
43949,Madeline Carroll,0
43949,Callan McAuliffe,1
43949,Rebecca De Mornay,2
43949,Anthony Edwards,3
43949,John Mahoney,4
142,Heath Ledger,0
142,Jake Gyllenhaal,1
142,Randy Quaid,2
142,Michelle Williams,3
142,Anne Hathaway,4
9603,Alicia Silverstone,0
9603,Stacey Dash,1
9603,Brittany Murphy,2
9603,Paul Rudd,3
9603,Donald Faison,4
10712,Julianne Moore,0
10712,Dennis Quaid,1
10712,Dennis Haysbert,2
10712,Patricia Clarkson,3
10712,Viola Davis,4
243938,Rob Corddry,0
243938,Craig Robinson,1
243938,Clark Duke,2
243938,Adam Scott,3
243938,Chevy Chase,4
10876,Geoffrey Rush,0
10876,Kate Winslet,1
10876,Joaquin Phoenix,2
10876,Michael Caine,3
10876,Billie Whitelaw,4
86838,Colin Farrell,0
86838,Sam Rockwell,1
86838,Woody Harrelson,2
86838,Christopher Walken,3
86838,Tom Waits,4
97370,Scarlett Johansson,0
97370,Kryštof Hádek,1
97370,Paul Brannigan,2
97370,Michael Moreland,3
97370,Scott Dymond,4
801,Robin Williams,0
801,Forest Whitaker,1
801,Tung Thanh Tran,2
801,Chintara Sukapatana,3
801,Bruno Kirby,4
54518,Justin Bieber,0
54518,Miley Cyrus,1
54518,Usher Raymond,2
54518,Jaden Smith,3
54518,Sean Kingston,4
44214,Natalie Portman,0
44214,Mila Kunis,1
44214,Vincent Cassel,2
44214,Barbara Hershey,3
44214,Winona Ryder,4
240,Al Pacino,0
240,Robert Duvall,1
240,Diane Keaton,2
240,Robert De Niro,3
240,John Cazale,4
9816,Julia Stiles,0
9816,Sean Patrick Thomas,1
9816,Kerry Washington,2
9816,Fredro Starr,3
9816,Terry Kinney,4
10131,Robert Englund,0
10131,Tuesday Knight,1
10131,Ken Sagoes,2
10131,Rodney Eastman,3
10131,Lisa Wilcox,4
8859,Ashton Kutcher,0
8859,Seann William Scott,1
8859,Kristy Swanson,2
8859,Jennifer Garner,3
8859,Marla Sokoloff,4
239563,Bill Murray,0
239563,Melissa McCarthy,1
239563,Naomi Watts,2
239563,Jaeden Lieberher,3
239563,Chris O'Dowd,4
222899,Kevin Hart,0
222899,Michael Ealy,1
222899,Regina Hall,2
222899,Joy Bryant,3
222899,Christopher McDonald,4
4951,Heath Ledger,0
4951,Julia Stiles,1
4951,Joseph Gordon-Levitt,2
4951,Larisa Oleynik,3
4951,David Krumholtz,4
10985,DJ Qualls,0
10985,Eliza Dushku,1
10985,Zooey Deschanel,2
10985,Lyle Lovett,3
10985,Jerod Mixon,4
9644,Emilio Estevez,0
9644,Samuel L. Jackson,1
9644,Jon Lovitz,2
9644,Tim Curry,3
9644,Kathy Ireland,4
1954,Ashton Kutcher,0
1954,Melora Walters,1
1954,Amy Smart,2
1954,Elden Henson,3
1954,William Lee Scott,4
15489,Chevy Chase,0
15489,Chris Elliott,1
15489,Jean Smart,2
15489,Iggy Pop,3
15489,Pam Grier,4
15250,Loretta Devine,0
15250,Delroy Lindo,1
15250,Idris Elba,2
15250,Regina King,3
15250,Laz Alonso,4
22345,Kathleen Turner,0
22345,Christopher Lloyd,1
22345,Kim Cattrall,2
22345,Peter MacNicol,3
22345,Dom DeLuise,4
9448,Mark Wahlberg,0
9448,Lou Diamond Phillips,1
9448,Christina Applegate,2
9448,China Chow,3
9448,Avery Brooks,4
38223,Michelle Trachtenberg,0
38223,Rosie O'Donnell,1
38223,J. Smith-Cameron,2
38223,Eartha Kitt,3
38223,Vanessa Lee Chester,4
11186,Alex Vincent,0
11186,Jenny Agutter,1
11186,Gerrit Graham,2
11186,Christine Elise,3
11186,Brad Dourif,4
136835,Idris Elba,0
136835,Taraji P. Henson,1
136835,Leslie Bibb,2
136835,Kate del Castillo,3
136835,Henry Simmons,4
5876,Thomas Jane,0
5876,Marcia Gay Harden,1
5876,Laurie Holden,2
5876,Andre Braugher,3
5876,Toby Jones,4
264660,Domhnall Gleeson,0
264660,Alicia Vikander,1
264660,Oscar Isaac,2
264660,Sonoya Mizuno,3
264660,Corey Johnson,4
492,John Cusack,0
492,Cameron Diaz,1
492,Catherine Keener,2
492,Charlie Sheen,3
492,John Malkovich,4
238603,Teo Halm,0
238603,Astro,1
238603,Resse Hartwig,2
238603,Ella Wahlestedt,3
238603,Jason Gray-Stanford,4
10691,Kirsten Dunst,0
10691,Jay Hernandez,1
10691,Bruce Davison,2
10691,Herman Osorio,3
10691,Miguel Castro,4
1251,Ken Watanabe,0
1251,Kazunari Ninomiya,1
1251,Tsuyoshi Ihara,2
1251,Ryo Kase,3
1251,Shidou Nakamura,4
5172,Billy Bob Thornton,0
5172,Virginia Madsen,1
5172,Max Thieriot,2
5172,Jasper Polish,3
5172,Logan Polish,4
264644,Brie Larson,0
264644,Jacob Tremblay,1
264644,Joan Allen,2
264644,Sean Bridgers,3
264644,William H. Macy,4
14577,Norm Macdonald,0
14577,Artie Lange,1
14577,Jack Warden,2
14577,Traylor Howard,3
14577,Don Rickles,4
11592,Kathleen Turner,0
11592,Sam Waterston,1
11592,Ricki Lake,2
11592,Matthew Lillard,3
11592,Traci Lords,4
16406,Kirsten Dunst,0
16406,Michelle Williams,1
16406,Will Ferrell,2
16406,Dan Hedaya,3
16406,Bruce McCulloch,4
3682,Ryan Phillippe,0
3682,Salma Hayek,1
3682,Breckin Meyer,2
3682,Mike Myers,3
3682,Neve Campbell,4
9683,Jake Gyllenhaal,0
9683,Swoosie Kurtz,1
9683,Marley Shelton,2
9683,Danny Trejo,3
9683,John Carroll Lynch,4
2084,Nicole Kidman,0
2084,Ben Chaplin,1
2084,Vincent Cassel,2
2084,Mathieu Kassovitz,3
2084,Kate Lynn Evans,4
107811,Miles Teller,0
107811,Skylar Astin,1
107811,Justin Chon,2
107811,Sarah Wright,3
107811,Jonathan Keltz,4
13074,Samuel L. Jackson,0
13074,Josh Hartnett,1
13074,Alan Alda,2
13074,Teri Hatcher,3
13074,Kathryn Morris,4
144340,Tina Fey,0
144340,Paul Rudd,1
144340,Michael Sheen,2
144340,Lily Tomlin,3
144340,Wallace Shawn,4
28211,Julianne Moore,0
28211,Liam Neeson,1
28211,Amanda Seyfried,2
28211,Max Thieriot,3
28211,R. H. Thomson,4
9950,Vin Diesel,0
9950,Alex Rocco,1
9950,Frank Pietrangolare,2
9950,Richard DeDomenico,3
9950,Paul Borghese,4
84892,Logan Lerman,0
84892,Emma Watson,1
84892,Ezra Miller,2
84892,Paul Rudd,3
84892,Nina Dobrev,4
9672,Sigourney Weaver,0
9672,Toby Jones,1
9672,Gwyneth Paltrow,2
9672,Sandra Bullock,3
9672,Isabella Rossellini,4
157544,Olivia Taylor Dudley,1
157544,Michael Peña,2
157544,Djimon Hounsou,3
157544,Dougray Scott,4
157544,Peter Andersson,5
59678,Nick Frost,0
59678,Jodie Whittaker,1
59678,John Boyega,2
59678,Luke Treadaway,3
59678,Flaminia Cinque,4
79777,Zana Marjanović,0
79777,Goran Kostić,1
79777,Branko Đurić,2
79777,Dzana Pinjo,3
79777,Miloš Timotijević,4
158011,Halle Berry,0
158011,Abigail Breslin,1
158011,Morris Chestnut,2
158011,Michael Imperioli,3
158011,Ella Rae Peck,4
17043,Steve Irwin,0
17043,Terri Irwin,1
17043,Magda Szubanski,2
17043,David Wenham,3
17043,Lachy Hulme,4
8952,Jim Carrey,0
8952,Ewan McGregor,1
8952,Leslie Mann,2
8952,Rodrigo Santoro,3
8952,Brennan Brown,4
13435,Derek Luke,0
13435,Malcolm David Kelley,1
13435,Cory Hodges,2
13435,Denzel Washington,3
13435,Joy Bryant,4
17187,Kevin Kline,0
17187,Emile Hirsch,1
17187,Embeth Davidtz,2
17187,Rob Morrow,3
17187,Edward Herrmann,4
319,Christian Slater,0
319,Patricia Arquette,1
319,Michael Rapaport,2
319,Bronson Pinchot,3
319,Gary Oldman,4
59457,Eva Green,0
59457,Matt Smith,1
59457,Lesley Manville,2
59457,Peter Wight,3
59457,István Lénárt,4
9504,Al Pacino,0
9504,Jack Lemmon,1
9504,Alec Baldwin,2
9504,Alan Arkin,3
9504,Ed Harris,4
37414,Casey Affleck,0
37414,Kate Hudson,1
37414,Jessica Alba,2
37414,Ned Beatty,3
37414,Tom Bower,4
6217,Nastassja Kinski,0
6217,Malcolm McDowell,1
6217,John Heard,2
6217,Ruby Dee,3
6217,Ed Begley Jr.,4
26688,Rumer Willis,0
26688,Briana Evigan,1
26688,Jamie Chung,2
26688,Leah Pipes,3
26688,Teri Andrzejewski,4
6615,Ryan Gosling,0
6615,Emily Mortimer,1
6615,Paul Schneider,2
6615,Kelli Garner,3
6615,Lauren Ash,4
14574,Asa Butterfield,0
14574,Jack Scanlon,1
14574,Vera Farmiga,2
14574,David Thewlis,3
14574,Rupert Friend,4
16,Björk,0
16,Catherine Deneuve,1
16,David Morse,2
16,Peter Stormare,3
16,Joel Grey,4
36691,Michael Douglas,0
36691,Danny DeVito,1
36691,Jesse Eisenberg,2
36691,Susan Sarandon,3
36691,Mary-Louise Parker,4
23631,Danny Trejo,0
23631,Michelle Rodriguez,1
23631,Jessica Alba,2
23631,Robert De Niro,3
23631,Lindsay Lohan,4
45324,Kevin Spacey,0
45324,Kelly Preston,1
45324,Hannah Endicott-Douglas,2
45324,Rachelle Lefevre,3
45324,Barry Pepper,4
12144,Gabriel Damon,0
12144,Candace Hutson,1
12144,Judith Barsi,2
12144,Will Ryan,3
12144,Pat Hingle,4
56601,Clifton Collins Jr,0
56601,Cheech Marin,1
56601,Moisés Arias,2
56601,Emilie de Ravin,3
56601,Jake T. Austin,4
9552,Linda Blair,0
9552,Max von Sydow,1
9552,Ellen Burstyn,2
9552,Jason Miller,3
9552,Lee J. Cobb,4
578,Roy Scheider,0
578,Robert Shaw,1
578,Richard Dreyfuss,2
578,Lorraine Gary,3
578,Murray Hamilton,4
2105,Jason Biggs,0
2105,Chris Klein,1
2105,Thomas Ian Nicholas,2
2105,Alyson Hannigan,3
2105,Shannon Elizabeth,4
10136,Eddie Murphy,0
10136,Charles Dance,1
10136,Charlotte Lewis,2
10136,Victor Wong,3
10136,Peter Kwong,4
67660,Michael Ealy,0
67660,Jerry Ferrara,1
67660,Meagan Good,2
67660,Regina Hall,3
67660,Kevin Hart,4
10611,Ice Cube,0
10611,Anthony Anderson,1
10611,Cedric the Entertainer,2
10611,Sean Patrick Thomas,3
10611,Eve,4
154,William Shatner,0
154,Leonard Nimoy,1
154,DeForest Kelley,2
154,James Doohan,3
154,George Takei,4
3049,Jim Carrey,0
3049,Sean Young,1
3049,Courteney Cox,2
3049,Tone Loc,3
3049,Dan Marino,15
860,Matthew Broderick,0
860,Dabney Coleman,1
860,Ally Sheedy,2
860,John Wood,3
860,Barry Corbin,4
9281,Harrison Ford,0
9281,Kelly McGillis,1
9281,Josef Sommer,2
9281,Lukas Haas,3
9281,Jan Rubes,4
75674,Roselyn Sánchez,0
75674,Emilio Rivera,1
75674,Nestor Serrano,2
75674,Gonzalo Menendez,3
75674,Alexander Asefa,4
9762,Channing Tatum,0
9762,Jenna Dewan,1
9762,Damaine Radcliff,2
9762,De'Shawn Washington,3
9762,Mario,4
3179,Mike Judge,0
3179,Bruce Willis,1
3179,Demi Moore,2
3179,Robert Stack,3
3179,Richard Linklater,4
184,Pam Grier,0
184,Samuel L. Jackson,1
184,Robert Forster,2
184,Bridget Fonda,3
184,Michael Keaton,4
13335,John Cho,0
13335,Kal Penn,1
13335,Neil Patrick Harris,2
13335,Rob Corddry,3
13335,Jack Conley,4
76726,Dane DeHaan,0
76726,Alex Russell,1
76726,Michael B. Jordan,2
76726,Michael Kelly,3
76726,Anna Wood,4
10269,Barbra Streisand,0
10269,Mandy Patinkin,1
10269,Amy Irving,2
10269,Nehemiah Persoff,3
10269,Steven Hill,4
36819,Sean Connery,0
36819,John Cleese,1
36819,Shelley Duvall,2
36819,Michael Palin,3
36819,Ian Holm,4
17130,Britney Spears,0
17130,Zoe Saldana,1
17130,Taryn Manning,2
17130,Anson Mount,3
17130,Dan Aykroyd,4
57214,Oliver Cooper,0
57214,Jonathan Daniel Brown,1
57214,Thomas Mann,2
57214,Dax Flame,3
57214,Kirby Bliss Blanton,4
11202,George C. Scott,0
11202,Karl Malden,1
11202,Stephen Young,2
11202,Michael Strong,3
11202,Carey Loftin,4
9357,Robin Williams,0
9357,Connie Nielsen,1
9357,Michael Vartan,2
9357,Erin Daniels,3
9357,Eriq La Salle,4
13812,Jennifer Carpenter,0
13812,Steve Harris,1
13812,Jay Hernandez,2
13812,Johnathon Schaech,3
13812,Columbus Short,4
9030,Jessica Alba,0
9030,Alessandro Nivola,1
9030,Parker Posey,2
9030,Rade Serbedzija,3
9030,Fernanda Romero,4
19084,Cedric the Entertainer,0
19084,Vanessa Williams,1
19084,Steve Harvey,2
19084,Shari Headley,3
19084,Shad Moss,4
8386,Method Man,0
8386,Redman,1
8386,Obba Babatundé,2
8386,Mike Epps,3
8386,Anna Maria Horsford,4
10437,Michael Caine,0
10437,Don Austen,1
10437,Meredith Braun,3
10437,Don Austen,4
10437,Ed Sanders,5
1360,Salma Hayek,0
1360,Alfred Molina,1
1360,Mía Maestro,2
1360,Patricia Reyes Spíndola,3
1360,Diego Luna,4
101267,Katy Perry,0
101267,Russell Brand,1
101267,Shannon Woodward,2
101267,Rachael Markarian,3
101267,Mia Moretti,4
222935,Shailene Woodley,0
222935,Ansel Elgort,1
222935,Nat Wolff,2
222935,Laura Dern,3
222935,Sam Trammell,4
10220,Matt Damon,0
10220,John Turturro,1
10220,Gretchen Mol,2
10220,Goran Visnjic,3
10220,Edward Norton,4
284296,Chris Rock,0
284296,Rosario Dawson,1
284296,J.B. Smoove,2
284296,Gabrielle Union,3
284296,Romany Malco,4
11601,Kevin Bacon,0
11601,Kathryn Erbe,1
11601,Illeana Douglas,2
11601,Kevin Dunn,3
11601,Conor O'Farrell,4
205220,Judi Dench,0
205220,Steve Coogan,1
205220,Sophie Kennedy Clark,2
205220,Mare Winningham,3
205220,Barbara Jefford,4
11354,Joan Allen,0
11354,Kevin Costner,1
11354,Erika Christensen,2
11354,Keri Russell,3
11354,Alicia Witt,4
16241,Gregory Peck,0
16241,Laurence Olivier,1
16241,James Mason,2
16241,Lilli Palmer,3
16241,Uta Hagen,4
14191,Emma Roberts,0
14191,Joanna 'JoJo' Levesque,1
14191,Sara Paxton,2
14191,Jake McDorman,3
14191,Arielle Kebbel,4
286565,Nat Wolff,0
286565,Cara Delevingne,1
286565,Justice Smith,2
286565,Austin Abrams,3
286565,Halston Sage,4
129670,Bruce Dern,0
129670,Will Forte,1
129670,Bob Odenkirk,2
129670,June Squibb,3
129670,Stacy Keach,4
9059,Billy Zane,0
9059,William Sadler,1
9059,Jada Pinkett Smith,2
9059,Brenda Bakke,3
9059,CCH Pounder,4
34549,Alex D. Linz,0
34549,Zena Grey,2
34549,Nora Dunn,4
34549,Larry Miller,5
34549,Josh Peck,6
57157,Charlize Theron,0
57157,Patton Oswalt,1
57157,Patrick Wilson,2
57157,Elizabeth Reaser,3
57157,Collette Wolfe,4
1948,Jason Statham,0
1948,Amy Smart,1
1948,Jose Pablo Cantillo,2
1948,Efren Ramirez,3
1948,Dwight Yoakam,4
38093,Queen Latifah,0
38093,Common,1
38093,Paula Patton,2
38093,James Pickens Jr.,3
38093,Phylicia Rashād,4
14976,Anne Hathaway,0
14976,Rosemarie DeWitt,1
14976,Sebastian Stan,2
14976,Roslyn Ruff,3
14976,Bill Irwin,4
11027,Jack Nicholson,0
11027,Jessica Lange,1
11027,John Colicos,2
11027,Michael Lerner,3
11027,Anjelica Huston,4
3635,Scarlett Johansson,0
3635,Colin Firth,1
3635,Cillian Murphy,2
3635,Tom Wilkinson,3
3635,Judy Parfitt,4
6020,Barry Watson,0
6020,Michael Rosenbaum,1
6020,Harland Williams,2
6020,Melissa Sagemiller,3
6020,Tony Denman,4
122906,Domhnall Gleeson,0
122906,Rachel McAdams,1
122906,Bill Nighy,2
122906,Lydia Wilson,3
122906,Lindsay Duncan,4
60599,Richard Gere,0
60599,Susan Sarandon,1
60599,Tim Roth,2
60599,Brit Marling,3
60599,Monica Raymund,4
227719,Jonny Weston,0
227719,Virginia Gardner,1
227719,Sofia Black-D'Elia,2
227719,Sam Lerner,3
227719,Allen Evangelista,4
14299,Adrien Brody,0
14299,Jeffrey Wright,1
14299,Beyoncé Knowles,2
14299,Gabrielle Union,3
14299,Columbus Short,4
12088,Christopher Lambert,0
12088,Kurtwood Smith,1
12088,Loryn Locklin,2
12088,Clifton Collins Jr,3
12088,Jeffrey Combs,4
14799,Catherine O'Hara,0
14799,Harry Shearer,1
14799,Parker Posey,2
14799,Christopher Moynihan,3
14799,John Michael Higgins,4
9466,Kenneth Branagh,0
9466,Judy Davis,1
9466,Joe Mantegna,2
9466,Leonardo DiCaprio,3
9466,Charlize Theron,4
7510,Annette Bening,0
7510,Brian Cox,1
7510,Joseph Cross,2
7510,Joseph Fiennes,3
7510,Evan Rachel Wood,4
31246,Kelly Clarkson,0
31246,Justin Guarini ,1
31246,Brandon Henschel,2
31246,Greg Siff,3
31246,Brian Dietzen,4
10944,Meg Ryan,0
10944,Mark Ruffalo,1
10944,Jennifer Jason Leigh,2
10944,Nick Damici,3
10944,Heather Litteer,4
10362,Joaquin Phoenix,0
10362,Gwyneth Paltrow,1
10362,Isabella Rossellini,2
10362,Vinessa Shaw,3
10362,Moni Moshonov,4
10212,Guy Pearce,0
10212,Robert Carlyle,1
10212,David Arquette,3
10212,Jeremy Davies,4
10212,Neal McDonough,5
8669,Anton Yelchin,0
8669,Robert Downey Jr.,1
8669,Hope Davis,2
8669,Kat Dennings,3
8669,Tyler Hilton,4
16857,Emile Hirsch,0
16857,Kieran Culkin,1
16857,Jodie Foster,2
16857,Vincent D'Onofrio,3
16857,Jena Malone,4
86825,Mia Wasikowska,0
86825,Nicole Kidman,1
86825,Matthew Goode,2
86825,Dermot Mulroney,3
86825,Jacki Weaver,4
8060,Chris Cooper,0
8060,Pierce Brosnan,1
8060,Patricia Clarkson,2
8060,Rachel McAdams,3
8060,David Wenham,4
15907,Alex Michaeletos,0
15907,Campbell Scott,1
15907,Mary Makhatho,2
15907,Nthabiseng Kenoshi,3
15907,Hope Davis,4
38448,Colin Farrell,0
38448,Alicja Bachleda-Curuś,1
38448,Dervla Kirwan,2
38448,Alison Barry,3
38448,Marion O'Dwyer,4
9260,William H. Macy,0
9260,Isaiah Washington,1
9260,Sam Rockwell,2
9260,Michael Jeter,3
9260,Luis Guzmán,4
13079,Uma Thurman,0
13079,Evan Rachel Wood,1
13079,Eva Amurri Martino,2
13079,Gabrielle Brennan,3
13079,Brett Cullen,4
89325,Diane Keaton,0
89325,Kevin Kline,1
89325,Sam Shepard,2
89325,Dianne Wiest,3
89325,Richard Jenkins,4
4170,Kevin Kline,0
4170,Cesar Ramos,1
4170,Paulina Gaitán,2
4170,Alicja Bachleda-Curuś,4
4170,Marco Pérez,5
41508,Marcell Nagy,0
41508,Béla Dóra,1
41508,Bálint Péntek,2
41508,Áron Dimény,3
41508,Péter Fancsikai,4
12479,Bruce Willis,0
12479,Albert Finney,1
12479,Nick Nolte,2
12479,Barbara Hershey,3
12479,Glenne Headly,4
10133,Jeremy Northam,0
10133,Lucy Liu,1
10133,Nigel Bennett,2
10133,Timothy Webber,3
10133,David Hewlett,4
50601,Rupert Friend,0
50601,Val Kilmer,1
50601,Andy García,2
50601,Dean Cain,3
50601,Emmanuelle Chriqui,4
26466,Melissa George,0
26466,Liam Hemsworth,1
26466,Emma Lung,2
26466,Rachael Carpani,3
26466,Michael Dorman,4
236751,Greg Kinnear,0
236751,Kelly Reilly,1
236751,Connor Corum,2
236751,Thomas Haden Church,3
236751,Jon Ted Wynne,4
107,Jason Statham,0
107,Brad Pitt,1
107,Vinnie Jones,2
107,Dennis Farina,3
107,Benicio del Toro,4
8913,Dale Midkiff,0
8913,Fred Gwynne,1
8913,Denise Crosby,2
8913,Brad Greenquist,3
8913,Michael Lombard,4
927,Zach Galligan,0
927,Phoebe Cates,1
927,Hoyt Axton,2
927,Polly Holliday,3
927,Dick Miller,4
11,Mark Hamill,0
11,Harrison Ford,1
11,Carrie Fisher,2
11,Peter Cushing,3
11,Alec Guinness,4
907,Omar Sharif,0
907,Julie Christie,1
907,Geraldine Chaplin,2
907,Rod Steiger,3
907,Alec Guinness,4
11887,Zac Efron,0
11887,Vanessa Hudgens,1
11887,Ashley Tisdale,2
11887,Lucas Grabeel,3
11887,Corbin Bleu,4
45317,Mark Wahlberg,0
45317,Christian Bale,1
45317,Amy Adams,2
45317,Melissa Leo,3
45317,Mickey O'Keefe,4
12094,Johnny Knoxville,0
12094,Bam Margera,1
12094,Steve-O,2
12094,Chris Pontius,3
12094,Ryan Dunn,4
10377,Joe Pesci,0
10377,Ralph Macchio,1
10377,Marisa Tomei,2
10377,Mitchell Whitfield,3
10377,Fred Gwynne,4
249164,Chloë Grace Moretz,0
249164,Jamie Blackley,1
249164,Liana Liberato,2
249164,Mireille Enos,3
249164,Stacy Keach,4
256092,Thomas Jane,1
256092,John Cusack,2
256092,Zoe Ventoura,3
256092,Damien Garvey,4
256092,Christopher Morris,5
9942,Tom Berenger,0
9942,Charlie Sheen,1
9942,Corbin Bernsen,2
9942,Margaret Whitton,3
9942,James Gammon,4
10748,Talulah Riley,0
10748,Rupert Everett,1
10748,Gemma Arterton,2
10748,Colin Firth,3
10748,Lena Headey,4
1817,Colin Farrell,0
1817,Kiefer Sutherland,1
1817,Forest Whitaker,2
1817,Radha Mitchell,3
1817,Katie Holmes,4
10229,Mandy Moore,0
10229,Shane West,1
10229,Peter Coyote,2
10229,Daryl Hannah,3
10229,Lauren German,4
687,Susan Sarandon,0
687,Sean Penn,1
687,Robert Prosky,2
687,Raymond J. Barry,3
687,R. Lee Ermey,4
796,Sarah Michelle Gellar,0
796,Ryan Phillippe,1
796,Reese Witherspoon,2
796,Selma Blair,3
796,Louise Fletcher,4
22804,Tobin Bell,0
22804,Costas Mandylor,1
22804,Betsy Russell,2
22804,Mark Rolston,3
22804,Peter Outerbridge,4
10156,Mel Brooks,0
10156,Dom DeLuise,1
10156,Madeline Kahn,2
10156,Harvey Korman,3
10156,Cloris Leachman,4
12837,Dakota Fanning,0
12837,Queen Latifah,1
12837,Jennifer Hudson,2
12837,Sophie Okonedo,3
12837,Alicia Keys,4
17708,Chris Kattan,0
17708,Vinessa Shaw,1
17708,Peter Falk,2
17708,Peter Berg,3
17708,Chris Penn,4
13937,John Lithgow,0
13937,Lolita Davidovich,1
13937,Steven Bauer,2
13937,Frances Sternhagen,3
13937,Gregg Henry,4
28932,Sylvester Stallone,0
28932,Rod Steiger,1
28932,Peter Boyle,2
28932,Melinda Dillon,3
28932,David Huffman,4
31909,Karen Black,0
31909,Hunter Carson,1
31909,Timothy Bottoms,2
31909,Laraine Newman,3
31909,James Karen,4
167073,Saoirse Ronan,0
167073,Domhnall Gleeson,1
167073,Emory Cohen,2
167073,Jim Broadbent,3
167073,Julie Walters,4
3175,Ryan O'Neal,0
3175,Marisa Berenson,1
3175,Hardy Krüger,2
3175,Diana Körner,3
3175,Frank Middlemass,4
14369,Jason London,0
14369,Lee Majors,1
14369,Zach Galifianakis,2
14369,Victoria Silvstedt,3
14369,David Koechner,4
16888,Tim Meadows,0
16888,Karyn Parsons,1
16888,Billy Dee Williams,2
16888,John Witherspoon,3
16888,Jill Talley,4
121826,Maggie Smith,0
121826,Tom Courtenay,1
121826,Billy Connolly,2
121826,Pauline Collins,3
121826,Michael Gambon,4
10646,Jerry O'Connell,0
10646,Shannon Elizabeth,1
10646,Jake Busey,2
10646,Horatio Sanz,3
10646,Bernie Casey,4
12149,Bill Paxton,0
12149,Matthew McConaughey,1
12149,Powers Boothe,2
12149,Matt O'Leary,3
12149,Jeremy Sumpter,4
304357,Helen Mirren,0
304357,Ryan Reynolds,1
304357,Tatiana Maslany,2
304357,Katie Holmes,3
304357,Max Irons,4
11184,Liam Neeson,0
11184,Laura Linney,1
11184,Chris O'Donnell,2
11184,Peter Sarsgaard,3
11184,Timothy Hutton,4
766,Bruce Campbell,0
766,Embeth Davidtz,1
766,Marcus Gilbert,2
766,Ian Abercrombie,3
766,Richard Grove,4
20009,Jason Segel,0
20009,Devon Sawa,1
20009,Jason Schwartzman,2
20009,Jaime King,3
20009,Cameron Diaz,4
1587,Johnny Depp,0
1587,Leonardo DiCaprio,1
1587,Juliette Lewis,2
1587,Darlene Cates,3
1587,Mary Steenburgen,4
11109,Imelda Staunton,0
11109,Sally Hawkins,1
11109,Richard Graham,2
11109,Eddie Marsan,3
11109,Anna Keaveney,4
9027,Jimi Mistry,0
9027,Heather Graham,1
9027,Marisa Tomei,2
9027,Michael McKean,3
9027,Dash Mihok,4
86829,Oscar Isaac,0
86829,Carey Mulligan,1
86829,Justin Timberlake,2
86829,Jerry Grayson,3
86829,Robin Bartlett,4
11065,Mekhi Phifer,0
11065,Josh Hartnett,1
11065,Andrew Keegan,2
11065,Julia Stiles,3
11065,Martin Sheen,4
13888,Milla Jovovich,2
13888,Brian Krause,3
13888,Lisa Pelikan,4
13888,Courtney Barilla,5
13888,Garette Ratliff Henson,6
13994,James Gandolfini,0
13994,Susan Sarandon,1
13994,Kate Winslet,2
13994,Steve Buscemi,3
13994,Mandy Moore,4
1590,Ed Harris,0
1590,Diane Kruger,1
1590,Matthew Goode,2
1590,Phyllida Law,3
1590,Ralph Riach,4
62728,Andy Serkis,0
62728,Helen Mirren,1
62728,John Hurt,2
62728,Sam Riley,3
62728,Andrea Riseborough,4
11917,Tobin Bell,0
11917,Costas Mandylor,1
11917,Scott Patterson,2
11917,Betsy Russell,3
11917,Mark Rolston,4
80271,Miley Cyrus,0
80271,Demi Moore,1
80271,Douglas Booth,2
80271,Ashley Greene,3
80271,Ashley Hinshaw,4
24137,Cate Blanchett,0
24137,Minnie Driver,1
24137,Rupert Everett,2
24137,Julianne Moore,3
24137,Jeremy Northam,4
190847,Liev Schreiber,0
190847,Romola Garai,1
190847,Elias Koteas,2
190847,Olivia Williams,3
190847,Johnny Harris,4
11056,Anna Paquin,0
11056,Lena Olin,1
11056,Iain Glen,2
11056,Giancarlo Giannini,3
11056,Fele Martínez,4
62,Keir Dullea,0
62,Gary Lockwood,1
62,William Sylvester,2
62,Douglas Rain,3
62,Daniel Richter,4
601,Henry Thomas,0
601,Drew Barrymore,1
601,Robert MacNaughton,2
601,Dee Wallace,3
601,Peter Coyote,4
13067,Meg Ryan,0
13067,Kristen Stewart,1
13067,Adam Brody,2
13067,JoBeth Williams,3
13067,Olympia Dukakis,4
14877,Jon Voight,0
14877,Tamara Hope,1
14877,Trent Ford,2
14877,Lolita Davidovich,3
14877,Dean Cain,4
96399,Eva Longoria,0
96399,Andy García,1
96399,Oscar Isaac,2
96399,Peter O'Toole,3
96399,Rubén Blades,4
489,Robin Williams,0
489,Matt Damon,1
489,Ben Affleck,2
489,Stellan Skarsgård,3
489,Minnie Driver,4
214,Tobin Bell,0
214,Shawnee Smith,1
214,Angus Macfadyen,2
214,Bahar Soomekh,3
214,Dina Meyer,4
10890,Bill Murray,0
10890,Harold Ramis,1
10890,Warren Oates,2
10890,P.J. Soles,3
10890,Sean Young,4
1588,Kirsten Dunst,0
1588,Jesse Bradford,1
1588,Eliza Dushku,2
1588,Gabrielle Union,3
1588,Huntley Ritter,4
10314,Freddie Prinze Jr.,0
10314,Rachael Leigh Cook,1
10314,Matthew Lillard,2
10314,Paul Walker,3
10314,Jodi Lyn O'Keefe,4
663,Tobin Bell,0
663,Scott Patterson,1
663,Costas Mandylor,2
663,Betsy Russell,3
663,Lyriq Bent,4
11804,Michael Keaton,0
11804,Chandra West,1
11804,Deborah Kara Unger,2
11804,Ian McNeice,3
11804,Keegan Connor Tracy,4
16781,Tyler Perry,0
16781,Blair Underwood,1
16781,Lynn Whitfield,2
16781,Boris Kodjoe,3
16781,Lisa Arrindell,4
11873,Paul Newman,0
11873,Tom Cruise,1
11873,Mary Elizabeth Mastrantonio,2
11873,Helen Shaver,3
11873,John Turturro,4
9289,Eddie Albert,0
9289,Paul Anka,1
9289,Arletty,2
9289,Jean-Louis Barrault,3
9289,Richard Beymer,4
10414,Emilio Estevez,0
10414,Joss Ackland,1
10414,Lane Smith,2
10414,Heidi Kling,3
10414,Josef Sommer,4
1970,Sarah Michelle Gellar,0
1970,Jason Behr,1
1970,Clea DuVall,2
1970,Bill Pullman,3
1970,William Mapother,4
9614,Adam Sandler,0
9614,Ben Stiller,1
9614,Christopher McDonald,2
9614,Julie Bowen,3
9614,Frances Bay,4
8922,Gina Philips,0
8922,Justin Long,1
8922,Jonathan Breck,2
8922,Patricia Belcher,3
8922,Eileen Brennan,4
1648,Keanu Reeves,0
1648,Alex Winter,1
1648,George Carlin,2
1648,Dan Shor,3
1648,Hal Landon Jr.,4
17917,Ron Moody,0
17917,Shani Wallis,1
17917,Oliver Reed,2
17917,Harry Secombe,3
17917,Mark Lester,4
74534,Bill Nighy,0
74534,Maggie Smith,1
74534,Tom Wilkinson,2
74534,Judi Dench,3
74534,Dev Patel,4
19405,Rickey D'Shon Collins,1
19405,Jason Davis,2
19405,Ashley Johnson,3
19405,Courtland Mead,4
19405,Pamela Adlon,5
9355,Mel Gibson,0
9355,Tina Turner,1
9355,Bruce Spence,2
9355,Helen Buday,3
9355,Angelo Rossitto,4
10999,Arnold Schwarzenegger,0
10999,Rae Dawn Chong,1
10999,Dan Hedaya,2
10999,Vernon Wells,3
10999,James Olson,4
44040,Chris Messina,0
44040,Jacob Vargas,1
44040,Bojana Novaković,2
44040,Logan Marshall-Green,3
44040,Bokeem Woodbine,4
10426,Ice Cube,0
10426,Mike Epps,1
10426,John Witherspoon,2
10426,Don Curry,3
10426,Anna Maria Horsford,4
280092,Dermot Mulroney,0
280092,Stefanie Scott,1
280092,Lin Shaye,2
280092,Leigh Whannell,3
280092,Angus Sampson,4
13938,Taimak,0
13938,Julius Carry,1
13938,Vanity,2
13938,Christopher Murney,3
13938,Faith Prince,4
10163,Jeff Fahey,0
10163,Pierce Brosnan,1
10163,Jenny Wright,2
10163,Mark Bringelson,3
10163,Geoffrey Lewis,4
12182,Michael Cera,0
12182,Kat Dennings,1
12182,Aaron Yoo,2
12182,Alexis Dziena,3
12182,Ari Graynor,4
1832,Ben Affleck,0
1832,Matt Damon,1
1832,Linda Fiorentino,2
1832,Jason Mewes,3
1832,Chris Rock,4
9034,Goldie Hawn,0
9034,Susan Sarandon,1
9034,Geoffrey Rush,2
9034,Erika Christensen,3
9034,Robin Thomas,4
15301,Albert Brooks,1
15301,Vic Morrow,2
15301,John Larroquette,3
15301,John Lithgow,4
15301,Dan Aykroyd,5
10135,Patrick Swayze,0
10135,Kelly Lynch,1
10135,Sam Elliott,2
10135,Ben Gazzara,3
10135,Marshall R. Teague,4
26352,Keenen Ivory Wayans,0
26352,Charles S. Dutton,1
26352,Jada Pinkett Smith,2
26352,Salli Richardson-Whitfield,3
26352,Andrew Divoff,4
20616,Jesse Bradford,0
20616,Erika Christensen,1
20616,Shiri Appleby,2
20616,Kate Burton,3
20616,Jason Ritter,4
9794,Dane Cook,0
9794,Jessica Simpson,1
9794,Dax Shepard,2
9794,Andy Dick,3
9794,Tim Bagley,4
15037,Jennifer Love Hewitt,0
15037,Ethan Embry,1
15037,Charlie Korsmo,2
15037,Lauren Ambrose,3
15037,Peter Facinelli,4
227,Matt Dillon,0
227,Ralph Macchio,1
227,C. Thomas Howell,2
227,Patrick Swayze,3
227,Rob Lowe,4
11336,Christopher Walken,0
11336,Brooke Adams,1
11336,Tom Skerritt,2
11336,Martin Sheen,3
11336,Herbert Lom,4
283445,Shannyn Sossamon,0
283445,James Ransone,1
283445,Robert Daniel Sloan,2
283445,Dartanian Sloan,3
283445,Lea Coco,4
88036,Whitney Houston,0
88036,Cee Lo Green,1
88036,Derek Luke,2
88036,Mike Epps,3
88036,Carmen Ejogo,4
10984,Denise Richards,0
10984,David Boreanaz,1
10984,Marley Shelton,2
10984,Jessica Capshaw,3
10984,Jessica Cauffiel,4
22824,Milla Jovovich,0
22824,Will Patton,1
22824,Hakeem Kae-Kazim,2
22824,Corey Johnson,3
22824,Enzo Cilenti,4
9526,Meryl Streep,0
9526,Lindsay Lohan,1
9526,Virginia Madsen,2
9526,Woody Harrelson,3
9526,Garrison Keillor,4
15983,Chuck Norris,0
15983,Richard Lynch,1
15983,Melissa Prophet,2
15983,Alexander Zale,3
15983,Alex Colon,4
14544,Nick Cannon,0
14544,Shad Moss,1
14544,Chi McBride,2
14544,Meagan Good,3
14544,Brandon T. Jackson,4
11545,Jason Schwartzman,0
11545,Olivia Williams,1
11545,Bill Murray,2
11545,Seymour Cassel,3
11545,Mason Gamble,4
42684,Eric Balfour,0
42684,Scottie Thompson,1
42684,David Zayas,2
42684,Donald Faison,3
42684,Brittany Daniel,4
268238,Dev Patel,0
268238,Judi Dench,1
268238,Richard Gere,2
268238,Maggie Smith,3
268238,Bill Nighy,4
8359,Abigail Breslin,0
8359,Chris O'Donnell,1
8359,Julia Ormond,2
8359,Stanley Tucci,3
8359,Joan Cusack,4
15648,Hilary Duff,0
15648,Heather Locklear,1
15648,Chris Noth,2
15648,Mike O'Malley,3
15648,Ben Feldman,4
41823,Denzel Washington,0
41823,Spike Lee,1
41823,Wesley Snipes,2
41823,Giancarlo Esposito,3
41823,John Turturro,4
11891,Hui Lou Chen,1
11891,Tad Horino,2
11891,Steve Oedekerk,4
11891,Jennifer Tung,5
11891,Ming Lo,6
9362,Kevin Bacon,0
9362,Fred Ward,1
9362,Finn Carter,2
9362,Michael Gross,3
9362,Reba McEntire,4
9902,Desmond Harrington,0
9902,Eliza Dushku,1
9902,Emmanuelle Chriqui,2
9902,Jeremy Sisto,3
9902,Kevin Zegers,4
14729,David Carradine,0
14729,Keith Carradine,1
14729,Robert Carradine,2
14729,James Keach,3
14729,Stacy Keach,4
9455,Mark Wahlberg,0
9455,Chow Yun-fat,1
9455,Byron Mann,2
9455,Kim Chan,3
9455,Ric Young,4
103731,Matthew McConaughey,0
103731,Tye Sheridan,1
103731,Jacob Lofland,2
103731,Sam Shepard,3
103731,Reese Witherspoon,4
10090,Lennie Loftin,0
10090,Danny DeVito,1
10090,Ben Garant,2
10090,Carlos Alazraqui,3
10090,Mary Birdsong,4
164558,Harry Styles,0
164558,Niall Horan,1
164558,Zayn Malik,2
164558,Louis Tomlinson,3
164558,Liam Payne,4
19905,Jeremy Piven,0
19905,Ving Rhames,1
19905,James Brolin,2
19905,David Koechner,3
19905,Kathryn Hahn,4
17710,Spencer Klein,0
17710,Francesca Smith,1
17710,Jamil Walker Smith,2
17710,Dan Castellaneta,3
17710,Tress MacNeille,4
75900,Michelle Williams,0
75900,Eddie Redmayne,1
75900,Kenneth Branagh,2
75900,Julia Ormond,3
75900,Judi Dench,4
9515,Pierce Brosnan,0
9515,Greg Kinnear,1
9515,Hope Davis,2
9515,Portia Dawson,3
9515,Adam Scott,4
328425,Jason Bateman,0
328425,Rebecca Hall,1
328425,Joel Edgerton,2
328425,Allison Tolman,3
328425,Tim Griffin,4
10050,Kirsten Dunst,0
10050,Ben Foster,1
10050,Melissa Sagemiller,2
10050,Colin Hanks,3
10050,Zoe Saldana,4
1542,Ron Livingston,0
1542,Jennifer Aniston,1
1542,David Herman,2
1542,Ajay Naidu,3
1542,Diedrich Bader,4
10490,Kirsten Dunst,0
10490,Ellen Barkin,1
10490,Denise Richards,2
10490,Amy Adams,3
10490,Kirstie Alley,4
87093,Amy Adams,0
87093,Christoph Waltz,1
87093,Krysten Ritter,2
87093,Danny Huston,3
87093,Jason Schwartzman,4
10029,Jon Favreau,0
10029,Leland Orser,1
10029,Cameron Diaz,2
10029,Christian Slater,3
10029,Jeremy Piven,4
9893,Alexa PenaVega,0
9893,Mika Boorem,1
9893,Jane Lynch,2
9893,Sara Paxton,3
9893,Brie Larson,4
11507,Craig Wasson,0
11507,Melanie Griffith,1
11507,Gregg Henry,2
11507,Deborah Shelton,3
11507,Guy Boyd,4
37931,Will Forte,0
37931,Kristen Wiig,1
37931,Val Kilmer,2
37931,Ryan Phillippe,3
37931,Maya Rudolph,4
3472,Chiwetel Ejiofor,0
3472,Audrey Tautou,1
3472,Sergi López,2
3472,Benedict Wong,3
3472,Sophie Okonedo,4
87818,Anna Faris,0
87818,Emma Stone,1
87818,Halle Berry,2
87818,Kate Winslet,3
87818,Hugh Jackman,4
13160,Eva Longoria,0
13160,Jason Biggs,1
13160,Lake Bell,2
13160,Paul Rudd,3
13160,Lindsay Sloane,4
88005,Steve Carell,0
88005,Keira Knightley,1
88005,Connie Britton,2
88005,Adam Brody,3
88005,Rob Corddry,4
52067,Anne Heche,0
52067,Ed Helms,1
52067,Sigourney Weaver,2
52067,John C. Reilly,3
52067,Rob Corddry,4
73,Edward Norton,0
73,Edward Furlong,1
73,Beverly D'Angelo,2
73,Avery Brooks,3
73,Jennifer Lien,4
134597,Josh Stewart,0
134597,Christopher McDonald,1
134597,Emma Fitzpatrick,2
134597,Lee Tergesen,3
134597,Erin Way,4
14283,Carlo Cecchi,0
14283,Irene Grazioli,1
14283,Anita Laurenzi,2
14283,Tommaso Puntelli,3
14283,Samuele Amighetti,4
404,Richard Farnsworth,0
404,Sissy Spacek,1
404,Jane Galloway Heitz,2
404,Joseph A. Carpenter,3
404,Donald Wiegert,4
13201,Stephen Dorff,0
13201,Fairuza Balk,1
13201,Brad Renfro,2
13201,Norman Reedus,3
13201,Max Perlich,4
209403,Jason Bateman,0
209403,Kathryn Hahn,1
209403,Rohan Chand,2
209403,Philip Baker Hall,3
209403,Allison Janney,4
7942,Simon Pegg,0
7942,Thandie Newton,1
7942,Hank Azaria,2
7942,Dylan Moran,3
7942,Harish Patel,4
253331,Kevin Costner,0
253331,Jillian Estell,1
253331,Jennifer Ehle,2
253331,Gillian Jacobs,3
253331,Octavia Spencer,4
9952,Christian Bale,0
9952,Steve Zahn,1
9952,Marshall Bell,2
9952,Toby Huss,4
9952,Pat Healy,5
256924,Al Pacino,0
256924,Annette Bening,1
256924,Jennifer Garner,2
256924,Bobby Cannavale,3
256924,Christopher Plummer,4
82532,Jason Segel,0
82532,Ed Helms,1
82532,Susan Sarandon,2
82532,Judy Greer,3
82532,Rae Dawn Chong,4
134371,Samantha Mathis,0
134371,Jason Beghe,1
134371,Esai Morales,2
134371,Patrick Fabian,3
134371,Kim Rhodes,4
2088,Gary Oldman,0
2088,Lena Olin,1
2088,Annabella Sciorra,2
2088,Juliette Lewis,3
2088,Roy Scheider,4
10388,Terence Stamp,0
10388,Lesley Ann Warren,1
10388,Luis Guzmán,2
10388,Barry Newman,3
10388,Joe Dallesandro,4
1640,Sandra Bullock,0
1640,Don Cheadle,1
1640,Matt Dillon,2
1640,Michael Peña,3
1640,Jennifer Esposito,4
13689,Scott Mechlowicz,0
13689,Nick Nolte,1
13689,Amy Smart,2
13689,Tim DeKay,3
13689,Ashton Holmes,4
67911,Nick Swardson,0
67911,Christina Ricci,1
67911,Stephen Dorff,3
67911,Don Johnson,4
67911,Ido Mosseri,5
252512,Ben Stiller,0
252512,Naomi Watts,1
252512,Adam Driver,2
252512,Amanda Seyfried,3
252512,Charles Grodin,4
55720,Demián Bichir,0
55720,José Julián,1
55720,Chelsea Rendon,2
55720,Dolores Heredia,3
55720,Joaquín Cosio,4
9613,Ralph Fiennes,0
9613,Miranda Richardson,1
9613,Gabriel Byrne,2
9613,Lynn Redgrave,3
9613,John Neville,4
29076,Sandra Bullock,0
29076,Liam Neeson,1
29076,Oliver Platt,2
29076,José Zúñiga,3
29076,Michael DeLorenzo,4
29339,Charlie Hunnam,0
29339,Nathan Lane,1
29339,Jim Broadbent,2
29339,Christopher Plummer,3
29339,Jamie Bell,4
68812,Michael Shannon,0
68812,Winona Ryder,1
68812,Ray Liotta,2
68812,Chris Evans,3
68812,David Schwimmer,4
32740,Hrithik Roshan,0
32740,Naseeruddin Shah,1
32740,Priyanka Chopra,2
32740,Rekha,3
32740,Sharat Saxena,4
14195,Melanie Griffith,0
14195,Stephen Dorff,1
14195,Alicia Witt,2
14195,Adrian Grenier,3
14195,Lawrence Gilliard Jr.,4
73567,Matthew McConaughey,0
73567,Emile Hirsch,1
73567,Thomas Haden Church,2
73567,Gina Gershon,3
73567,Juno Temple,4
41479,David Duchovny,0
41479,Demi Moore,1
41479,Amber Heard,2
41479,Benjamin Hollingsworth,3
41479,Lauren Hutton,4
15394,Philip Seymour Hoffman,0
15394,Minnie Driver,1
15394,John Hurt,2
15394,Maury Chaykin,3
15394,Ian Tracey,4
10071,Will Arnett,0
10071,Will Forte,1
10071,Kristen Wiig,2
10071,Chi McBride,3
10071,Lee Majors,4
1989,Norah Jones,0
1989,Jude Law,1
1989,Natalie Portman,2
1989,David Strathairn,3
1989,Rachel Weisz,4
12779,Madonna,0
12779,Adriano Giannini,1
12779,Bruce Greenwood,1
12779,Elizabeth Banks,2
12779,Michael Beattie,4
13191,John Cusack,0
13191,Hilary Duff,1
13191,Marisa Tomei,2
13191,Joan Cusack,3
13191,Dan Aykroyd,4
12703,Vincent Gallo,0
12703,Chloë Sevigny,1
12703,Cheryl Tiegs,2
12703,Elizabeth Blake,3
12703,Anna Vareschi,4
222649,Gael García Bernal,0
222649,Shohreh Aghdashloo,1
222649,Jason Jones,2
222649,Haluk Bilginer,3
222649,Nasser Faris,4
101173,Gerard Butler,0
101173,Ralph Fiennes,1
101173,Lubna Azabal,2
101173,Ashraf Barhom,3
101173,Jessica Chastain,4
20178,Robin Williams,0
20178,Alexie Gilmore,1
20178,Daryl Sabara,2
20178,Geoff Pierson,3
20178,Henry Simmons,4
5072,Danny Dyer,0
5072,Laura Harris,1
5072,Toby Stephens,2
5072,Tim McInnerny,3
5072,Babou Ceesay,4
18191,William H. Macy,0
18191,Joe Mantegna,1
18191,Denise Richards,2
18191,Mena Suvari,3
18191,Bokeem Woodbine,4
31007,Kristen Stewart,0
31007,James Gandolfini,1
31007,Melissa Leo,2
31007,Joe Chrest,3
31007,Ally Sheedy,4
11546,George Gaynes,0
11546,G. W. Bailey,1
11546,Leslie Easterbrook,2
11546,Michael Winslow,3
11546,David Graf,4
268171,Shirley MacLaine,1
268171,Christopher Plummer,2
268171,Chris Noth,3
268171,Marcia Gay Harden,4
268171,Scott Bakula,5
39037,Alexis Bledel,0
39037,Colin Egglesfield,1
39037,Anna Chlumsky,2
39037,Andrew McCarthy,3
39037,Scott Porter,4
22805,Uma Thurman,0
22805,Minnie Driver,1
22805,Anthony Edwards,2
22805,David Schallipp,3
22805,Matthew Schallipp,4
245846,Nicole Kidman,1
245846,Joseph Fiennes,2
245846,Hugo Weaving,3
245846,Lisa Flanagan,4
245846,Megan Alston,5
15017,Jessica Simpson,0
15017,Luke Wilson,1
15017,Rachael Leigh Cook,2
15017,Penelope Ann Miller,3
15017,Andy Dick,4
12245,Elijah Wood,0
12245,John Hurt,1
12245,Leonor Watling,2
12245,Julie Cox,3
12245,Jim Carter,4
49787,Adrienne Pickering,0
49787,Zoe Naylor,1
49787,Gyton Grantley,2
49787,Damian Walshe-Howling,3
49787,Kieran Darcy-Smith,4
16358,Hank Azaria,0
16358,Jesse Bradford,1
16358,Zooey Deschanel,2
16358,Glenne Headly,3
16358,Famke Janssen,4
7006,Nathan Fillion,0
7006,Katee Sackhoff,1
7006,Craig Fairbrass,2
7006,Adrian Holmes,3
7006,Teryl Rothery,4
17622,Ben Kingsley,0
17622,Jim Sturgess,1
17622,Kevin Zegers,2
17622,Rose McGowan,3
17622,Tom Collins,4
217708,Ingvar Eggert Sigurðsson,0
217708,Charlotte Bøving,1
217708,Steinn Ármann Magnússon,2
217708,Kristbjörg Kjeld,3
217708,Helgi Björnsson,4
17577,Cuba Gooding Jr.,0
17577,Ray Winstone,1
17577,Ron Perlman,2
17577,Taryn Manning,3
17577,Stephanie Jacobsen,4
78383,Paz de la Huerta,0
78383,Katrina Bowden,1
78383,Kathleen Turner,2
78383,Judd Nelson,3
78383,Boris Kodjoe,4
16614,Jesse Eisenberg,0
16614,Kristen Stewart,1
16614,Martin Starr,2
16614,Kristen Wiig,3
16614,Bill Hader,4
9700,Andy García,0
9700,Richard Bradford,3
9700,Nestor Carbonell,4
9700,Enrique Murciano,5
9700,Dominik García-Lorido,6
10471,Ice Cube,0
10471,Mike Epps,1
10471,Justin Pierce,2
10471,John Witherspoon,3
10471,Don Curry,4
250066,Hayden Christensen,0
250066,Adrien Brody,1
250066,Jordana Brewster,2
250066,Akon,3
250066,Laura Cayouette,4
667,Sean Connery,0
667,Akiko Wakabayashi,1
667,Karin Dor,2
667,Mie Hama,3
667,Tetsurō Tamba,4
208869,Ed Speleers,0
208869,Will Poulter,1
208869,Alfie Allen,2
208869,Sebastian de Souza,3
208869,Emma Rigby,4
10306,Tom Skerritt,0
10306,Nancy Allen,1
10306,Heather O'Rourke,2
10306,Lara Flynn Boyle,3
10306,Kipley Wentz,4
106845,Roger Cross,0
106845,Scott Adkins,1
106845,Daniella Alonso,2
106845,Bruce Payne,3
106845,Jesse Garcia,4
11576,Spencer Tracy,0
11576,Milton Berle,1
11576,Sid Caesar,2
11576,Buddy Hackett,3
11576,Mickey Rooney,4
11827,Rodger Bumpass,0
11827,Jackie Burroughs,1
11827,Joe Flaherty,2
11827,Harold Ramis,3
11827,John Candy,4
22820,Michael Angarano,0
22820,Sam Rockwell,1
22820,Clive Revill,2
22820,Jemaine Clement,3
22820,Jennifer Coolidge,4
31174,Ian McKellen,0
31174,Annette Bening,1
31174,Jim Broadbent,2
31174,Kristin Scott Thomas,3
31174,Adrian Dunbar,4
244316,James Marsden,0
244316,Thomas Jane,1
244316,Piper Perabo,2
244316,Scott Glenn,3
244316,Michaela McManus,4
37737,Hrithik Roshan,0
37737,Bárbara Mori,1
37737,Kabir Bedi,2
37737,Kangana Ranaut,3
37737,Nicholas Brown,4
66125,Josh Lucas,0
66125,Rachael Taylor,1
66125,Rohan Nichol,2
66125,Luke Ford,3
66125,Arthur Angel,4
348,Tom Skerritt,0
348,Sigourney Weaver,1
348,Veronica Cartwright,2
348,Harry Dean Stanton,3
348,John Hurt,4
30497,Marilyn Burns,0
30497,Allen Danziger,1
30497,Paul A. Partain,2
30497,William Vail,3
30497,Teri McMinn,4
27586,Dakota Fanning,0
27586,Kristen Stewart,1
27586,Michael Shannon,2
27586,Riley Keough,3
27586,Stella Maeve,4
14811,Chaim Topol,0
14811,Norma Crane,1
14811,Leonard Frey,2
14811,Molly Picon,3
14811,Paul Mann,4
660,Sean Connery,0
660,Claudine Auger,1
660,Adolfo Celi,2
660,Luciana Paluzzi,3
660,Rik Van Nutter,4
68684,Shanley Caswell,0
68684,Josh Hutcherson,1
68684,Spencer Locke,2
68684,Dane Cook,3
68684,A.D. Johnson,4
9400,Jada Pinkett Smith,0
9400,Queen Latifah,1
9400,Vivica A. Fox,2
9400,Kimberly Elise,3
9400,Blair Underwood,4
16162,Nia Long,0
16162,Morris Chestnut,1
16162,Harold Perrineau,2
16162,Terrence Howard,2
16162,Sanaa Lathan,3
10585,Catherine Hicks,0
10585,Chris Sarandon,1
10585,Alex Vincent,2
10585,Brad Dourif,3
10585,Dinah Manoff,4
2359,Michael Moore,0
2359,George W. Bush,1
2359,Bill Clinton,2
2359,Hillary Clinton,3
2359,Billy Crystal,4
238636,Frank Grillo,0
238636,Carmen Ejogo,1
238636,Zach Gilford,2
238636,Kiele Sanchez,3
238636,Zoë Borde,4
10472,Freddie Prinze Jr.,0
10472,Julia Stiles,1
10472,Selma Blair,2
10472,Shawn Hatosy,3
10472,Zak Orth,4
11282,John Cho,0
11282,Kal Penn,1
11282,Paula Garcés,2
11282,Neil Patrick Harris,3
11282,David Krumholtz,4
6521,Gary Oldman,0
6521,Joan Allen,1
6521,Jeff Bridges,2
6521,Christian Slater,3
6521,Sam Elliott,4
14181,Giovanni Ribisi,0
14181,Vin Diesel,1
14181,Nia Long,2
14181,Tom Everett Scott,3
14181,Ben Affleck,4
1621,Eddie Murphy,0
1621,Dan Aykroyd,1
1621,Jamie Lee Curtis,2
1621,Jim Belushi,3
1621,Denholm Elliott,4
9656,Katie Cassidy,0
9656,Michelle Trachtenberg,1
9656,Kristen Cloke,2
9656,Mary Elizabeth Winstead,3
9656,Lacey Chabert,4
16428,Jamie Foxx,0
16428,Morris Chestnut,1
16428,Jennifer Esposito,2
16428,Gabrielle Union,3
16428,Peter MacNicol,4
10705,Kenneth Branagh,0
10705,Derek Jacobi,1
10705,Brian Blessed,2
10705,James Larkin,3
10705,Paul Scofield,4
8272,Laura Linney,0
8272,Philip Seymour Hoffman,1
8272,Philip Bosco,2
8272,Cara Seymour,3
8272,Peter Friedman,4
1619,Benicio del Toro,0
1619,Ryan Phillippe,1
1619,Juliette Lewis,2
1619,James Caan,3
1619,Taye Diggs,4
9685,Kieran Culkin,0
9685,Claire Danes,1
9685,Jeff Goldblum,2
9685,Jared Harris,3
9685,Amanda Peet,4
14425,Jeremy Piven,0
14425,Chris Young,1
14425,David Spade,2
14425,Megan Ward,3
14425,Sarah Trigger,4
14624,James Garner,0
14624,Drew Fuller,1
14624,Abigail Breslin,2
14624,Ali Hillis,3
14624,Bill Cobbs,4
10179,Robert Urich,0
10179,Mary Crosby,1
10179,Michael D. Roberts,2
10179,Anjelica Huston,3
10179,John Matuszak,4
15568,Jesse Lee Soffer,0
15568,Christopher Shand,1
15568,Carly Schroeder,2
15568,Karl Girolamo,3
15568,Vasilios Mantagas,4
14057,David Duchovny,0
14057,Julianne Moore,1
14057,Billy Crudup,2
14057,Maggie Gyllenhaal,3
14057,Justin Bartha,4
12621,Steve Coogan,0
12621,Catherine Keener,1
12621,Joseph Julian Soria,2
12621,Melonie Diaz,3
12621,Arnie Pantoja,4
1808,Ewan McGregor,0
1808,Christian Bale,1
1808,Jonathan Rhys Meyers,2
1808,Janet McTeer,3
1808,Toni Collette,4
67675,Dianna Agron,0
67675,Lea Michele,1
67675,Gwyneth Paltrow,2
67675,Darren Criss,3
67675,Chris Colfer,4
29514,Adrienne Barbeau,0
29514,Harvey Keitel,1
29514,Ramy Zada,2
29514,E.G. Marshall,3
29514,Madeleine Potter,4
12454,James Corden,0
12454,Timothy Spall,1
12454,Ruth Sheen,2
12454,Lesley Manville,3
12454,Sally Hawkins,4
291081,Andrew Garfield,0
291081,David Morrissey,1
291081,John Henshaw,2
291081,Anthony Flanagan,3
291081,Warren Clarke,4
25968,Sarah Michelle Gellar,0
25968,David Thewlis,1
25968,Jonathan Tucker,2
25968,Erika Christensen,3
25968,Melissa Leo,4
9671,Paul Hogan,0
9671,Linda Kozlowski,1
9671,Mark Blum,2
9671,David Gulpilil,3
9671,Michael Lombard,4
52010,Terence Stamp,0
52010,John Hurt,1
52010,Sean Pertwee,2
52010,Steven Waddington,3
52010,Donald Sumpter,4
11588,Ryan Phillippe,0
11588,Sarah Polley,1
11588,Piper Perabo,2
11588,Robert Sean Leonard,3
11588,Stephen Rea,4
43418,Brendan Cowell,0
43418,Harrison Gilbertson,1
43418,Steve Le Marquand,2
43418,Gyton Grantley,3
43418,Alan Dukes,4
13483,Hayden Christensen,0
13483,Jessica Alba,1
13483,Terrence Howard,2
13483,Lena Olin,3
13483,Charlie Hewson,4
327833,Dolph Lundgren,0
327833,Tony Jaa,1
327833,Ron Perlman,2
327833,Celina Jade,3
327833,Michael Jai White,4
1547,Jason Patric,0
1547,Corey Haim,1
1547,Corey Feldman,2
1547,Dianne Wiest,3
1547,Kiefer Sutherland,4
25196,Jeff Bridges,0
25196,Maggie Gyllenhaal,1
25196,Colin Farrell,2
25196,Robert Duvall,3
25196,Paul Herman,4
175528,Paula Patton,0
175528,Adam Brody,1
175528,Djimon Hounsou,2
175528,Taye Diggs,3
175528,Christina Milian,4
8069,Jane Fonda,0
8069,John Phillip Law,1
8069,Anita Pallenberg,2
8069,Marcel Marceau,3
8069,Claude Dauphin,4
9451,Matthew Broderick,0
9451,Reese Witherspoon,1
9451,Chris Klein,2
9451,Jessica Campbell,3
9451,Mark Harelik,4
16727,Kal Penn,0
16727,Tabu,1
16727,Irrfan Khan,2
16727,Sahira Nair,3
16727,Jacinda Barrett,4
272693,Mae Whitman,0
272693,Robbie Amell,1
272693,Bella Thorne,2
272693,Bianca A. Santos,3
272693,Skyler Samuels,4
150202,Chad Michael Murray,0
150202,Katee Sackhoff,1
150202,Abigail Spencer,2
150202,Cicely Tyson,3
150202,Emily Alyn Lind,4
29963,Abbie Cornish,0
29963,Ben Whishaw,1
29963,Paul Schneider,2
29963,Kerry Fox,3
29963,Edie Martin,4
26022,Shah Rukh Khan,0
26022,Kajol,1
26022,Jimmy Shergill,2
26022,Zarina Wahab,3
26022,Tanay Chheda,4
152747,Robert Redford,0
20360,Akshay Kumar,0
20360,Katrina Kaif,1
20360,Rishi Kapoor,2
20360,Clive Standen,3
20360,Upen Patel,4
1116,Cillian Murphy,0
1116,Pádraic Delaney,1
1116,Liam Cunningham,2
1116,Orla Fitzgerald,3
1116,Gerard Kearney,4
14353,Alexa PenaVega,0
14353,Paul Sorvino,1
14353,Anthony Stewart Head,2
14353,Sarah Brightman,3
14353,Paris Hilton,4
680,John Travolta,0
680,Samuel L. Jackson,1
680,Uma Thurman,2
680,Bruce Willis,3
680,Ving Rhames,4
242582,Jake Gyllenhaal,0
242582,Rene Russo,1
242582,Riz Ahmed,2
242582,Bill Paxton,3
242582,Kevin Rahm,4
11217,Kevin Heffernan,0
11217,Jay Chandrasekhar,1
11217,Paul Soter,2
11217,Erik Stolhanske,3
11217,Tanja Reichert,4
15121,Julie Andrews,0
15121,Christopher Plummer,1
15121,Eleanor Parker,2
15121,Richard Haydn,3
15121,Peggy Wood,4
2619,Tom Hanks,0
2619,Daryl Hannah,1
2619,Eugene Levy,2
2619,John Candy,3
2619,Dody Goodman,4
773,Greg Kinnear,0
773,Toni Collette,1
773,Steve Carell,2
773,Paul Dano,3
773,Abigail Breslin,4
235,Wil Wheaton,0
235,River Phoenix,1
235,Corey Feldman,2
235,Jerry O'Connell,3
235,Kiefer Sutherland,4
170,Cillian Murphy,0
170,Naomie Harris,1
170,Noah Huntley,2
170,Christopher Dunne,3
170,Emma Hitching,4
14114,Marques Houston,0
14114,Omarion,1
14114,J-Boog,3
14114,Lil' Fizz,4
14114,Raz B,5
10734,Clint Eastwood,0
10734,Patrick McGoohan,1
10734,Roberts Blossom,2
10734,Jack Thibeau,3
10734,Fred Ward,4
37964,Sanaa Lathan,0
37964,Taye Diggs,1
37964,Yasiin Bey,2
37964,Queen Latifah,3
37964,Nicole Ari Parker,4
28121,Lynn Whitfield,1
28121,Martin Lawrence,2
28121,Regina King,3
28121,Della Reese,4
28121,Bobby Brown,5
40807,Joseph Gordon-Levitt,0
40807,Seth Rogen,1
40807,Anna Kendrick,2
40807,Bryce Dallas Howard,3
40807,Anjelica Huston,4
10885,Joshua Jackson,0
10885,Rachael Taylor,1
10885,Megumi Okina,2
10885,David Denman,3
10885,Eri Otoguro,4
225565,Zac Efron,0
225565,Miles Teller,1
225565,Michael B. Jordan,2
225565,Imogen Poots,3
225565,Mackenzie Davis,4
11971,Kenneth Branagh,0
11971,Richard Briers,1
11971,Michael Keaton,2
11971,Robert Sean Leonard,3
11971,Keanu Reeves,4
668,George Lazenby,0
668,Diana Rigg,1
668,Telly Savalas,2
668,Gabriele Ferzetti,3
668,Ilse Steppat,4
11596,Heather Langenkamp,0
11596,Robert Englund,1
11596,Miko Hughes,2
11596,Wes Craven,3
11596,David Newsom,4
14429,Melissa Joan Hart,0
14429,Stephen Collins,1
14429,Adrian Grenier,2
14429,Susan May Pratt,3
14429,Ali Larter,4
13751,Keke Palmer,0
13751,Laurence Fishburne,1
13751,Angela Bassett,2
13751,Curtis Armstrong,3
13751,J.R. Villarreal,4
9490,Dave Chappelle,0
9490,Tommy Chong,1
9490,Harland Williams,2
9490,Guillermo Díaz,3
9490,Jim Breuer,4
14536,Renée Zellweger,0
14536,Harry Connick Jr.,1
14536,J.K. Simmons,3
14536,Siobhan Fallon,4
14536,Mike O'Brien,5
1359,Christian Bale,0
1359,Willem Dafoe,1
1359,Jared Leto,2
1359,Josh Lucas,3
1359,Samantha Mathis,4
9962,Jennifer Aniston,0
9962,Jake Gyllenhaal,1
9962,Zooey Deschanel,2
9962,John C. Reilly,3
9962,Deborah Rush,4
22821,Sean Patrick Flanery,0
22821,Norman Reedus,1
22821,Billy Connolly,2
22821,Clifton Collins Jr,3
22821,Julie Benz,4
209263,Julia Louis-Dreyfus,0
209263,Catherine Keener,1
209263,James Gandolfini,2
209263,Toni Collette,3
209263,Ben Falcone,4
37735,Emma Stone,0
37735,Stanley Tucci,1
37735,Amanda Bynes,2
37735,Cam Gigandet,3
37735,Lisa Kudrow,4
10873,John Malkovich,0
10873,Willem Dafoe,1
10873,Udo Kier,2
10873,Cary Elwes,3
10873,Catherine McCormack,4
51588,Aimee Teegarden,0
51588,Thomas McDonell,1
51588,Nicholas Braun,2
51588,Faith Ford,3
51588,Danielle Campbell,4
23570,David Schwimmer,0
23570,Gwyneth Paltrow,1
23570,Michael Rapaport,2
23570,Toni Collette,3
23570,Carol Kane,4
14629,Penélope Cruz,0
14629,Murilo Benicio,1
14629,Mark Feuerstein,2
14629,John de Lancie,3
14629,Anne Ramsay,4
8293,Vanessa Redgrave,0
8293,Helena Bonham Carter,1
8293,Emma Thompson,2
8293,Prunella Scales,3
8293,Anthony Hopkins,4
291270,David Thewlis,0
291270,Jennifer Jason Leigh,1
291270,Tom Noonan,2
44009,Jim Broadbent,0
44009,Lesley Manville,1
44009,Ruth Sheen,2
44009,Oliver Maltman,3
44009,Peter Wight,4
13154,Dolph Lundgren,0
13154,Brandon Lee,1
13154,Cary-Hiroyuki Tagawa,2
13154,Tia Carrere,3
13154,Philip Tan,5
26618,Joaquin Phoenix,0
26618,Vince Vaughn,1
26618,Janeane Garofalo,2
26618,Gregory Sporleder,3
26618,Georgina Cates,4
43923,Keir Gilchrist,0
43923,Emma Roberts,1
43923,Zach Galifianakis,2
43923,Viola Davis,3
43923,Zoë Kravitz,4
46138,Sally Hawkins,0
46138,Bob Hoskins,1
46138,Miranda Richardson,2
46138,Geraldine James,3
46138,Simon Nehan,4
26963,Evan McGuire,0
26963,Christen Mooney,1
26963,Brendan Gleeson,2
26963,Mick Lally,3
26963,Liam Hourican,4
198277,Mark Ruffalo,0
198277,Keira Knightley,1
198277,Adam Levine,2
198277,Hailee Steinfeld,3
198277,Catherine Keener,4
7870,Edward Norton,0
7870,Evan Rachel Wood,1
7870,David Morse,2
7870,Rory Culkin,3
7870,Bruce Dern,4
30141,Robert Downey Jr.,0
30141,Robin Wright,1
30141,Mel Gibson,2
30141,Jeremy Northam,3
30141,Katie Holmes,4
10288,Billy Connolly,0
10288,Carrie-Anne Moss,1
10288,Dylan Baker,2
10288,Kesun Loder,3
10288,Henry Czerny,4
44147,Bill Nighy,0
44147,Emily Blunt,1
44147,Rupert Grint,2
44147,Rupert Everett,3
44147,Eileen Atkins,4
12192,Milo Ventimiglia,0
12192,Alyssa Milano,1
12192,Michael Weston,2
12192,Lauren Lee Smith,3
12192,Johnny Whitworth,4
36597,Tom Hardy,0
36597,Charlotte Riley,1
36597,Andrew Lincoln,2
36597,Sarah Lancashire,3
36597,Burn Gorman,4
13197,James Marsden,0
13197,Brian Dennehy,1
13197,Leo Rossi,2
13197,Dennis Hopper,3
13197,Giovanni Ribisi,4
10913,Jamie Bell,0
10913,Bill Pullman,1
10913,Michael Angarano,2
10913,Danso Gordon,3
10913,Alison Pill,4
251321,Jennifer Connelly,0
251321,Mélanie Laurent,1
251321,Cillian Murphy,2
251321,William Shimell,3
251321,Zen McGrath,4
10425,Paul Walker,0
10425,Laurence Fishburne,1
10425,Olivia Wilde,2
10425,Jason Lewis,3
10425,Michael Bowen,4
49081,Roy Dupuis,0
49081,Michel Barrette,1
49081,Rémy Girard,2
49081,Tony Calabretta,3
49081,Sean Avery,4
256687,Jean-Claude Van Damme,1
256687,Brad Carter,2
256687,Josh Henderson,3
256687,Alfred Molina,4
256687,Lennie James,5
1544,Piper Perabo,0
1544,Lena Headey,1
1544,Matthew Goode,2
1544,Celia Imrie,3
1544,Darren Boyd,4
302,Charlotte Rampling,0
302,Ludivine Sagnier,1
302,Charles Dance,2
302,Jean-Marie Lamour,3
302,Marc Fayolle,4
182873,Scott Adkins,0
182873,Joey Ansah,1
182873,Kacey Clarke,2
182873,Mark Wingett,3
182873,Roberta Taylor,4
21512,Rutger Hauer,0
21512,Joan Chen,1
21512,Delroy Lindo,2
21512,Anna Katarina,3
21512,Vincent D'Onofrio,4
403,Morgan Freeman,0
403,Jessica Tandy,1
403,Dan Aykroyd,2
403,Patti LuPone,3
403,Esther Rolle,4
29461,Vivica A. Fox,0
29461,Nia Long,1
29461,Michael Beach,2
29461,Mekhi Phifer,3
29461,Brandon Hammond,4
9388,Aaron Eckhart,0
9388,Maria Bello,1
9388,Cameron Bright,2
9388,Adam Brody,3
9388,Sam Elliott,4
1691,Lauren German,0
1691,Bijou Phillips,1
1691,Heather Matarazzo,2
1691,Richard Burgi,3
1691,Roger Bart,4
24684,Carey Mulligan,0
24684,Olivia Williams,1
24684,Peter Sarsgaard,2
24684,Alfred Molina,3
24684,Cara Seymour,4
2610,Steve Martin,0
2610,Claire Danes,1
2610,Jason Schwartzman,2
2610,Bridgette Wilson,3
2610,Frances Conroy,4
11022,Jason Patric,0
11022,Ray Liotta,1
11022,Chi McBride,2
11022,Busta Rhymes,3
11022,Lloyd Adams,4
15365,Larry the Cable Guy,0
15365,Ivana Miličević,1
15365,Jenny McCarthy,2
15365,Yaphet Kotto,3
15365,Peter Stormare,4
12569,Jason Bateman,0
12569,Mila Kunis,1
12569,Kristen Wiig,2
12569,Ben Affleck,3
12569,J.K. Simmons,4
2577,Tim Robbins,0
2577,Samantha Morton,1
2577,Nabil Elouahabi,2
2577,Om Puri,3
2577,Emil Marwa,4
73873,Glenn Close,0
73873,Mia Wasikowska,1
73873,Aaron Taylor-Johnson,2
73873,Pauline Collins,4
73873,Brendan Gleeson,5
45650,Chris Massoglia,0
45650,Haley Bennett,1
45650,Nathan Gamble,2
45650,Bruce Dern,3
45650,Teri Polo,4
25941,Michael Caine,0
25941,Emily Mortimer,1
25941,Iain Glen,2
25941,Lee Oakes,3
25941,Liam Cunningham,4
7326,Ellen Page,0
7326,Michael Cera,1
7326,Jennifer Garner,2
7326,Jason Bateman,4
7326,Allison Janney,5
326284,Jean-Claude Van Damme,0
326284,John Ralston,1
326284,Darren Shahlavi,2
326284,Aki Aleong,3
326284,Jason Tobin,4
681,Sean Connery,0
681,Jill St. John,1
681,Charles Gray,2
681,Lana Wood,3
681,Jimmy Dean,4
238,Marlon Brando,0
238,Al Pacino,1
238,James Caan,2
238,Richard S. Castellano,3
238,Robert Duvall,4
535,Jennifer Beals,0
535,Michael Nouri,1
535,Lilia Skala,2
535,Kyle T. Heffner,3
535,Sunny Johnson,4
19913,Joseph Gordon-Levitt,0
19913,Zooey Deschanel,1
19913,Chloë Grace Moretz,2
19913,Geoffrey Arend,3
19913,Matthew Gray Gubler,4
713,Holly Hunter,0
713,Harvey Keitel,1
713,Sam Neill,2
713,Anna Paquin,3
713,Cliff Curtis,4
77930,Channing Tatum,0
77930,Matthew McConaughey,1
77930,Alex Pettyfer,2
77930,Cody Horn,3
77930,Olivia Munn,4
10727,Chaney Kley,0
10727,Emma Caulfield,1
10727,Lee Cormie,2
10727,Grant Piro,3
10727,Sullivan Stapleton,4
253,Roger Moore,0
253,Yaphet Kotto,1
253,Jane Seymour,2
253,Clifton James,3
253,Julius Harris,4
17908,Frankie Muniz,0
17908,Diane Lane,1
17908,Kevin Bacon,2
17908,Luke Wilson,3
17908,Chaon Cross,4
8390,Ryan Reynolds,0
8390,Abigail Breslin,1
8390,Elizabeth Banks,2
8390,Isla Fisher,3
8390,Rachel Weisz,4
57119,Paula Patton,0
57119,Julie Bowen,1
57119,Meagan Good,2
57119,Mike Epps,3
57119,Angela Bassett,4
3291,David Strathairn,0
3291,Jeff Daniels,1
3291,Alex Borstein,2
3291,Rose Abdoo,3
3291,Dianne Reeves,4
398,Philip Seymour Hoffman,0
398,Allie Mickelson,1
398,Craig Archibald,2
398,Bronwen Coleman,3
398,Kate Shindle,4
8068,Antonio Banderas,0
8068,Salma Hayek,1
8068,Joaquim de Almeida,2
8068,Cheech Marin,3
8068,Steve Buscemi,4
10803,Michael York,0
10803,Richard Jordan,1
10803,Jenny Agutter,2
10803,Roscoe Lee Browne,3
10803,Farrah Fawcett,4
682,Roger Moore,0
682,Christopher Lee,1
682,Britt Ekland,2
682,Maud Adams,3
682,Hervé Villechaize,4
10117,Carl Weathers,0
10117,Craig T. Nelson,1
10117,Vanity,2
10117,Sharon Stone,3
10117,Thomas F. Wilson,4
9392,Shauna Macdonald,0
9392,Natalie Mendoza,1
9392,Alex Reid,2
9392,Saskia Mulder,3
9392,MyAnna Buring,4
79316,Allison Miller,0
79316,Zach Gilford,1
79316,Sam Anderson,2
79316,Robert Belushi,3
79316,Catherine Kresge,4
2074,Ben Stiller,0
2074,Patricia Arquette,1
2074,Téa Leoni,2
2074,Mary Tyler Moore,3
2074,Alan Alda,4
1696,Sid Haig,0
1696,Bill Moseley,1
1696,Sheri Moon Zombie,2
1696,William Forsythe,3
1696,Ken Foree,4
308639,Shameik Moore,0
308639,Kiersey Clemons,1
308639,Tony Revolori,2
308639,Zoë Kravitz,3
308639,Chanel Iman,4
22314,Omar Epps,0
22314,LL Cool J,1
22314,Nia Long,2
22314,Stanley Tucci,3
22314,Hill Harper,4
2662,Sid Haig,0
2662,Bill Moseley,1
2662,Sheri Moon Zombie,2
2662,Karen Black,3
2662,Erin Daniels,4
12573,Michael Stuhlbarg,0
12573,Richard Kind,1
12573,Fred Melamed,2
12573,Sari Lennick,3
12573,Aaron Wolff,4
44718,Bill Murray,0
44718,Sissy Spacek,1
44718,Robert Duvall,2
44718,Lucas Black,3
44718,Bill Cobbs,4
11342,Julian Sands,0
11342,Lori Singer,1
11342,Richard E. Grant,2
11342,Mary Woronov,3
11342,Kevin O'Brien,4
241771,Gugu Mbatha-Raw,0
241771,Nate Parker,1
241771,Minnie Driver,2
241771,Machine Gun Kelly,3
241771,Danny Glover,4
34653,Colin Firth,0
34653,Julianne Moore,1
34653,Nicholas Hoult,2
34653,Matthew Goode,3
34653,Jon Kortajarena,4
11051,Willem Dafoe,0
11051,Harvey Keitel,1
11051,Barbara Hershey,2
11051,David Bowie,3
11051,Harry Dean Stanton,4
14578,Shawn Hatosy,0
14578,Amy Smart,1
14578,Alec Baldwin,2
14578,Jon Abrahams,3
14578,Richard Jenkins,4
57825,Aishwarya Rai Bachchan,0
57825,Martin Henderson,1
57825,Naveen Andrews,2
57825,Daniel Gillies,3
57825,Indira Varma,4
9555,Everlyn Sampi,0
9555,Tianna Sansbury,1
9555,Laura Monaghan,2
9555,Kenneth Branagh,3
9555,David Gulpilil,4
13006,Rutger Hauer,0
13006,Kim Cattrall,1
13006,Michael J. Pollard,2
13006,Alastair Duncan,3
13006,Alun Armstrong,4
12400,Chiwetel Ejiofor,0
12400,Tim Allen,1
12400,Alice Braga,2
12400,Jose Pablo Cantillo,3
12400,Randy Couture,4
39053,John C. Reilly,0
39053,Jonah Hill,1
39053,Marisa Tomei,2
39053,Catherine Keener,3
39053,Matt Walsh,4
14112,Greg Kinnear,0
14112,Willem Dafoe,1
14112,Rita Wilson,2
14112,Maria Bello,3
14112,Ron Leibman,4
12271,Sienna Miller,0
12271,Guy Pearce,1
12271,Hayden Christensen,2
12271,Mena Suvari,3
12271,Jimmy Fallon,4
71859,John C. Reilly,0
71859,Tilda Swinton,1
71859,Ezra Miller,2
71859,Siobhan Fallon,3
71859,Jasper Newell,4
33676,Tom Cruise,0
33676,Jackie Earle Haley,1
33676,John Stockwell,2
33676,"John P. Navin, Jr.",3
33676,Shelley Long,4
37080,Naomi Watts,0
37080,Samuel L. Jackson,1
37080,Annette Bening,2
37080,Carla Gallo,3
37080,Kerry Washington,4
25388,Gene Hackman,0
25388,Terence Hill,1
25388,Catherine Deneuve,2
25388,Ian Holm,3
25388,Jack O'Halloran,4
39210,Stephen Dorff,0
39210,Chris Pontius,1
39210,Erin Wasson,2
39210,Alexandra Williams,3
39210,Nathalie Fay,4
30128,Matt Czuchry,0
30128,Jesse Bradford,1
30128,Marika Dominczyk,2
30128,Traci Lords,3
30128,Geoff Stults,4
44835,Joseph Gordon-Levitt,0
44835,Natalie Portman,1
44835,Rainn Wilson,2
44835,Audrey Wasilewski,3
44835,Frank Collison,4
192134,Jude Law,0
192134,Demián Bichir,1
192134,Richard E. Grant,2
192134,Matthew C. Martino,3
192134,Emilia Clarke,4
1956,Casey Affleck,0
1956,Matt Damon,1
306745,Julianne Moore,1
306745,Ellen Page,2
306745,Steve Carell,3
306745,Michael Shannon,4
306745,Luke Grimes,5
47088,Kevin Kline,0
47088,Paul Dano,1
47088,Katie Holmes,2
47088,John C. Reilly,3
47088,Dan Hedaya,4
27004,Sean Bean,0
27004,Chris Hemsworth,1
27004,Victoria Profeta,2
27004,Thampy Antony,3
27004,Mike Starr,4
8374,Willem Dafoe,0
8374,Norman Reedus,1
8374,Sean Patrick Flanery,2
8374,David Della Rocco,3
8374,David Ferry,4
78381,Val Kilmer,0
78381,Bruce Dern,1
78381,Ben Chaplin,2
78381,Elle Fanning,3
78381,Joanne Whalley,4
8879,Clint Eastwood,0
8879,Michael Moriarty,1
8879,Carrie Snodgress,2
8879,Chris Penn,3
8879,Richard Dysart,4
13001,Ben Browder,0
13001,Amanda Tapping,1
13001,Christopher Judge,2
13001,Michael Shanks,3
13001,Beau Bridges,4
9571,Jason London,0
9571,Rory Cochrane,1
9571,Wiley Wiggins,2
9571,Sasha Jenson,3
9571,Michelle Burke,4
13649,Zac Efron,0
13649,Vanessa Hudgens,1
13649,Ashley Tisdale,2
13649,Lucas Grabeel,3
13649,Corbin Bleu,4
334527,Dan Stevens,1
334527,John Travolta,2
334527,Michael Pitt,3
334527,Jackie Earle Haley,4
334527,Travis Aaron Wade,5
13919,Jamie Bell,0
13919,Camilla Belle,1
13919,Justin Chatwin,2
13919,Glenn Close,3
13919,Kathi Copeland,4
14576,Stuart Townsend,0
14576,Gabriel Byrne,1
14576,Thandie Newton,2
14576,Jamie Foxx,3
14576,Roger Guenveur Smith,4
82505,Jennifer Lawrence,0
82505,Max Thieriot,1
82505,Elisabeth Shue,2
82505,Gil Bellows,3
82505,Nolan Gerard Funk,4
41009,Cillian Murphy,0
41009,Brendan Gleeson,1
41009,Jim Broadbent,2
41009,Padraic Delaney,3
41009,Natalie Britton,4
250546,Annabelle Wallis,0
250546,Ward Horton,1
250546,Tony Amendola,2
250546,Alfre Woodard,3
250546,Eric Ladin,4
650,Laurence Fishburne,0
650,Cuba Gooding Jr.,1
650,Ice Cube,2
650,Morris Chestnut,3
650,Angela Bassett,4
16620,Lou Diamond Phillips,0
16620,Danielle von Zerneck,1
16620,Elizabeth Peña,2
16620,Rosanna DeSoto,3
16620,Esai Morales,4
11033,Michael Caine,0
11033,Angie Dickinson,1
11033,Nancy Allen,2
11033,Keith Gordon,3
11033,Dennis Franz,4
34723,Elijah Wood,0
34723,Courtney B. Vance,1
34723,Robbie Coltrane,2
34723,Jason Robards,3
34723,Ron Perlman,4
9430,Sarah Polley,0
9430,Katie Holmes,1
9430,Jay Mohr,2
9430,Timothy Olyphant,3
9430,William Fichtner,4
8998,Catherine Keener,0
8998,Jason Isaacs,1
8998,Timm Sharp,2
8998,Jennifer Aniston,3
8998,Joan Cusack,4
10514,Arthur Hill,0
10514,David Wayne,1
10514,James Olson,2
10514,Kate Reid,3
10514,Paula Kelly,4
10496,Lou Diamond Phillips,0
10496,Dina Meyer,1
10496,Bob Gunton,2
10496,Leon Robinson,3
10496,Carlos Jacott,4
76025,Michael Fassbender,0
76025,Carey Mulligan,1
76025,James Badge Dale,2
76025,Nicole Beharie,3
76025,Alex Manette,4
4836,Daniel Craig,0
4836,Tom Hardy,1
4836,Colm Meaney,2
4836,George Harris,3
4836,Sally Hawkins,4
87499,Brit Marling,0
87499,Alexander Skarsgård,1
87499,Ellen Page,2
87499,Toby Kebbell,3
87499,Shiloh Fernandez,4
18923,Colin Farrell,0
18923,Dallas Roberts,1
18923,Robin Wright,2
18923,Sissy Spacek,3
18923,Ryan Donowho,4
28089,Ben Foster,0
28089,Woody Harrelson,1
28089,Jena Malone,2
28089,Eamonn Walker,3
28089,Samantha Morton,4
5708,Sam Riley,0
5708,Samantha Morton,1
5708,Alexandra Maria Lara,2
5708,Joe Anderson,3
5708,James Anthony Pearson,4
218,Arnold Schwarzenegger,0
218,Michael Biehn,1
218,Linda Hamilton,2
218,Paul Winfield,3
218,Lance Henriksen,4
21641,Michael Sheen,0
21641,Timothy Spall,1
21641,Colm Meaney,2
21641,Jim Broadbent,3
21641,Maurice Roeves,4
10925,Clu Gulager,0
10925,James Karen,1
10925,Don Calfa,2
10925,Thom Mathews,3
10925,John Philbin,4
2293,Jason Lee,0
2293,Jeremy London,1
2293,Shannen Doherty,2
2293,Claire Forlani,3
2293,Ben Affleck,4
621,John Travolta,0
621,Olivia Newton-John,1
621,Stockard Channing,2
621,Jeff Conaway,3
621,Didi Conn,4
792,Tom Berenger,0
792,Charlie Sheen,1
792,Willem Dafoe,2
792,Forest Whitaker,3
792,John C. McGinley,4
1777,Robert De Niro,0
1777,Michael Moore,1
1777,George W. Bush,2
1777,Ben Affleck,3
1777,Stevie Wonder,4
642,Paul Newman,0
642,Robert Redford,1
642,Katharine Ross,2
642,Strother Martin,3
642,Henry Jones,4
433,Julie Andrews,0
433,Dick Van Dyke,1
433,David Tomlinson,2
433,Glynis Johns,3
433,Hermione Baddeley,4
16619,Donald Sutherland,0
16619,Mary Tyler Moore,1
16619,Judd Hirsch,2
16619,Timothy Hutton,3
16619,M. Emmet Walsh,4
1725,Natalie Wood,0
1725,Richard Beymer,1
1725,Russ Tamblyn,2
1725,Rita Moreno,3
1725,George Chakiris,4
11977,Chevy Chase,0
11977,Rodney Dangerfield,1
11977,Ted Knight,2
11977,Michael O'Keefe,3
11977,Bill Murray,4
16158,Omar Epps,0
16158,Richard T. Jones,1
16158,Taye Diggs,2
16158,Malinda Williams,3
16158,Sean Nelson,4
629,Stephen Baldwin,0
629,Gabriel Byrne,1
629,Chazz Palminteri,2
629,Kevin Pollak,3
629,Pete Postlethwaite,4
10160,Robert Englund,0
10160,Lisa Wilcox,1
10160,Erika Anderson,2
10160,Valorie Armstrong,3
10160,Michael Ashton,4
11452,Ryan Reynolds,0
11452,Tara Reid,1
11452,Tim Matheson,2
11452,Kal Penn,3
11452,Simon Helberg,4
12163,Mickey Rourke,0
12163,Marisa Tomei,1
12163,Evan Rachel Wood,2
12163,Mark Margolis,3
12163,Todd Barry,4
13785,Jay Brazeau,0
13785,Parker Posey,1
13785,Michael Hitchcock,2
13785,Catherine O'Hara,3
13785,Eugene Levy,4
1103,Kurt Russell,0
1103,Lee Van Cleef,1
1103,Ernest Borgnine,2
1103,Donald Pleasence,3
1103,Isaac Hayes,4
36739,Samuel L. Jackson,0
36739,Laurence Fishburne,1
36739,Giancarlo Esposito,2
36739,Tisha Campbell-Martin,3
36739,Ossie Davis,4
14144,Cuba Gooding Jr.,0
14144,Tamala Jones,1
14144,Paul Rae,2
14144,Lochlyn Munro,3
14144,Richard Gant,4
13370,Bob Balaban,0
13370,Christopher Guest,1
13370,John Michael Higgins,2
13370,Eugene Levy,3
13370,Jane Lynch,4
11191,Annabeth Gish,0
11191,Julia Roberts,1
11191,Lili Taylor,2
11191,Vincent D'Onofrio,3
11191,William R. Moses,4
10215,Gwyneth Paltrow,0
10215,John Hannah,1
10215,John Lynch,2
10215,Jeanne Tripplehorn,3
10215,Zara Turner,4
25066,Clarence Williams III,0
25066,Corbin Bernsen,1
25066,David Alan Grier,2
25066,Wings Hauser,3
25066,Duane Whitaker,4
1523,Forest Whitaker,0
1523,James McAvoy,1
1523,Simon McBurney,2
1523,Gillian Anderson,3
1523,Kerry Washington,4
11361,Donald Pleasence,0
11361,Danielle Harris,1
11361,Ellie Cornell,2
11361,Beau Starr,3
11361,Don Shanks,4
92591,Jack Black,0
92591,Shirley MacLaine,1
92591,Matthew McConaughey,2
92591,Brady Coleman,3
92591,Tommy G. Kendrick,4
12509,Ed Harris,0
12509,Marcia Gay Harden,1
12509,Tom Bower,2
12509,Jennifer Connelly,3
12509,Bud Cort,4
15256,Ben Affleck,0
15256,Casey Affleck,1
15256,Dave Chappelle,2
15256,Kate Hudson,3
15256,Janeane Garofalo,4
83686,Bradley Cooper,0
83686,Zoe Saldana,1
83686,Jeremy Irons,2
83686,Dennis Quaid,3
83686,Olivia Wilde,4
80304,Will Ferrell,0
80304,Gael García Bernal,1
80304,Génesis Rodríguez,2
80304,Diego Luna,3
80304,Efren Ramirez,4
28053,Andy García,0
28053,Julianna Margulies,1
28053,Steven Strait,2
28053,Dominik García-Lorido,3
28053,Ezra Miller,4
67913,Brendan Gleeson,0
67913,Don Cheadle,1
67913,Liam Cunningham,2
67913,Mark Strong,3
67913,Katarina Cas,4
13991,Drake Bell,0
13991,Andrew Caldwell,1
13991,Andree Moss,2
13991,Carolyn Moss,3
13991,Wendy Talley,4
1443,James Woods,0
1443,Kathleen Turner,1
1443,Kirsten Dunst,2
1443,Josh Hartnett,3
1443,Michael Paré,4
8545,Brenda Blethyn,0
8545,Michael Caine,1
8545,Ewan McGregor,2
8545,Jane Horrocks,3
8545,Jim Broadbent,4
19556,Zach Cregger,0
19556,Trevor Moore,1
19556,Raquel Alessi,2
19556,Craig Robinson,3
19556,Molly Stanton,4
231576,Zach Braff,0
231576,Kate Hudson,1
231576,Joey King,2
231576,Pierce Gagnon,3
231576,Donald Faison,4
16172,Sarah Michelle Gellar,0
16172,Sean Patrick Flanery,1
16172,Dylan Baker,2
16172,Patricia Clarkson,3
16172,Lawrence Gilliard Jr.,4
13403,John Cameron Mitchell,0
13403,Miriam Shor,1
13403,Stephen Trask,2
13403,Theodore Liscinski,3
13403,Rob Campbell,4
15797,Mark Dacascos,0
15797,Geoffrey Lewis,1
15797,Stacey Travis,2
15797,Paco Christian Prieto,3
15797,Todd Susman,4
13537,Hayden Christensen,0
13537,Peter Sarsgaard,1
13537,Chloë Sevigny,2
13537,Rosario Dawson,3
13537,Melanie Lynskey,4
20794,Chelcie Ross,0
20794,Steve Martin,1
20794,Laura Dern,2
20794,Lynne Thigpen,3
20794,Polly Noonan,4
576,William Holden,0
576,Ernest Borgnine,1
576,Robert Ryan,2
576,Edmond O'Brien,3
576,Warren Oates,4
13990,Ben Kingsley,0
13990,Famke Janssen,1
13990,Josh Peck,2
13990,Olivia Thirlby,3
13990,Mary-Kate Olsen,4
11583,Sean Connery,0
11583,Donald Sutherland,1
11583,Lesley-Anne Down,2
11583,Alan Webb,3
11583,Malcolm Terris,4
18602,Samantha Morton,0
18602,Kathleen McDermott,1
18602,James Wilson,2
18602,Dolly Wells,3
18602,Paul Popplewell,4
32395,Pierce Brosnan,0
32395,Susan Sarandon,1
32395,Carey Mulligan,2
32395,Aaron Taylor-Johnson,3
32395,Johnny Simmons,4
58882,Li Bingbing,0
58882,Jun Ji-hyun,1
58882,Hugh Jackman,2
58882,Vivian Wu,3
58882,Jiang Wu,4
42222,Jane Fonda,0
42222,Vanessa Redgrave,1
42222,Jason Robards,2
42222,Maximilian Schell,3
42222,Hal Holbrook,4
13827,Matthew McConaughey,0
13827,Jeffrey Nordling,1
13827,Willie Nelson,2
13827,Woody Harrelson,3
13827,Zachary Knighton,4
9282,Henry Thomas,0
9282,Blake Heron,1
9282,Barbara Hershey,2
9282,Hilary Swank,3
9282,Clark Gregg,4
38940,Dolph Lundgren,0
38940,Charlotte Lewis,1
38940,BD Wong,2
38940,Tim Guinee,3
38940,Catherine Bell,4
35689,Thomas Haden Church,0
35689,Elisabeth Shue,1
35689,Melissa Leo,2
35689,M. Emmet Walsh,3
35689,Keith David,4
97614,Eric Bana,0
97614,Olivia Wilde,1
97614,Charlie Hunnam,2
97614,Patrick Kerton,3
97614,Kris Kristofferson,4
58626,Cuba Gooding Jr.,0
58626,Cole Hauser,1
58626,Jonathan LaPaglia,2
58626,Ginny Weirick,3
58626,Sean Cook,4
183894,Romola Garai,0
183894,Michael Gambon,1
183894,Jonny Lee Miller,2
183894,Louise Dylan,3
183894,Blake Ritson,4
837,James Woods,0
837,Sonja Smits,1
837,Deborah Harry,2
837,Peter Dvorsky,3
837,Jack Creley,5
244783,Anne Hathaway,0
244783,Johnny Flynn,1
244783,Mary Steenburgen,2
244783,Ben Rosenfield,3
244783,Lola Kirke,4
16564,Martijn Lakemeier,0
16564,Melody Klaver,1
16564,Yorick van Wageningen,2
16564,Jamie Campbell Bower,3
16564,Raymond Thiry,4
168027,Christian Slater,0
168027,Michael Jai White,1
168027,Crispin Glover,2
168027,Billy Burke,3
168027,Breanne Racano,4
3482,Burt Lancaster,0
3482,Paul Scofield,1
3482,Jeanne Moreau,2
3482,Suzanne Flon,3
3482,Michel Simon,4
455,Parminder Nagra,0
455,Keira Knightley,1
455,Jonathan Rhys Meyers,2
455,Anupam Kher,3
455,Shaheen Khan,4
9277,Paul Newman,0
9277,Robert Redford,1
9277,Robert Shaw,2
9277,Charles Durning,3
9277,Ray Walston,4
9443,Ben Cross,0
9443,Ian Charleson,1
9443,Cheryl Campbell,2
9443,Alice Krige,3
9443,Nigel Havers,4
16186,Kimberly Elise,0
16186,Steve Harris,1
16186,Tyler Perry,2
16186,Shemar Moore,5
16186,Vickie Eng,7
7863,Geoffrey Rush,0
7863,Noah Taylor,2
7863,Armin Mueller-Stahl,3
7863,Justin Braine,4
7863,Sonia Todd,5
138697,Joseph Gordon-Levitt,0
138697,Scarlett Johansson,1
138697,Julianne Moore,2
138697,Tony Danza,3
138697,Glenne Headly,4
11901,Clint Eastwood,0
11901,Verna Bloom,1
11901,Marianna Hill,2
11901,Mitchell Ryan,3
11901,Jack Ging,4
1548,Thora Birch,0
1548,Scarlett Johansson,1
1548,Steve Buscemi,2
1548,Brad Renfro,4
1548,Bob Balaban,5
11889,Judi Dench,0
11889,Jim Broadbent,1
11889,Kate Winslet,2
11889,Hugh Bonneville,3
11889,Penelope Wilton,4
321,Luke Kirby,0
321,Ginette Reno,1
321,Paul Sorvino,2
321,Mary Walsh,3
321,Peter Miller,4
4997,Val Kilmer,0
4997,Dylan McDermott,1
4997,Kate Bosworth,2
4997,Josh Lucas,3
4997,Lisa Kudrow,4
925,Danny Aiello,0
925,Ossie Davis,1
925,Ruby Dee,2
925,Richard Edson,3
925,Giancarlo Esposito,4
51995,Jennifer Connelly,0
51995,Marisa Tomei,1
51995,Pierce Brosnan,2
51995,Ed Harris,3
51995,Greg Kinnear,4
13173,Paul Rudd,0
13173,Adam Brody,1
13173,Jon Hamm,2
13173,Winona Ryder,3
13173,Ken Marino,4
70670,Aksel Hennie,0
70670,Nikolaj Coster-Waldau,1
70670,Synnøve Macody Lund,2
70670,Julie R. Ølgaard,3
70670,Eivind Sander,4
84204,Richard Coyle,0
84204,Ruth Bradley,1
84204,Russell Tovey,2
84204,Bronagh Gallagher,3
84204,David Pearse,4
25248,Adam Butcher,0
25248,Campbell Scott,1
25248,Michael Kanev,2
25248,Gordon Pinsent,3
25248,Tamara Hope,4
230266,Jessica Chastain,0
230266,Colin Farrell,1
230266,Samantha Morton,2
230266,Nora McMenamy,3
16633,Christopher Reeve,0
16633,Jane Seymour,1
16633,Christopher Plummer,2
16633,Teresa Wright,3
16633,Bill Erwin,4
91586,Patrick Wilson,0
91586,Rose Byrne,1
91586,Ty Simpkins,2
91586,Lin Shaye,3
91586,Barbara Hershey,4
215,Tobin Bell,0
215,Shawnee Smith,1
215,Donnie Wahlberg,2
215,Franky G,3
215,Glenn Plummer,4
9012,Johnny Knoxville,0
9012,Bam Margera,1
9012,Steve-O,2
9012,Chris Pontius,3
9012,Dave England,4
72571,Katie Featherston,0
72571,Sprague Grayden,1
72571,Lauren Bittner,2
72571,Christopher Nicholas Smith,3
72571,Chloe Csengery,4
242512,Olivia Cooke,0
242512,Ana Coto,1
242512,Daren Kagasoff,2
242512,Bianca A. Santos,3
242512,Douglas Smith,4
10072,Robert Englund,0
10072,Patricia Arquette,1
10072,Heather Langenkamp,2
10072,John Saxon,3
10072,Craig Wasson,4
82990,Katie Featherston,0
82990,Kathryn Newton,1
82990,Matt Shively,2
82990,Aiden Lovekamp,3
82990,Brady Allen,4
11843,Peter Sellers,0
11843,Christopher Plummer,1
11843,Herbert Lom,2
11843,Catherine Schell,3
11843,Peter Arne,4
11284,Robert Englund,0
11284,Lisa Zane,1
11284,Shon Greenblatt,2
11284,Lezlie Deane,3
11284,Ricky Dean Logan,4
504,Charlize Theron,0
504,Christina Ricci,1
504,Bruce Dern,2
504,Lee Tergesen,3
504,Annie Corley,4
227348,Andrew Jacobs,0
227348,Richard Cabral,1
227348,Carlos Pratts,2
227348,Eddie J. Fernandez,3
227348,Jorge Diaz,4
1955,Anthony Hopkins,0
1955,John Hurt,1
1955,Anne Bancroft,2
1955,John Gielgud,3
1955,Wendy Hiller,4
152532,Matthew McConaughey,0
152532,Jennifer Garner,1
152532,Jared Leto,2
152532,Denis O'Hare,3
152532,Steve Zahn,4
243940,Olivia Wilde,0
243940,Mark Duplass,1
243940,Donald Glover,2
243940,Evan Peters,3
243940,Sarah Bolger,4
77,Guy Pearce,0
77,Carrie-Anne Moss,1
77,Joe Pantoliano,2
77,Mark Boone Junior,3
77,Stephen Tobolowsky,4
157547,Karen Gillan,0
157547,Brenton Thwaites,1
157547,Katee Sackhoff,2
157547,James Lafferty,3
157547,Rory Cochrane,4
2295,Brian O'Halloran,0
2295,Jeff Anderson,1
2295,Jason Mewes,2
2295,Kevin Smith,3
2295,Rosario Dawson,4
71,Jamie Bell,0
71,Julie Walters,1
71,Jean Heywood,2
71,Jamie Draven,3
71,Gary Lewis,4
147773,Liam James,0
147773,Steve Carell,1
147773,Toni Collette,2
147773,AnnaSophia Robb,3
147773,Sam Rockwell,4
24266,Tom Burlinson,0
24266,Terence Donovan,1
24266,Kirk Douglas,2
24266,Tommy Dysart,3
24266,Bruce Kerr,4
16508,Thomas McHugh,0
16508,Fred Newman,1
16508,Chris Phillips,2
16508,Constance Shulman,3
2895,Robert Duvall,0
2895,Billy Bob Thornton,1
2895,June Carter Cash,2
2895,Farrah Fawcett,3
2895,Miranda Richardson,4
15660,Faye Dunaway,0
15660,Diana Scarwid,1
15660,Steve Forrest,2
15660,Howard Da Silva,3
15660,Mara Hobel,4
59968,Paul Rudd,0
59968,Elizabeth Banks,1
59968,Zooey Deschanel,2
59968,Emily Mortimer,3
59968,Adam Scott,4
256274,Perdita Weeks,1
256274,Ben Feldman,2
256274,Edwin Hodge,3
256274,François Civil,4
256274,Marion Lambert,5
235271,Boris Kodjoe,0
235271,Brandon Gonzales,1
235271,Cameron Mills,2
235271,Emayatzy Corinealdi,3
235271,Garrett Hines,4
45153,Jurnee Smollett,0
45153,Meagan Good,1
45153,Lynn Whitfield,2
45153,Samuel L. Jackson,3
45153,Debbi Morgan,4
284293,Julianne Moore,0
284293,Alec Baldwin,1
284293,Kristen Stewart,2
284293,Kate Bosworth,3
284293,Shane McRae,4
21610,Sylvester Stallone,0
21610,Rutger Hauer,1
21610,Billy Dee Williams,2
21610,Lindsay Wagner,3
21610,Persis Khambatta,4
10283,Kane Hodder,0
10283,Jensen Daggett,1
10283,Scott Reeves,2
10283,Barbara Bingham,3
10283,Peter Mark Richman,4
8346,Nia Vardalos,0
8346,John Corbett,1
8346,Lainie Kazan,2
8346,Michael Constantine,3
8346,Andrea Martin,4
122081,James Franco,0
122081,Selena Gomez,1
122081,Vanessa Hudgens,2
122081,Ashley Benson,3
122081,Rachel Korine,4
10987,Donald Pleasence,0
10987,Paul Rudd,1
10987,Marianne Hagan,2
10987,Mitchell Ryan,3
10987,Kim Darby,4
747,Simon Pegg,0
747,Nick Frost,1
747,Kate Ashfield,2
747,Lucy Davis,3
747,Dylan Moran,4
14745,Haley Bennett,0
14745,Jake Weber,1
14745,Chace Crawford,2
14745,Shannon Woodward,3
14745,Shanna Collins,4
26748,Chris Cooper,0
26748,Matthew McConaughey,1
26748,Elizabeth Peña,2
26748,Kris Kristofferson,3
26748,Joe Morton,4
11357,Donald Pleasence,0
11357,Ellie Cornell,1
11357,Danielle Harris,2
11357,George P. Wilbur,3
11357,Michael Pataki,4
24913,Deborah Foreman,0
24913,Thomas F. Wilson,1
24913,Lloyd Berry,2
24913,Tom Heaton,3
24913,Ken Olandt,4
13776,Steve Guttenberg,0
13776,Daniel Stern,1
13776,Mickey Rourke,2
13776,Kevin Bacon,3
13776,Tim Daly,4
14854,Chuck Norris,0
14854,David Carradine,1
14854,Barbara Carrera,2
14854,Leon Isaac Kennedy,3
14854,Dana Kimmell,4
50357,Ryan Robbins,0
50357,Warren Christie,1
50357,Lloyd Owen,2
50357,Andrew Airlie,3
50357,Michael Kopsa,4
13090,Amy Adams,0
13090,Emily Blunt,1
13090,Alan Arkin,2
13090,Jason Spevack,3
13090,Steve Zahn,4
192141,Owen Wilson,0
192141,Lake Bell,1
192141,Pierce Brosnan,2
192141,Sterling Jerins,3
192141,Claire Geare,4
16441,Marc Singer,0
16441,Tanya Roberts,1
16441,Rip Torn,2
16441,John Amos,3
16441,Joshua Milrad,4
20455,Lara Jill Miller,0
20455,Joshua Seth,1
20455,Bob Papenbrook,2
20455,Doug Berholt,3
20455,Steve Blum,4
13193,Jena Malone,0
13193,Mandy Moore,1
13193,Macaulay Culkin,2
13193,Patrick Fugit,3
13193,Heather Matarazzo,4
10786,Sean Connery,0
10786,Audrey Hepburn,1
10786,Robert Shaw,2
10786,Richard Harris,3
10786,Nicol Williamson,4
12484,Kerr Smith,0
12484,Brendan Fehr,1
12484,Izabella Miko,2
12484,Johnathon Schaech,3
12484,Phina Oruche,4
17339,Harrison Ford,0
17339,Robert Shaw,1
17339,Barbara Bach,2
17339,Edward Fox,3
17339,Franco Nero,4
11959,"""Weird Al"" Yankovic",0
11959,Victoria Jackson,1
11959,Michael Richards,2
11959,David Bowe,3
11959,Fran Drescher,4
9900,Linda Cardellini,0
9900,Allen Covert,1
9900,Peter Dante,2
9900,Shirley Knight,3
9900,Joel David Moore,4
14662,Natasha Lyonne,0
14662,Alan Arkin,1
14662,Marisa Tomei,2
14662,Eli Marienthal,3
14662,Mena Suvari,5
15745,Vince Vaughn,0
15745,Jon Favreau,1
15745,Sean Combs,2
15745,Famke Janssen,3
15745,Peter Falk,4
17431,Sam Rockwell,0
17431,Kevin Spacey,1
17431,Dominique McElligott,2
17431,Rosie Shaw,3
17431,Adrienne Shaw,4
10217,Ian Holm,0
10217,Caerthan Banks,1
10217,Sarah Polley,2
10217,Tom McCamus,3
10217,Gabrielle Rose,4
13996,Alan Rickman,0
13996,Chris Pine,1
13996,Bill Pullman,2
13996,Rachael Taylor,3
13996,Freddy Rodríguez,4
1024,Melanie Lynskey,0
1024,Kate Winslet,1
1024,Sarah Peirse,2
1024,Simon O'Connor,3
1024,Diana Kent,4
343795,Kate Bosworth,1
343795,Hayden Christensen,2
343795,Hudson Meek,3
343795,Bobby Batson,4
343795,Elizabeth Hunter,5
45658,Rebecca Hall,0
45658,Will Ferrell,1
45658,Glenn Howerton,2
45658,Laura Dern,3
45658,Christopher Jordan Wallace,4
16148,Bill Pullman,0
16148,Ben Stiller,1
16148,Ryan O'Neal,2
16148,Kim Dickens,3
16148,Angela Featherstone,4
4553,Christian Bale,0
4553,Jennifer Jason Leigh,1
4553,Aitana Sánchez-Gijón,2
4553,John Sharian,3
4553,Michael Ironside,4
245916,Jeremy Renner,0
245916,Mary Elizabeth Winstead,1
245916,Michael Sheen,2
245916,Ray Liotta,3
245916,Robert Patrick,4
27585,Nicole Kidman,0
27585,Aaron Eckhart,1
27585,Dianne Wiest,2
27585,Miles Teller,3
27585,Tammy Blanchard,4
1415,Seth Green,0
1415,Macaulay Culkin,1
1415,Chloë Sevigny,2
1415,Diana Scarwid,3
1415,Marilyn Manson,4
14474,Parker Posey,0
14474,Danny DeVito,1
14474,Paul Rudd,2
14474,Mischa Barton,3
14474,Miranda Bailey,4
13685,Luke Wilson,0
13685,Owen Wilson,1
13685,Lumi Cavazos,2
13685,Andrew Wilson,3
13685,Robert Musgrave,4
8744,Matt Dillon,0
8744,Faye Dunaway,1
8744,Gary Sinise,2
8744,William Fichtner,3
8744,Viggo Mortensen,4
46838,Alan Tudyk,0
46838,Tyler Labine,1
46838,Katrina Bowden,2
46838,Jesse Moss,3
46838,Philip Granger,4
18442,Kim Poirier,1
18442,Stefanie von Pfetten,2
18442,Elias Toufexis,3
18442,Meghan Ory,4
18442,Ennis Esmer,5
298312,Olivia DeJonge,0
298312,Ed Oxenbould,1
298312,Kathryn Hahn,2
298312,Benjamin Kanes,3
298312,Deanna Dunagan,4
57876,Reid Warner,0
57876,Darrin Bragg,1
57876,Ben Rovner,2
57876,Jelena Nik,3
57876,Roy Abramsohn,4
13849,Andy Serkis,0
13849,Reece Shearsmith,1
13849,Jennifer Ellison,2
13849,Steven O'Donnell,3
13849,James Bierman,4
14849,Ellen Muth,0
14849,Jasmine Guy,1
14849,Callum Blue,2
14849,Sarah Wynter,3
14849,Britt McKillip,4
244403,Billy Crudup,0
244403,Anton Yelchin,1
244403,Felicity Huffman,2
244403,Selena Gomez,3
244403,Laurence Fishburne,4
340816,Patrick Stewart,1
340816,Cheryl Hines,2
340816,Gary Cole,3
340816,Jon Heder,4
340816,James Roday,5
297596,Nicolas Cage,0
297596,Anton Yelchin,1
297596,Alexander Karim,2
297596,Irène Jacob,3
297596,Aymen Hamdouchi,4
11935,Elliott Gould,0
11935,James Brolin,1
11935,Brenda Vaccaro,2
11935,Sam Waterston,3
11935,O.J. Simpson,4
361159,Ed Quinn,0
361159,Michael Dudikoff,1
361159,Rick Fox,2
361159,"Chad ""Gunner"" Lail",3
361159,Molly Hagan,4
12555,Ivan Barnev,0
12555,Oldřich Kaiser,1
12555,Julia Jentsch,2
12555,Marián Labuda,3
12555,Martin Huba,4
12498,Billy Bob Thornton,0
12498,Dwight Yoakam,1
12498,J. T. Walsh,2
12498,John Ritter,3
12498,Lucas Black,4
77949,Rebecca Hall,0
77949,Dominic West,1
77949,Imelda Staunton,2
77949,Isaac Hempstead-Wright,3
77949,Lucy Cohu,4
1690,Jay Hernandez,0
1690,Derek Richardson,1
1690,Eythor Gudjonsson,2
1690,Barbara Nedeljakova,3
1690,Jana Kaderabkova,4
64720,Michael Shannon,0
64720,Jessica Chastain,1
64720,Katy Mixon,2
64720,Shea Whigham,3
64720,Ray McKinnon,4
11404,Laura Linney,0
11404,Rupert Grint,1
11404,Julie Walters,2
11404,Michelle Duncan,3
11404,Oliver Milburn,4
300706,Patrick Wilson,1
300706,Scott Foley,2
300706,Amy Acker,3
300706,Donald Faison,4
300706,Dagmara Domińczyk,6
16337,Dennis Hopper,0
16337,Caroline Williams,1
16337,Jim Siedow,2
16337,Bill Moseley,3
16337,Bill Johnson,4
11577,James Coburn,0
11577,Kris Kristofferson,1
11577,Richard Jaeckel,2
11577,Katy Jurado,3
11577,Chill Wills,4
77987,Ryan Gosling,0
77987,Kristin Scott Thomas,1
77987,Gordon Brown,2
77987,Tom Burke,3
77987,Vithaya Pansringarm,4
8981,Gerard Butler,0
8981,Emily Mortimer,1
8981,Jack McElhone,2
8981,Sharon Small,3
8981,Katy Murphy,4
10822,Julianne Moore,0
10822,Stephen Dillane,1
10822,Eddie Redmayne,2
10822,Elena Anaya,3
10822,Hugh Dancy,4
9336,Steve Guttenberg,0
9336,Kim Cattrall,1
9336,G. W. Bailey,2
9336,Bubba Smith,3
9336,Donovan Scott,4
5689,Brooke Shields,0
5689,Christopher Atkins,1
5689,Leo McKern,2
5689,William Daniels,3
5689,Jeffrey Kleiser,4
712,Hugh Grant,0
712,Andie MacDowell,1
712,James Fleet,2
712,Simon Callow,3
712,John Hannah,4
13342,Sean Penn,0
13342,Jennifer Jason Leigh,1
13342,Judge Reinhold,2
13342,Phoebe Cates,3
13342,Brian Backer,4
1429,Edward Norton,0
1429,Philip Seymour Hoffman,1
1429,Barry Pepper,2
1429,Rosario Dawson,3
1429,Anna Paquin,4
9303,Jennifer Tilly,0
9303,Gina Gershon,1
9303,Joe Pantoliano,2
9303,John P. Ryan,3
9303,Christopher Meloni,4
641,Ellen Burstyn,0
641,Jared Leto,1
641,Jennifer Connelly,2
641,Marlon Wayans,3
641,Christopher McDonald,4
6106,James Woods,0
6106,Jim Belushi,1
6106,Michael Murphy,2
6106,John Savage,4
6106,Tony Plana,5
252680,Sarah Drew,0
252680,Sean Astin,1
252680,Patricia Heaton,2
252680,Logan White,3
252680,Robert Amaya ,4
141,Jake Gyllenhaal,0
141,Jena Malone,1
141,Patrick Swayze,2
141,Maggie Gyllenhaal,3
141,Drew Barrymore,4
66607,Joaquín Cosio,0
66607,Gerardo Taracena,1
66607,Jaime Camil,2
66607,Miguel Rodarte,3
66607,Jesús Ochoa,4
12079,Jason Schwartzman,0
12079,Mickey Rourke,1
12079,Brittany Murphy,2
12079,John Leguizamo,3
12079,Chloe Hunter,4
39800,Ally Sheedy,0
39800,Paul Reubens,1
39800,Shirley Henderson,2
39800,Allison Janney,3
39800,Michael Kenneth Williams,4
9991,Vinnie Jones,0
9991,David Kelly,1
9991,David Hemmings,2
9991,Ralph Brown,3
9991,Vas Blackwood,4
68818,Sam Shepard,0
68818,Magaly Solier,1
68818,Eduardo Noriega,2
68818,Stephen Rea,3
68818,Daniel Aguirre,4
36419,Liam Neeson,0
36419,Justin Long,1
36419,Christina Ricci,2
36419,Josh Charles,3
36419,Chandler Canterbury,4
510,Jack Nicholson,0
510,Louise Fletcher,1
510,Danny DeVito,2
510,William Redfield,3
510,Scatman Crothers,4
362105,Dove Cameron,1
362105,Katherine McNamara,2
362105,Ryan McCartan,3
362105,Laine MacNeil,4
362105,Briana Buckmaster,5
10970,Mel Brooks,0
10970,Marty Feldman,1
10970,Dom DeLuise,2
10970,Sid Caesar,3
10970,Harold Gould,4
17663,Megan Follows,0
17663,Colleen Dewhurst,1
17663,Richard Farnsworth,2
17663,Patricia Hamilton,3
17663,Marilyn Lightstone,4
270938,Michael Jai White,0
270938,Neal McDonough,1
270938,Lateef Crowder,2
270938,Laila Ali,3
270938,Hazuki Kato,4
116613,Ray Winstone,0
116613,Ben Drew,1
116613,Hayley Atwell,2
116613,Damian Lewis,3
116613,Alan Ford,4
11826,Ray Winstone,0
11826,Ben Kingsley,1
11826,Ian McShane,2
11826,Amanda Redman,3
11826,James Fox,4
1088,Keisha Castle-Hughes,0
1088,Rawiri Paratene,1
1088,Vicky Haughton,2
1088,Cliff Curtis,3
1088,Grant Roa,4
26379,Amitabh Bachchan,0
26379,Abhishek Bachchan,1
26379,Vidya Balan,2
26379,Paresh Rawal,3
26379,Arundathi Nag,4
10947,Zac Efron,0
10947,Vanessa Hudgens,1
10947,Ashley Tisdale,2
10947,Lucas Grabeel,3
10947,Corbin Bleu,4
11386,Stephen Rea,0
11386,Jaye Davidson,1
11386,Miranda Richardson,2
11386,Forest Whitaker,3
11386,Adrian Dunbar,4
10246,Dan Monahan,0
10246,Mark Herrier,1
10246,Wyatt Knight,2
10246,Cyril O'Reilly,3
10246,Kaki Hunter,4
29426,Alan van Sprang,0
29426,Kenneth Welsh,1
29426,Kathleen Munroe,2
29426,Devon Bostick,3
29426,Richard Fitzpatrick,4
10331,Duane Jones,0
10331,Judith O'Dea,1
10331,Karl Hardman,2
10331,Marilyn Eastman,3
10331,Keith Wayne,4
153,Bill Murray,0
153,Scarlett Johansson,1
153,Anna Faris,2
153,Giovanni Ribisi,3
153,Akiko Takeshita,4
703,Woody Allen,0
703,Diane Keaton,1
703,Tony Roberts,2
703,Carol Kane,3
703,Paul Simon,4
1365,Halle Berry,0
1365,Billy Bob Thornton,1
1365,Heath Ledger,2
1365,Sean Combs,3
1365,Coronji Calhoun,4
287424,Arnold Schwarzenegger,0
287424,Abigail Breslin,1
287424,Joely Richardson,2
287424,Douglas M. Griffin,3
287424,J.D. Evermore,4
451,Nicolas Cage,0
451,Elisabeth Shue,1
451,Julian Sands,2
451,Richard Lewis,3
451,Steven Weber,4
165864,Molly C. Quinn,0
165864,Michael Welch,1
165864,Lara Flynn Boyle,2
165864,Cary Elwes,3
165864,Lochlyn Munro,4
987,Jack Lemmon,0
987,Walter Matthau,1
987,Susan Sarandon,2
987,Vincent Gardenia,3
987,David Wayne,4
241251,Jennifer Lopez,0
241251,Ryan Guzman,1
241251,Ian Nelson,2
241251,John Corbett,3
241251,Kristin Chenoweth,4
39781,Julianne Moore,0
39781,Annette Bening,1
39781,Mark Ruffalo,2
39781,Mia Wasikowska,3
39781,Josh Hutcherson,4
8337,Roddy Piper,0
8337,Keith David,1
8337,Meg Foster,2
8337,George Buck Flower,3
8337,Peter Jason,4
5925,Steve McQueen,0
5925,James Garner,1
5925,Richard Attenborough,2
5925,James Donald,3
5925,Charles Bronson,4
8357,Marlee Matlin,0
8357,Elaine Hendrix,1
8357,Robert Blanche,2
8357,John Ross Bowie,3
8357,Robert Bailey Jr.,4
146203,Ashley Bell,0
146203,Julia Garner,1
146203,Andrew Sensenig,2
146203,Spencer Treat Clark,3
146203,Judd Lormand,4
85350,Ellar Coltrane,0
85350,Patricia Arquette,1
85350,Ethan Hawke,2
85350,Elijah Smith,3
85350,Lorelei Linklater,4
512,Scarlett Johansson,0
512,Hugh Jackman,1
512,Woody Allen,2
512,Ian McShane,3
512,Kevin McNally,4
13408,Dr. Dre,0
13408,Snoop Dogg,1
13408,DJ Pooh,2
13408,Angell Conwell,3
13408,Bruce Bruce,4
10744,William H. Macy,0
10744,Alec Baldwin,1
10744,Maria Bello,2
10744,Shawn Hatosy,3
10744,Paul Sorvino,4
11536,Clark Gable,0
11536,Marilyn Monroe,1
11536,Montgomery Clift,2
11536,Thelma Ritter,3
11536,Eli Wallach,4
9782,Toni Collette,0
9782,Robin Williams,1
9782,Joe Morton,2
9782,Bobby Cannavale,3
9782,Rory Culkin,4
184345,Marlon Wayans,0
184345,Jaime Pressly,1
184345,Essence Atkins,2
184345,Gabriel Iglesias,3
184345,Missi Pyle,4
1809,James Van Der Beek,0
1809,Shannyn Sossamon,1
1809,Ian Somerhalder,2
1809,Jessica Biel,3
1809,Kate Bosworth,4
2370,Frederick Stafford,0
2370,Dany Robin,1
2370,Claude Jade,2
2370,Michel Subor,3
2370,Karin Dor,4
9809,Dax Shepard,0
9809,Will Arnett,1
9809,Chi McBride,2
9809,David Koechner,3
9809,Dylan Baker,4
5,Tim Roth,0
5,Antonio Banderas,1
5,Jennifer Beals,2
5,Madonna,3
5,Marisa Tomei,4
11013,James Spader,0
11013,Maggie Gyllenhaal,1
11013,Jeremy Davies,2
11013,Lesley Ann Warren,3
11013,Stephen McHattie,4
10132,Eric Bogosian,0
10132,Ellen Greene,1
10132,Leslie Hope,2
10132,John C. McGinley,3
10132,Alec Baldwin,4
16448,Christopher Guest,0
16448,Eugene Levy,1
16448,Fred Willard,2
16448,Catherine O'Hara,3
16448,Michael Hitchcock,4
8141,Ben Kingsley,0
8141,Téa Leoni,1
8141,Luke Wilson,2
8141,Bill Pullman,3
8141,Dennis Farina,4
1546,Lou Taylor Pucci,0
1546,Tilda Swinton,1
1546,Vincent D'Onofrio,2
1546,Keanu Reeves,3
1546,Benjamin Bratt,4
48572,Michael Parks,0
48572,John Goodman,1
48572,Melissa Leo,2
48572,Michael Angarano,3
48572,Kyle Gallner,4
14517,Stephanie Leonidas,0
14517,Jason Barry,1
14517,Rob Brydon,2
14517,Gina McKee,3
14517,Dora Bryan,4
89708,Marcos Luna,0
89708,Putu Dinda Pratika,1
89708,Puti Sri Candra Dewi,2
89708,Ni Made Megahadi Pratiwi,3
64678,Freddie Highmore,0
64678,Emma Roberts,1
64678,Michael Angarano,2
64678,Elizabeth Reaser,3
64678,Alicia Silverstone,4
309503,Patrick Wilson,1
309503,Lena Headey,2
309503,Richard Dreyfuss,3
309503,Ray Winstone,4
309503,John Cho,5
103328,Eva Mendes,0
103328,Kylie Minogue,1
103328,Michel Piccoli,2
103328,Edith Scob,3
103328,Denis Lavant,4
157847,Nicolas Cage,0
157847,Tye Sheridan,1
157847,Ronnie Gene Blevins,2
157847,Sue Rock,3
157847,Heather Kafka,4
48309,Viggo Mortensen,0
48309,Chelsea Field,1
48309,Lane Smith,2
48309,Lincoln Kilpatrick,3
48309,Tom Everett,4
27723,Lauren Ambrose,0
27723,Nicholas Brendon,1
27723,Amy Adams,2
27723,Charles Busch,3
27723,Thomas Gibson,4
242575,Adriana Barraza,0
242575,Rüdiger Evers,2
242575,Hector Kotsifakis,3
242575,Franziska Kruse,4
242575,Arcelia Ramírez,5
44945,Clive Owen,0
44945,Catherine Keener,1
44945,Liana Liberato,2
44945,Jason Clarke,3
44945,Viola Davis,4
111190,Naomi Watts,0
111190,Robin Wright,1
111190,Xavier Samuel,2
111190,James Frecheville,3
111190,Ben Mendelsohn,4
54580,Javier Bardem,0
54580,Luis Tosar,1
54580,Nieve de Medina,2
54580,Enrique Villén,3
54580,Celso Bugallo,4
52015,Danielle Harris,0
52015,Kelly McGillis,1
52015,Nick Damici,2
52015,Connor Paolo,3
52015,Gregory Jones,4
60422,Ellen Barkin,0
60422,Ezra Miller,1
60422,Kate Bosworth,2
60422,Demi Moore,3
60422,George Kennedy,5
81390,Melissa George,0
81390,Ed Speleers,1
81390,Eamonn Walker,2
81390,Alec Newman,3
81390,Karel Roden,4
10981,David Hewlett,0
10981,Andrew Miller,1
10981,Gordon Pinsent,2
10981,Marie-Josée Croze,3
46420,Xavier Samuel,0
46420,Jessica McNamee,1
46420,Robin McLeavy,2
46420,Victoria Thaine,3
46420,John Brumpton,4
158150,Brooke D'Orsay,0
158150,Eric Mabius,1
158150,Jody Thompson,2
158150,Gina Holden,3
158150,Panou,4
251979,Scott Eastwood,0
251979,Cheryl Ladd,1
251979,Patrick Lyster,2
251979,Rachel Hendrix ,3
251979,Scott Mortensen,4
874,Paul Scofield,0
874,Wendy Hiller,1
874,Leo McKern,2
874,Robert Shaw,3
874,Orson Welles,4
10774,Faye Dunaway,0
10774,William Holden,1
10774,Peter Finch,2
10774,Robert Duvall,3
10774,Wesley Addy,4
266102,Freida Pinto,1
266102,Reece Ritchie,2
266102,Tom Cullen,3
266102,Nazanin Boniadi,4
266102,Marama Corlett,5
29715,Charlton Heston,0
29715,Richard Harris,1
29715,Jim Hutton,2
29715,James Coburn,3
29715,Michael Anderson Jr.,4
37495,Riz Ahmed,0
37495,Nigel Lindsay,1
37495,Kayvan Novak,2
37495,Adeel Akhtar,3
37495,Arsher Ali,4
34769,Woody Harrelson,0
34769,Kat Dennings,1
34769,Elias Koteas,2
34769,Sandra Oh,3
34769,Clark Johnson,4
8618,Samuel Anderson,0
8618,Dominic Cooper,1
8618,James Corden,2
8618,Samuel Barnett,3
8618,Russell Tovey,4
3116,Dustin Hoffman,0
3116,Jon Voight,1
3116,Sylvia Miles,2
3116,John McGiver,3
3116,Brenda Vaccaro,4
9427,Robert Carlyle,0
9427,Mark Addy,1
9427,William Snape,2
9427,Steve Huison,3
9427,Tom Wilkinson,4
813,Robert Hays,0
813,Julie Hagerty,1
813,Kareem Abdul-Jabbar,2
813,Lloyd Bridges,3
813,Peter Graves,4
10634,Ice Cube,0
10634,Chris Tucker,1
10634,Nia Long,2
10634,Tom Lister Jr.,3
10634,John Witherspoon,4
9516,Tyrin Turner,0
9516,Larenz Tate,1
9516,Glenn Plummer,2
9516,Jada Pinkett Smith,3
9516,Samuel L. Jackson,4
16288,George Kennedy,0
16288,Dorothy Lamour,1
16288,Lois Chiles,2
16288,Tom Savini,3
16288,Tom Wright,4
23330,Jason Robards,0
23330,Stella Stevens,1
23330,David Warner,2
23330,Slim Pickens,2
23330,L.Q. Jones,3
18900,Robert Blake,0
18900,Scott Wilson,1
18900,John Forsythe,2
18900,Paul Stewart,3
18900,Gerald S. O'Loughlin,4
26268,Paul Newman,0
26268,Lauren Bacall,1
26268,Julie Harris,2
26268,Arthur Hill,3
26268,Janet Leigh,4
573,Jon Finch,0
573,Alec McCowen,1
573,Barry Foster,2
573,Billie Whitelaw,3
573,Anna Massey,4
310131,Anya Taylor-Joy,0
310131,Ralph Ineson,1
310131,Kate Dickie,2
310131,Harvey Scrimshaw,3
310131,Ellie Grainger,4
11363,Edward Burns,0
11363,Michael McGlone,1
11363,Cameron Diaz,2
11363,Jennifer Aniston,3
11363,John Mahoney,4
3033,Ian McKellen,0
3033,Brendan Fraser,1
3033,Lynn Redgrave,2
3033,Lolita Davidovich,3
3033,David Dukes,4
22007,Thora Birch,0
22007,Gideon Emery,1
22007,Gloria Votsis,2
22007,Derek Magyar,3
22007,Todd Jensen,4
765,Bruce Campbell,0
765,Sarah Berry,1
765,Dan Hicks,2
765,Kassie DePaiva,3
765,Denise Bixler,4
10615,Jennifer Coolidge,0
10615,Lance Crouther,1
10615,J.B. Smoove,2
10615,Reg E. Cathey,3
10615,Robert Vaughn,4
205321,Ian Ziering,0
205321,Tara Reid,1
205321,Cassandra Scerbo,2
205321,John Heard,3
205321,Jaason Simmons,4
540,Sara Foster,0
540,Meagan Good,1
540,Jordana Brewster,2
540,Devon Aoki,3
540,Jill Ritchie,4
142061,Peter Weller,0
142061,Ariel Winter,1
142061,David Selby,2
142061,Michael Emerson,3
142061,Mark Valley,4
252360,Dominic Purcell,0
252360,Ralitsa Paskaleva,1
252360,Bashar Rahal,2
252360,Nikolai Sotirov,3
252360,Marian Valev,4
256740,Abigail Breslin,0
256740,James Purefoy,1
256740,Sean Bean,2
256740,Alexa PenaVega,3
256740,Jake Busey,4
12535,Mel Brooks,0
12535,Madeline Kahn,1
12535,Cloris Leachman,2
12535,Harvey Korman,3
12535,Ron Carey,4
50839,Kevin Spacey,0
50839,Paul Bettany,1
50839,Jeremy Irons,2
50839,Zachary Quinto,3
50839,Ashley Williams,4
86549,Murray Bartlett,0
86549,Daniel Dugan,1
86549,Adrian Gonzalez,2
13973,Sam Rockwell,0
13973,Anjelica Huston,1
13973,Kelly Macdonald,2
13973,Brad William Henke,3
13973,Clark Gregg,4
244786,Miles Teller,0
244786,J.K. Simmons,1
244786,Melissa Benoist,2
244786,Austin Stowell,3
244786,Jayson Blair,4
11129,John Simm,0
11129,Danny Dyer,1
11129,Lorraine Pilkington,2
11129,Shaun Parkes,3
11129,Nicola Reynolds,4
75861,Kat Dennings,0
75861,Chad Michael Murray,1
75861,Rupert Friend,2
75861,Corbin Bleu,3
75861,Mark Saul,4
13551,Brittany Murphy,0
13551,Toni Collette,1
13551,Rose Byrne,2
13551,Josh Brolin,3
13551,James Franco,4
850,Melinda Dillon,0
850,Darren McGavin,1
850,Peter Billingsley,2
850,Jean Shepherd,3
850,Ian Petrella,4
12586,Tammy Blanchard,0
12586,Angélica Aragón,1
12586,Ali Landry,2
12586,Jaime Tirelli,3
12586,Manny Pérez,4
11564,Perry King,0
11564,Merrie Lynn Ross,1
11564,Tim Van Patten,2
11564,Michael J. Fox,3
11564,Roddy McDowall,4
805,Mia Farrow,0
805,John Cassavetes,1
805,Ruth Gordon,2
805,Sidney Blackmer,3
805,Maurice Evans,4
11697,John Wayne,0
11697,James Stewart,1
11697,Vera Miles,2
11697,Lee Marvin,3
11697,Edmond O'Brien,4
22051,Hugh Dancy,0
22051,Rose Byrne,1
22051,Peter Gallagher,2
22051,Amy Irving,3
22051,Frankie Faison,4
55347,Ewan McGregor,0
55347,Christopher Plummer,1
55347,Mélanie Laurent,2
55347,Goran Visnjic,3
55347,Kai Lennox,4
10070,Balthazar Getty,0
10070,Henry Rollins,1
10070,Navi Rawat,2
10070,Judah Friedlander,3
10070,Jason Mewes,4
8469,John Belushi,0
8469,Tim Matheson,1
8469,John Vernon,2
8469,Verna Bloom,3
8469,Tom Hulce,4
658,Sean Connery,0
658,Honor Blackman,1
658,Gert Fröbe,2
658,Shirley Eaton,3
658,Tania Mallet,4
125490,Caleb Landry Jones,0
125490,Sarah Gadon,1
125490,Malcolm McDowell,2
125490,Joe Pingue,3
125490,Sheila McCarthy,4
627,Ewan McGregor,0
627,Ewen Bremner,1
627,Jonny Lee Miller,2
627,Robert Carlyle,3
627,Kelly Macdonald,4
41436,Katie Featherston,0
41436,David Bierend,1
41436,Brian Boland,2
41436,Molly Ephraim,3
41436,Seth Ginsberg,4
10162,Ian Bannen,0
10162,David Kelly,1
10162,Fionnula Flanagan,2
10162,Susan Lynch,3
10162,Brendan Dempsey,4
1430,Michael Moore,0
1430,George H. W. Bush,1
1430,George W. Bush,2
1430,Dick Clark,3
1430,Charlton Heston,4
10014,Robert Englund,0
10014,Mark Patton,1
10014,Kim Myers,2
10014,Robert Rusler,3
10014,Clu Gulager,4
11257,Maggie Smith,0
11257,Helena Bonham Carter,1
11257,Denholm Elliott,2
11257,Julian Sands,3
11257,Simon Callow,4
158015,Lena Headey,0
158015,Ethan Hawke,1
158015,Max Burkholder,2
158015,Adelaide Kane,3
158015,Rhys Wakefield,4
82507,Ethan Hawke,0
82507,Juliet Rylance,1
82507,Vincent D'Onofrio,2
82507,James Ransone,3
82507,Fred Dalton Thompson,4
1685,James Franciscus,0
1685,Kim Hunter,1
1685,Maurice Evans,2
1685,Linda Harrison,3
1685,Charlton Heston,4
20737,Kevin Zegers,0
20737,Wendy Makkena,1
20737,Michael Jeter,2
20737,Bill Cobbs,3
20737,Brendan Fletcher,4
10225,Thom Mathews,0
10225,Jennifer Cooke,1
10225,David Kagen,2
10225,Renée Jones,3
10225,Tom Fridley,4
5854,Barbara Harris,0
5854,Bruce Dern,1
5854,Karen Black,2
5854,William Devane,3
5854,Ed Lauter,4
284,Jack Lemmon,0
284,Shirley MacLaine,1
284,Fred MacMurray,2
284,Ray Walston,3
284,Jack Kruschen,4
10285,Kane Hodder,0
10285,John D. LeMay,1
10285,Kari Keegan,2
10285,Steven Williams,3
10285,Steven Culp,4
5780,Paul Newman,0
5780,Julie Andrews,1
5780,Lila Kedrova,2
5780,Hansjörg Felmy,3
5780,Tamara Toumanova,4
292,Dave Chappelle,0
292,Erykah Badu,1
292,Common,2
292,Yasiin Bey,3
292,Bilal,4
223485,Michael Fassbender,0
223485,Kodi Smit-McPhee,1
223485,Ben Mendelsohn,2
223485,Caren Pistorius,3
223485,Rory McCann,4
18065,Donald Faison,0
18065,Mike Epps,1
18065,Wood Harris,2
18065,Omari Hardwick,3
18065,Yasiin Bey,4
22013,Burt Lancaster,0
22013,Jean Simmons,1
22013,Arthur Kennedy,2
22013,Dean Jagger,3
22013,Shirley Jones,4
821,Spencer Tracy,0
821,Burt Lancaster,1
821,Richard Widmark,2
821,Marlene Dietrich,3
821,Maximilian Schell,4
132344,Ethan Hawke,0
132344,Julie Delpy,1
132344,Seamus Davey-Fitzpatrick,2
132344,Jennifer Prior,3
132344,Charlotte Prior,4
15582,Jason Bateman,0
15582,Kim Darby,1
15582,John Astin,2
15582,Mark Holton,3
15582,Estee Chandler,4
15158,James Le Gros,0
15158,Reggie Bannister,1
15158,Angus Scrimm,2
15158,Paula Irvine,3
15158,Samantha Phillips,4
7509,Lisa Ray,0
7509,Sarala,1
7509,John Abraham,2
7509,Seema Biswas,3
7509,Waheeda Rehman,5
10557,Om Puri,0
10557,Linda Bassett,1
10557,Ian Aspinall,2
10557,Jimi Mistry,3
10557,Archie Panjabi,4
28005,Indira Varma,0
28005,Sarita Choudhury,1
28005,Ramon Tikaram,2
28005,Naveen Andrews,3
40247,Rebecca Hall,0
40247,Catherine Keener,1
40247,Amanda Peet,2
40247,Oliver Platt,3
40247,Sarah Steele,4
252,Gene Wilder,0
252,Jack Albertson,1
252,Peter Ostrum,2
252,Roy Kinnear,3
252,Denise Nickerson,4
24126,Julian Sands,0
24126,Chris Young,1
24126,Paula Marshall,2
24126,Joanna Pacula,3
24126,Steve Kahan,4
16642,Richard Gere,0
16642,Brooke Adams,1
16642,Linda Manz,2
16642,Sam Shepard,3
16642,Robert J. Wilke,4
18892,Rose McGowan,0
18892,Julie Benz,1
18892,Rebecca Gayheart,1
18892,Carol Kane,3
18892,Pam Grier,4
549,Jeffrey Wright,0
549,David Bowie,1
549,Dennis Hopper,2
549,Gary Oldman,3
549,Benicio del Toro,4
121986,Greta Gerwig,0
121986,Mickey Sumner,1
121986,Adam Driver,2
121986,Michael Zegen,3
121986,Michael Esper,4
868,Presley Chweneyagae,0
868,Jerry Mofokeng,1
868,Terry Pheto,2
868,Kenneth Nkosi,3
868,Zenzo Ngqobe,4
10683,Jane Adams,0
10683,Jon Lovitz,1
10683,Philip Seymour Hoffman,2
10683,Dylan Baker,3
10683,Evan Silverberg,4
246403,Michael Parks,0
246403,Justin Long,1
246403,Haley Joel Osment,2
246403,Génesis Rodríguez,3
246403,Ralph Garman,4
35691,Robyn Lively,0
35691,Jeffrey Johnson,1
35691,Bailee Madison,2
35691,Maree Cheatham,3
35691,Tanner Maguire,4
49010,Rutger Hauer,0
49010,Gregory Smith,1
49010,Robb Wells,2
49010,Brian Downey,3
49010,Molly Dunsworth,4
11229,Kiefer Sutherland,0
11229,Reese Witherspoon,1
11229,Wolfgang Bodison,2
11229,Dan Hedaya,3
11229,Amanda Plummer,4
24469,Katie Jarvis,0
24469,Michael Fassbender,1
24469,Kierston Wareing,2
24469,Rebecca Griffiths,3
24469,Harry Treadaway,4
82533,Greta Gerwig,0
82533,Carrie MacLemore,1
82533,Megalyn Echikunwoke,2
82533,Analeigh Tipton,3
82533,Ryan Metcalf,4
50942,Craig T. Nelson,0
50942,Kim Cattrall,1
50942,Colm Feore,2
50942,Cress Williams,3
50942,Michael Reilly Burke,4
84174,Kirsten Dunst,0
84174,Isla Fisher,1
84174,Lizzy Caplan,2
84174,Rebel Wilson,3
84174,Adam Scott,4
79940,Eric Wareheim,0
79940,Tim Heidecker,1
79940,John C. Reilly,2
79940,Zach Galifianakis,3
79940,Will Ferrell,4
38033,Nikki Reed,0
38033,Keith David,1
38033,Brad Dourif,2
38033,Betsy Russell,3
38033,Cherilyn Wilson,4
38541,Lauren German,0
38541,Michael Biehn,1
38541,Milo Ventimiglia,2
38541,Courtney B. Vance,3
38541,Ashton Holmes,4
234212,Maria Bello,1
234212,Frank Grillo,2
234212,Cody Horn,3
234212,Dustin Milligan,4
234212,Megan Park,5
71866,Rooney Mara,0
71866,Georgia King,1
71866,Brie Larson,2
71866,Amy Ferguson,3
71866,Antonia Steinberg,4
192210,Camilla Belle,0
192210,Andy García,1
192210,Colin Egglesfield,2
192210,Juliette Lewis,3
192210,Christiane Torloni,4
180296,Paul Rudd,0
180296,Amy Poehler,1
180296,Bill Hader,2
180296,Ellie Kemper,3
180296,Cobie Smulders,4
157058,Kathryn Fiore,0
157058,Flip Schultz,1
157058,Olivia Alexander,2
157058,Arturo del Puerto,3
157058,Danny Woodburn,4
70006,Stacey Asaro,0
70006,Gralen Bryant Banks,1
70006,Rus Blackwell,2
70006,Beau Brasso,3
70006,Eddie Bravo,4
26039,Lee Marvin,0
26039,Angie Dickinson,1
26039,Keenan Wynn,2
26039,Carroll O'Connor,3
26039,Lloyd Bochner,4
260947,Shantel VanSanten,0
260947,John Robinson,1
260947,James Patrick Stuart,2
260947,Brittany Murphy,3
260947,Robert Blanche,4
248,Glenn Ford,0
248,Bette Davis,1
248,Hope Lange,2
248,Arthur O'Connell,3
248,Peter Falk,4
325173,Scott Adkins,1
325173,Nick Chinlund,2
325173,Caitlin Keats,3
325173,Jake La Botz,4
325173,Tony Perez,5
351043,Kate Bosworth,1
351043,Wes Bentley,2
351043,Shashawnee Hall,4
351043,Richard Riehle,5
351043,Patrick Bauchau,6
43942,Zoe Sloane,0
43942,Jade Viggiano,1
43942,Amancaya Aguilar,2
43942,Kahiry Bess,3
43942,Alisha Naragsheth,4
66942,Ryan Kwanten,0
66942,Maeve Dermody,1
66942,Marshall Napier,2
66942,Heather Mitchell,3
66942,Patrick Brammall,4
10476,Terrence Howard,0
10476,Anthony Anderson,1
10476,Taryn Manning,2
10476,Taraji P. Henson,3
10476,Elise Neal,4
10281,Kane Hodder,0
10281,Lar Park Lincoln,1
10281,Susan Jennifer Sullivan,2
10281,Kevin Spirtas,3
10281,Terry Kiser,4
3034,Gene Wilder,0
3034,Peter Boyle,1
3034,Marty Feldman,2
3034,Madeline Kahn,3
3034,Cloris Leachman,4
13025,Michelle Morgan,0
13025,Joshua Close,1
13025,Shawn Roberts,2
13025,Amy Lalonde,3
13025,Joe Dinicol,4
21461,Sanjay Dutt,0
21461,Arshad Warsi,1
21461,Dilip Prabhavalkar,2
21461,Vidya Balan,3
21461,Dia Mirza,4
17264,Kelly Reno,0
17264,Mickey Rooney,1
17264,Teri Garr,2
17264,Clarence Muse,3
17264,Hoyt Axton,4
15875,John Wayne,0
15875,Elizabeth Allen,1
15875,Lee Marvin,2
15875,Cesar Romero,3
15875,Mike Mazurki,4
11072,Cleavon Little,0
11072,Gene Wilder,1
11072,Harvey Korman,2
11072,Slim Pickens,3
11072,Madeline Kahn,4
9730,Kimberly Beck,0
9730,Erich Anderson,1
9730,Corey Feldman,2
9730,Barbara Howard,3
9730,Crispin Glover,4
26371,James Wilby,0
26371,Hugh Grant,1
26371,Rupert Graves,2
26371,Denholm Elliott,3
26371,Simon Callow,4
14137,Artie Lange,0
14137,Ralph Macchio,1
14137,Anthony DeSando,2
14137,Jimmy Palumbo,3
14137,Joe Lo Truglio,4
291,Jeff Clark,0
291,Darrick Doerner,1
291,Laird Hamilton,2
291,Dave Kalama,3
291,David H. Kalama Jr.,4
8875,Josh Randall,1
8875,Nick Searcy,2
8875,Beth Broderick,3
8875,Sascha Rosemann,4
8875,T.W. Leshner,5
72914,Joe Cross,0
72914,Phil Riverstone,1
72914,Amy Badberg,2
72914,Merv Cross,3
72914,Virginia Cross,4
139038,Marlon Wayans,0
139038,Essence Atkins,1
139038,Nick Swardson,2
139038,Cedric the Entertainer,3
139038,David Koechner,4
9591,Tom Everett Scott,0
9591,Johnathon Schaech,1
9591,Tom Hanks,2
9591,Steve Zahn,3
9591,Ethan Embry,4
10676,Tom Atkins,0
10676,Stacey Nelkin,1
10676,Dan O'Herlihy,2
10676,Michael Currie,3
10676,Ralph Strait,4
1687,Roddy McDowall,0
1687,Kim Hunter,1
1687,Bradford Dillman,2
1687,Natalie Trundy,3
1687,Eric Braeden,4
24748,Paul Newman,0
24748,Melvyn Douglas,1
24748,Patricia Neal,2
24748,Brandon De Wilde,3
24748,Whit Bissell,4
181330,Kevin Hart,0
181330,David Terrell,1
181330,David Jason Perez,2
181330,Justine Herron,3
181330,Harry Ratchford,5
468,River Phoenix,0
468,Keanu Reeves,1
468,James Russo,2
468,William Richert,3
468,Rodney Harvey,4
401,Zach Braff,0
401,Natalie Portman,1
401,Ian Holm,2
401,Peter Sarsgaard,3
401,Jean Smart,4
76,Ethan Hawke,0
76,Julie Delpy,1
76,Andrea Eckert,2
76,Hanno Pöschl,3
76,Karl Bruckschwaiger,4
19316,Michelle Krusiec,0
19316,Joan Chen,1
19316,Lynn Chen,2
19316,Ato Essandoh,3
19316,Jessica Hecht,4
84329,Frank Langella,0
84329,Liv Tyler,1
84329,James Marsden,2
84329,Susan Sarandon,3
84329,Peter Sarsgaard,4
20,Sarah Polley,0
20,Amanda Plummer,1
20,Scott Speedman,2
20,Leonor Watling,3
20,Deborah Harry,4
157386,Miles Teller,0
157386,Shailene Woodley,1
157386,Brie Larson,2
157386,Dayo Okeniyi,3
157386,Masam Holden,4
13007,Bill Maher,0
13007,Jose Luis De Jesus Miranda,1
13007,Andrew Newberg,2
13007,Steve Burg,3
13007,Tal Bachman,4
17334,Jesse Metcalfe,0
17334,Austin Basis,1
17334,Larry Miller,2
17334,Michael Chen,3
17334,Nouva Monika Wahlgren,4
20764,Leonor Varela,0
20764,Jacob Vargas,1
20764,Luis Fernando Peña,2
45132,Rainn Wilson,0
45132,Ellen Page,1
45132,Liv Tyler,2
45132,Kevin Bacon,3
45132,Gregg Henry,4
13569,Marc Blucas,0
13569,Justine Waddell,1
13569,Bill Moseley,2
13569,Priscilla Barnes,3
13569,Jack Ryan,4
7512,Luke Wilson,0
7512,Maya Rudolph,1
7512,Dax Shepard,2
7512,Terry Crews,3
7512,Anthony 'Citric' Campos,4
356216,Kevin Leslie,0
356216,Simon Cotton,1
356216,Phil Dunster,2
356216,Danny Midwinter,3
356216,Dan Parr,5
11798,Thomas Turgoose,0
11798,Stephen Graham,1
11798,Jo Hartley,2
11798,Andrew Shim,3
11798,Vicky McClure,4
146631,Bianca Bree,0
146631,Sean Brosnan,1
146631,Simon Phillips,3
146631,Jean-Claude Van Damme,4
146631,Peter Barrett,5
283384,Susan Sarandon,1
283384,Gil Bellows,2
283384,Ellen Burstyn,3
283384,Topher Grace,4
283384,Donald Sutherland,5
19933,Jon Lovitz,0
19933,Timothy Stack,1
19933,Phil Hartman,2
19933,Deanna Oliver,3
19933,Timothy E. Day,4
9728,Dana Kimmell,0
9728,Paul Kratka,1
9728,Tracie Savage,2
9728,Jeffrey Rogers,3
9728,Catherine Parks,4
9731,Melanie Kinnaman,0
9731,John Shepherd,1
9731,Shavar Ross,2
9731,Richard Young,3
9731,Marco St. John,4
309425,Mira Sorvino,1
309425,Sean Astin,2
309425,Alexa PenaVega,3
309425,Cybill Shepherd,4
309425,Brian Bosworth,5
16205,Robert Englund,0
16205,Trevor Matthews,1
16205,Daniel Kash,2
16205,David Fox,3
16205,Dean Hawes,4
9517,Brad Renfro,0
9517,Bijou Phillips,1
9517,Nick Stahl,2
9517,Rachel Miner,3
9517,Michael Pitt,5
6007,Per Christian Ellefsen,0
6007,Sven Nordin,1
6007,Jørgen Langhelle,2
6007,Marit Pia Jacobsen,3
6007,Per Christensen,4
347548,Louise Brealey,0
347548,Lee Ross,1
347548,Sheila Reid,2
347548,Pippa Nixon,3
347548,Claire Greasley,4
657,Sean Connery,0
657,Daniela Bianchi,1
657,Pedro Armendáriz,2
657,Lotte Lenya,3
657,Robert Shaw,4
28165,Ron Fazio,0
28165,John Altamura,1
28165,Phoebe Legere,2
28165,Rick Collins,3
28165,Rikiya Yasuoka,4
11561,Woody Allen,0
11561,Diane Keaton,1
11561,John Beck,2
11561,Mary Gregory,3
11561,Brian Avery,4
270303,Maika Monroe,0
270303,Keir Gilchrist,1
270303,Daniel Zovatto,2
270303,Jake Weary,3
270303,Olivia Luccardi,4
11624,Woody Allen,0
11624,John Carradine,1
11624,Lou Jacobi,2
11624,Louise Lasser,3
11624,Anthony Quayle,4
595,Gregory Peck,0
595,Brock Peters,1
595,James Anderson,2
595,Mary Badham,3
595,Phillip Alford,4
8810,Mel Gibson,0
8810,Bruce Spence,1
8810,Michael Preston,2
8810,Max Phipps,3
8810,Vernon Wells,4
226,Hilary Swank,0
226,Chloë Sevigny,1
226,Peter Sarsgaard,2
226,Brendan Sexton III,3
226,Alicia Goranson,4
92182,Elizabeth Olsen,0
92182,Adam Trese,1
92182,Eric Sheffer Stevens,2
92182,Julia Taylor Ross,3
92182,Adam Barnett,4
72213,Alex Kendrick,0
72213,Ken Bevel,1
72213,Ben Davies,2
72213,Kevin Downes,3
72213,Rusty Martin,4
990,Paul Newman,0
990,Jackie Gleason,1
990,Piper Laurie,2
990,George C. Scott,3
990,Myron McCormick,4
2771,Paul Giamatti,0
2771,Hope Davis,1
2771,Judah Friedlander,2
2771,James Urbaniak,3
2771,Harvey Pekar,4
80,Ethan Hawke,0
80,Julie Delpy,1
80,Vernon Dobtcheff,2
80,Louise Lemoine Torrès,3
80,Mariane Plasteig,5
11023,Evan Rachel Wood,0
11023,Nikki Reed,1
11023,Vanessa Hudgens,2
11023,Holly Hunter,3
11023,Brady Corbet,4
39013,Jennifer Lawrence,0
39013,John Hawkes,1
39013,Kevin Breznahan,2
39013,Dale Dickey,3
39013,Garret Dillahunt,4
11194,Brendan Mackey,0
11194,Nicholas Aaron,1
11194,Richard Hawking,2
11194,Ollie Ryall,3
11194,Joe Simpson,4
1382,Miranda July,0
1382,John Hawkes,1
1382,Brandon Ratcliff,2
1382,Miles Thompson,3
1382,Carlie Westerman,4
44639,Matt Damon,0
44639,William Ackman,1
44639,Barack Obama,2
44639,George W. Bush,3
44639,Jonathan Alpert,4
301351,Zac Efron,0
301351,Emily Ratajkowski,1
301351,Wes Bentley,2
301351,Nick Rotteveel,3
301351,Alessandro Lindblad,4
4816,Forest Whitaker,0
4816,Cliff Gorman,1
4816,Tricia Vessey,2
4816,Henry Silva,3
4816,Victor Argo,4
7873,Christian Bale,0
7873,Freddy Rodríguez,1
7873,Eva Longoria,2
7873,Chaka Forman,3
7873,Tammy Trull,4
331190,Kate Mara,0
331190,David Oyelowo,1
331190,Michael Kenneth Williams,2
331190,Mimi Rogers,3
331190,Leonor Varela,4
15186,David Duchovny,0
15186,Nicky Katt,1
15186,Catherine Keener,2
15186,Mary McCormack,3
15186,David Hyde Pierce,4
17994,Stephen Nichols,0
17994,Tawny Kitaen,1
17994,Todd Allen,2
17994,Kathleen Wilhoite,3
17994,Burke Byrnes,4
1378,Sook-Yin Lee,0
1378,Paul Dawson,1
1378,PJ DeBoy,2
1378,Jay Brannan,3
1378,Lindsay Beamish,4
8885,Ari Folman,0
8885,Ron Ben-Yishai,1
8885,Dror Harazi,2
8885,Ronny Dayag,3
12901,Campbell Scott,0
12901,Gerald Burke,1
12901,Ali Fadhil,2
12901,Robert Hutchings,3
250124,Bel Powley,0
250124,Kristen Wiig,1
250124,Alexander Skarsgård,2
250124,Christopher Meloni,3
250124,Austin Lyon,4
14284,Buzz Aldrin,0
14284,Michael Collins,1
14284,Alan Bean,2
14284,Eugene Cernan,3
14284,Charles Duke,4
57120,Michelle Williams,0
57120,Bruce Greenwood,1
57120,Will Patton,2
57120,Zoe Kazan,3
57120,Paul Dano,4
12228,Dennis Hopper,0
12228,Peter Bart,1
12228,Warren Beatty,2
12228,Carl Bernstein,3
13121,Jess Weixler,0
13121,John Hensley,1
13121,Josh Pais,2
13121,Hale Appleman,3
13121,Lenny Von Dohlen,4
24746,Jeffrey Falcon,0
24746,Justin McGuire,1
24746,Kim De Angelo,2
24746,Stephane Gauger,3
24746,Clifford Hugo,4
12109,Paul Kaye,0
12109,Kate Magowan,1
12109,Neil Maskell,2
12109,Beatriz Batarda,3
12109,Pete Tong,4
273899,Jeremy Irvine,0
273899,Jonny Beauchamp,1
273899,Jonathan Rhys Meyers,2
273899,Ron Perlman,3
273899,Caleb Landry Jones,4
206296,Anna Kendrick,0
206296,Jeremy Jordan,1
206296,Natalie Knepp,2
206296,Bettina Bresnan,3
206296,Marceline Hugot,4
28260,Melinda Clarke,0
28260,J. Trevor Edmond,1
28260,Kent McCord,2
28260,Sarah Douglas,3
28260,James T. Callahan,4
7515,Chris Evans,0
7515,Jessica Biel,1
7515,Joy Bryant,2
7515,Jason Statham,3
7515,Kelli Garner,4
13075,Maggie Gyllenhaal,0
13075,Michelle Hurst,1
13075,Sandra Rodríguez,2
13075,Danny Trejo,3
13075,Brad William Henke,4
335866,Julie Benz,1
335866,Carter Jenkins,2
335866,Cesar Garcia,3
335866,Mercy Malick,4
335866,Lisa Pelikan,5
13510,Kelly Reilly,0
13510,Michael Fassbender,1
13510,Tara Ellis,2
13510,Jack O'Connell,3
13510,Finn Atkins,4
215881,Emily Browning,0
215881,Xavier Samuel,1
215881,Cam Gigandet,2
215881,Dawn Olivieri,3
215881,Frances Fisher,4
18238,James Corden,0
18238,Mathew Horne,1
18238,Paul McGann,2
18238,MyAnna Buring,3
18238,Vera Filatova,4
22600,Daniel Buckland,0
22600,Robert Hobbs,1
22600,Rapulana Seiphemo,2
22600,Jeffrey Zekele,3
22600,Ronnie Nyakale,4
50698,Sean Rogerson,0
50698,Juan Riedinger,1
50698,Ashleigh Gryzko,2
50698,Mackenzie Gray,3
50698,Arthur Corber,4
115210,Ross Noble,0
115210,Tommy Knight,1
115210,Gemma-Leah Devereux,2
115210,John McDonnell,3
34335,Melissa Joan Hart,0
34335,John Terry,1
34335,Chip Bent,2
34335,Lawrence Turner,3
34335,Edrick Browne,4
11302,Woody Allen,0
11302,Louise Lasser,1
11302,Carlos Montalbán,2
11302,Nati Abascal,3
11302,Jacobo Morales,4
18616,Stephen Martines,0
18616,Valerie Cruz,1
18616,Mircea Monroe,2
18616,Desmond Askew,3
18616,Michael Robert Brandon,4
18808,Jake Gyllenhaal,0
18808,Selma Blair,1
18808,Jared Leto,2
18808,John C. McGinley,3
18808,Jeremy Piven,4
95755,Matt Lucas,0
95755,Juno Temple,1
95755,James Caan,2
95755,Dolph Lundgren,3
95755,Billy Crystal,4
198062,Glenn Howerton,0
198062,Steve Little,1
198062,Ben Schwartz,2
198062,Adrianne Palicki,3
198062,Josh Groban,4
174311,Paul Rudd,0
174311,Paul Giamatti,1
174311,Sally Hawkins,2
174311,Peter Hermann,3
174311,Michael Drayer,4
153795,Anna Paquin,0
153795,Ryan Phillippe,1
153795,Luke Wilson,2
153795,Powers Boothe,3
153795,Riley Thomas Stewart,4
312793,Tim Ogletree,0
312793,Troy Ogletree,1
312793,Dave Sheridan,2
312793,Joey Oglesby,3
312793,Sophia Taylor Ali,4
309919,Bella Heathcote,0
309919,Lucas Till,1
309919,Helen Slater,2
309919,Penelope Mitchell,3
309919,Mark L. Young,4
21309,Crispin Glover,0
21309,Keanu Reeves,1
21309,Ione Skye,2
21309,Daniel Roebuck,3
21309,Dennis Hopper,4
32235,James Woods,0
32235,Nick Nolte,1
32235,Claire Forlani,2
32235,Daryl Hannah,3
32235,Douglas Sebern,4
329540,Mike Mizanin,0
329540,Melissa Roxburgh,1
329540,Josh Blacker,2
329540,Matthew MacCaull,3
329540,Paul McGillion,4
26388,Ryan Reynolds,0
26388,José Luis García Pérez,1
26388,Robert Paterson,2
26388,Stephen Tobolowsky,3
26388,Samantha Mathis,4
49020,Craig Roberts,0
49020,Sally Hawkins,1
49020,Paddy Considine,2
49020,Noah Taylor,3
49020,Gemma Chan,4
14048,Philippe Petit,0
14048,Jean François Heckel,1
14048,Jean-Louis Blondeau,2
14048,Annie Allix,3
14048,David Forman,4
295886,Keke Palmer,2
295886,Cory Hardrict,3
295886,Eric D. Hill Jr.,4
295886,Quincy Brown,5
295886,Nafessa Williams,6
38358,Ashley Bell,0
38358,Patrick Fabian,1
38358,Iris Bahr,2
38358,Louis Herthum,3
38358,Caleb Landry Jones,4
33511,Aaron Taylor-Johnson,0
33511,Anne-Marie Duff,1
33511,Kristin Scott Thomas,2
33511,David Threlfall,3
33511,David Morrissey,4
935,Peter Sellers,0
935,George C. Scott,1
935,Sterling Hayden,2
935,Keenan Wynn,3
935,Slim Pickens,4
84175,Quvenzhané Wallis,0
84175,Dwight Henry,1
84175,Levy Easterly,2
84175,Gina Montana,3
84175,Lowell Landes,4
1705,Roddy McDowall,0
1705,Natalie Trundy,1
1705,Austin Stoker,2
1705,Severn Darden,3
1705,Claude Akins,4
58492,Morgan Spurlock,0
58492,Peter Berg,1
58492,Paul Brennan,2
58492,Ralph Nader,3
58492,Brett Ratner,4
4929,Clint Eastwood,0
4929,Inger Stevens,1
4929,Ed Begley,2
4929,Pat Hingle,3
4929,Ben Johnson,4
9783,Tom Cavanagh,0
9783,Jeffrey Anderson-Gunter,1
9783,Cas Anvar,2
9783,Paget Brewster,3
9783,Jordi Caballero,4
10894,Angela Bettis,0
10894,Jeremy Sisto,1
10894,Anna Faris,2
10894,James Duval,3
10894,Nichole Hiltz,4
246449,Natasha Henstridge,0
246449,CJ Adams,1
246449,Erin Pitt,2
246449,Ted Whittall,3
246449,Rainbow Francks,4
32579,Kate del Castillo,1
32579,Adrián Alonso Barona,2
32579,Eugenio Derbez,3
32579,America Ferrera,4
32579,Angelina Peláez,6
1688,Roddy McDowall,0
1688,Don Murray,1
1688,Ricardo Montalban,2
1688,Hari Rhodes,3
1688,Severn Darden,4
1999,Tom Wilkinson,0
1999,Sissy Spacek,1
1999,Nick Stahl,2
1999,Marisa Tomei,3
1999,William Mapother,4
43947,Sarah Butler,0
43947,Daniel Franzese,1
43947,Chad Lindberg,2
43947,Jeff Branson,3
43947,Rodney Eastman,4
24066,Steve Zahn,0
24066,William H. Macy,1
24066,Jeremy Northam,2
24066,Ally Walker,3
24066,Ron Perlman,4
9709,Natalie Press,0
9709,Emily Blunt,1
9709,Paddy Considine,2
9709,Dean Andrews,3
206284,AJ Michalka,0
206284,James Denton,1
206284,Kevin Pollak,2
206284,Shawnee Smith,3
206284,Michael Welch,4
283686,Julia Stiles,1
283686,Scott Speedman,2
283686,Stephen Rea,3
283686,Alejandro Furth,4
283686,Pixie Davies,5
592,Gene Hackman,0
592,John Cazale,1
592,Frederic Forrest,2
592,Cindy Williams,3
592,Harrison Ford,4
10758,Keri Russell,0
10758,Nathan Fillion,1
10758,Andy Griffith,2
10758,Cheryl Hines,3
10758,Eddie Jemison,4
11690,Jean-Claude Van Damme,0
11690,Bolo Yeung,1
11690,Roy Chiao,2
11690,Philip Chan Yan-Kin,3
11690,Donald Gibb,4
9344,Leo Fitzpatrick,0
9344,Rosario Dawson,2
9344,Chloë Sevigny,3
9344,Justin Pierce,4
9344,Sajan Bhagat,5
10707,Jeff Daniels,0
10707,Laura Linney,1
10707,Jesse Eisenberg,2
10707,Owen Kline,3
10707,William Baldwin,4
15647,Jennifer Westfeldt,0
15647,Tovah Feldshuh,1
15647,Esther Wurmfeld,2
15647,Hillel Friedman,3
15647,Jon Hamm,4
20156,Bruce Greenwood,0
20156,Mia Kirshner,1
20156,Elias Koteas,2
20156,Don McKellar,3
20156,Sarah Polley,4
9464,Vincent Gallo,0
9464,Christina Ricci,1
9464,Ben Gazzara,2
9464,Mickey Rourke,3
9464,Rosanna Arquette,4
49018,Patrick Wilson,0
49018,Rose Byrne,1
49018,Ty Simpkins,2
49018,Barbara Hershey,3
49018,Lin Shaye,4
13820,Harry Dean Stanton,0
13820,Emilio Estevez,1
13820,Tracey Walter,2
13820,Olivia Barash,3
13820,Sy Richardson,4
127918,Ami Ayalon,0
127918,Avraham Shalom,1
127918,Yaakov Peri,2
127918,Carmi Gillon,3
127918,Avi Dichter,4
17113,Daniel Day-Lewis,0
17113,Camilla Belle,1
17113,Catherine Keener,2
17113,Ryan McDonald,3
17113,Paul Dano,4
129139,Aubrey Plaza,0
129139,Johnny Simmons,1
129139,Bill Hader,2
129139,Alia Shawkat,3
129139,Sarah Steele,4
507,Eric Stoltz,0
507,Julie Delpy,1
507,Jean-Hugues Anglade,2
507,Tai Thai,3
507,Bruce Ramsay,4
4012,Ryan Gosling,0
4012,Summer Phoenix,1
4012,Theresa Russell,2
4012,Billy Zane,3
4012,Joshua Harto,4
14054,Kate Beckinsale,0
14054,Sam Rockwell,1
14054,Michael Angarano,2
14054,Olivia Thirlby,3
14054,Amy Sedaris,4
10972,Peter Mullan,0
10972,David Caruso,1
10972,Stephen Gevedon,2
10972,Josh Lucas,3
10972,Brendan Sexton III,4
11908,Joel David Moore,0
11908,Tamara Feldman,1
11908,Deon Richmond,2
11908,Kane Hodder,3
11908,Mercedes McNab,4
1961,Bruce Campbell,0
1961,Grace Thorsen,1
1961,Ted Raimi,2
1961,Adam Boyd,3
1961,Mike Estes,4
23963,Stephen McHattie,0
23963,Lisa Houle,1
23963,Georgina Reilly,2
23963,Hrant Alianak,3
23963,Rick Roberts,4
104755,Sheri Moon Zombie,0
104755,Bruce Davison,1
104755,Jeff Daniel Phillips,2
104755,Judy Geeson,3
104755,Meg Foster,4
253306,Morgana O'Reilly,0
253306,Rima Te Wiata,1
253306,Glen-Paul Waru,2
253306,Cameron Rhodes,3
253306,Millen Baird,4
29595,Lee Scott,0
29595,Don Hunter,1
29595,Jon Hunter,2
29595,Jeremy Hunter,3
29595,Matt Hunter,4
312791,Ali Cobrin,1
312791,Erin Agostino,2
312791,James Thomas,3
312791,Alice Hunter,4
312791,Alyson Bath,5
2661,Adam West,0
2661,Burt Ward,1
2661,Lee Meriwether,2
2661,Cesar Romero,3
2661,Burgess Meredith,4
100,Jason Flemyng,0
100,Dexter Fletcher,1
100,Nick Moran,2
100,Jason Statham,3
100,Vinnie Jones,4
27845,Steve Buscemi,0
27845,Chloë Sevigny,1
27845,Carol Kane,2
27845,Mark Boone Junior,3
27845,Bronson Dudley,4
100275,Thure Lindhardt,0
100275,Dylan Smith,1
100275,Georgina Reilly,2
100275,Alain Goulem,3
100275,Stephen McHattie,4
38570,Bryan Callen,0
38570,Noureen DeWulf,1
38570,Mircea Monroe,2
38570,Stephen Kramer Glickman,3
38570,Austin Michael Scott,4
27588,Carly Schroeder,0
27588,Cody Linley,1
27588,Brie Gabrielle,2
27588,Chloe Bridges,3
27588,Micah Alberti,4
9725,Amy Steel,0
9725,John Furey,1
9725,Adrienne King,2
9725,Kirsten Baker,3
9725,Betsy Palmer,4
23730,John Heard,0
23730,Daniel Stern,1
23730,Christopher Curry,2
23730,Kim Greist,3
23730,Laure Mattos,4
1412,Andie MacDowell,0
1412,Peter Gallagher,1
1412,James Spader,2
1412,Laura San Giacomo,3
1412,Ron Vawter,4
176,Cary Elwes,0
176,Danny Glover,1
176,Monica Potter,2
176,Michael Emerson,3
176,Ken Leung,4
39939,Jay Chandrasekhar,1
39939,Steve Lemme,2
39939,Kevin Heffernan,3
39939,Paul Soter,4
39939,Geoffrey Arend,5
14295,Laura Linney,0
14295,Mark Ruffalo,1
14295,Matthew Broderick,2
14295,Jon Tenney,3
14295,Rory Culkin,4
20770,Natasha Lyonne,0
20770,Brandt Wille,1
20770,Bud Cort,2
20770,Michelle Williams,3
20770,RuPaul,4
176124,Scott Elrod,0
176124,Dorian Brown,1
176124,Charles Henry Wyson,2
176124,James Devoti,3
176124,Nicole Leigh,4
500,Harvey Keitel,0
500,Tim Roth,1
500,Michael Madsen,2
500,Chris Penn,3
500,Steve Buscemi,4
98369,Marshall Allman,0
98369,Claire Holt,1
98369,Tania Raymonde,2
98369,Justin Welborn,3
98369,Eric Lange,4
15544,Patrick J. Adams,0
15544,Ryan Pinkston,1
15544,Denise Boutte,2
15544,Michael Cera,3
15544,Frankie Muniz,4
157422,Sienna Guillory,0
157422,Gianni Capaldi,1
157422,Enzo Cilenti,2
157422,Michele Hicks,3
157422,Sonja Kinski,4
7553,Ryan Reynolds,0
7553,Anna Faris,1
7553,Justin Long,2
7553,David Koechner,3
7553,Luis Guzmán,4
12877,Paddy Considine,0
12877,Gary Stretch,1
12877,Toby Kebbell,2
12877,Jo Hartley,3
12877,Seamus O'Neill,4
50037,Michael Rogers,0
50037,Scott Hylands,2
50037,Marilyn Norry,3
50037,Eva Allan,4
50037,Rondel Reynoldson,5
202604,Joe Marino,0
27374,Talia Zucker,0
27374,Rosie Traynor,1
27374,David Pledger,2
27374,Martin Sharpe,3
27374,Steve Jodrell,4
811,Bruce Dern,0
811,Cliff Potts,1
811,Ron Rifkin,2
811,Jesse Vint,3
811,Steven Brown,4
1366,Sylvester Stallone,0
1366,Talia Shire,1
1366,Burt Young,2
1366,Carl Weathers,3
1366,Burgess Meredith,4
5769,Albert Finney,0
5769,Susannah York,1
5769,Hugh Griffith,2
5769,Edith Evans,3
5769,Joan Greenwood,4
277685,Shelley Hennig,0
277685,Moses Jacob Storm,1
277685,Renee Olstead,2
277685,William Peltz,3
277685,Jacob Wysocki,4
103,Robert De Niro,0
103,Cybill Shepherd,1
103,Harvey Keitel,2
103,Jodie Foster,3
103,Peter Boyle,4
11298,Patrick Macnee,0
11298,Dennis Dugan,1
11298,Christopher Stone,2
11298,Belinda Balaski,3
11298,Kevin McCarthy,4
646,Sean Connery,0
646,Ursula Andress,1
646,Joseph Wiseman,2
646,Jack Lord,3
646,Bernard Lee,4
93856,Jesse McCartney,0
93856,Jonathan Sadowski,1
93856,Olivia Taylor Dudley,2
93856,Ingrid Bolsø Berdal,3
93856,Alex Feldman,4
9003,Andrew Robinson,0
9003,Clare Higgins,1
9003,Ashley Laurence,2
9003,Sean Chapman,3
9003,Oliver Smith,4
10092,Julian Morris,0
10092,Lindy Booth,1
10092,Jared Padalecki,2
10092,Jon Bon Jovi,3
10092,Sandra McCoy,4
46705,Ryan Gosling,0
46705,Michelle Williams,1
46705,Mike Vogel,2
46705,John Doman,3
46705,Faith Wladyka,4
546,Felicity Huffman,0
546,Kevin Zegers,1
546,Elizabeth Peña,2
546,Danny Burstein,3
546,Maurice Orozco,4
76487,Fernanda Andrade,0
76487,Simon Quarterman,1
76487,Evan Helmuth,2
76487,Ionut Grama,3
76487,Suzan Crowley,4
5722,Dolly Read,0
5722,Cynthia Myers,1
5722,Marcia McBroom,2
5722,John Lazar,3
5722,Michael Blodgett,4
1781,Al Gore,0
1781,Billy West,1
1781,Ronald Reagan,2
1781,George W. Bush,4
1781,George H. W. Bush,5
7944,Mick Jagger,0
7944,Keith Richards,1
7944,Charlie Watts,2
7944,Ronnie Wood,3
7944,Christina Aguilera,4
171424,Lorenza Izzo,0
171424,Ariel Levy,1
171424,Sky Ferreira,2
171424,Nicolas Martinez,3
171424,Kirby Bliss Blanton,4
113947,John Hawkes,0
113947,Helen Hunt,1
113947,William H. Macy,2
113947,Moon Bloodgood,3
113947,Annika Marks,4
18570,Michael Pollan,0
18570,Eric Schlosser,1
18570,Richard Lobb,2
18570,Vince Edwards,3
18570,Carole Morison,4
83860,Rachel Hendrix ,0
83860,Jason Burkey,1
83860,Robert Amaya ,2
83860,John Schneider,3
244772,Kristen Wiig,0
244772,Bill Hader,1
244772,Luke Wilson,2
244772,Ty Burrell,3
244772,Boyd Holbrook,4
50837,Elizabeth Olsen,0
50837,Hugh Dancy,1
50837,John Hawkes,2
50837,Sarah Paulson,3
50837,Brady Corbet,4
248774,Jenny Slate,0
248774,Jake Lacy,1
248774,Gaby Hoffmann,2
248774,Paul Briganti,3
248774,Stephen Singer,4
10183,Melissa Leo,0
10183,Misty Upham,1
10183,Charlie McDermott,2
10183,John Canoe,3
10183,Jay Klaitz,4
159014,Bette Midler,0
159014,Mick Jagger,1
159014,Sting,2
159014,Sheryl Crow,3
159014,Bruce Springsteen,4
13508,Martin Sheen,0
13508,Mel Gibson,1
13508,Tom Hanks,2
22597,Ben Weber,0
22597,Timothy Olyphant,1
22597,Matt McGrath,2
22597,Zach Braff,3
22597,Dean Cain,4
9707,Bruce Campbell,0
9707,Ossie Davis,1
9707,Ella Joyce,2
9707,Heidi Marnhout,3
9707,Bob Ivy,4
8675,Trey Parker,0
8675,Dian Bachar,1
8675,Matt Stone,2
8675,Ron Jeremy,3
8675,Michael Dean Jacobs,4
13132,Paul Schneider,0
13132,Zooey Deschanel,1
13132,Danny McBride,2
13132,Maurice Compte,3
13132,Heather McComb,4
192132,Emma Roberts,0
192132,Jack Kilmer,1
192132,Nat Wolff,2
192132,James Franco,3
192132,Zoe Levin,4
13198,Patrick Fugit,0
13198,Shannyn Sossamon,1
13198,Shea Whigham,2
13198,Leslie Bibb,3
13198,Will Arnett,4
244267,Michael Pitt,0
244267,Brit Marling,1
244267,Astrid Bergès-Frisbey,2
244267,Steven Yeun,3
244267,Archie Panjabi,4
13362,Brian Keith Allen,0
13362,Moazzam Begg,1
13362,Christopher Beiring,2
13362,Alex Gibney,3
201132,Genevieve Bachman,0
201132,William Brotman,1
201132,Michael Christiansen,2
201132,Tom Hamann,3
201132,George Lampman,4
251471,Jason Bateman,1
251471,Matthias Klie,2
25983,Jocelin Donahue,0
25983,Mary Woronov,1
25983,Greta Gerwig,2
25983,AJ Bowen,3
25983,Heather Robb,4
66195,David Hyde Pierce,0
66195,Clayne Crawford,1
66195,Nathaniel Parker,2
66195,Helen Reddy,3
13856,Michael Rapaport,0
13856,Josh Peck,2
13856,Robert Baker,3
13856,Jack Kehler,4
13856,Alexandra Holden,5
19344,Erin Kelly,0
19344,Diane Gaidry,1
19344,Laura Breckenridge,2
19344,Michelle Horn,3
19344,Gustine Fudickar,4
242083,Meredith Hagner,0
242083,Matt Walsh,1
242083,James Adomian,2
242083,Jake Cherry,3
242083,Derek Waters,4
63287,Jennifer Lawrence,0
63287,Selma Blair,1
63287,Bokeem Woodbine,2
63287,Chloë Grace Moretz,3
63287,Sophia Bairley,4
34592,Janette Armand,0
34592,Doug Fahl,1
34592,Cooper Hopkins,2
34592,Bill Johns,3
34592,Russell Hodgkinson,4
84178,Kate Bosworth,0
84178,Lake Bell,1
84178,Jay Paulson,2
84178,Katie Aselton,3
84178,Will Bouvier,4
101179,Liam Boyle,0
101179,Jack Gordon,1
101179,Florence Hall,2
101179,David Oakes,3
101179,Jennie Jacques,4
287524,Thomas Dekker,1
287524,Robert Englund,2
287524,Cleopatra Coleman,3
287524,Fiona Dourif,4
287524,Kevin Gage,5
206213,Martin Copping,0
206213,Danny Trejo,1
206213,Clare Niederpruem,2
206213,Terry Guthrie,3
206213,Jason Regier,4
29146,Cliff Robertson,0
29146,Claire Bloom,1
29146,Lilia Skala,2
29146,Leon Janney,3
29146,Ruth White,4
207769,Ted Levine,0
207769,Katia Winter,1
207769,Michael McMillian,2
207769,Monique Candelaria,3
207769,Jenny Gabrielle,4
271185,Britt Robertson,0
271185,Christian Slater,1
271185,Justin Long,2
271185,Martin Sheen,3
271185,Andy Buckley,4
91070,Krysten Ritter,0
91070,Kate Bosworth,1
91070,Rachel Bilson,2
91070,Geoff Stults,3
91070,Justin Kirk,4
2652,Patrick Wilson,0
2652,Ellen Page,1
2652,Sandra Oh,2
2652,Odessa Rae,3
2652,G.J. Echternkamp,4
9813,Elisha Cuthbert,0
9813,Camilla Belle,1
9813,Edie Falco,2
9813,Martin Donovan,3
9813,Shawn Ashmore,4
157354,Michael B. Jordan,0
157354,Octavia Spencer,1
157354,Melonie Diaz,2
157354,Ahna O'Reilly,3
157354,Kevin Durand,4
127867,Juno Temple,0
127867,Michael Angarano,1
127867,Alexis Bledel,2
127867,Billy Magnussen,3
127867,Alia Shawkat,4
15708,Steve Sandvoss,0
15708,Wes Ramsey,1
15708,Jacqueline Bisset,2
15708,Joseph Gordon-Levitt,3
15708,Rebekah Johnson,4
84200,Ari Graynor,0
84200,Lauren Miller,1
84200,Mark Webber,2
84200,Justin Long,3
84200,Mimi Rogers,4
84184,Rashida Jones,0
84184,Andy Samberg,1
84184,Elijah Wood,2
84184,Emma Roberts,3
84184,Ari Graynor,4
14823,Georgia Groome,0
14823,Johnny Harris,1
14823,Sam Spruell,2
14823,Lorraine Stanley,3
14823,Alexander Morton,4
367551,Stephen Dorff,1
367551,Eddie Griffin,2
367551,Bill Billions,3
367551,Jonathan Billions,4
11446,Heather Matarazzo,0
11446,Victoria Davis,1
11446,Christina Brucato,2
11446,Christina Vidal,3
11446,Siri Howard,4
292483,Shane Dawson,1
292483,Cherami Leigh,2
292483,Drew Monson,3
292483,Michelle Veintimilla,5
292483,Lisa Schwartz,6
10105,Larry Bagby,0
10105,Alexander Polinsky,1
10105,Kirby Heyborne,2
10105,Corbin Allred,3
10105,Ethan Vincent,4
838,Richard Dreyfuss,0
838,Ron Howard,1
838,Paul Le Mat,2
838,Charles Martin Smith,3
838,Cindy Williams,4
13158,Dana Snyder,0
13158,Carey Means,1
13158,Dave Willis,2
13158,Andy Merrill,3
13158,Bruce Campbell,4
84332,Aubrey Plaza,0
84332,Mark Duplass,1
84332,Jake Johnson,2
84332,Karan Soni,3
84332,Jenica Bergere,4
74510,Kevin Hart,0
74510,Na'im Lynn,1
74725,Neil Maskell,0
74725,MyAnna Buring,1
74725,Harry Simpson,2
74725,Michael Smiley,3
74725,Struan Rodger,4
58428,Sara Paxton,0
58428,Pat Healy,1
58428,Kelly McGillis,2
58428,George Riddle,3
58428,Lena Dunham,4
13429,Nichola Burley,0
13429,Sian Breckin,1
13429,Jaime Winstone,2
13429,Robert Boulter,3
13429,Tom Burke,4
9022,Amber Heard,0
9022,Anson Mount,1
9022,Michael Welch,2
9022,Whitney Able,3
9022,Edwin Hodge,4
14275,William Gates,0
14275,Arthur Agee,1
14275,Steve James,2
2287,Christopher Toler,0
2287,Tommy the Clown,1
2287,Miss Prissy,2
2287,Dragon,3
2287,Ceasare Willis,4
18734,Paul Dano,0
18734,Bruce Altman,1
18734,Brian Cox,2
18734,Billy Kay,3
18734,James Costa,4
206197,Kara Hayward,0
206197,Georgie Henley,1
206197,Olivia DeJonge,2
206197,Laura Fraser,3
206197,Kal Penn,4
7859,Ryan Gosling,0
7859,Jeff Lima,1
7859,Shareeka Epps,2
7859,Nathan Corbett,3
7859,Tyra Kwao-Vovo,4
158752,Roy Abramsohn,0
158752,Elena Schuber,1
158752,Katelynn Rodriguez,2
158752,Danielle Safady,3
158752,Alison Lees-Taylor,4
118612,Steven Strait,0
118612,Karolina Wydra,1
118612,Sandra Ellis Lafferty,2
118612,Ric Reitz,3
118612,Jackson Walker,4
323967,Andrew J. West,0
323967,Justin Kirk,1
323967,Virginia Madsen,2
323967,William H. Macy,3
323967,Milo Ventimiglia,4
2667,Michael C. Williams,0
2667,Heather Donahue,1
2667,Joshua Leonard,2
2667,Bob Griffith,3
2667,Jim King,4
9459,Joe Cocker,1
9459,Richie Havens,2
9459,Joan Baez,3
9459,Arlo Guthrie,6
9459,Ten Years After,8
11598,Evan C. Kim,0
11598,Bong Soo Han,1
11598,Marilyn Joi,2
11598,Saul Kahan,3
11598,Marcy Goldman,4
704,John Lennon,0
704,Paul McCartney,1
704,George Harrison,2
704,Ringo Starr,3
704,Wilfrid Brambell,4
14438,Kirk Cameron,0
14438,Erin Bethea,1
14438,Ken Bevel,2
14438,Stephen Dervan,3
14438,Eric Young,4
23069,Patsy Garrett,1
23069,Allen Fiuzat,2
23069,Cynthia Smith,3
23069,Peter Breck,4
23069,Frances Bavier,5
83,Blanchard Ryan,0
83,Daniel Travis,1
83,Saul Stein,2
83,Michael E. Williamson,3
83,Christina Zenato,4
89857,Kathryn Burns,0
89857,Lizzy Caplan,1
89857,Michael Coleman,2
89857,Andrew Daly,3
89857,Rich Fulcher,4
30315,William Shatner,0
30315,Tiffany Bolling,1
30315,Woody Strode,2
30315,Lieux Dressler,3
30315,David McLean,4
2056,Peter Dinklage,0
2056,Patricia Clarkson,1
2056,Bobby Cannavale,2
2056,Michelle Williams,3
2056,Raven Goodwin,4
41144,Randy Wayne,0
41144,Deja Kreutzberg,1
41144,Joshua Weigel,2
41144,Steven Crowder,3
41144,Kim Hidalgo,4
12281,Rory Culkin,0
12281,Scott Mechlowicz,2
12281,Trevor Morgan,3
12281,Josh Peck,4
12281,Ryan Kelley,5
172533,Olivia Wilde,0
172533,Jake Johnson,1
172533,Anna Kendrick,2
172533,Ron Livingston,3
172533,Ti West,4
45649,Thomas F. Duffy,0
45649,David Bowe,1
45649,Stephen Spinella,2
45649,Roxane Mesquida,3
45649,Jack Plotnick,4
43933,Whitney Able,0
43933,Scoot McNairy,1
43933,Annalee Jefferies,2
43933,Kevon Kane,3
43933,Fernando Lara,4
139715,Jacob Zachar,0
139715,Alexa Nikolas,1
139715,Christa Brittany  Allen,2
139715,Jayson Blair,3
139715,Justin Chon,4
45380,Guo Tao,0
45380,Liu Hua,2
45380,Liu Gang,3
45380,Xu Zheng,4
45380,Huang Bo,5
253626,Ethan Hawke,0
253626,January Jones,1
253626,Zoë Kravitz,2
253626,Jake Abel,3
253626,Bruce Greenwood,4
90369,Dakota Fanning,0
90369,Jeremy Irvine,1
90369,Kaya Scodelario,2
90369,Olivia Williams,3
90369,Paddy Considine,4
98568,Katherine Waterston,0
98568,Scott Eastwood,1
98568,Sara Paxton,2
98568,Shaun Sipos,3
98568,Christopher Denham,4
15239,Mitch Cohen,0
15239,Andree Maranda,1
15239,Jennifer Prichard,2
15239,Cindy Manion,3
15239,Robert Prichard,4
4107,James Nesbitt,0
4107,Allan Gildea,1
4107,Gerard Crossan,2
4107,Mary Moulds,3
4107,Carmel McCallion,4
15624,Helena Bonham Carter,0
15624,Aaron Eckhart,1
15624,Yury Tsykun,2
15624,Brian Geraghty,3
15624,Brianna Brown,4
17287,Jason Yachanin,0
17287,Kate Graham,1
17287,Allyson Sereboff,2
17287,Robin L. Watkins,3
17287,Joshua Olatunde,4
15389,Edward Clements,0
15389,Chris Eigeman,1
15389,Taylor Nichols,2
15389,Carolyn Farina,3
15389,Isabel Gillies,4
8193,Jon Heder,0
8193,Aaron Ruell,1
8193,Jon Gries,2
8193,Efren Ramirez,3
8193,Shondrella Avery,4
188166,Macon Blair,0
188166,Devin Ratray,1
188166,Amy Hargreaves,2
188166,Kevin Kolack,3
188166,Eve Plumb,4
23827,Katie Featherston,0
23827,Micah Sloat,1
23827,Mark Fredrichs,2
23827,Amber Armstrong,3
23827,Ashley Palmer,4
1282,Sean Penn,0
1282,Jay Adams,1
1282,Henry Rollins,2
1282,Steve Caballero,3
1282,Tony Hawk,4
762,Graham Chapman,0
762,John Cleese,1
762,Terry Gilliam,2
762,Eric Idle,3
762,Terry Jones,4
9029,Ashton Kutcher,0
9029,Cameron Diaz,1
9029,Lake Bell,2
9029,Queen Latifah,3
9029,Treat Williams,4
11240,Gordon Warnecke,0
11240,Daniel Day-Lewis,1
11240,Roshan Seth,2
11240,Saeed Jaffrey,3
11240,Derrick Branche,4
15800,Denise Crosby,0
15800,Barbara Adams,1
15800,Majel Barrett,2
15800,James Doohan,3
15800,DeForest Kelley,4
764,Bruce Campbell,0
764,Ellen Sandweiss,1
764,Richard DeManincor,2
764,Betsy Baker,3
764,Theresa Tilly,4
103620,Elijah Wood,0
103620,America Olivo,1
103620,Nora Arnezeder,2
103620,Zoe Aggeliki,3
103620,Jan Broberg,4
21525,Tupac Amaru Shakur,0
11980,Christopher Walken,0
11980,Elias Koteas,1
11980,Virginia Madsen,2
11980,Eric Stoltz,3
11980,Adam Goldberg,4
1550,Katie Holmes,0
1550,Derek Luke,1
1550,Patricia Clarkson,2
1550,Oliver Platt,3
1550,Alison Pill,4
26518,Daniel London,0
26518,Will Oldham,1
26518,Tanya Smith,2
26518,Robin Rosenberg,3
26518,Keri Moran,4
8942,Michelle Williams,0
8942,Will Patton,1
8942,Will Oldham,2
8942,John Robinson,3
13282,David Carradine,0
13282,Simone Griffeth,1
13282,Sylvester Stallone,2
13282,Mary Woronov,3
13282,Roberta Collins,4
80468,Kevin Corrigan,0
80468,Barry Bostwick,1
80468,Karen Black,2
80468,Leo Fitzpatrick,3
80468,Ariel Gade,4
84188,Ann Dowd,0
84188,Dreama Walker,1
84188,Pat Healy,2
84188,Philip Ettinger,3
84188,James McCaffrey,4
2255,Ben Affleck,0
2255,Joey Lauren Adams,1
2255,Jason Lee,2
2255,Dwight Ewell,3
2255,Jason Mewes,4
50035,Catherine Keener,0
50035,Brenda Blethyn,1
50035,Emily Mortimer,2
50035,Jake Gyllenhaal,3
50035,James Le Gros,4
14290,Parry Shen,0
14290,Jason Tobin,1
14290,Sung Kang,2
14290,Karin Anna Cheung,3
14290,Roger Fan,4
431,Nicole de Boer,0
431,Nicky Guadagni,1
431,David Hewlett,2
431,Andrew Miller,3
431,Julian Richings,4
60420,Anton Yelchin,0
60420,Felicity Jones,1
60420,Jennifer Lawrence,2
60420,Charlie Bewley,3
60420,Alex Kingston,4
109729,Lindsay Lohan,0
109729,James Deen,1
109729,Gus Van Sant,2
109729,Nolan Gerard Funk,3
109729,Amanda Brooks,4
12247,Michael Shannon,0
12247,Glenda Pannell,1
12247,Lynnsee Provence,2
12247,Douglas Ligon,3
12247,Barlow Jacobs,4
29917,Luke Mably,0
29917,Adar Beck,1
29917,Chris Carey,2
29917,Gemma Chan,3
29917,Nathalie Cox,4
24869,Chris Kelly,0
24869,Jessica Duffy,1
24869,Quinn Hunchar,2
24869,Jeremy Make,3
24869,Jennifer Batter,4
18533,Tom Hardy,0
18533,Matt King,1
18533,James Lance,2
18533,Kelly Adams,3
18533,Katy Barker,4
9659,Mel Gibson,0
9659,Joanne Samuel,1
9659,Hugh Keays-Byrne,2
9659,Steve Bisley,3
9659,Tim Burns,4
10218,Jon Favreau,0
10218,Vince Vaughn,1
10218,Ron Livingston,2
10218,Patrick Van Horn,3
10218,Alex Désert,4
69270,Shannon Beckner,0
69270,Oded Fehr,1
69270,Ryan Kennedy,2
69270,Adrien Dorval,3
69270,Duncan Fisher,4
14758,Marianna Palka,0
14758,Jason Ritter,1
14758,Eric Edelstein,2
14758,Martin Starr,3
14758,Mark Webber,4
13363,David Lee Smith,0
13363,Tony Todd,1
13363,John Billingsley,2
13363,Ellen Crawford,3
13363,Annika Peterson,4
79120,Tom Cullen,0
79120,Chris New,1
79120,Jonathan Race,2
79120,Laura Freeman,3
79120,Loreto Murray,4
27995,Tracy Camilla Johns,0
27995,Tommy Redmond Hicks,1
27995,John Canada Terrell,2
27995,Spike Lee,3
27995,Raye Dowell,4
55420,William Mapother,0
55420,Brit Marling,1
55420,Matthew-Lee Erlbach,2
55420,DJ Flava,3
55420,Meggan Lennon,4
5723,Glen Hansard,0
5723,Markéta Irglová,1
5723,Hugh Walsh,2
5723,Gerard Hendrick,3
5723,Alaistair Foley,4
50497,Kate Ashfield,0
50497,Jo Hartley,1
50497,Martin Compston,2
50497,Steven Waddington,3
50497,Craig Parkinson,4
13187,Ann Altieri,0
13187,Chris Doran,1
13187,Sally Dryer,2
13187,Bill Melendez,3
13187,Karen Mendelson,4
1779,Michael Moore,0
1779,Roger B. Smith,1
1779,Rhonda Britton,2
1779,Fred Ross,3
86812,Brit Marling,0
86812,Christopher Denham,1
86812,Nicole Vicius,2
86812,Davenia McFadden,3
86812,Kandice Stroh,4
84355,Mark Duplass,0
84355,Emily Blunt,1
84355,Rosemarie DeWitt,2
84355,Mike Birbiglia,3
84355,Kate Bayley,4
18632,David Hewlett,0
18632,Kate Hewlett,1
18632,Paul McGillion,2
18632,Christopher Judge,3
18632,Rachel Luttrell,4
18925,James Blackwell,0
18925,Alex Kendrick,1
18925,Shannen Fields,2
18925,Chris WIllis,3
18925,Tracy Goode,4
299245,Cassidy Gifford,1
299245,Ryan Shoos,2
299245,Pfeifer Brown,3
299245,Reese Mishler,4
299245,Price T. Morgan,5
985,Jack Nance,0
985,Charlotte Stewart,1
985,Allen Joseph,2
985,Jeanne Bates,3
985,Judith Roberts,4
34101,Robert Townsend,0
34101,Craigus R. Johnson,1
34101,Helen Martin,2
34101,Starletta DuPois,3
34101,Keenen Ivory Wayans,4
9821,Sharon Stone,0
9821,Elden Henson,1
9821,Kieran Culkin,2
9821,Gena Rowlands,3
9821,Harry Dean Stanton,4
175291,Pat Healy,0
175291,Ethan Embry,1
175291,Sara Paxton,2
175291,David Koechner,3
175291,Amanda Fuller,4
80215,Jonathan Blow,0
80215,Phil Fish,1
80215,Edmund McMillen,2
80215,Tommy Refenes,3
13538,Gillian Anderson,0
13538,Danny Dyer,1
13538,Adam Rayner,2
13538,Antony Byrne,3
13538,Anthony Calf,4
473,Sean Gullette,0
473,Mark Margolis,1
473,Ben Shenkman,2
473,Samia Shoaib,3
473,Pamela Hart,4
9372,Morgan Spurlock,0
9372,Daryl Isaacs,1
9372,Lisa Ganjhu,2
9372,Stephen Siegel,3
9372,Bridget Bennett,4
244534,Anna Kendrick,0
244534,Melanie Lynskey,1
244534,Mark Webber,2
244534,Lena Dunham,3
244534,Joe Swanberg,4
33468,Jason Evers,0
33468,Virginia Leith,1
33468,Doris Brent,2
33468,Audrey Devereal,3
33468,Eddie Carmel,4
74777,Katie Parker,0
74777,Courtney Bell,1
74777,Morgan Peter Brown,2
74777,Dave Levine,3
74777,Justin Gordon,4
159770,Matt Johnson,0
159770,Owen Williams,1
159770,Krista Madison,2
159770,Brandon Wickens,3
159770,Jay McCarroll,4
47607,Lena Dunham,0
47607,Laurie Simmons,1
47607,Grace Dunham,2
47607,Rachel Howe,3
47607,Merritt Wever,4
20981,Matt Foyer,0
20981,John Bolen,1
20981,Ralph Lucas,2
20981,Chad Fifer,3
20981,Susan Zucker,4
242095,Brenton Thwaites,0
242095,Olivia Cooke,1
242095,Beau Knapp,2
242095,Laurence Fishburne,3
242095,Robert Longstreet,4
18292,Candace Evanofski,0
18292,Donald Holden,1
18292,Damian Jewan Lee,2
18292,Curtis Cotton III,3
18292,Rachael Handy,4
13963,Robbie Robertson,0
13963,Rick Danko,1
13963,Levon Helm,2
13963,Richard Manuel,3
13963,Garth Hudson,4
42151,Robert Hill,0
42151,Robin Hill,1
42151,Julia Deakin,2
42151,David Schaal,3
42151,Tony Way,4
2292,Brian O'Halloran,0
2292,Jeff Anderson,1
2292,Jason Mewes,2
2292,Kevin Smith,3
2292,Lisa Spoonhauer,4
14585,Aaron Eckhart,0
14585,Stacy Edwards,1
14585,Matt Malloy,2
14585,Michael Martin,3
14585,Mark Rector,4
38780,Brendan Fletcher,0
38780,Shaun Sipos,1
38780,Michael Paré,2
38780,Lynda Boyd,3
38780,Matt Frewer,4
14022,Richard Linklater,0
14022,Mark James,1
17345,Alex Kendrick,0
226458,Stephen Lang,0
226458,Kelly Blatz,1
226458,Brittany Curran,2
226458,Gage Golightly,3
226458,Nick Nicotera,4
692,Divine,0
692,David Lochary,1
692,Mary Vivian Pearce,2
692,Mink Stole,3
692,Danny Mills,4
14337,Shane Carruth,0
14337,David Sullivan,1
14337,Casey Gooden,2
14337,Anand Upadhyaya,3
14337,Carrie Crawford,4
9367,Carlos Gallardo,0
9367,Jaime de Hoyos,2
9367,Peter Marquardt,3
9367,Reinol Martinez,4
9367,Ramiro Gomez,5
