movie_id,title,release_year,release_date,release_month,decade,main_genre,genres,director,lead_actor,runtime,runtime_class,runtime_class_order,budget,revenue,budget_adj,revenue_adj,profit,roi,profitable,has_financials,vote_average,vote_count,weighted_rating,popularity,cast_size,crew_size
19995,Avatar,2009,2009-12-10,12,2000s,Action,Action|Adventure|Fantasy|Science Fiction,James Cameron,Sam Worthington,162.0,> 150 min,5.0,237000000.0,2781505847.0,240886902.887613,2827123750.41189,2544505847.0,11.7363115907173,Profitable,True,7.1,8458,6.965761310864929,9.432768,83,153
285,Pirates of the Caribbean: At World's End,2007,2007-05-19,5,2000s,Adventure,Adventure|Fantasy|Action,Gore Verbinski,Johnny Depp,169.0,> 150 min,5.0,300000000.0,961000000.0,315500574.789463,1010653507.90891,661000000.0,3.203333333333333,Profitable,True,6.8,2626,6.571128001391365,4.965391,34,32
206647,Spectre,2015,2015-10-26,10,2010s,Action,Action|Adventure|Crime,Sam Mendes,Daniel Craig,148.0,120-150 min,4.0,245000000.0,880674609.0,225399900.824043,810220283.783075,635674609.0,3.5945902408163266,Profitable,True,6.2,3254,6.178630359223494,6.200282,83,155
49026,The Dark Knight Rises,2012,2012-07-16,7,2010s,Action,Action|Crime|Drama|Thriller,Christopher Nolan,Christian Bale,165.0,> 150 min,5.0,250000000.0,1081041287.0,237436070.338061,1026712780.23392,831041287.0,4.324165148,Profitable,True,7.5,6723,7.269867472030527,6.591277,158,217
49529,John Carter,2012,2012-03-07,3,2010s,Action,Action|Adventure|Fantasy|Science Fiction,Andrew Stanton,Taylor Kitsch,132.0,120-150 min,4.0,260000000.0,284139100.0,246933513.151583,269859485.333573,24139100.0,1.0928426923076924,Profitable,True,6.0,1479,6.060833206853896,1.588457,27,132
559,Spider-Man 3,2007,2007-05-01,5,2000s,Fantasy,Fantasy|Action|Adventure,Sam Raimi,Tobey Maguire,139.0,120-150 min,4.0,258000000.0,890871626.0,271330494.318938,936901700.22208,632871626.0,3.4529907984496124,Profitable,True,5.8,2083,5.928936184090592,2.520912,143,56
38757,Tangled,2010,2010-11-24,11,2010s,Animation,Animation|Family,"Byron Howard, Nathan Greno",Zachary Levi,100.0,90-105 min,2.0,260000000.0,591794936.0,260000000.0,591794936.0,331794936.0,2.2761343692307694,Profitable,True,7.3,2019,6.829221356715713,2.865684,13,79
99861,Avengers: Age of Ultron,2015,2015-04-22,4,2010s,Action,Action|Adventure|Science Fiction,Joss Whedon,Robert Downey Jr.,141.0,120-150 min,4.0,280000000.0,1405035767.0,257599886.656049,1292632336.88177,1125035767.0,5.017984882142857,Profitable,True,7.4,4304,7.095411279110969,5.944927,72,74
767,Harry Potter and the Half-Blood Prince,2009,2009-07-07,7,2000s,Adventure,Adventure|Fantasy|Family,David Yates,Daniel Radcliffe,153.0,> 150 min,5.0,250000000.0,933959197.0,254100108.531238,949276533.285793,683959197.0,3.735836788,Profitable,True,7.3,3220,6.952831498729318,5.076472,49,27
1452,Superman Returns,2006,2006-06-28,6,2000s,Adventure,Adventure|Fantasy|Action|Science Fiction,Bryan Singer,Brandon Routh,154.0,> 150 min,5.0,270000000.0,391081192.0,292050672.738724,423020463.774305,121081192.0,1.4484488592592593,Profitable,True,5.3,834,5.811958575173792,1.957331,18,24
10764,Quantum of Solace,2008,2008-10-30,10,2000s,Adventure,Adventure|Action|Thriller|Crime,Marc Forster,Daniel Craig,106.0,105-120 min,3.0,200000000.0,586090727.0,202557326.761833,593584854.505097,386090727.0,2.930453635,Profitable,True,6.0,2149,6.049198298175266,3.086676,32,17
58,Pirates of the Caribbean: Dead Man's Chest,2006,2006-06-20,6,2000s,Adventure,Adventure|Fantasy|Action,Gore Verbinski,Johnny Depp,151.0,> 150 min,5.0,200000000.0,1065659812.0,216333831.658314,1152691351.87119,865659812.0,5.32829906,Profitable,True,6.8,3181,6.599137077095935,4.205992,33,23
57201,The Lone Ranger,2013,2013-07-03,7,2010s,Action,Action|Adventure|Western,Gore Verbinski,Johnny Depp,149.0,120-150 min,4.0,255000000.0,89289910.0,238688504.948808,83578333.8231908,-165710090.0,0.35015650980392155,Loss-making,True,6.0,1607,6.058203558926673,1.21451,60,35
49521,Man of Steel,2013,2013-06-12,6,2010s,Action,Action|Adventure|Fantasy|Science Fiction,Zack Snyder,Henry Cavill,143.0,120-150 min,4.0,225000000.0,662845518.0,210607504.366595,620445512.562503,437845518.0,2.94598008,Profitable,True,6.5,4729,6.417031868346365,3.97246,33,48
2454,The Chronicles of Narnia: Prince Caspian,2008,2008-05-15,5,2000s,Adventure,Adventure|Family|Fantasy,Andrew Adamson,Ben Barnes,150.0,120-150 min,4.0,225000000.0,419651413.0,227876992.607062,425017341.94553,194651413.0,1.8651173911111112,Profitable,True,6.1,891,6.116452077118067,1.628345,21,83
24428,The Avengers,2012,2012-04-25,4,2010s,Science Fiction,Science Fiction|Action|Adventure,Joss Whedon,Robert Downey Jr.,143.0,120-150 min,4.0,220000000.0,1519557910.0,208943741.897494,1443191435.20607,1299557910.0,6.907081409090909,Profitable,True,7.3,8903,7.145182025946688,7.637767,115,147
1865,Pirates of the Caribbean: On Stranger Tides,2011,2011-05-11,5,2010s,Adventure,Adventure|Action|Fantasy,Rob Marshall,Johnny Depp,136.0,120-150 min,4.0,380000000.0,1021683000.0,368371256.184759,990417500.348983,641683000.0,2.6886394736842107,Profitable,True,6.3,3180,6.248416787970661,4.95513,35,39
41154,Men in Black 3,2012,2012-05-23,5,2010s,Action,Action|Comedy|Science Fiction,Barry Sonnenfeld,Will Smith,106.0,105-120 min,3.0,225000000.0,624026776.0,213692463.304255,592665861.916678,399026776.0,2.773452337777778,Profitable,True,6.1,3142,6.108215243953154,2.592896,18,21
122917,The Hobbit: The Battle of the Five Armies,2014,2014-12-10,12,2010s,Adventure,Adventure|Fantasy,Peter Jackson,Martin Freeman,144.0,120-150 min,4.0,250000000.0,955119788.0,230272762.692864,879752289.141534,705119788.0,3.820479152,Profitable,True,7.1,3110,6.804943114701233,10.174599,42,127
1930,The Amazing Spider-Man,2012,2012-06-27,6,2010s,Action,Action|Adventure|Fantasy,Marc Webb,Andrew Garfield,136.0,120-150 min,4.0,215000000.0,752215857.0,204195020.490732,714412708.528228,537215857.0,3.4986784046511628,Profitable,True,6.4,4837,6.340350916369915,3.702647,57,106
20662,Robin Hood,2010,2010-05-12,5,2010s,Action,Action,Ridley Scott,Russell Crowe,140.0,120-150 min,4.0,200000000.0,310669540.0,200000000.0,310669540.0,110669540.0,1.5533477,Profitable,True,6.1,844,6.116803857121047,2.11831,34,18
57158,The Hobbit: The Desolation of Smaug,2013,2013-12-11,12,2010s,Adventure,Adventure|Fantasy,Peter Jackson,Martin Freeman,161.0,> 150 min,5.0,250000000.0,958400000.0,234008338.185106,897094365.266423,708400000.0,3.8336,Profitable,True,7.6,2952,7.136886407268242,4.310786,32,108
2268,The Golden Compass,2007,2007-12-04,12,2000s,Adventure,Adventure|Fantasy,Chris Weitz,Dakota Blue Richards,113.0,105-120 min,3.0,180000000.0,372234864.0,189300344.873678,391467711.828926,192234864.0,2.0679714666666666,Profitable,True,5.7,740,5.97628888703394,1.269498,29,32
254,King Kong,2005,2005-12-14,12,2000s,Adventure,Adventure|Drama|Action,Peter Jackson,Naomi Watts,187.0,> 150 min,5.0,207000000.0,550000000.0,231128600.95848,614109809.309971,343000000.0,2.657004830917874,Profitable,True,6.4,1289,6.260280185516164,1.508329,33,38
597,Titanic,1997,1997-11-18,11,1990s,Drama,Drama|Romance|Thriller,James Cameron,Kate Winslet,194.0,> 150 min,5.0,200000000.0,1845034188.0,271692064.214419,2506405735.41947,1645034188.0,9.22517094,Profitable,True,7.3,4654,7.0356929076309935,4.355219,136,65
44833,Battleship,2012,2012-04-11,4,2010s,Thriller,Thriller|Action|Adventure|Science Fiction,Peter Berg,Taylor Kitsch,131.0,120-150 min,4.0,209000000.0,303025485.0,198496554.802619,287796721.48274,94025485.0,1.4498827033492823,Profitable,True,5.5,1523,5.795226637356287,1.630455,46,122
135397,Jurassic World,2015,2015-06-09,6,2010s,Action,Action|Adventure|Science Fiction|Thriller,Colin Trevorrow,Chris Pratt,124.0,120-150 min,4.0,150000000.0,1513528810.0,137999939.280026,1392445892.5238,1363528810.0,10.090192066666667,Profitable,True,6.5,5562,6.427024849024417,32.985763,28,435
37724,Skyfall,2012,2012-10-25,10,2010s,Action,Action|Adventure|Thriller,Sam Mendes,Daniel Craig,143.0,120-150 min,4.0,200000000.0,1108561013.0,189948856.270449,1052849482.6268,908561013.0,5.542805065,Profitable,True,6.8,6137,6.678397906627568,5.603587,24,30
558,Spider-Man 2,2004,2004-06-25,6,2000s,Action,Action|Adventure|Fantasy,Sam Raimi,Tobey Maguire,127.0,120-150 min,4.0,200000000.0,783766341.0,230889079.962429,904815446.895049,583766341.0,3.918831705,Profitable,True,6.4,2735,6.30968833198938,1.304553,76,128
68721,Iron Man 3,2013,2013-04-18,4,2010s,Action,Action|Adventure|Science Fiction,Shane Black,Robert Downey Jr.,130.0,120-150 min,4.0,200000000.0,1215439994.0,187206670.548084,1137692372.63862,1015439994.0,6.07719997,Profitable,True,6.9,6882,6.77295644277483,4.946136,107,29
12155,Alice in Wonderland,2010,2010-03-03,3,2010s,Family,Family|Fantasy|Adventure,Tim Burton,Mia Wasikowska,108.0,105-120 min,3.0,200000000.0,1025467110.0,200000000.0,1025467110.0,825467110.0,5.12733555,Profitable,True,6.3,2853,6.244407444162909,5.57295,35,24
36668,X-Men: The Last Stand,2006,2006-05-24,5,2000s,Adventure,Adventure|Action|Science Fiction|Thriller,Brett Ratner,Hugh Jackman,104.0,90-105 min,2.0,210000000.0,234360014.0,227150523.24123,253499999.080581,24360014.0,1.1160000666666667,Profitable,True,6.2,2381,6.173635661250776,0.157586,32,39
62211,Monsters University,2013,2013-06-20,6,2010s,Animation,Animation|Family,Dan Scanlon,Billy Crystal,104.0,90-105 min,2.0,200000000.0,743559607.0,187206670.548084,695996591.902562,543559607.0,3.717798035,Profitable,True,7.0,2251,6.672199539080129,2.643496,24,13
8373,Transformers: Revenge of the Fallen,2009,2009-06-19,6,2000s,Science Fiction,Science Fiction|Action|Adventure,Michael Bay,Shia LaBeouf,150.0,120-150 min,4.0,150000000.0,836297228.0,152460065.118743,850012865.596695,686297228.0,5.575314853333333,Profitable,True,6.0,2230,6.048086425696207,0.813322999999999,37,55
91314,Transformers: Age of Extinction,2014,2014-06-25,6,2010s,Science Fiction,Science Fiction|Action|Adventure,Michael Bay,Mark Wahlberg,165.0,> 150 min,5.0,210000000.0,245500000.0,193429120.662006,226127852.964393,35500000.0,1.1690476190476191,Profitable,True,5.9,2161,5.987552717799714,4.983782,41,86
68728,Oz: The Great and Powerful,2013,2013-03-07,3,2010s,Fantasy,Fantasy|Adventure|Family,Sam Raimi,James Franco,130.0,120-150 min,4.0,200000000.0,491868548.0,187206670.548084,460405366.092004,291868548.0,2.45934274,Profitable,True,5.6,2855,5.769629269520271,1.094958,159,31
102382,The Amazing Spider-Man 2,2014,2014-04-16,4,2010s,Action,Action|Adventure|Fantasy,Marc Webb,Andrew Garfield,142.0,120-150 min,4.0,200000000.0,705717432.0,184218210.154291,650030010.988616,505717432.0,3.52858716,Profitable,True,6.6,2813,6.44638874957111,4.101979,65,102
20526,TRON: Legacy,2010,2010-12-10,12,2010s,Adventure,Adventure|Action|Science Fiction,Joseph Kosinski,Garrett Hedlund,125.0,120-150 min,4.0,170000000.0,400062763.0,170000000.0,400062763.0,230062763.0,2.3533103705882352,Profitable,True,6.3,2026,6.230805762651334,2.911727,23,27
49013,Cars 2,2011,2011-06-11,6,2010s,Animation,Animation|Family|Adventure|Comedy,"John Lasseter, Brad Lewis",Owen Wilson,106.0,105-120 min,3.0,200000000.0,559852396.0,193879608.518294,542719816.822545,359852396.0,2.79926198,Profitable,True,5.8,1277,5.9684339471467345,2.454226,47,40
44912,Green Lantern,2011,2011-06-16,6,2010s,Adventure,Adventure|Action|Thriller|Science Fiction,Martin Campbell,Ryan Reynolds,114.0,105-120 min,3.0,200000000.0,219851172.0,193879608.518294,213123295.798241,19851172.0,1.09925586,Profitable,True,5.1,1654,5.562430290993575,2.419805,23,47
10193,Toy Story 3,2010,2010-06-16,6,2010s,Animation,Animation|Family|Comedy,Lee Unkrich,Tom Hanks,103.0,90-105 min,2.0,200000000.0,1063171911.0,200000000.0,1063171911.0,863171911.0,5.315859555,Profitable,True,7.5,2924,7.065507248156372,2.711136,45,38
534,Terminator Salvation,2009,2009-05-20,5,2000s,Drama,Drama|Action|Thriller|Science Fiction,McG,Christian Bale,115.0,105-120 min,3.0,200000000.0,371353001.0,203280086.82499,377443351.430004,171353001.0,1.856765005,Profitable,True,5.8,1670,5.946544941747222,3.789633,15,55
168259,Furious 7,2015,2015-04-01,4,2010s,Action,Action|Crime|Thriller,James Wan,Vin Diesel,137.0,120-150 min,4.0,190000000.0,1506249360.0,174799923.088033,1385748801.47052,1316249360.0,7.927628210526316,Profitable,True,7.3,2947,6.930795972736689,9.335014,52,98
72190,World War Z,2013,2013-06-20,6,2010s,Action,Action|Drama|Horror|Science Fiction|Thriller,Marc Forster,Brad Pitt,116.0,105-120 min,3.0,200000000.0,531865000.0,187206670.548084,497843379.155286,331865000.0,2.659325,Profitable,True,6.7,3822,6.550172245191897,2.604638,22,31
127585,X-Men: Days of Future Past,2014,2014-05-15,5,2010s,Action,Action|Adventure|Fantasy|Science Fiction,Bryan Singer,Hugh Jackman,131.0,120-150 min,4.0,250000000.0,746000000.0,230272762.692864,687133923.875509,496000000.0,2.984,Profitable,True,7.6,4006,7.227952194611626,6.052479,65,86
54138,Star Trek Into Darkness,2013,2013-05-05,5,2010s,Action,Action|Adventure|Science Fiction,J.J. Abrams,Chris Pine,132.0,120-150 min,4.0,190000000.0,467365246.0,177846337.02068,437469458.167733,277365246.0,2.4598170842105263,Profitable,True,7.4,3363,7.034649797192719,3.877342,98,107
81005,Jack the Giant Slayer,2013,2013-02-27,2,2010s,Action,Action|Family|Fantasy,Bryan Singer,Nicholas Hoult,114.0,105-120 min,3.0,195000000.0,197687603.0,182526503.784382,185042189.831308,2687603.0,1.0137825794871795,Profitable,True,5.5,2186,5.739935752757768,1.3317,23,43
64682,The Great Gatsby,2013,2013-05-10,5,2010s,Drama,Drama|Romance,Baz Luhrmann,Leonardo DiCaprio,143.0,120-150 min,4.0,105000000.0,351040419.0,98283502.0377446,328585540.343973,246040419.0,3.3432420857142855,Profitable,True,7.2,2403,6.813379084490105,3.200427,31,18
9543,Prince of Persia: The Sands of Time,2010,2010-05-19,5,2010s,Adventure,Adventure|Fantasy|Action|Romance,Mike Newell,Jake Gyllenhaal,116.0,105-120 min,3.0,150000000.0,335154643.0,150000000.0,335154643.0,185154643.0,2.2343642866666666,Profitable,True,6.1,1545,6.112740698264211,2.128799,13,46
68726,Pacific Rim,2013,2013-07-11,7,2010s,Action,Action|Science Fiction|Adventure,Guillermo del Toro,Idris Elba,131.0,120-150 min,4.0,180000000.0,407602906.0,168486003.493276,381529914.68992,227602906.0,2.264460588888889,Profitable,True,6.7,3590,6.543141635148515,4.705208,43,27
38356,Transformers: Dark of the Moon,2011,2011-06-28,6,2010s,Action,Action|Science Fiction|Adventure,Michael Bay,Shia LaBeouf,154.0,> 150 min,5.0,195000000.0,1123746996.0,189032618.305337,1089358138.29044,928746996.0,5.762805107692308,Profitable,True,6.1,2456,6.109694380288646,0.760502999999999,39,29
217,Indiana Jones and the Kingdom of the Crystal Skull,2008,2008-05-21,5,2000s,Adventure,Adventure|Action,Steven Spielberg,Harrison Ford,122.0,120-150 min,4.0,185000000.0,786636033.0,187365527.254695,796694459.895067,601636033.0,4.252086664864865,Profitable,True,5.6,1537,5.846960173753164,3.16167,38,14
105864,The Good Dinosaur,2015,2015-11-14,11,2010s,Adventure,Adventure|Animation|Comedy|Family|Fantasy,Peter Sohn,Raymond Ochoa,93.0,90-105 min,2.0,175000000.0,331926147.0,160999929.160031,305371920.876354,156926147.0,1.89672084,Profitable,True,6.6,1087,6.337776640996998,3.339135,19,11
62177,Brave,2012,2012-06-21,6,2010s,Animation,Animation|Adventure|Comedy|Family|Action,"Brenda Chapman, Mark Andrews, Steve Purcell",Kelly Macdonald,93.0,90-105 min,2.0,185000000.0,538983207.0,175702692.050165,511896218.593143,353983207.0,2.9134227405405406,Profitable,True,6.6,3206,6.459627323597678,3.626741,15,44
10681,WALL·E,2008,2008-06-22,6,2000s,Animation,Animation|Family,Andrew Stanton,Ben Burtt,98.0,90-105 min,2.0,180000000.0,521311860.0,182301594.08565,527977683.854196,341311860.0,2.896177,Profitable,True,7.6,4209,7.241528384954032,5.678119,29,52
5174,Rush Hour 3,2007,2007-08-08,8,2000s,Action,Action|Comedy|Crime|Thriller,Brett Ratner,Chris Tucker,91.0,90-105 min,2.0,140000000.0,258022233.0,147233601.568416,271353876.066536,118022233.0,1.84301595,Profitable,True,6.2,479,6.146280376595806,2.213223,18,18
14161,2012,2009,2009-10-10,10,2000s,Action,Action|Adventure|Science Fiction,Roland Emmerich,John Cusack,158.0,> 150 min,5.0,200000000.0,769653595.0,203280086.82499,782276248.083831,569653595.0,3.848267975,Profitable,True,5.6,3533,5.746096163028744,2.979786,52,115
17979,A Christmas Carol,2009,2009-11-04,11,2000s,Animation,Animation|Drama,Robert Zemeckis,Gary Oldman,96.0,90-105 min,2.0,200000000.0,325233863.0,203280086.82499,330567839.545335,125233863.0,1.626169315,Profitable,True,6.6,619,6.275579827853517,1.71488699999999,18,9
76757,Jupiter Ascending,2015,2015-02-04,2,2010s,Science Fiction,Science Fiction|Fantasy|Action|Adventure,"Lilly Wachowski, Lana Wachowski",Mila Kunis,124.0,120-150 min,4.0,176000003.0,183987723.0,161919931.51523,169268630.681802,7987720.0,1.0453847719536686,Profitable,True,5.2,1937,5.581521849332374,6.189369,66,103
411,"The Chronicles of Narnia: The Lion, the Witch and the Wardrobe",2005,2005-12-07,12,2000s,Adventure,Adventure|Family|Fantasy,Andrew Adamson,William Moseley,143.0,120-150 min,4.0,180000000.0,748806957.0,200981392.137808,836090359.224091,568806957.0,4.16003865,Profitable,True,6.5,1402,6.3168776743724,3.628726,24,29
155,The Dark Knight,2008,2008-07-16,7,2000s,Drama,Drama|Action|Crime|Thriller,Christopher Nolan,Christian Bale,152.0,> 150 min,5.0,185000000.0,1001921825.0,187365527.254695,1014733032.48168,816921825.0,5.415793648648648,Profitable,True,8.1,8432,7.827034933051754,8.46666799999999,134,81
14160,Up,2009,2009-05-13,5,2000s,Animation,Animation|Comedy|Family|Adventure,Pete Docter,Ed Asner,96.0,90-105 min,2.0,175000000.0,731342744.0,177870075.971866,743337082.495734,556342744.0,4.1791013942857145,Profitable,True,7.6,4225,7.242556426365861,4.90890199999999,16,91
15512,Monsters vs Aliens,2009,2009-03-19,3,2000s,Animation,Animation|Family|Adventure|Science Fiction,"Conrad Vernon, Rob Letterman",Seth Rogen,94.0,90-105 min,2.0,175000000.0,381509870.0,177870075.971866,387766797.490954,206509870.0,2.1800564,Profitable,True,6.0,932,6.075388897396341,1.19445499999999,28,11
1726,Iron Man,2008,2008-04-30,4,2000s,Action,Action|Science Fiction|Adventure,Jon Favreau,Robert Downey Jr.,126.0,120-150 min,4.0,140000000.0,585174222.0,141790128.733283,592656630.491278,445174222.0,4.179815871428572,Profitable,True,7.3,6220,7.090340312160887,4.977955,87,21
44826,Hugo,2011,2011-11-22,11,2010s,Adventure,Adventure|Drama|Family,Martin Scorsese,Ben Kingsley,126.0,120-150 min,4.0,170000000.0,185770160.0,164797667.24055,180085229.475904,15770160.0,1.0927656470588236,Profitable,True,6.8,1257,6.451130388854419,1.488615,28,77
8487,Wild Wild West,1999,1999-06-29,6,1990s,Action,Action|Adventure|Comedy|Drama|Science Fiction,Barry Sonnenfeld,Will Smith,106.0,105-120 min,3.0,170000000.0,222104681.0,222538983.921034,290746764.904973,52104681.0,1.3064981235294117,Profitable,True,5.2,626,5.834122801039227,1.221973,29,12
1735,The Mummy: Tomb of the Dragon Emperor,2008,2008-07-01,7,2000s,Adventure,Adventure|Fantasy|Action|Thriller,Rob Cohen,Brendan Fraser,112.0,105-120 min,3.0,145000000.0,401128639.0,146854061.902329,406257724.017262,256128639.0,2.7664044068965516,Profitable,True,5.1,826,5.738060895526707,2.511394,15,17
2698,Evan Almighty,2007,2007-06-09,6,2000s,Fantasy,Fantasy|Comedy|Family,Tom Shadyac,Steve Carell,96.0,90-105 min,2.0,175000000.0,173000000.0,184042001.96052,181938664.795257,-2000000.0,0.9885714285714285,Loss-making,True,5.2,683,5.816379440546745,1.109374,18,27
137113,Edge of Tomorrow,2014,2014-05-27,5,2010s,Action,Action|Science Fiction,Doug Liman,Tom Cruise,113.0,105-120 min,3.0,178000000.0,370541256.0,163954207.037319,341302234.843216,192541256.0,2.081692449438202,Profitable,True,7.7,3267,7.2391522707445795,3.990452,40,111
9804,Waterworld,1995,1995-07-28,7,1990s,Adventure,Adventure|Action,Kevin Reynolds,Kevin Costner,135.0,120-150 min,4.0,175000000.0,264218220.0,250419201.743719,378087518.505979,89218220.0,1.5098184,Profitable,True,5.8,557,6.031890826402477,1.232098,15,57
14869,G.I. Joe: The Rise of Cobra,2009,2009-08-04,8,2000s,Adventure,Adventure|Action|Thriller|Science Fiction,Stephen Sommers,Dennis Quaid,118.0,105-120 min,3.0,175000000.0,302469017.0,177870075.971866,307429640.188147,127469017.0,1.7283943828571429,Profitable,True,5.7,1470,5.904871130037099,1.906998,23,23
150540,Inside Out,2015,2015-06-09,6,2010s,Comedy,Comedy|Animation|Family,Pete Docter,Amy Poehler,94.0,90-105 min,2.0,175000000.0,853708609.0,160999929.160031,785411574.698907,678708609.0,4.8783349085714285,Profitable,True,8.0,3935,7.52055104995893,6.326804,65,50
10138,Iron Man 2,2010,2010-04-28,4,2010s,Adventure,Adventure|Action|Science Fiction,Jon Favreau,Robert Downey Jr.,124.0,120-150 min,4.0,200000000.0,623933331.0,200000000.0,623933331.0,423933331.0,3.119666655,Profitable,True,6.6,4920,6.49797525674404,5.70486,115,33
58595,Snow White and the Huntsman,2012,2012-05-30,5,2010s,Adventure,Adventure|Fantasy|Drama,Rupert Sanders,Kristen Stewart,127.0,120-150 min,4.0,170000000.0,396600000.0,161456527.829881,376668581.9843,226600000.0,2.3329411764705883,Profitable,True,5.7,2152,5.865019981842439,3.335603,36,56
102651,Maleficent,2014,2014-05-28,5,2010s,Fantasy,Fantasy|Adventure|Action|Family|Romance,Robert Stromberg,Angelina Jolie,97.0,90-105 min,2.0,180000000.0,758410378.0,165796389.138862,698565011.988,578410378.0,4.2133909888888885,Profitable,True,7.0,2928,6.724024791186048,3.582315,82,14
119450,Dawn of the Planet of the Apes,2014,2014-06-26,6,2010s,Science Fiction,Science Fiction|Action|Drama|Thriller,Matt Reeves,Andy Serkis,130.0,120-150 min,4.0,170000000.0,708200000.0,156585478.631148,652316682.156347,538200000.0,4.165882352941177,Profitable,True,7.4,2625,6.966888632690251,4.452507,33,148
79698,The Lovers,2015,2015-02-13,2,2010s,Action,Action|Adventure|Science Fiction|Romance,Roland Joffé,Josh Hartnett,109.0,105-120 min,3.0,27000000.0,,24839989.0704048,,,,Unknown,False,4.6,22,6.1028606629879905,0.329109,19,79
64686,47 Ronin,2013,2013-12-06,12,2010s,Action,Action|Adventure|Fantasy,Carl Rinsch,Keanu Reeves,118.0,105-120 min,3.0,175000000.0,150962475.0,163805836.729574,141305911.612242,-24037525.0,0.8626427142857143,Loss-making,True,5.8,940,5.9931766524291765,1.91745,24,81
100402,Captain America: The Winter Soldier,2014,2014-03-20,3,2010s,Action,Action|Adventure|Science Fiction,"Anthony Russo, Joe Russo",Chris Evans,136.0,120-150 min,4.0,170000000.0,714766572.0,156585478.631148,658365092.859794,544766572.0,4.204509247058824,Profitable,True,7.6,3848,7.216652228588027,12.971027,70,41
10192,Shrek Forever After,2010,2010-05-16,5,2010s,Comedy,Comedy|Adventure|Fantasy|Animation|Family,Mike Mitchell,Mike Myers,93.0,90-105 min,2.0,165000000.0,752600867.0,165000000.0,752600867.0,587600867.0,4.561217375757575,Profitable,True,6.0,1191,6.067717008501738,1.820934,35,6
158852,Tomorrowland,2015,2015-05-19,5,2010s,Action,Action|Family|Science Fiction|Adventure|Mystery,Brad Bird,Britt Robertson,130.0,120-150 min,4.0,190000000.0,209035668.0,174799923.088033,192312729.942398,19035668.0,1.1001877263157895,Profitable,True,6.2,1899,6.169729353028734,5.462138,52,93
177572,Big Hero 6,2014,2014-10-24,10,2010s,Adventure,Adventure|Family|Animation|Action|Comedy,"Chris Williams, Don Hall",Scott Adsit,102.0,90-105 min,2.0,165000000.0,652105443.0,151980023.37729,600648487.706658,487105443.0,3.9521542,Profitable,True,7.8,4185,7.391082767658604,8.691294,46,39
82690,Wreck-It Ralph,2012,2012-11-01,11,2010s,Family,Family|Animation|Comedy|Adventure,Rich Moore,John C. Reilly,108.0,105-120 min,3.0,165000000.0,471222889.0,156707806.42312,447541244.070034,306222889.0,2.855896296969697,Profitable,True,7.0,3492,6.756143405694843,2.858742,66,38
5255,The Polar Express,2004,2004-11-09,11,2000s,Animation,Animation|Adventure|Family|Fantasy,Robert Zemeckis,Tom Hanks,100.0,90-105 min,2.0,165000000.0,305875730.0,190483490.969004,353116829.412682,140875730.0,1.853792303030303,Profitable,True,6.4,867,6.233733986915389,2.241935,10,147
10191,How to Train Your Dragon,2010,2010-03-05,3,2010s,Fantasy,Fantasy|Adventure|Animation|Family,"Chris Sanders, Dean DeBlois",Jay Baruchel,98.0,90-105 min,2.0,165000000.0,494878759.0,165000000.0,494878759.0,329878759.0,2.999265206060606,Profitable,True,7.4,2949,6.999499560395477,3.560424,13,42
296,Terminator 3: Rise of the Machines,2003,2003-07-02,7,2000s,Action,Action|Thriller|Science Fiction,Jonathan Mostow,Arnold Schwarzenegger,109.0,105-120 min,3.0,200000000.0,435000000.0,237070528.956505,515628400.480399,235000000.0,2.175,Profitable,True,5.8,1314,5.966098181604053,2.686888,14,144
118340,Guardians of the Galaxy,2014,2014-07-30,7,2010s,Action,Action|Science Fiction|Adventure,James Gunn,Chris Pratt,121.0,120-150 min,4.0,170000000.0,773312399.0,156585478.631148,712291130.169508,603312399.0,4.548896464705883,Profitable,True,7.9,5612,7.555410711637469,14.311205,80,105
157336,Interstellar,2014,2014-11-05,11,2010s,Adventure,Adventure|Drama|Science Fiction,Christopher Nolan,Matthew McConaughey,169.0,> 150 min,5.0,165000000.0,621752480.0,151980023.37729,572690645.122961,456752480.0,3.7681968484848487,Profitable,True,8.0,6498,7.677047739883314,24.949134,36,120
27205,Inception,2010,2010-07-14,7,2010s,Action,Action|Thriller|Science Fiction|Mystery|Adventure,Christopher Nolan,Leonardo DiCaprio,148.0,120-150 min,4.0,160000000.0,825500000.0,160000000.0,825500000.0,665500000.0,5.159375,Profitable,True,7.9,9767,7.684154135682421,9.363643,29,18
49051,The Hobbit: An Unexpected Journey,2012,2012-11-26,11,2010s,Adventure,Adventure|Fantasy|Action,Peter Jackson,Ian McKellen,169.0,> 150 min,5.0,250000000.0,1017003568.0,237436070.338061,965893322.82283,767003568.0,4.068014272,Profitable,True,6.9,6417,6.765354526172329,4.218933,30,50
9799,The Fast and the Furious,2001,2001-06-22,6,2000s,Action,Action|Crime|Thriller,Rob Cohen,Paul Walker,106.0,105-120 min,3.0,38000000.0,207283925.0,46796548.434366,255267690.419157,169283925.0,5.454840131578948,Profitable,True,6.4,2505,6.304305811805284,0.414311,30,141
4922,The Curious Case of Benjamin Button,2008,2008-11-24,11,2000s,Fantasy,Fantasy|Drama|Thriller|Mystery|Romance,David Fincher,Cate Blanchett,166.0,> 150 min,5.0,150000000.0,333932083.0,151917995.071375,338201950.262453,183932083.0,2.2262138866666668,Profitable,True,7.2,1899,6.753480236801135,2.537342,37,155
49538,X-Men: First Class,2011,2011-05-24,5,2010s,Action,Action|Science Fiction|Adventure,Matthew Vaughn,James McAvoy,132.0,120-150 min,4.0,160000000.0,344420111.0,155103686.814635,333880181.432537,184420111.0,2.15262569375,Profitable,True,7.0,3651,6.76389014372096,0.164515,41,45
131634,The Hunger Games: Mockingjay - Part 2,2015,2015-11-18,11,2010s,War,War|Adventure|Science Fiction,Francis Lawrence,Jennifer Lawrence,136.0,120-150 min,4.0,160000000.0,650523427.0,147199935.232028,598481289.508232,490523427.0,4.06577141875,Profitable,True,6.5,2380,6.364839334334317,5.476958,51,114
27022,The Sorcerer's Apprentice,2010,2010-07-13,7,2010s,Fantasy,Fantasy|Adventure|Action|Comedy|Drama,Jon Turteltaub,Nicolas Cage,109.0,105-120 min,3.0,150000000.0,215283742.0,150000000.0,215283742.0,65283742.0,1.4352249466666667,Profitable,True,5.8,871,5.9991670299482145,2.053855,14,5
503,Poseidon,2006,2006-05-12,5,2000s,Adventure,Adventure|Action|Drama|Thriller,Wolfgang Petersen,Kurt Russell,99.0,90-105 min,2.0,160000000.0,181674817.0,173067065.326651,196512046.387165,21674817.0,1.13546760625,Profitable,True,5.3,313,5.971955226643736,0.826011,14,29
810,Shrek the Third,2007,2007-05-17,5,2000s,Fantasy,Fantasy|Adventure|Animation|Comedy|Family,"Chris Miller, Raman Hui",Mike Myers,93.0,90-105 min,2.0,160000000.0,798958165.0,168266973.221047,840239200.967451,638958165.0,4.99348853125,Profitable,True,5.8,1277,5.9684339471467345,1.862295,41,15
87101,Terminator Genisys,2015,2015-06-23,6,2010s,Science Fiction,Science Fiction|Action|Thriller|Adventure,Alan Taylor,Arnold Schwarzenegger,125.0,120-150 min,4.0,155000000.0,440603537.0,142599937.256027,405355075.683766,285603537.0,2.842603464516129,Profitable,True,5.8,2598,5.912134449618627,8.654359,32,145
10140,The Chronicles of Narnia: The Voyage of the Dawn Treader,2010,2010-08-13,8,2010s,Adventure,Adventure|Family|Fantasy,Michael Apted,Skandar Keynes,113.0,105-120 min,3.0,155000000.0,415686217.0,155000000.0,415686217.0,260686217.0,2.6818465612903224,Profitable,True,6.0,905,6.076289920029115,2.245241,19,31
676,Pearl Harbor,2001,2001-05-21,5,2000s,History,History|Romance|War,Michael Bay,Ben Affleck,183.0,> 150 min,5.0,140000000.0,449220945.0,172408336.337138,553210255.537478,309220945.0,3.208721035714286,Profitable,True,6.6,1044,6.333074750151275,2.478879,101,114
1858,Transformers,2007,2007-06-27,6,2000s,Adventure,Adventure|Science Fiction|Action,Michael Bay,Shia LaBeouf,144.0,120-150 min,4.0,150000000.0,709709780.0,157750287.394731,746379478.412346,559709780.0,4.7313985333333335,Profitable,True,6.6,2752,6.444106709124906,0.890556999999999,38,41
1966,Alexander,2004,2004-11-21,11,2000s,War,War|History|Action|Adventure|Drama,Oliver Stone,Colin Farrell,175.0,> 150 min,5.0,155000000.0,167298192.0,178939036.970883,193136628.151289,12298192.0,1.0793431741935484,Profitable,True,5.6,519,5.981179092593974,1.319068,51,167
675,Harry Potter and the Order of the Phoenix,2007,2007-06-28,6,2000s,Adventure,Adventure|Fantasy|Family|Mystery,David Yates,Daniel Radcliffe,138.0,120-150 min,4.0,150000000.0,938212738.0,157750287.394731,986688860.379322,788212738.0,6.254751586666667,Profitable,True,7.2,3382,6.893297556710749,4.878162,80,22
674,Harry Potter and the Goblet of Fire,2005,2005-11-05,11,2000s,Adventure,Adventure|Fantasy|Family,Mike Newell,Daniel Radcliffe,157.0,> 150 min,5.0,150000000.0,895921036.0,167484493.448174,1000352539.22682,745921036.0,5.9728069066666665,Profitable,True,7.3,3406,6.966397041729748,5.939927,65,30
8960,Hancock,2008,2008-07-01,7,2000s,Fantasy,Fantasy|Action,Peter Berg,Will Smith,92.0,90-105 min,2.0,150000000.0,624029371.0,151917995.071375,632008606.053142,474029371.0,4.160195806666667,Profitable,True,6.0,1764,6.055272941322528,1.800286,33,27
6479,I Am Legend,2007,2007-12-14,12,2000s,Drama,Drama|Horror|Action|Thriller|Science Fiction,Francis Lawrence,Will Smith,101.0,90-105 min,2.0,150000000.0,585349010.0,157750287.394731,615593163.691478,435349010.0,3.902326733333333,Profitable,True,6.8,3013,6.591409987941145,2.692916,13,23
118,Charlie and the Chocolate Factory,2005,2005-07-09,7,2000s,Adventure,Adventure|Comedy|Family|Fantasy,Tim Burton,Johnny Depp,115.0,105-120 min,3.0,150000000.0,474968763.0,167484493.448174,530332684.498405,324968763.0,3.16645842,Profitable,True,6.5,1826,6.3412932166717315,3.508379,32,115
2062,Ratatouille,2007,2007-06-22,6,2000s,Animation,Animation|Comedy|Family|Fantasy,"Jan Pinkava, Brad Bird",Patton Oswalt,111.0,105-120 min,3.0,150000000.0,623722818.0,157750287.394731,655949691.961013,473722818.0,4.15815212,Profitable,True,7.3,2434,6.880796852864965,2.764535,23,56
272,Batman Begins,2005,2005-06-14,6,2000s,Action,Action|Crime|Drama,Christopher Nolan,Christian Bale,140.0,120-150 min,4.0,150000000.0,374218673.0,167484493.448174,417838832.575019,224218673.0,2.4947911533333333,Profitable,True,7.3,4914,7.046656332594849,5.400826,113,137
10527,Madagascar: Escape 2 Africa,2008,2008-10-30,10,2000s,Family,Family|Animation,"Eric Darnell, Tom McGrath",Ben Stiller,89.0,< 90 min,1.0,150000000.0,603900354.0,151917995.071375,611622206.683824,453900354.0,4.02600236,Profitable,True,6.1,1147,6.114768125359951,2.217084,42,6
18360,Night at the Museum: Battle of the Smithsonian,2009,2009-05-20,5,2000s,Adventure,Adventure|Fantasy|Action|Comedy|Family,Shawn Levy,Ben Stiller,105.0,90-105 min,2.0,150000000.0,413106170.0,152460065.118743,419881290.527696,263106170.0,2.7540411333333332,Profitable,True,5.9,1108,6.024997586750243,1.752134,42,16
2080,X-Men Origins: Wolverine,2009,2009-04-28,4,2000s,Adventure,Adventure|Action|Thriller|Science Fiction,Gavin Hood,Hugh Jackman,107.0,105-120 min,3.0,150000000.0,341131793.0,152460065.118743,346726502.499023,191131793.0,2.2742119533333334,Profitable,True,6.2,2784,6.176203223300012,0.391859,63,8
605,The Matrix Revolutions,2003,2003-11-05,11,2000s,Adventure,Adventure|Action|Thriller|Science Fiction,"Lilly Wachowski, Lana Wachowski",Keanu Reeves,129.0,120-150 min,4.0,150000000.0,424988211.0,177802896.717379,503760899.910245,274988211.0,2.83325474,Profitable,True,6.4,2138,6.29424889274012,4.21265,22,25
109445,Frozen,2013,2013-11-27,11,2010s,Animation,Animation|Adventure|Family,"Chris Buck, Jennifer Lee",Kristen Bell,102.0,90-105 min,2.0,150000000.0,1274219009.0,140405002.911063,1192711491.11985,1124219009.0,8.494793393333333,Profitable,True,7.5,3369,7.106444190963091,6.112766,56,25
604,The Matrix Reloaded,2003,2003-05-15,5,2000s,Adventure,Adventure|Action|Thriller|Science Fiction,"Lilly Wachowski, Lana Wachowski",Keanu Reeves,138.0,120-150 min,4.0,150000000.0,738599701.0,177802896.717379,875501109.015934,588599701.0,4.923998006666666,Profitable,True,6.6,2376,6.428392417988196,4.02924,74,23
76338,Thor: The Dark World,2013,2013-10-29,10,2010s,Action,Action|Adventure|Fantasy,Alan Taylor,Chris Hemsworth,112.0,105-120 min,3.0,170000000.0,479765000.0,159125669.965872,449076041.477509,309765000.0,2.8221470588235293,Profitable,True,6.8,3025,6.591981584877663,5.1119,43,40
76341,Mad Max: Fury Road,2015,2015-05-13,5,2010s,Action,Action|Adventure|Science Fiction|Thriller,George Miller,Tom Hardy,120.0,105-120 min,3.0,150000000.0,378436354.0,137999939.280026,348161292.489031,228436354.0,2.5229090266666665,Profitable,True,7.1,6185,6.9252890342796585,28.419936,60,76
13448,Angels & Demons,2009,2009-05-13,5,2000s,Thriller,Thriller|Mystery,Ron Howard,Tom Hanks,138.0,120-150 min,4.0,150000000.0,356613439.0,152460065.118743,362462054.214392,206613439.0,2.3774229266666667,Profitable,True,6.3,1275,6.211040492312112,2.841562,47,107
10195,Thor,2011,2011-04-21,4,2010s,Adventure,Adventure|Fantasy|Action,Kenneth Branagh,Chris Hemsworth,115.0,105-120 min,3.0,150000000.0,444115007.0,145409706.38872,430524218.471298,294115007.0,2.9607667133333333,Profitable,True,6.5,4485,6.413564857313245,4.12352,32,30
13053,Bolt,2008,2008-11-20,11,2000s,Animation,Animation|Family|Adventure|Comedy,"Chris Williams, Byron Howard",John Travolta,96.0,90-105 min,2.0,150000000.0,309979994.0,151917995.071375,313943594.671445,159979994.0,2.0665332933333334,Profitable,True,6.3,1119,6.205429039803393,1.480497,16,156
19585,G-Force,2009,2009-07-21,7,2000s,Fantasy,Fantasy|Action|Adventure|Family|Comedy,Hoyt Yeatman,Sam Rockwell,88.0,< 90 min,1.0,150000000.0,292817841.0,152460065.118743,297620180.711931,142817841.0,1.95211894,Profitable,True,5.1,340,5.921106521656203,1.324927,21,15
57165,Wrath of the Titans,2012,2012-03-27,3,2010s,Adventure,Adventure,Jonathan Liebesman,Sam Worthington,99.0,90-105 min,2.0,150000000.0,301000000.0,142461642.202836,285873028.687026,151000000.0,2.006666666666667,Profitable,True,5.5,1011,5.859137693263614,1.507337,18,31
62213,Dark Shadows,2012,2012-05-08,5,2010s,Comedy,Comedy|Fantasy,Tim Burton,Johnny Depp,113.0,105-120 min,3.0,150000000.0,245527149.0,142461642.202836,233188005.67947,95527149.0,1.63684766,Profitable,True,5.6,1434,5.856083554513027,2.092701,25,18
177677,Mission: Impossible - Rogue Nation,2015,2015-07-23,7,2010s,Action,Action,Christopher McQuarrie,Tom Cruise,131.0,120-150 min,4.0,150000000.0,682330139.0,137999939.280026,627743451.672881,532330139.0,4.548867593333333,Profitable,True,7.1,2349,6.744307892937748,4.566713,75,112
7978,The Wolfman,2010,2010-02-11,2,2010s,Horror,Horror|Thriller|Drama,Joe Johnston,Benicio del Toro,102.0,90-105 min,2.0,150000000.0,,150000000.0,,,,Unknown,False,5.4,299,5.995733203277341,0.642475,14,47
5559,Bee Movie,2007,2007-10-28,10,2000s,Family,Family|Animation|Adventure|Comedy,"Steve Hickner, Simon J. Smith",Jerry Seinfeld,91.0,90-105 min,2.0,150000000.0,287594577.0,157750287.394731,302454181.166109,137594577.0,1.91729718,Profitable,True,5.6,723,5.943742024138353,1.713611,25,21
49444,Kung Fu Panda 2,2011,2011-05-25,5,2010s,Animation,Animation|Family,Jennifer Yuh Nelson,Jack Black,91.0,90-105 min,2.0,150000000.0,665692281.0,145409706.38872,645320794.169652,515692281.0,4.43794854,Profitable,True,6.6,1207,6.350063081620309,2.726573,32,23
10196,The Last Airbender,2010,2010-06-30,6,2010s,Action,Action|Adventure|Family|Fantasy,M. Night Shyamalan,Noah Ringer,103.0,90-105 min,2.0,150000000.0,318502923.0,150000000.0,318502923.0,168502923.0,2.12335282,Profitable,True,4.7,732,5.62645441653697,1.538276,21,3
956,Mission: Impossible III,2006,2006-05-03,5,2000s,Adventure,Adventure|Action|Thriller,J.J. Abrams,Tom Cruise,126.0,120-150 min,4.0,150000000.0,397850012.0,162250373.743735,430342087.606332,247850012.0,2.6523334133333334,Profitable,True,6.3,1363,6.213921665870881,3.098051,13,26
117251,White House Down,2013,2013-06-27,6,2010s,Action,Action|Drama|Thriller,Roland Emmerich,Channing Tatum,131.0,120-150 min,4.0,150000000.0,205366737.0,140405002.911063,192230115.375471,55366737.0,1.36911158,Profitable,True,6.4,1371,6.264484443997568,1.375772,21,22
50321,Mars Needs Moms,2011,2011-03-09,3,2010s,Adventure,Adventure|Animation|Family,Simon Wells,Seth Green,88.0,< 90 min,1.0,150000000.0,38992758.0,145409706.38872,37799503.2804429,-111007242.0,0.25995172,Loss-making,True,5.5,129,6.072716983573443,0.921653,12,7
11619,Flushed Away,2006,2006-10-22,10,2000s,Adventure,Adventure|Animation|Comedy|Family,"David Bowers, Sam Fell",Hugh Jackman,85.0,< 90 min,1.0,149000000.0,64459316.0,161168704.585444,69723654.0817705,-84540684.0,0.4326128590604027,Loss-making,True,6.0,488,6.093559827554298,1.390297,15,34
266647,Pan,2015,2015-09-24,9,2010s,Adventure,Adventure|Family|Fantasy,Joe Wright,Levi Miller,111.0,105-120 min,3.0,150000000.0,128388320.0,137999939.280026,118117202.42843,-21611680.0,0.8559221333333333,Loss-making,True,5.9,586,6.0586292244408915,2.234573,19,22
82703,Mr. Peabody & Sherman,2014,2014-02-07,2,2010s,Animation,Animation|Adventure|Family,Rob Minkoff,Ty Burrell,92.0,90-105 min,2.0,145000000.0,272912430.0,133558202.361861,251377196.917292,127912430.0,1.8821546896551724,Profitable,True,6.8,592,6.331918482265953,1.894706,51,11
652,Troy,2004,2004-05-13,5,2000s,War,War|Adventure|Drama,Wolfgang Petersen,Brad Pitt,163.0,> 150 min,5.0,175000000.0,497409852.0,202027944.967126,574232515.462641,322409852.0,2.8423420114285713,Profitable,True,6.8,1598,6.491428663777572,3.177517,20,124
80321,Madagascar 3: Europe's Most Wanted,2012,2012-06-06,6,2010s,Animation,Animation|Family,"Conrad Vernon, Eric Darnell, Tom McGrath",Ben Stiller,93.0,90-105 min,2.0,145000000.0,746921274.0,137712920.796075,709384208.601833,601921274.0,5.1511812,Profitable,True,6.4,1290,6.260333027622924,1.204406,12,15
36669,Die Another Day,2002,2002-11-17,11,2000s,Adventure,Adventure|Action|Thriller,Lee Tamahori,Pierce Brosnan,133.0,120-150 min,4.0,140000000.0,431971116.0,169716595.106876,523661907.085983,291971116.0,3.0855079714285716,Profitable,True,5.8,692,6.016590859849359,1.846196,21,7
95,Armageddon,1998,1998-07-01,7,1990s,Action,Action|Thriller|Science Fiction|Adventure,Michael Bay,Bruce Willis,151.0,> 150 min,5.0,140000000.0,553799566.0,187277365.670961,740815170.215728,413799566.0,3.9557111857142857,Profitable,True,6.4,1559,6.273230084218795,2.993102,67,108
608,Men in Black II,2002,2002-07-03,7,2000s,Action,Action|Adventure|Comedy|Science Fiction,Barry Sonnenfeld,Tommy Lee Jones,88.0,< 90 min,1.0,140000000.0,441818803.0,169716595.106876,535599877.852542,301818803.0,3.1558485928571427,Profitable,True,5.9,1950,5.993143838969091,2.388226,23,147
2310,Beowulf,2007,2007-11-05,11,2000s,Animation,Animation|Fantasy,Robert Zemeckis,Ray Winstone,115.0,105-120 min,3.0,70000000.0,195735876.0,73616800.7842082,205849271.283064,125735876.0,2.7962268,Profitable,True,5.4,505,5.929722208777243,0.969354,30,60
56292,Mission: Impossible - Ghost Protocol,2011,2011-12-07,12,2010s,Action,Action|Thriller|Adventure,Brad Bird,Tom Cruise,133.0,120-150 min,4.0,145000000.0,694713380.0,140562716.175763,673453790.734105,549713380.0,4.79112675862069,Profitable,True,6.7,3036,6.523347203557499,2.95274,16,28
81188,Rise of the Guardians,2012,2012-11-21,11,2010s,Fantasy,Fantasy|Animation|Family,Peter Ramsey,Chris Pine,97.0,90-105 min,2.0,145000000.0,306941670.0,137712920.796075,291516095.791208,161941670.0,2.116839103448276,Profitable,True,6.9,1272,6.501559939963358,1.832434,16,10
7552,Fun with Dick and Jane,2005,2005-12-21,12,2000s,Comedy,Comedy,Dean Parisot,Jim Carrey,90.0,< 90 min,1.0,100000000.0,202026112.0,111656328.965449,225574940.210827,102026112.0,2.02026112,Profitable,True,5.9,363,6.0792304224202285,0.767076,15,38
616,The Last Samurai,2003,2003-12-05,12,2000s,Drama,Drama|Action|War|History,Edward Zwick,Tom Cruise,154.0,> 150 min,5.0,140000000.0,456758981.0,165949370.269553,541420466.156522,316758981.0,3.26256415,Profitable,True,7.1,1093,6.5617451507244375,1.622536,47,21
147441,Exodus: Gods and Kings,2014,2014-12-03,12,2010s,Adventure,Adventure|Drama|Action,Ridley Scott,Christian Bale,153.0,> 150 min,5.0,140000000.0,268031828.0,128952747.108004,246881718.092715,128031828.0,1.9145130571428572,Profitable,True,5.6,1377,5.861428200482505,3.81374,24,155
13475,Star Trek,2009,2009-05-06,5,2000s,Science Fiction,Science Fiction|Action|Adventure,J.J. Abrams,Chris Pine,127.0,120-150 min,4.0,150000000.0,385680446.0,152460065.118743,392005772.747905,235680446.0,2.5712029733333335,Profitable,True,7.3,3417,6.967166179358591,3.82957,168,24
557,Spider-Man,2002,2002-05-01,5,2000s,Fantasy,Fantasy|Action,Sam Raimi,Tobey Maguire,121.0,120-150 min,4.0,139000000.0,821708551.0,168504333.713256,996125553.18518,682708551.0,5.911572309352518,Profitable,True,6.6,3170,6.458510324338051,3.241129,71,126
82702,How to Train Your Dragon 2,2014,2014-06-12,6,2010s,Fantasy,Fantasy|Action|Adventure|Animation|Comedy,Dean DeBlois,Jay Baruchel,102.0,90-105 min,2.0,145000000.0,609123048.0,133558202.361861,561057788.331434,464123048.0,4.200848606896551,Profitable,True,7.7,2152,7.092594780051273,3.489106,17,29
10048,Stealth,2005,2005-07-28,7,2000s,Action,Action,Rob Cohen,Josh Lucas,121.0,120-150 min,4.0,135000000.0,76932943.0,150736044.103356,85900499.9188816,-58067057.0,0.5698736518518519,Loss-making,True,5.0,195,5.985376385215785,0.606286,23,24
13183,Watchmen,2009,2009-03-05,3,2000s,Action,Action|Mystery|Science Fiction,Zack Snyder,Malin Åkerman,162.0,> 150 min,5.0,130000000.0,185258983.0,132132056.436243,188297310.746747,55258983.0,1.4250691,Profitable,True,6.8,1751,6.506633138494017,3.038063,35,24
944,Lethal Weapon 4,1998,1998-07-10,7,1990s,Action,Action|Adventure|Comedy|Crime|Drama,Richard Donner,Mel Gibson,127.0,120-150 min,4.0,140000000.0,285444603.0,187277365.670961,381837952.105954,145444603.0,2.0388900214285712,Profitable,True,6.1,438,6.12061076856078,1.206274,21,101
1927,Hulk,2003,2003-06-19,6,2000s,Action,Action|Science Fiction,Ang Lee,Eric Bana,138.0,120-150 min,4.0,137000000.0,245360480.0,162393312.335206,290838693.89311,108360480.0,1.790952408759124,Profitable,True,5.2,850,5.7696776726726435,1.387163,16,145
72559,G.I. Joe: Retaliation,2013,2013-03-26,3,2010s,Adventure,Adventure|Action|Science Fiction|Thriller,Jon M. Chu,Dwayne Johnson,110.0,105-120 min,3.0,130000000.0,371876278.0,121684335.856255,348088599.30097,241876278.0,2.860586753846154,Profitable,True,5.4,2615,5.648118353868075,2.109247,20,28
7364,Sahara,2005,2005-04-06,4,2000s,Action,Action|Adventure|Comedy|Drama|Mystery,Breck Eisner,Matthew McConaughey,124.0,120-150 min,4.0,130000000.0,119269486.0,145153227.655084,133171929.64356,-10730514.0,0.9174575846153846,Loss-making,True,5.6,243,6.047051880494505,0.571693,16,107
2114,Final Fantasy: The Spirits Within,2001,2001-07-02,7,2000s,Adventure,Adventure|Action|Animation|Fantasy|Science Fiction,"Hironobu Sakaguchi, Motonori Sakakibara",Donald Sutherland,106.0,105-120 min,3.0,137000000.0,85131830.0,168713871.987056,104838836.9974,-51868170.0,0.6214002189781022,Loss-making,True,5.6,257,6.0431671270174245,0.974222,9,44
1771,Captain America: The First Avenger,2011,2011-07-22,7,2010s,Action,Action|Adventure|Science Fiction,Joe Johnston,Chris Evans,124.0,120-150 min,4.0,140000000.0,370569774.0,135715725.962806,359229613.559164,230569774.0,2.646926957142857,Profitable,True,6.5,5025,6.420881716596036,7.95922799999999,56,135
36643,The World Is Not Enough,1999,1999-11-08,11,1990s,Adventure,Adventure|Action|Thriller,Michael Apted,Pierce Brosnan,128.0,120-150 min,4.0,135000000.0,361832400.0,176722134.290233,473657733.210055,226832400.0,2.68024,Profitable,True,6.0,509,6.092505264525669,2.129874,20,29
8619,Master and Commander: The Far Side of the World,2003,2003-11-14,11,2000s,Adventure,Adventure,Peter Weir,Russell Crowe,138.0,120-150 min,4.0,150000000.0,212011111.0,177802896.717379,251307931.147132,62011111.0,1.4134074066666666,Profitable,True,6.6,434,6.242014740975209,1.491266,26,168
50620,The Twilight Saga: Breaking Dawn - Part 2,2012,2012-11-13,11,2010s,Adventure,Adventure|Fantasy|Drama|Romance,Bill Condon,Kristen Stewart,115.0,105-120 min,3.0,120000000.0,829000000.0,113969313.762269,787338009.241011,709000000.0,6.908333333333333,Profitable,True,6.1,1668,6.11222214961046,1.586368,56,113
65759,Happy Feet Two,2011,2011-11-17,11,2010s,Music,Music|Family|Animation|Comedy,George Miller,Elijah Wood,100.0,90-105 min,2.0,130000000.0,150406466.0,126021745.536891,145803733.7335,20406466.0,1.1569728153846155,Profitable,True,5.8,232,6.0794064424297165,0.93092,26,22
1724,The Incredible Hulk,2008,2008-06-12,6,2000s,Science Fiction,Science Fiction|Action|Adventure,Louis Leterrier,Edward Norton,114.0,105-120 min,3.0,150000000.0,163712074.0,151917995.071375,165805400.340377,13712074.0,1.0914138266666666,Profitable,True,6.1,1868,6.111463504651554,2.349544,68,24
281957,The Revenant,2015,2015-12-25,12,2010s,Western,Western|Drama|Adventure|Thriller,Alejandro González Iñárritu,Leonardo DiCaprio,156.0,> 150 min,5.0,135000000.0,532950503.0,124199945.352024,490314247.021731,397950503.0,3.9477815037037036,Profitable,True,7.2,3929,6.925052820945615,9.1107,19,124
77950,Turbo,2013,2013-07-11,7,2010s,Animation,Animation|Family,David Soren,Ryan Reynolds,96.0,90-105 min,2.0,135000000.0,282570682.0,126364502.619957,264495582.858608,147570682.0,2.093116162962963,Profitable,True,6.1,805,6.117107386567446,1.089268,12,11
44896,Rango,2011,2011-03-02,3,2010s,Animation,Animation|Comedy|Family|Western|Adventure,Gore Verbinski,Johnny Depp,107.0,105-120 min,3.0,135000000.0,245724603.0,130868735.749848,238204949.164766,110724603.0,1.8201822444444444,Profitable,True,6.5,1385,6.315741140643924,1.499109,17,14
270946,Penguins of Madagascar,2014,2014-11-22,11,2010s,Family,Family|Animation|Adventure|Comedy,"Eric Darnell, Simon J. Smith",Tom McGrath,92.0,90-105 min,2.0,132000000.0,373552094.0,121584018.701832,344075490.780339,241552094.0,2.829940106060606,Profitable,True,6.5,939,6.279903431310354,3.007018,16,4
2503,The Bourne Ultimatum,2007,2007-08-03,8,2000s,Action,Action|Drama|Mystery|Thriller,Paul Greengrass,Matt Damon,115.0,105-120 min,3.0,70000000.0,442824138.0,73616800.7842082,465704233.565496,372824138.0,6.326059114285714,Profitable,True,7.2,2051,6.773412398560328,2.755051,46,135
9502,Kung Fu Panda,2008,2008-06-04,6,2000s,Animation,Animation|Family,"Mark Osborne, John Stevenson",Jack Black,90.0,< 90 min,1.0,130000000.0,631744560.0,131662262.395191,639822446.349653,501744560.0,4.859573538461539,Profitable,True,6.8,1938,6.523297153287498,3.036644,26,12
102899,Ant-Man,2015,2015-07-14,7,2010s,Science Fiction,Science Fiction|Action|Adventure,Peyton Reed,Paul Rudd,115.0,105-120 min,3.0,130000000.0,518602163.0,119599947.376023,477113780.029936,388602163.0,3.9892474076923077,Profitable,True,7.0,3779,6.769777825941006,5.573184,65,165
101299,The Hunger Games: Catching Fire,2013,2013-11-15,11,2010s,Science Fiction,Science Fiction|Thriller|Action|Adventure,Francis Lawrence,Jennifer Lawrence,146.0,120-150 min,4.0,130000000.0,847423452.0,121684335.856255,793216614.966424,717423452.0,6.518641938461538,Profitable,True,7.4,4269,7.093515420024145,4.921275,52,48
228161,Home,2015,2015-03-18,3,2010s,Fantasy,Fantasy|Comedy|Animation|Science Fiction|Family,Tim Johnson,Jim Parsons,94.0,90-105 min,2.0,135000000.0,368871007.0,124199945.352024,339361177.121082,233871007.0,2.7323778296296295,Profitable,True,6.9,1060,6.466569967415506,2.976436,11,35
74,War of the Worlds,2005,2005-06-28,6,2000s,Adventure,Adventure|Thriller|Science Fiction,Steven Spielberg,Tom Cruise,116.0,105-120 min,3.0,132000000.0,591739379.0,147386354.234393,660714467.634347,459739379.0,4.482874083333333,Profitable,True,5.9,1238,6.01872865951845,1.844731,29,164
8961,Bad Boys II,2003,2003-07-18,7,2000s,Adventure,Adventure|Action|Comedy|Thriller|Crime,Michael Bay,Martin Lawrence,147.0,120-150 min,4.0,130000000.0,273339556.0,154095843.821728,324003765.628281,143339556.0,2.1026119692307694,Profitable,True,6.3,1041,6.202349195581718,1.615231,21,163
417859,Puss in Boots,2011,2011-10-28,10,2010s,Action,Action|Adventure|Animation|Family|Fantasy,Chris Miller,Antonio Banderas,90.0,< 90 min,1.0,130000000.0,554987477.0,126021745.536891,538003773.866579,424987477.0,4.269134438461538,Profitable,True,6.9,48,6.153731230538316,1.071695,25,21
27576,Salt,2010,2010-07-21,7,2010s,Action,Action|Thriller|Crime|Mystery,Phillip Noyce,Angelina Jolie,100.0,90-105 min,2.0,110000000.0,293329073.0,110000000.0,293329073.0,183329073.0,2.6666279363636365,Profitable,True,6.2,1433,6.164668134741406,2.586787,42,14
86834,Noah,2014,2014-03-20,3,2010s,Drama,Drama|Adventure,Darren Aronofsky,Russell Crowe,139.0,120-150 min,4.0,125000000.0,362637473.0,115136381.346432,334022131.054676,237637473.0,2.901099784,Profitable,True,5.5,1589,5.788606081457569,2.526779,18,75
17578,The Adventures of Tintin,2011,2011-10-25,10,2010s,Adventure,Adventure|Animation|Action|Family|Mystery,Steven Spielberg,Jamie Bell,107.0,105-120 min,3.0,130000000.0,371940071.0,126021745.536891,360557976.788733,241940071.0,2.861077469230769,Profitable,True,6.6,1448,6.371559387008947,2.2343,16,47
673,Harry Potter and the Prisoner of Azkaban,2004,2004-05-31,5,2000s,Adventure,Adventure|Fantasy|Family,Alfonso Cuarón,Daniel Radcliffe,141.0,120-150 min,4.0,130000000.0,789804554.0,150077901.975579,911786234.115985,659804554.0,6.075419646153846,Profitable,True,7.4,3550,7.048581097110127,5.827781,51,147
6972,Australia,2008,2008-11-18,11,2000s,Drama,Drama,Baz Luhrmann,Nicole Kidman,165.0,> 150 min,5.0,130000000.0,49554002.0,131662262.395191,50187630.8773527,-80445998.0,0.38118463076923076,Loss-making,True,6.3,411,6.16749564236461,1.468543,45,101
82700,After Earth,2013,2013-05-30,5,2010s,Science Fiction,Science Fiction|Action|Adventure,M. Night Shyamalan,Jaden Smith,100.0,90-105 min,2.0,130000000.0,243843127.0,121684335.856255,228245299.708519,113843127.0,1.8757163615384616,Profitable,True,5.1,1792,5.542146326670409,1.28446,19,86
10567,Dinosaur,2000,2000-05-19,5,2000s,Animation,Animation|Family,"Ralph Zondag, Eric Leighton",D. B. Sweeney,82.0,< 90 min,1.0,127500000.0,354248063.0,161452244.57875,448581528.698231,226748063.0,2.7784161803921568,Profitable,True,6.1,320,6.122063531651499,1.60246,10,18
181533,Night at the Museum: Secret of the Tomb,2014,2014-12-17,12,2010s,Adventure,Adventure|Comedy|Fantasy|Family,Shawn Levy,Ben Stiller,97.0,90-105 min,2.0,127000000.0,349424282.0,116978563.447975,321851579.072442,222424282.0,2.7513722992125986,Profitable,True,6.1,1111,6.114983797143228,6.286692,26,108
38055,Megamind,2010,2010-10-28,10,2010s,Animation,Animation|Action|Comedy|Family|Science Fiction,Tom McGrath,Will Ferrell,95.0,90-105 min,2.0,130000000.0,321885765.0,130000000.0,321885765.0,191885765.0,2.476044346153846,Profitable,True,6.6,1190,6.348392971321006,1.540322,23,14
671,Harry Potter and the Philosopher's Stone,2001,2001-11-16,11,2000s,Adventure,Adventure|Fantasy|Family,Chris Columbus,Daniel Radcliffe,152.0,> 150 min,5.0,125000000.0,976475550.0,153936014.58673,1202518036.06708,851475550.0,7.8118044,Profitable,True,7.2,4265,6.941493576967446,8.021423,58,134
49524,R.I.P.D.,2013,2013-07-18,7,2010s,Fantasy,Fantasy|Action|Comedy|Crime,Robert Schwentke,Jeff Bridges,96.0,90-105 min,2.0,130000000.0,61648500.0,121684335.856255,57705052.146418,-68351500.0,0.4742192307692308,Loss-making,True,5.3,876,5.802316738414319,1.68986899999999,35,33
22,Pirates of the Caribbean: The Curse of the Black Pearl,2003,2003-07-09,7,2000s,Adventure,Adventure|Fantasy|Action,Gore Verbinski,Johnny Depp,143.0,120-150 min,4.0,140000000.0,655011224.0,165949370.269553,776419286.73064,515011224.0,4.6786516,Profitable,True,7.3,4223,7.015267174398482,6.864067,70,128
131631,The Hunger Games: Mockingjay - Part 1,2014,2014-11-18,11,2010s,Science Fiction,Science Fiction|Adventure|Thriller,Francis Lawrence,Jennifer Lawrence,123.0,120-150 min,4.0,125000000.0,752100229.0,115136381.346432,692752790.215065,627100229.0,6.016801832,Profitable,True,6.6,3590,6.470529835225374,10.739009,54,134
591,The Da Vinci Code,2006,2006-05-17,5,2000s,Thriller,Thriller|Mystery,Ron Howard,Tom Hanks,149.0,120-150 min,4.0,125000000.0,758239851.0,135208644.786446,820164661.414297,633239851.0,6.065918808,Profitable,True,6.4,1585,6.274351522009381,3.655536,18,108
172385,Rio 2,2014,2014-03-19,3,2010s,Animation,Animation|Adventure|Comedy|Family,Carlos Saldanha,Jesse Eisenberg,102.0,90-105 min,2.0,103000000.0,500188435.0,94872378.2294603,460719091.177882,397188435.0,4.856198398058252,Profitable,True,6.5,659,6.249290426872869,1.811692,21,22
36658,X2,2003,2003-04-24,4,2000s,Adventure,Adventure|Action|Science Fiction|Thriller,Bryan Singer,Patrick Stewart,133.0,120-150 min,4.0,110000000.0,214948780.0,130388790.926078,254790104.865777,104948780.0,1.9540798181818182,Profitable,True,6.7,2222,6.483137093016911,0.175002,31,28
51497,Fast Five,2011,2011-04-20,4,2010s,Action,Action|Thriller|Crime,Justin Lin,Vin Diesel,130.0,120-150 min,4.0,125000000.0,626137675.0,121174755.323934,606976636.537775,501137675.0,5.0091014,Profitable,True,7.1,1591,6.65276104659868,0.436803,36,146
58574,Sherlock Holmes: A Game of Shadows,2011,2011-11-22,11,2010s,Adventure,Adventure|Action|Crime|Mystery,Guy Ritchie,Robert Downey Jr.,129.0,120-150 min,4.0,125000000.0,334615000.0,121174755.323934,324375126.021745,209615000.0,2.67692,Profitable,True,6.9,2710,6.642539937092535,2.579776,25,34
18823,Clash of the Titans,2010,2010-04-01,4,2010s,Adventure,Adventure|Fantasy|Action,Louis Leterrier,Sam Worthington,106.0,105-120 min,3.0,125000000.0,232713139.0,125000000.0,232713139.0,107713139.0,1.861705112,Profitable,True,5.6,1530,5.847559570867089,2.087252,35,123
861,Total Recall,1990,1990-06-01,6,1990s,Action,Action|Adventure|Science Fiction,Paul Verhoeven,Arnold Schwarzenegger,113.0,105-120 min,3.0,65000000.0,261317921.0,108478405.120447,436113096.91494,196317921.0,4.020275707692308,Profitable,True,6.8,1012,6.415006364201755,2.679627,21,24
1911,The 13th Warrior,1999,1999-08-27,8,1990s,Adventure,Adventure|Fantasy|Action,John McTiernan,Antonio Banderas,102.0,90-105 min,2.0,160000000.0,61698899.0,209448455.455091,80767119.3676855,-98301101.0,0.38561811875,Loss-making,True,6.2,275,6.139553470221456,1.189386,19,17
49040,The Bourne Legacy,2012,2012-08-08,8,2010s,Action,Action|Thriller,Tony Gilroy,Jeremy Renner,120.0,105-120 min,3.0,130000000.0,276572938.0,123466756.575791,262673566.242289,146572938.0,2.1274841384615386,Profitable,True,5.9,2086,5.989461515170424,4.611854,31,102
415,Batman & Robin,1997,1997-06-20,6,1990s,Action,Action|Crime|Fantasy|Science Fiction,Joel Schumacher,George Clooney,125.0,120-150 min,4.0,125000000.0,238207122.0,169807540.134012,323594923.43378,113207122.0,1.905656976,Profitable,True,4.4,828,5.47186039060436,2.604799,14,105
8871,How the Grinch Stole Christmas,2000,2000-11-17,11,2000s,Family,Family|Comedy|Fantasy,Ron Howard,Jim Carrey,104.0,90-105 min,2.0,123000000.0,345141403.0,155753930.064206,437049836.952227,222141403.0,2.8060276666666666,Profitable,True,6.1,733,6.11769755083023,2.977558,17,18
435,The Day After Tomorrow,2004,2004-05-26,5,2000s,Action,Action|Adventure|Science Fiction|Thriller,Roland Emmerich,Dennis Quaid,124.0,120-150 min,4.0,125000000.0,544272402.0,144305674.976518,628332770.733608,419272402.0,4.354179216,Profitable,True,6.1,1422,6.113305197340791,2.022895,27,228
955,Mission: Impossible II,2000,2000-05-23,5,2000s,Adventure,Adventure|Action|Thriller,John Woo,Tom Cruise,123.0,120-150 min,4.0,125000000.0,546388105.0,158286514.292892,691886948.73239,421388105.0,4.37110484,Profitable,True,5.8,1269,5.968947641469168,1.956406,17,123
2133,The Perfect Storm,2000,2000-03-15,3,2000s,Drama,Drama,Wolfgang Petersen,George Clooney,130.0,120-150 min,4.0,120000000.0,325756637.0,151955053.721176,412503060.62804,205756637.0,2.714638641666667,Profitable,True,5.9,315,6.084384733292058,0.58332,28,16
1979,Fantastic 4: Rise of the Silver Surfer,2007,2007-06-13,6,2000s,Adventure,Adventure|Fantasy|Action|Thriller,Tim Story,Ioan Gruffudd,92.0,90-105 min,2.0,130000000.0,289047763.0,136716915.7421,303982451.227029,159047763.0,2.223444330769231,Profitable,True,5.4,1611,5.732132662755985,1.552842,18,32
87827,Life of Pi,2012,2012-11-20,11,2010s,Adventure,Adventure|Drama|Action,Ang Lee,Suraj Sharma,127.0,120-150 min,4.0,120000000.0,609016565.0,113969313.762269,578409999.857538,489016565.0,5.0751380416666665,Profitable,True,7.1,4338,6.86859797936399,3.14008,21,27
1250,Ghost Rider,2007,2007-02-16,2,2000s,Thriller,Thriller|Action|Fantasy|Horror,Mark Steven Johnson,Nicolas Cage,114.0,105-120 min,3.0,110000000.0,228738393.0,115683544.08947,240556981.559727,118738393.0,2.079439936363636,Profitable,True,5.2,986,5.736569615972725,2.148427,19,58
9471,Charlie's Angels: Full Throttle,2003,2003-06-27,6,2000s,Action,Action|Adventure|Comedy|Crime,McG,Cameron Diaz,106.0,105-120 min,3.0,120000000.0,259175788.0,142242317.373903,307214705.769395,139175788.0,2.1597982333333334,Profitable,True,5.3,592,5.87562127246173,1.01154599999999,24,13
70981,Prometheus,2012,2012-05-30,5,2010s,Science Fiction,Science Fiction|Adventure|Mystery,Ridley Scott,Noomi Rapace,124.0,120-150 min,4.0,130000000.0,403170142.0,123466756.575791,382908536.776472,273170142.0,3.1013087846153846,Profitable,True,6.2,3559,6.179956963696601,4.008188,26,81
10996,Stuart Little 2,2002,2002-07-19,7,2000s,Family,Family|Adventure|Animation|Comedy,Rob Minkoff,Michael J. Fox,78.0,< 90 min,1.0,120000000.0,169956806.0,145471367.234465,206032074.496857,49956806.0,1.4163067166666667,Profitable,True,5.4,366,5.972528665971614,1.594587,14,10
68724,Elysium,2013,2013-08-07,8,2010s,Science Fiction,Science Fiction|Action|Drama|Thriller,Neill Blomkamp,Matt Damon,109.0,105-120 min,3.0,115000000.0,286140700.0,107643835.565148,267837238.776492,171140700.0,2.48818,Profitable,True,6.5,2366,6.364330678835993,2.951594,24,118
2789,The Chronicles of Riddick,2004,2004-06-11,6,2000s,Adventure,Adventure|Action|Thriller|Science Fiction,David Twohy,Vin Diesel,119.0,105-120 min,3.0,105000000.0,115772733.0,121216766.980275,133653299.03553,10772733.0,1.1025974571428572,Profitable,True,6.2,1118,6.160166076751658,1.052176,19,193
97020,RoboCop,2014,2014-01-30,1,2010s,Science Fiction,Science Fiction|Action,José Padilha,Joel Kinnaman,102.0,90-105 min,2.0,120000000.0,239379423.0,110530926.092575,220490244.264135,119379423.0,1.994828525,Profitable,True,5.7,1709,5.888885951597327,1.940735,16,27
7459,Speed Racer,2008,2008-05-09,5,2000s,Family,Family|Action|Science Fiction,"Lilly Wachowski, Lana Wachowski",Emile Hirsch,135.0,120-150 min,4.0,120000000.0,93945766.0,121534396.0571,95147016.1077637,-26054234.0,0.7828813833333333,Loss-making,True,5.6,194,6.061201833433095,0.879116,26,26
42888,How Do You Know,2010,2010-12-17,12,2010s,Comedy,Comedy|Drama|Romance,James L. Brooks,Reese Witherspoon,121.0,120-150 min,4.0,120000000.0,48668907.0,120000000.0,48668907.0,-71331093.0,0.405574225,Loss-making,True,4.9,136,6.015265122030584,0.640576,16,19
37834,Knight and Day,2010,2010-06-15,6,2010s,Action,Action|Comedy,James Mangold,Tom Cruise,109.0,105-120 min,3.0,117000000.0,261930431.0,117000000.0,261930431.0,144930431.0,2.2387216324786325,Profitable,True,5.9,1045,6.028280004309021,1.325302,19,109
75612,Oblivion,2013,2013-04-10,4,2010s,Action,Action|Science Fiction|Adventure|Mystery,Joseph Kosinski,Tom Cruise,126.0,120-150 min,4.0,120000000.0,286168572.0,112324002.32885,267863327.898099,166168572.0,2.3847381,Profitable,True,6.3,3729,6.253988030598999,4.405923,15,31
1895,Star Wars: Episode III - Revenge of the Sith,2005,2005-05-17,5,2000s,Science Fiction,Science Fiction|Adventure|Action,George Lucas,Ewan McGregor,140.0,120-150 min,4.0,113000000.0,850000000.0,126171651.730957,949078796.206319,737000000.0,7.522123893805309,Profitable,True,7.0,2629,6.703308116376132,3.457537,60,15
1894,Star Wars: Episode II - Attack of the Clones,2002,2002-05-15,5,2000s,Adventure,Adventure|Action|Science Fiction,George Lucas,Ewan McGregor,142.0,120-150 min,4.0,120000000.0,649398328.0,145471367.234465,787240522.116133,529398328.0,5.411652733333334,Profitable,True,6.4,2549,6.305384581060638,3.128314,42,20
585,"Monsters, Inc.",2001,2001-11-01,11,2000s,Fantasy,Fantasy|Animation|Family|Comedy,Pete Docter,John Goodman,92.0,90-105 min,2.0,115000000.0,562816256.0,141621133.419792,693101531.14612,447816256.0,4.8940544,Profitable,True,7.3,3899,6.997705461220569,3.204295,53,242
76170,The Wolverine,2013,2013-07-23,7,2010s,Action,Action|Science Fiction|Adventure|Fantasy,James Mangold,Hugh Jackman,126.0,120-150 min,4.0,120000000.0,415440673.0,112324002.32885,388866326.012928,295440673.0,3.4620056083333335,Profitable,True,6.4,2986,6.31491130580811,0.734349,22,82
1893,Star Wars: Episode I - The Phantom Menace,1999,1999-05-19,5,1990s,Adventure,Adventure|Action|Science Fiction,George Lucas,Liam Neeson,136.0,120-150 min,4.0,115000000.0,924317558.0,150541077.358347,1209980530.45701,809317558.0,8.037543982608696,Profitable,True,6.3,2823,6.2440081775245435,3.526029,58,14
49519,The Croods,2013,2013-03-20,3,2010s,Adventure,Adventure|Animation|Comedy|Family|Fantasy,"Chris Sanders, Kirk De Micco",Nicolas Cage,98.0,90-105 min,2.0,135000000.0,585178928.0,126364502.619957,547746993.928887,450178928.0,4.334658725925926,Profitable,True,6.8,1755,6.507010568440311,1.432796,8,14
12100,Windtalkers,2002,2002-06-14,6,2000s,Drama,Drama|Action|History|War,John Woo,Nicolas Cage,134.0,120-150 min,4.0,115000000.0,77628265.0,139410060.266362,94105748.7132451,-37371735.0,0.6750283913043478,Loss-making,True,5.9,207,6.0971408355248045,0.784565,10,35
98566,Teenage Mutant Ninja Turtles,2014,2014-08-07,8,2010s,Science Fiction,Science Fiction|Action|Adventure|Fantasy|Comedy,Jonathan Liebesman,Megan Fox,101.0,90-105 min,2.0,125000000.0,477200000.0,115136381.346432,439544649.42814,352200000.0,3.8176,Profitable,True,5.8,1836,5.938919331161334,5.787396,28,54
49047,Gravity,2013,2013-09-27,9,2010s,Science Fiction,Science Fiction|Thriller|Drama,Alfonso Cuarón,Sandra Bullock,91.0,90-105 min,2.0,105000000.0,716392705.0,98283502.0377446,670567465.539932,611392705.0,6.822787666666667,Profitable,True,7.4,3775,7.063996911414824,5.242753,7,81
9619,Dante's Peak,1997,1997-02-07,2,1990s,Action,Action|Adventure|Thriller,Roger Donaldson,Pierce Brosnan,108.0,105-120 min,3.0,116000000.0,178127760.0,157581397.244363,241979494.041453,62127760.0,1.5355841379310344,Profitable,True,5.5,216,6.040982458657266,1.176223,16,107
166424,Fantastic Four,2015,2015-08-05,8,2010s,Action,Action|Adventure|Science Fiction,Josh Trank,Miles Teller,100.0,90-105 min,2.0,120000001.0,167977596.0,110399952.34402,154539320.322699,47977595.0,1.3998132883348893,Profitable,True,4.4,1565,5.2012423549511055,2.487042,28,119
1593,Night at the Museum,2006,2006-10-20,10,2000s,Action,Action|Adventure|Comedy|Family|Fantasy,Shawn Levy,Ben Stiller,108.0,105-120 min,3.0,110000000.0,574480841.0,118983607.412073,621398207.739104,464480841.0,5.2225531,Profitable,True,6.2,1572,6.1663465221071645,2.313345,21,19
254128,San Andreas,2015,2015-05-27,5,2010s,Action,Action|Drama|Thriller,Brad Peyton,Dwayne Johnson,114.0,105-120 min,3.0,110000000.0,470490832.0,101199955.472019,432851374.985395,360490832.0,4.277189381818181,Profitable,True,6.1,2060,6.110818827315478,4.907832,45,82
714,Tomorrow Never Dies,1997,1997-12-11,12,1990s,Adventure,Adventure|Action|Thriller,Roger Spottiswoode,Pierce Brosnan,119.0,105-120 min,3.0,110000000.0,333011068.0,149430635.31793,452382322.355841,223011068.0,3.0273733454545453,Profitable,True,5.9,565,6.060365045249217,2.391809,34,20
2024,The Patriot,2000,2000-06-28,6,2000s,Drama,Drama|History|War|Action,Roland Emmerich,Mel Gibson,165.0,> 150 min,5.0,110000000.0,215294342.0,139292132.577745,272625527.537294,105294342.0,1.957221290909091,Profitable,True,6.7,651,6.3132245565496845,1.513108,21,129
163,Ocean's Twelve,2004,2004-12-09,12,2000s,Thriller,Thriller|Crime,Steven Soderbergh,George Clooney,125.0,120-150 min,4.0,110000000.0,362744280.0,126988993.979336,418768465.354169,252744280.0,3.2976752727272727,Profitable,True,6.4,1376,6.264732631895452,2.175284,27,109
787,Mr. & Mrs. Smith,2005,2005-06-07,6,2000s,Action,Action|Comedy|Drama|Thriller,Doug Liman,Angelina Jolie,120.0,105-120 min,3.0,110000000.0,478207520.0,122821961.861994,533948961.668717,368207520.0,4.347341090909091,Profitable,True,6.5,1750,6.337407479893616,1.330824,15,19
262500,Insurgent,2015,2015-03-18,3,2010s,Adventure,Adventure|Science Fiction|Thriller,Robert Schwentke,Shailene Woodley,119.0,105-120 min,3.0,110000000.0,295238201.0,101199955.472019,271619025.407628,185238201.0,2.6839836454545454,Profitable,True,6.3,2480,6.23899912843634,13.112507,24,71
2567,The Aviator,2004,2004-12-25,12,2000s,Drama,Drama,Martin Scorsese,Leonardo DiCaprio,170.0,> 150 min,5.0,116000000.0,102000000.0,133915666.378209,117753430.780839,-14000000.0,0.8793103448275862,Loss-making,True,6.7,834,6.345572212576104,1.911206,65,149
38745,Gulliver's Travels,2010,2010-12-25,12,2010s,Comedy,Comedy,Rob Letterman,Jack Black,85.0,< 90 min,1.0,112000000.0,237382724.0,112000000.0,237382724.0,125382724.0,2.1194886071428574,Profitable,True,5.0,375,5.882798310298869,1.203837,16,22
40805,The Green Hornet,2011,2011-01-12,1,2010s,Action,Action|Crime|Comedy,Michel Gondry,Seth Rogen,119.0,105-120 min,3.0,120000000.0,227817248.0,116327765.110976,220845594.279776,107817248.0,1.8984770666666666,Profitable,True,5.4,854,5.845997263863853,1.058342,13,15
53182,300: Rise of an Empire,2014,2014-03-05,3,2010s,Action,Action|War,Noam Murro,Sullivan Stapleton,102.0,90-105 min,2.0,110000000.0,337580051.0,101320015.58486,310941963.895073,227580051.0,3.0689095545454546,Profitable,True,6.1,1664,6.112238348079179,2.979181,42,89
41513,The Smurfs,2011,2011-07-29,7,2010s,Animation,Animation|Family|Adventure|Comedy|Fantasy,Raja Gosnell,Hank Azaria,103.0,90-105 min,2.0,110000000.0,563749323.0,106633784.685061,546497490.228467,453749323.0,5.124993845454545,Profitable,True,5.5,797,5.894866142130898,0.879003,29,25
13700,Home on the Range,2004,2004-04-02,4,2000s,Western,Western|Animation|Family|Comedy|Music,"Will Finn, John Sanford",Roseanne Barr,76.0,< 90 min,1.0,110000000.0,103951461.0,126988993.979336,120006285.955201,-6048539.0,0.9450132818181818,Loss-making,True,5.8,210,6.083336460800315,0.837905999999999,21,76
39254,Real Steel,2011,2011-09-28,9,2010s,Action,Action|Science Fiction|Drama,Shawn Levy,Hugh Jackman,127.0,120-150 min,4.0,110000000.0,299268508.0,106633784.685061,290110305.86447,189268508.0,2.7206228,Profitable,True,6.5,1856,6.342776411431972,2.657014,172,46
77931,The Smurfs 2,2013,2013-07-30,7,2010s,Fantasy,Fantasy|Family|Comedy|Animation,Raja Gosnell,Hank Azaria,105.0,90-105 min,2.0,105000000.0,347434178.0,98283502.0377446,325209978.489953,242434178.0,3.308896933333333,Profitable,True,5.5,498,5.958612687402286,0.782462,32,12
1639,Speed 2: Cruise Control,1997,1997-06-12,6,1990s,Action,Action|Adventure|Thriller,Jan de Bont,Sandra Bullock,121.0,120-150 min,4.0,160000000.0,164508066.0,217353651.371535,223477680.157309,4508066.0,1.0281754125,Profitable,True,4.4,233,5.87369829143581,1.172353,16,103
80274,Ender's Game,2013,2013-10-23,10,2010s,Science Fiction,Science Fiction|Action|Adventure,Gavin Hood,Asa Butterfield,114.0,105-120 min,3.0,110000000.0,125537191.0,102963668.801446,117506997.785345,15537191.0,1.1412471909090909,Profitable,True,6.6,1608,6.383898773956913,2.476989,20,127
1571,Live Free or Die Hard,2007,2007-06-20,6,2000s,Action,Action|Thriller,Len Wiseman,Bruce Willis,128.0,120-150 min,4.0,110000000.0,383531464.0,115683544.08947,403347991.139481,273531464.0,3.486649672727273,Profitable,True,6.3,1393,6.21486169354511,2.227384,23,108
120,The Lord of the Rings: The Fellowship of the Ring,2001,2001-12-18,12,2000s,Adventure,Adventure|Fantasy|Action,Peter Jackson,Elijah Wood,178.0,> 150 min,5.0,93000000.0,871368364.0,114528394.852527,1073079785.52895,778368364.0,9.369552301075268,Profitable,True,7.8,6079,7.495277415659385,8.575419,26,30
10204,Around the World in 80 Days,2004,2004-06-16,6,2000s,Action,Action|Adventure|Comedy,Frank Coraci,Jackie Chan,120.0,105-120 min,3.0,110000000.0,72178895.0,126988993.979336,83326593.2962741,-37821105.0,0.6561717727272727,Loss-making,True,5.6,380,6.01173320935227,0.521121,26,135
8489,Ali,2001,2001-12-11,12,2000s,Drama,Drama,Michael Mann,Will Smith,157.0,> 150 min,5.0,107000000.0,87713825.0,131769228.486241,108018533.157263,-19286175.0,0.8197553738317757,Loss-making,True,6.7,253,6.217439212455835,0.554186,56,32
10588,The Cat in the Hat,2003,2003-11-21,11,2000s,Comedy,Comedy|Fantasy|Family,Bo Welch,Mike Myers,82.0,< 90 min,1.0,,,,,,,Unknown,False,5.0,189,5.9892078013983365,1.101383,11,16
2048,"I, Robot",2004,2004-07-15,7,2000s,Action,Action|Science Fiction,Alex Proyas,Will Smith,115.0,105-120 min,3.0,120000000.0,347234916.0,138533447.977457,400863751.430357,227234916.0,2.8936243,Profitable,True,6.6,2339,6.426673135939392,2.791375,21,138
1495,Kingdom of Heaven,2005,2005-05-03,5,2000s,Drama,Drama|Action|Adventure|History|War,Ridley Scott,Orlando Bloom,144.0,120-150 min,4.0,130000000.0,211643158.0,145153227.655084,236312980.729345,81643158.0,1.6280242923076924,Profitable,True,6.4,677,6.218180571285398,1.592578,20,114
10137,Stuart Little,1999,1999-12-17,12,1990s,Fantasy,Fantasy,Rob Minkoff,Michael J. Fox,84.0,< 90 min,1.0,133000000.0,300135367.0,174104028.597044,392893056.534981,167135367.0,2.256656894736842,Profitable,True,5.6,502,5.984670307816267,1.309249,18,9
10198,The Princess and the Frog,2009,2009-12-08,12,2000s,Romance,Romance|Family|Animation|Music,"Ron Clements, John Musker",Anika Noni Rose,97.0,90-105 min,2.0,105000000.0,267045765.0,106722045.58312,271425431.47723,162045765.0,2.543293,Profitable,True,6.5,706,6.255010221997852,2.463982,23,99
286217,The Martian,2015,2015-09-30,9,2010s,Drama,Drama|Adventure|Science Fiction,Ridley Scott,Matt Damon,141.0,120-150 min,4.0,108000000.0,595380321.0,99359956.2816192,547749654.310152,487380321.0,5.51278075,Profitable,True,7.6,4572,7.2634863668074745,7.6674,51,105
1635,The Island,2005,2005-07-20,7,2000s,Action,Action|Thriller|Science Fiction|Adventure,Michael Bay,Ewan McGregor,136.0,120-150 min,4.0,126000000.0,162949164.0,140686974.496466,181943054.602289,36949164.0,1.2932473333333334,Profitable,True,6.4,1027,6.244906370306905,2.623346,41,55
9679,Gone in Sixty Seconds,2000,2000-06-09,6,2000s,Action,Action|Crime|Thriller,Dominic Sena,Nicolas Cage,118.0,105-120 min,3.0,90000000.0,237202299.0,113966290.290882,300367400.727763,147202299.0,2.6355811,Profitable,True,6.0,994,6.073398304304661,1.209516,23,34
98,Gladiator,2000,2000-05-01,5,2000s,Action,Action|Drama|Adventure,Ridley Scott,Russell Crowe,155.0,> 150 min,5.0,103000000.0,457640427.0,130428087.777343,579506463.914726,354640427.0,4.443110941747573,Profitable,True,7.7,3531,7.264057349560455,4.271452,38,101
180,Minority Report,2002,2002-06-20,6,2000s,Action,Action|Thriller|Science Fiction|Mystery,Steven Spielberg,Tom Cruise,145.0,120-150 min,4.0,102000000.0,358372926.0,123650662.149295,434441662.708633,256372926.0,3.5134600588235294,Profitable,True,6.9,1595,6.545199063557618,2.103595,23,156
672,Harry Potter and the Chamber of Secrets,2002,2002-11-13,11,2000s,Adventure,Adventure|Fantasy|Family,Chris Columbus,Daniel Radcliffe,161.0,> 150 min,5.0,100000000.0,876688482.0,121226139.362054,1062775600.9604,776688482.0,8.76688482,Profitable,True,7.2,3458,6.8981414680363615,6.012584,61,141
36557,Casino Royale,2006,2006-11-14,11,2000s,Adventure,Adventure|Action|Thriller,Martin Campbell,Daniel Craig,144.0,120-150 min,4.0,150000000.0,599045960.0,162250373.743735,647969539.331167,449045960.0,3.9936397333333336,Profitable,True,7.1,2738,6.7781204169834,3.78958,79,126
869,Planet of the Apes,2001,2001-07-25,7,2000s,Thriller,Thriller|Science Fiction|Action|Adventure,Tim Burton,Mark Wahlberg,119.0,105-120 min,3.0,100000000.0,362211740.0,123148811.669384,446059453.537,262211740.0,3.6221174,Profitable,True,5.5,702,5.9131105288350625,1.862114,23,20
280,Terminator 2: Judgment Day,1991,1991-07-01,7,1990s,Action,Action|Thriller|Science Fiction,James Cameron,Arnold Schwarzenegger,137.0,120-150 min,4.0,100000000.0,520000000.0,160109284.193018,832568277.803697,420000000.0,5.2,Profitable,True,7.5,2836,7.05638208117653,3.584406,42,58
11322,Public Enemies,2009,2009-07-01,7,2000s,History,History|Crime|Drama,Michael Mann,Christian Bale,140.0,120-150 min,4.0,80000000.0,214104620.0,81312034.7299962,217616028.716158,134104620.0,2.67630775,Profitable,True,6.5,853,6.271327333758222,1.138277,49,108
4982,American Gangster,2007,2007-11-02,11,2000s,Drama,Drama|Crime,Ridley Scott,Denzel Washington,157.0,> 150 min,5.0,100000000.0,266465037.0,105166858.263154,280232907.782652,166465037.0,2.66465037,Profitable,True,7.3,966,6.615553880581773,1.946073,110,60
36955,True Lies,1994,1994-07-14,7,1990s,Action,Action|Thriller,James Cameron,Arnold Schwarzenegger,141.0,120-150 min,4.0,115000000.0,378882411.0,169177829.583788,557378295.308286,263882411.0,3.2946296608695653,Profitable,True,6.6,620,6.275744166120142,1.843243,10,23
18487,The Taking of Pelham 1 2 3,2009,2009-06-11,6,2000s,Thriller,Thriller|Drama|Crime,Tony Scott,Denzel Washington,106.0,105-120 min,3.0,100000000.0,150166126.0,101640043.412495,152628915.657262,50166126.0,1.50166126,Profitable,True,6.1,551,6.119388251712651,1.30199,22,19
39451,Little Fockers,2010,2010-12-21,12,2010s,Comedy,Comedy|Romance,Paul Weitz,Robert De Niro,98.0,90-105 min,2.0,100000000.0,310650585.0,100000000.0,310650585.0,210650585.0,3.10650585,Profitable,True,5.4,717,5.875499279772958,1.903671,18,9
27581,The Other Guys,2010,2010-08-06,8,2010s,Action,Action|Comedy|Crime,Adam McKay,Will Ferrell,107.0,105-120 min,3.0,100000000.0,170432927.0,100000000.0,170432927.0,70432927.0,1.70432927,Profitable,True,6.1,951,6.116023842062285,1.419224,29,10
9268,Eraser,1996,1996-06-21,6,1990s,Action,Action|Drama|Mystery|Thriller,Chuck Russell,Arnold Schwarzenegger,115.0,105-120 min,3.0,100000000.0,242295562.0,139021673.896025,336843346.068182,142295562.0,2.42295562,Profitable,True,5.5,306,6.011653851176298,1.585785,18,77
68718,Django Unchained,2012,2012-12-25,12,2010s,Drama,Drama|Western,Quentin Tarantino,Jamie Foxx,165.0,> 150 min,5.0,100000000.0,425368238.0,94974428.1352245,403991051.509381,325368238.0,4.25368238,Profitable,True,7.7,7375,7.456031728166453,5.944518,115,88
10545,The Hunchback of Notre Dame,1996,1996-06-21,6,1990s,Family,Family|Fantasy|Animation,"Gary Trousdale, Kirk Wise",Tom Hulce,91.0,90-105 min,2.0,100000000.0,100138851.0,139021673.896025,139214706.880446,138851.0,1.00138851,Profitable,True,6.6,605,6.2732614763604575,1.894423,17,35
11688,The Emperor's New Groove,2000,2000-12-09,12,2000s,Adventure,Adventure|Animation|Comedy|Family|Fantasy,Mark Dindal,David Spade,78.0,< 90 min,1.0,100000000.0,169327687.0,126629211.434313,214418314.788063,69327687.0,1.69327687,Profitable,True,6.9,832,6.421365243281539,1.768463,11,27
76163,The Expendables 2,2012,2012-08-08,8,2010s,Action,Action|Adventure|Thriller,Simon West,Sylvester Stallone,103.0,90-105 min,2.0,100000000.0,312573423.0,94974428.1352245,296864820.996946,212573423.0,3.12573423,Profitable,True,6.0,2218,6.048247965717021,2.415046,17,106
2059,National Treasure,2004,2004-11-19,11,2000s,Adventure,Adventure|Action|Thriller|Mystery,Jon Turteltaub,Nicolas Cage,131.0,120-150 min,4.0,100000000.0,347451894.0,115444539.981214,401114240.684318,247451894.0,3.47451894,Profitable,True,6.4,1179,6.254212845263817,2.906282,38,125
2486,Eragon,2006,2006-12-14,12,2000s,Fantasy,Fantasy|Action|Adventure|Family,Stefen Fangmeier,Ed Speleers,104.0,90-105 min,2.0,100000000.0,249288105.0,108166915.829157,269647254.707451,149288105.0,2.49288105,Profitable,True,4.8,536,5.750884375608578,1.296272,15,26
16523,Where the Wild Things Are,2009,2009-10-16,10,2000s,Family,Family|Fantasy,Spike Jonze,Max Records,101.0,90-105 min,2.0,100000000.0,100086793.0,101640043.412495,101728259.855374,86793.0,1.00086793,Profitable,True,6.3,312,6.159622206552892,0.786389999999999,17,9
116711,Epic,2013,2013-05-15,5,2010s,Animation,Animation|Adventure|Family|Fantasy,Chris Wedge,Josh Hutcherson,102.0,90-105 min,2.0,100000000.0,268426634.0,93603335.2740424,251256282.187846,168426634.0,2.68426634,Profitable,True,6.4,857,6.232982026293597,1.874575,25,23
37710,The Tourist,2010,2010-12-08,12,2010s,Action,Action|Thriller|Romance,Florian Henckel von Donnersmarck,Johnny Depp,103.0,90-105 min,2.0,100000000.0,278346189.0,100000000.0,278346189.0,178346189.0,2.78346189,Profitable,True,6.0,1084,6.070688880004009,2.162441,46,30
9946,End of Days,1999,1999-11-23,11,1990s,Action,Action|Fantasy|Horror|Mystery,Peter Hyams,Arnold Schwarzenegger,121.0,120-150 min,4.0,100000000.0,211989043.0,130905284.659432,277504860.185956,111989043.0,2.11989043,Profitable,True,5.4,247,6.01508123061506,1.17388799999999,13,139
1372,Blood Diamond,2006,2006-12-07,12,2000s,Drama,Drama|Thriller|Action,Edward Zwick,Leonardo DiCaprio,143.0,120-150 min,4.0,100000000.0,170877916.0,108166915.829157,184833371.570338,70877916.0,1.70877916,Profitable,True,7.2,1394,6.67142627937039,1.60314,22,87
106646,The Wolf of Wall Street,2013,2013-12-25,12,2010s,Crime,Crime|Drama|Comedy,Martin Scorsese,Leonardo DiCaprio,180.0,> 150 min,5.0,100000000.0,392000694.0,93603335.2740424,366925723.881393,292000694.0,3.92000694,Profitable,True,7.9,4027,7.453912129181353,4.877927,140,244
414,Batman Forever,1995,1995-05-31,5,1990s,Science Fiction,Science Fiction|Fantasy|Action|Crime,Joel Schumacher,Val Kilmer,121.0,120-150 min,4.0,100000000.0,336529144.0,143096686.710696,481562054.879869,236529144.0,3.36529144,Profitable,True,5.2,868,5.7650630297186325,1.59374,17,18
563,Starship Troopers,1997,1997-11-06,11,1990s,Adventure,Adventure|Action|Thriller|Science Fiction,Paul Verhoeven,Casper Van Dien,129.0,120-150 min,4.0,105000000.0,121214377.0,142638333.71257,164664921.497974,16214377.0,1.154422638095238,Profitable,True,6.5,929,6.2789394062186386,1.55286,20,46
83542,Cloud Atlas,2012,2012-10-26,10,2010s,Drama,Drama|Science Fiction,"Tom Tykwer, Lilly Wachowski, Lana Wachowski",Tom Hanks,172.0,> 150 min,5.0,102000000.0,130482868.0,96873916.697929,123925357.697439,28482868.0,1.2792438039215686,Profitable,True,6.5,2162,6.356459303870132,2.478372,30,149
41216,Legend of the Guardians: The Owls of Ga'Hoole,2010,2010-07-10,7,2010s,Animation,Animation|Adventure|Family|Fantasy,Zack Snyder,Emily Barclay,97.0,90-105 min,2.0,80000000.0,140073390.0,80000000.0,140073390.0,60073390.0,1.750917375,Profitable,True,6.5,471,6.223465321537325,0.914278,22,13
314,Catwoman,2004,2004-07-22,7,2000s,Action,Action|Crime,Pitof,Halle Berry,104.0,90-105 min,2.0,100000000.0,82102379.0,115444539.981214,94782713.7501835,-17897621.0,0.82102379,Loss-making,True,4.3,415,5.698630127374243,1.129322,58,162
184315,Hercules,2014,2014-07-23,7,2010s,Action,Action|Adventure,Brett Ratner,Dwayne Johnson,99.0,90-105 min,2.0,100000000.0,243400000.0,92109105.0771459,224193561.757773,143400000.0,2.434,Profitable,True,5.6,1215,5.877913105109872,2.549403,26,77
9016,Treasure Planet,2002,2002-11-26,11,2000s,Adventure,Adventure|Animation|Family|Fantasy|Science Fiction,"Ron Clements, John Musker",Joseph Gordon-Levitt,95.0,90-105 min,2.0,140000000.0,109578115.0,169716595.106876,132837318.400212,-30421885.0,0.7827008214285714,Loss-making,True,7.0,545,6.377729744793729,1.936492,28,39
18162,Land of the Lost,2009,2009-06-05,6,2000s,Adventure,Adventure|Comedy|Science Fiction,Brad Silberling,Will Ferrell,102.0,90-105 min,2.0,100000000.0,68688831.0,101640043.412495,69815357.6479355,-31311169.0,0.68688831,Loss-making,True,5.4,220,6.025631509013261,0.760048,18,27
138103,The Expendables 3,2014,2014-08-04,8,2010s,Action,Action|Adventure|Thriller,Patrick Hughes,Sylvester Stallone,127.0,120-150 min,4.0,90000000.0,206172544.0,82898194.5694313,189903685.193185,116172544.0,2.2908060444444445,Profitable,True,6.2,1275,6.1625448093787885,3.34625,31,85
257088,Point Break,2015,2015-12-03,12,2010s,Action,Action|Crime|Thriller,Ericson Core,Edgar Ramírez,114.0,105-120 min,3.0,105000000.0,133718711.0,96599957.4960187,123021159.990689,28718711.0,1.2735115333333333,Profitable,True,5.5,505,5.956885890128435,2.614499,14,144
10214,Son of the Mask,2005,2005-02-18,2,2000s,Fantasy,Fantasy|Comedy|Family|Adventure,Lawrence Guterman,Jamie Kennedy,94.0,90-105 min,2.0,84000000.0,,93791316.3309774,,,,Unknown,False,3.9,169,5.880143495724361,0.832054,7,13
205775,In the Heart of the Sea,2015,2015-11-20,11,2010s,Thriller,Thriller|Drama|Adventure|Action|History,Ron Howard,Chris Hemsworth,122.0,120-150 min,4.0,100000000.0,93820758.0,91999959.5200178,86315059.3813738,-6179242.0,0.93820758,Loss-making,True,6.4,805,6.228959547189929,2.345821,26,110
11692,The Adventures of Pluto Nash,2002,2002-08-15,8,2000s,Action,Action|Comedy|Science Fiction,Ron Underwood,Eddie Murphy,95.0,90-105 min,2.0,100000000.0,7103973.0,121226139.362054,8611872.20922274,-92896027.0,0.07103973,Loss-making,True,4.6,75,6.047125154529266,0.912373,14,9
22972,Green Zone,2010,2010-03-11,3,2010s,Action,Action|Adventure|Drama|Thriller,Paul Greengrass,Matt Damon,115.0,105-120 min,3.0,100000000.0,94882889.0,100000000.0,94882889.0,-5117111.0,0.94882889,Loss-making,True,6.3,445,6.169999754509351,1.206958,88,81
227973,The Peanuts Movie,2015,2015-11-05,11,2010s,Adventure,Adventure|Animation|Comedy|Family,Steve Martino,Noah Schnapp,88.0,< 90 min,1.0,99000000.0,246233113.0,91079959.9248176,226534364.284879,147233113.0,2.4872031616161614,Profitable,True,6.4,414,6.191135432576083,2.140199,14,16
29193,The Spanish Prisoner,1997,1997-09-08,9,1990s,Crime,Crime|Drama|Mystery|Thriller,David Mamet,Steve Martin,110.0,105-120 min,3.0,,,,,,,Unknown,False,7.1,23,6.143523751606835,0.25871,6,18
1734,The Mummy Returns,2001,2001-04-28,4,2000s,Action,Action|Adventure|Drama|Fantasy|Horror,Stephen Sommers,Brendan Fraser,130.0,120-150 min,4.0,98000000.0,433013274.0,120685835.435996,533250701.301695,335013274.0,4.418502795918367,Profitable,True,5.8,1372,5.962564307376022,2.449323,19,11
3131,Gangs of New York,2002,2002-12-14,12,2000s,Drama,Drama|History|Crime,Martin Scorsese,Leonardo DiCaprio,167.0,> 150 min,5.0,100000000.0,193772504.0,121226139.362054,234902925.744383,93772504.0,1.93772504,Profitable,True,6.9,1068,6.468001551685633,1.75153,29,38
9408,Surf's Up,2007,2007-06-08,6,2000s,Animation,Animation|Comedy|Family,"Ash Brannon, Chris Buck",Shia LaBeouf,85.0,< 90 min,1.0,85000000.0,149044513.0,89391829.5236814,156745431.735719,64044513.0,1.7534648588235293,Profitable,True,5.9,374,6.078089554040723,0.919967,15,19
9890,The Stepford Wives,2004,2004-06-10,6,2000s,Action,Action|Comedy|Science Fiction,Frank Oz,Nicole Kidman,93.0,90-105 min,2.0,90000000.0,102000000.0,103900085.983093,117753430.780839,12000000.0,1.1333333333333333,Profitable,True,5.4,183,6.040691274697659,0.8676,22,19
855,Black Hawk Down,2001,2001-12-28,12,2000s,Action,Action|History|War,Ridley Scott,Josh Hartnett,144.0,120-150 min,4.0,92000000.0,172989651.0,113296906.735833,213034699.517515,80989651.0,1.8803222934782609,Profitable,True,7.1,1201,6.584496324346512,1.735123,34,156
77953,The Campaign,2012,2012-08-09,8,2010s,Comedy,Comedy,Jay Roach,Will Ferrell,85.0,< 90 min,1.0,,104907746.0,,99635531.8330539,,,Unknown,False,5.5,351,5.998150582568632,0.802985,21,12
18,The Fifth Element,1997,1997-05-07,5,1990s,Adventure,Adventure|Fantasy|Action|Thriller|Science Fiction,Luc Besson,Bruce Willis,126.0,120-150 min,4.0,90000000.0,263920180.0,122261428.896488,358525092.460205,173920180.0,2.9324464444444445,Profitable,True,7.1,2649,6.770964142374103,2.972972,115,134
37786,Sex and the City 2,2010,2010-05-26,5,2010s,Comedy,Comedy|Drama|Romance,Michael Patrick King,Sarah Jessica Parker,146.0,120-150 min,4.0,100000000.0,288347692.0,100000000.0,288347692.0,188347692.0,2.88347692,Profitable,True,5.5,275,6.021390067115446,0.984762,32,14
10501,The Road to El Dorado,2000,2000-03-31,3,2000s,Adventure,Adventure|Animation|Comedy|Family,"Don Michael Paul, Bibo Bergeron",Kenneth Branagh,89.0,< 90 min,1.0,95000000.0,76432727.0,120297750.862598,96786159.4778419,-18567273.0,0.8045550210526315,Loss-making,True,6.8,462,6.298412289156859,1.085408,12,37
57800,Ice Age: Continental Drift,2012,2012-06-26,6,2010s,Animation,Animation|Comedy|Adventure|Family,"Steve Martino, Mike Thurmeier",John Leguizamo,88.0,< 90 min,1.0,95000000.0,877244782.0,90225706.7284633,833158215.050597,782244782.0,9.2341556,Profitable,True,6.2,1920,6.169923508242807,3.135776,37,13
150689,Cinderella,2015,2015-03-12,3,2010s,Romance,Romance|Fantasy|Family|Drama,Kenneth Branagh,Lily James,112.0,105-120 min,3.0,95000000.0,542351353.0,87399961.5440169,498963025.216268,447351353.0,5.708961610526316,Profitable,True,6.8,1495,6.4802732646582335,5.556818,78,80
7980,The Lovely Bones,2009,2009-12-26,12,2000s,Fantasy,Fantasy|Drama,Peter Jackson,Rachel Weisz,136.0,120-150 min,4.0,65000000.0,93525586.0,66066028.2181219,95059446.2121906,28525586.0,1.4388551692307692,Profitable,True,6.6,600,6.27242544308775,1.673879,17,27
12,Finding Nemo,2003,2003-05-30,5,2000s,Animation,Animation|Family,Andrew Stanton,Albert Brooks,100.0,90-105 min,2.0,94000000.0,864625978.0,111423148.609557,1024886689.76997,770625978.0,9.198148702127659,Profitable,True,7.4,3692,7.058470216273514,3.440519,24,104
122,The Lord of the Rings: The Return of the King,2003,2003-12-01,12,2000s,Adventure,Adventure|Fantasy|Action,Peter Jackson,Elijah Wood,201.0,> 150 min,5.0,94000000.0,1118888979.0,111423148.609557,1326278010.47567,1024888979.0,11.903074244680852,Profitable,True,7.9,5636,7.556593833899054,7.122455,29,29
121,The Lord of the Rings: The Two Towers,2002,2002-12-18,12,2000s,Adventure,Adventure|Fantasy|Action,Peter Jackson,Elijah Wood,179.0,> 150 min,5.0,79000000.0,926287400.0,95768650.0960232,1122902454.41715,847287400.0,11.725156962025316,Profitable,True,7.8,5114,7.449814715038076,8.095275,34,36
68737,Seventh Son,2014,2014-12-12,12,2010s,Adventure,Adventure|Fantasy,Sergei Bodrov,Jeff Bridges,102.0,90-105 min,2.0,95000000.0,114178613.0,87503649.8232886,105168898.623797,19178613.0,1.2018801368421053,Profitable,True,5.1,675,5.785543619505088,3.260581,35,55
1995,Lara Croft: Tomb Raider,2001,2001-06-11,6,2000s,Adventure,Adventure|Fantasy|Action|Thriller,Simon West,Angelina Jolie,100.0,90-105 min,2.0,115000000.0,274703340.0,141621133.419792,338293898.826108,159703340.0,2.388724695652174,Profitable,True,5.6,1510,5.84928827846017,2.179727,23,41
157353,Transcendence,2014,2014-04-16,4,2010s,Thriller,Thriller|Science Fiction|Drama|Mystery,Wally Pfister,Johnny Depp,119.0,105-120 min,3.0,100000000.0,103039258.0,92109105.0771459,94908538.4219315,3039258.0,1.03039258,Profitable,True,5.9,1555,6.005790986331777,1.904422,41,67
331,Jurassic Park III,2001,2001-07-18,7,2000s,Adventure,Adventure|Action|Thriller|Science Fiction,Joe Johnston,Sam Neill,92.0,90-105 min,2.0,93000000.0,368780809.0,114528394.852527,454149183.948242,275780809.0,3.9653850430107527,Profitable,True,5.6,1366,5.862485408013592,0.167033,15,100
61791,Rise of the Planet of the Apes,2011,2011-08-03,8,2010s,Thriller,Thriller|Action|Drama|Science Fiction,Rupert Wyatt,James Franco,105.0,90-105 min,2.0,93000000.0,482860185.0,90154017.9610069,468083718.184356,389860185.0,5.192045,Profitable,True,6.9,2578,6.63389704187019,4.50453,28,110
8204,The Spiderwick Chronicles,2008,2008-02-14,2,2000s,Adventure,Adventure|Family|Fantasy,Mark Waters,Freddie Highmore,95.0,90-105 min,2.0,90000000.0,162839667.0,91150797.042825,164921838.191535,72839667.0,1.8093296333333333,Profitable,True,6.2,276,6.139590551707117,1.019335,9,99
47964,A Good Day to Die Hard,2013,2013-02-06,2,2010s,Action,Action|Thriller,John Moore,Bruce Willis,98.0,90-105 min,2.0,92000000.0,304654182.0,86115068.452119,285166475.403851,212654182.0,3.3114585,Profitable,True,5.2,3003,5.488179421711179,2.815499,20,109
10733,The Alamo,2004,2004-04-07,4,2000s,Western,Western|History|War,John Lee Hancock,Dennis Quaid,137.0,120-150 min,4.0,145000000.0,25819961.0,167394582.972761,29807735.199779,-119180039.0,0.17806869655172414,Loss-making,True,5.9,60,6.117634225541173,0.94856,20,145
9806,The Incredibles,2004,2004-11-05,11,2000s,Action,Action|Adventure|Animation|Family|Science Fiction,Brad Bird,Craig T. Nelson,115.0,105-120 min,3.0,92000000.0,631442092.0,106208976.782717,728965418.357159,539442092.0,6.863501,Profitable,True,7.2,3064,6.871222144889834,3.339406,44,85
1408,Cutthroat Island,1995,1995-12-22,12,1990s,Action,Action|Adventure,Renny Harlin,Geena Davis,119.0,105-120 min,3.0,98000000.0,18517322.0,140234752.976482,26497674.2495508,-79482678.0,0.18895226530612244,Loss-making,True,6.1,54,6.126231488060346,0.981049,31,16
32657,Percy Jackson & the Olympians: The Lightning Thief,2010,2010-02-01,2,2010s,Adventure,Adventure|Fantasy|Family,Chris Columbus,Logan Lerman,118.0,105-120 min,3.0,95000000.0,226497209.0,95000000.0,226497209.0,131497209.0,2.384181147368421,Profitable,True,6.0,1175,6.068145410753933,1.878018,91,48
607,Men in Black,1997,1997-07-01,7,1990s,Action,Action|Adventure|Comedy|Science Fiction,Barry Sonnenfeld,Tommy Lee Jones,98.0,90-105 min,2.0,90000000.0,589390539.0,122261428.896488,800663660.846796,499390539.0,6.548783766666666,Profitable,True,6.7,2864,6.516143893776292,3.153414,18,122
863,Toy Story 2,1999,1999-10-30,10,1990s,Animation,Animation|Comedy|Family,John Lasseter,Tom Hanks,92.0,90-105 min,2.0,90000000.0,485015179.0,117814756.193489,634910500.711404,395015179.0,5.389057544444444,Profitable,True,7.2,2272,6.799411642904987,1.810197,24,172
44048,Unstoppable,2010,2010-11-04,11,2010s,Action,Action|Thriller,Tony Scott,Denzel Washington,98.0,90-105 min,2.0,100000000.0,167805466.0,100000000.0,167805466.0,67805466.0,1.67805466,Profitable,True,6.2,733,6.152818052962376,1.874641,20,27
5175,Rush Hour 2,2001,2001-08-03,8,2000s,Action,Action|Comedy|Crime|Thriller,Brett Ratner,Chris Tucker,90.0,< 90 min,1.0,90000000.0,347325802.0,110833930.502445,427727597.784158,257325802.0,3.8591755777777776,Profitable,True,6.5,622,6.244596203804349,1.447916,16,10
2655,What Lies Beneath,2000,2000-07-21,7,2000s,Drama,Drama|Horror|Mystery|Thriller,Robert Zemeckis,Harrison Ford,130.0,120-150 min,4.0,100000000.0,155464351.0,126629211.434313,196863281.732773,55464351.0,1.55464351,Profitable,True,6.1,234,6.1232583328113925,0.464139,15,111
22794,Cloudy with a Chance of Meatballs,2009,2009-09-17,9,2000s,Animation,Animation|Comedy|Family,"Phil Lord, Christopher Miller",Bill Hader,90.0,< 90 min,1.0,100000000.0,242988466.0,101640043.412495,246973582.329756,142988466.0,2.42988466,Profitable,True,6.4,1116,6.250494538009706,1.849649,41,21
8355,Ice Age: Dawn of the Dinosaurs,2009,2009-06-29,6,2000s,Animation,Animation|Comedy|Family|Adventure,Carlos Saldanha,Ray Romano,94.0,90-105 min,2.0,90000000.0,886686817.0,91476039.0712458,901228865.731673,796686817.0,9.852075744444445,Profitable,True,6.4,1392,6.265520759745739,3.154914,27,8
116745,The Secret Life of Walter Mitty,2013,2013-12-18,12,2010s,Adventure,Adventure|Comedy|Drama|Fantasy,Ben Stiller,Ben Stiller,114.0,105-120 min,3.0,90000000.0,188133322.0,84243001.7466382,176099064.153853,98133322.0,2.0903702444444443,Profitable,True,7.0,2221,6.669448842924051,2.497001,13,21
4327,Charlie's Angels,2000,2000-11-02,11,2000s,Action,Action|Adventure|Comedy|Crime|Thriller,McG,Cameron Diaz,98.0,90-105 min,2.0,92000000.0,264105545.0,116498874.519568,334434768.987796,172105545.0,2.870712445652174,Profitable,True,5.5,709,5.9117088644940985,1.562652,16,38
1422,The Departed,2006,2006-10-05,10,2000s,Drama,Drama|Thriller|Crime,Martin Scorsese,Leonardo DiCaprio,151.0,> 150 min,5.0,90000000.0,289847354.0,97350224.2462415,313518943.434219,199847354.0,3.2205261555555555,Profitable,True,7.7,2635,7.166139369365965,2.81975,71,71
10674,Mulan,1998,1998-06-18,6,1990s,Animation,Animation|Family|Adventure,"Tony Bancroft, Barry Cook",Eddie Murphy,88.0,< 90 min,1.0,90000000.0,304320254.0,120392592.217046,407087824.924557,214320254.0,3.3813361555555557,Profitable,True,7.3,1066,6.643835609411914,2.770692,21,27
7446,Tropic Thunder,2008,2008-08-09,8,2000s,Action,Action|Comedy,Ben Stiller,Ben Stiller,107.0,105-120 min,3.0,92000000.0,188072649.0,93176370.3104434,190477465.092283,96072649.0,2.0442679239130435,Profitable,True,6.4,970,6.241102602442999,1.622426,74,36
65754,The Girl with the Dragon Tattoo,2011,2011-12-14,12,2010s,Thriller,Thriller|Crime|Mystery|Drama,David Fincher,Daniel Craig,158.0,> 150 min,5.0,90000000.0,232617430.0,87245823.8332325,225498881.314658,142617430.0,2.584638111111111,Profitable,True,7.1,1679,6.665736889102822,2.776061,59,149
1572,Die Hard: With a Vengeance,1995,1995-05-19,5,1990s,Action,Action|Thriller,John McTiernan,Bruce Willis,128.0,120-150 min,4.0,90000000.0,366101666.0,128787018.039626,523879354.03866,276101666.0,4.067796288888889,Profitable,True,6.7,1358,6.414050572743546,2.230236,17,49
10528,Sherlock Holmes,2009,2009-01-07,1,2000s,Adventure,Adventure|Drama|Action|Comedy|Thriller,Guy Ritchie,Robert Downey Jr.,128.0,120-150 min,4.0,90000000.0,524028679.0,91476039.0712458,532622976.829525,434028679.0,5.822540877777778,Profitable,True,6.9,4118,6.70878576019038,3.431559,55,25
10865,Atlantis: The Lost Empire,2001,2001-06-02,6,2000s,Animation,Animation|Family|Adventure|Science Fiction,"Gary Trousdale, Kirk Wise",Michael J. Fox,95.0,90-105 min,2.0,120000000.0,186053725.0,147778574.003261,229122951.404124,66053725.0,1.5504477083333332,Profitable,True,6.5,689,6.2529717382104515,2.217239,15,68
258509,Alvin and the Chipmunks: The Road Chip,2015,2015-12-17,12,2010s,Adventure,Adventure|Animation|Comedy|Family,Walt Becker,Jason Lee,92.0,90-105 min,2.0,,233755553.0,,215055014.135793,,,Unknown,False,5.7,278,6.0544982282567075,1.841779,27,12
2253,Valkyrie,2008,2008-12-25,12,2000s,Drama,Drama|Thriller|History|War,Bryan Singer,Tom Cruise,121.0,120-150 min,4.0,75000000.0,200276000.0,75958997.5356875,202836855.872764,125276000.0,2.6703466666666666,Profitable,True,6.6,725,6.292119935711495,1.845165,35,27
10661,You Don't Mess with the Zohan,2008,2008-06-05,6,2000s,Comedy,Comedy|Action,Dennis Dugan,Adam Sandler,113.0,105-120 min,3.0,90000000.0,201596308.0,91150797.042825,204174046.167676,111596308.0,2.239958977777778,Profitable,True,5.6,606,5.964260271587048,0.787623,183,37
257344,Pixels,2015,2015-07-16,7,2010s,Action,Action|Comedy|Science Fiction,Chris Columbus,Adam Sandler,105.0,90-105 min,2.0,88000000.0,243637091.0,80959964.3776156,224146025.095748,155637091.0,2.7686033068181817,Profitable,True,5.8,1575,5.951297858843253,5.984995,72,40
644,A.I. Artificial Intelligence,2001,2001-06-29,6,2000s,Drama,Drama|Science Fiction|Adventure,Steven Spielberg,Haley Joel Osment,146.0,120-150 min,4.0,100000000.0,235926552.0,123148811.669384,290540745.200552,135926552.0,2.35926552,Profitable,True,6.6,1133,6.3426265764696925,2.971372,23,146
10756,The Haunted Mansion,2003,2003-11-25,11,2000s,Thriller,Thriller|Fantasy|Comedy|Family|Mystery,Rob Minkoff,Eddie Murphy,99.0,90-105 min,2.0,90000000.0,182290266.0,106681738.030427,216078248.92121,92290266.0,2.0254474,Profitable,True,5.1,270,5.956496864933054,1.004692,25,12
686,Contact,1997,1997-07-11,7,1990s,Drama,Drama|Science Fiction|Mystery,Robert Zemeckis,Jodie Foster,150.0,120-150 min,4.0,90000000.0,171120329.0,122261428.896488,232460177.075302,81120329.0,1.901336988888889,Profitable,True,6.9,745,6.401527587222034,1.037438,108,172
9383,Hollow Man,2000,2000-08-04,8,2000s,Action,Action|Science Fiction|Thriller,Paul Verhoeven,Kevin Bacon,112.0,105-120 min,3.0,95000000.0,190213455.0,120297750.862598,240865798.108463,95213455.0,2.002246894736842,Profitable,True,5.3,309,5.9735713777510515,1.006654,10,13
179,The Interpreter,2005,2005-04-04,4,2000s,Action,Action,Sydney Pollack,Nicole Kidman,128.0,120-150 min,4.0,80000000.0,162944923.0,89325063.1723595,181938319.257378,82944923.0,2.0368115375,Profitable,True,6.2,197,6.136513802035828,0.906223,21,107
76285,Percy Jackson: Sea of Monsters,2013,2013-08-07,8,2010s,Adventure,Adventure|Family|Fantasy,Thor Freudenthal,Logan Lerman,106.0,105-120 min,3.0,90000000.0,174578751.0,84243001.7466382,163411533.615765,84578751.0,1.9397639,Profitable,True,5.9,1039,6.028601628990754,2.032753,22,29
1996,Lara Croft Tomb Raider: The Cradle of Life,2003,2003-07-21,7,2000s,Action,Action|Adventure|Fantasy|Thriller,Jan de Bont,Angelina Jolie,117.0,105-120 min,3.0,95000000.0,156505388.0,112608501.25434,185514075.588515,61505388.0,1.6474251368421053,Profitable,True,5.5,994,5.861737812843479,1.569435,13,12
10003,The Saint,1997,1997-04-03,4,1990s,Thriller,Thriller|Action|Romance|Science Fiction|Adventure,Phillip Noyce,Val Kilmer,116.0,105-120 min,3.0,68000000.0,118063304.0,92375301.8329025,160384313.858672,50063304.0,1.7362250588235295,Profitable,True,6.0,161,6.113752596091198,0.938611,28,18
1535,Spy Game,2001,2001-11-18,11,2000s,Action,Action|Crime|Thriller,Tony Scott,Robert Redford,126.0,120-150 min,4.0,92000000.0,143049560.0,113296906.735833,176163833.238282,51049560.0,1.5548865217391303,Profitable,True,6.5,342,6.202432968774113,1.063015,14,32
2067,Mission to Mars,2000,2000-03-10,3,2000s,Science Fiction,Science Fiction,Brian De Palma,Gary Sinise,114.0,105-120 min,3.0,90000000.0,60874615.0,113966290.290882,77085044.9381745,-29125385.0,0.6763846111111111,Loss-making,True,5.6,181,6.065107522856994,0.689638,17,35
46195,Rio,2011,2011-04-03,4,2010s,Animation,Animation|Adventure|Comedy|Family,Carlos Saldanha,Jesse Eisenberg,96.0,90-105 min,2.0,90000000.0,484635760.0,87245823.8332325,469804957.11383,394635760.0,5.384841777777778,Profitable,True,6.5,1530,6.325004874427993,1.710793,13,16
2277,Bicentennial Man,1999,1999-12-17,12,1990s,Comedy,Comedy|Science Fiction,Chris Columbus,Robin Williams,131.0,120-150 min,4.0,100000000.0,93700000.0,130905284.659432,122658251.725888,-6300000.0,0.937,Loss-making,True,6.7,538,6.290125552739164,0.937873,17,10
10357,Volcano,1997,1997-04-25,4,1990s,Science Fiction,Science Fiction|Action|Drama|Thriller,Mick Jackson,Tommy Lee Jones,104.0,90-105 min,2.0,90000000.0,,122261428.896488,,,,Unknown,False,5.0,172,6.000227087568163,0.999866,16,10
4477,The Devil's Own,1997,1997-03-12,3,1990s,Crime,Crime|Thriller|Drama,Alan J. Pakula,Harrison Ford,107.0,105-120 min,3.0,90000000.0,140807547.0,122261428.896488,191281465.506994,50807547.0,1.5645283,Profitable,True,5.8,147,6.095227871785872,0.737243,17,17
8665,K-19: The Widowmaker,2002,2002-07-19,7,2000s,Thriller,Thriller|Drama|History,Kathryn Bigelow,Harrison Ford,138.0,120-150 min,4.0,100000000.0,35168966.0,121226139.362054,42633979.7353536,-64831034.0,0.35168966,Loss-making,True,6.0,146,6.114890046222101,0.72233,29,15
9387,Conan the Barbarian,1982,1982-04-02,4,1980s,Adventure,Adventure|Fantasy|Action,John Milius,Arnold Schwarzenegger,129.0,120-150 min,4.0,20000000.0,68851475.0,45192848.0510245,155579712.388195,48851475.0,3.44257375,Profitable,True,6.5,356,6.204869047621644,1.176922,17,77
921,Cinderella Man,2005,2005-06-02,6,2000s,Romance,Romance|Drama|History,Ron Howard,Russell Crowe,144.0,120-150 min,4.0,88000000.0,108539911.0,98257569.4895954,121191680.084965,20539911.0,1.2334080795454545,Profitable,True,7.0,370,6.314567924330245,1.053307,68,45
49852,The Nutcracker: The Untold Story,2010,2010-11-24,11,2010s,Fantasy,Fantasy|Action|Family,Andrei Konchalovsky,Elle Fanning,110.0,105-120 min,3.0,90000000.0,16178959.0,90000000.0,16178959.0,-73821041.0,0.1797662111111111,Loss-making,True,5.8,28,6.1206472457403756,0.764791,12,3
4464,Seabiscuit,2003,2003-07-22,7,2000s,Drama,Drama|History,Gary Ross,Jeff Bridges,141.0,120-150 min,4.0,87000000.0,148336445.0,103125680.096079,175830997.398388,61336445.0,1.7050166091954022,Profitable,True,6.4,109,6.147595214501929,0.62007,12,60
664,Twister,1996,1996-05-09,5,1990s,Action,Action|Adventure|Drama,Jan de Bont,Helen Hunt,113.0,105-120 min,3.0,92000000.0,494471524.0,127899939.984343,687422589.603987,402471524.0,5.374690478260869,Profitable,True,5.9,546,6.061968611303496,0.975473,16,90
8358,Cast Away,2000,2000-12-22,12,2000s,Adventure,Adventure|Drama,Robert Zemeckis,Tom Hanks,143.0,120-150 min,4.0,90000000.0,429632142.0,113966290.290882,544039793.482951,339632142.0,4.773690466666666,Profitable,True,7.3,1854,6.805008122670046,2.197205,14,13
9836,Happy Feet,2006,2006-11-16,11,2000s,Music,Music|Animation|Comedy|Family,George Miller,Elijah Wood,108.0,105-120 min,3.0,100000000.0,384335608.0,108166915.829157,415723973.606839,284335608.0,3.84335608,Profitable,True,5.8,876,5.998720487125139,1.411147,20,69
2502,The Bourne Supremacy,2004,2004-07-23,7,2000s,Action,Action|Drama|Thriller,Paul Greengrass,Matt Damon,108.0,105-120 min,3.0,75000000.0,288500217.0,86583404.9859111,333057748.360456,213500217.0,3.84666956,Profitable,True,7.1,1966,6.7032759731145966,3.196643,46,160
9772,Air Force One,1997,1997-07-23,7,1990s,Action,Action|Thriller,Wolfgang Petersen,Harrison Ford,124.0,120-150 min,4.0,85000000.0,315156409.0,115469127.291128,428127476.558069,230156409.0,3.7077224588235294,Profitable,True,6.1,474,6.120204889414022,0.933349,38,100
161,Ocean's Eleven,2001,2001-12-07,12,2000s,Thriller,Thriller|Crime,Steven Soderbergh,George Clooney,116.0,105-120 min,3.0,85000000.0,450717150.0,104676489.918976,555052814.215116,365717150.0,5.302554705882353,Profitable,True,7.0,2645,6.7044951509934165,2.642249,23,121
52451,The Three Musketeers,2011,2011-08-31,8,2010s,Adventure,Adventure|Action|Thriller|Comedy,Paul W.S. Anderson,Milla Jovovich,110.0,105-120 min,3.0,75000000.0,132274484.0,72704853.1943604,128226625.874397,57274484.0,1.7636597866666666,Profitable,True,5.5,589,5.9371347631813975,1.407986,15,31
76492,Hotel Transylvania,2012,2012-09-20,9,2010s,Animation,Animation|Comedy|Family|Fantasy,Genndy Tartakovsky,Adam Sandler,91.0,90-105 min,2.0,85000000.0,358375603.0,80728263.9149409,340365179.525412,273375603.0,4.216183564705882,Profitable,True,6.7,1706,6.446569248827743,1.418764,24,13
4523,Enchanted,2007,2007-11-20,11,2000s,Comedy,Comedy|Family|Fantasy|Romance,Kevin Lima,Amy Adams,107.0,105-120 min,3.0,85000000.0,340487652.0,89391829.5236814,358080166.382383,255487652.0,4.005737082352941,Profitable,True,6.6,726,6.292267947857205,1.488671,15,24
59961,Safe House,2012,2012-02-09,2,2010s,Action,Action|Thriller|Crime|Mystery,Daniel Espinosa,Denzel Washington,115.0,105-120 min,3.0,85000000.0,208076205.0,80728263.9149409,197619185.784227,123076205.0,2.4479553529411766,Profitable,True,6.2,992,6.15802675006938,1.01404,17,20
10481,102 Dalmatians,2000,2000-10-07,10,2000s,Comedy,Comedy|Family,Kevin Lima,Glenn Close,100.0,90-105 min,2.0,85000000.0,183611771.0,107634829.719166,232506137.717878,98611771.0,2.160138482352941,Profitable,True,5.0,150,6.014857096162339,0.410235,5,13
59108,Tower Heist,2011,2011-11-02,11,2010s,Action,Action|Comedy,Brett Ratner,Ben Stiller,104.0,90-105 min,2.0,75000000.0,152930623.0,72704853.1943604,148250646.588494,77930623.0,2.0390749733333333,Profitable,True,5.8,588,6.0281893611749,1.013101,55,19
1581,The Holiday,2006,2006-12-08,12,2000s,Comedy,Comedy|Romance,Nancy Meyers,Cameron Diaz,136.0,120-150 min,4.0,85000000.0,194168700.0,91941878.4547837,210026294.295568,109168700.0,2.2843376470588237,Profitable,True,6.7,748,6.331072050967021,2.606305,21,10
9798,Enemy of the State,1998,1998-11-20,11,1990s,Action,Action|Drama|Thriller,Tony Scott,Will Smith,132.0,120-150 min,4.0,90000000.0,250649836.0,120392592.217046,335293149.942418,160649836.0,2.7849981777777777,Profitable,True,6.5,815,6.267321266118561,1.303667,44,18
22897,It's Complicated,2009,2009-12-23,12,2000s,Comedy,Comedy|Romance,Nancy Meyers,Meryl Streep,121.0,120-150 min,4.0,85000000.0,219103655.0,86394036.900621,222697050.060364,134103655.0,2.577690058823529,Profitable,True,6.2,225,6.137639515127461,0.786159,25,13
298,Ocean's Thirteen,2007,2007-06-07,6,2000s,Crime,Crime|Thriller,Steven Soderbergh,George Clooney,122.0,120-150 min,4.0,85000000.0,311312624.0,89391829.5236814,327397706.037387,226312624.0,3.6625014588235296,Profitable,True,6.4,1371,6.264484443997568,1.41435,25,45
7484,Open Season,2006,2006-09-29,9,2000s,Adventure,Adventure|Animation|Family,"Jill Culton, Roger Allers, Anthony Stacchi",Martin Lawrence,83.0,< 90 min,1.0,85000000.0,197309027.0,91941878.4547837,213423089.158419,112309027.0,2.3212826705882352,Profitable,True,6.1,395,6.121117465175104,0.685491,17,14
157350,Divergent,2014,2014-03-14,3,2010s,Action,Action|Science Fiction|Thriller,Neil Burger,Shailene Woodley,139.0,120-150 min,4.0,85000000.0,288747895.0,78292739.315574,265963102.013597,203747895.0,3.3970340588235293,Profitable,True,6.9,3038,6.66176693571134,6.14502,21,95
853,Enemy at the Gates,2001,2001-03-13,3,2000s,War,War,Jean-Jacques Annaud,Jude Law,131.0,120-150 min,4.0,70000000.0,96976270.0,86204168.168569,119425124.106293,26976270.0,1.3853752857142858,Profitable,True,7.1,583,6.420033327312876,1.839325,16,77
10159,The Rundown,2003,2003-09-26,9,2000s,Adventure,Adventure|Action|Comedy|Thriller,Peter Berg,Dwayne Johnson,104.0,90-105 min,2.0,85000000.0,80916492.0,100754974.806514,95914577.7987242,-4083508.0,0.9519587294117647,Loss-making,True,6.3,298,6.158432636243431,0.754774,21,34
9593,Last Action Hero,1993,1993-06-17,6,1990s,Adventure,Adventure|Fantasy|Action|Comedy|Family,John McTiernan,Arnold Schwarzenegger,130.0,120-150 min,4.0,85000000.0,137298489.0,128304946.74439,207247944.93212,52298489.0,1.6152763411764706,Profitable,True,5.8,367,6.057490301747587,1.207245,22,97
1904,Memoirs of a Geisha,2005,2005-12-06,12,2000s,Drama,Drama|History|Romance,Rob Marshall,Zhang Ziyi,145.0,120-150 min,4.0,85000000.0,162242962.0,94907879.6206319,181154535.374009,77242962.0,1.9087407294117646,Profitable,True,7.1,409,6.352927547125955,1.813128,21,15
9615,The Fast and the Furious: Tokyo Drift,2006,2006-06-03,6,2000s,Action,Action|Crime|Drama|Thriller,Justin Lin,Lucas Black,104.0,90-105 min,2.0,85000000.0,158468292.0,91941878.4547837,171410264.023543,73468292.0,1.8643328470588236,Profitable,True,6.1,1074,6.115212124021981,0.62873,56,57
51052,Arthur Christmas,2011,2011-02-22,2,2010s,Drama,Drama|Animation|Family|Comedy,"Barry Cook, Sarah Smith",James McAvoy,97.0,90-105 min,2.0,,,,,,,Unknown,False,6.6,225,6.194634005660042,1.301204,48,32
297,Meet Joe Black,1998,1998-11-12,11,1990s,Fantasy,Fantasy|Drama|Mystery,Martin Brest,Brad Pitt,178.0,> 150 min,5.0,90000000.0,142940100.0,120392592.217046,191210324.119599,52940100.0,1.5882233333333333,Profitable,True,6.8,673,6.3506223463754985,1.22669,11,83
9884,Collateral Damage,2002,2002-02-06,2,2000s,Action,Action|Thriller|Drama,Andrew Davis,Arnold Schwarzenegger,108.0,105-120 min,3.0,85000000.0,78382433.0,103042218.457746,95019997.4639491,-6617567.0,0.9221462705882353,Loss-making,True,5.5,242,6.032170013368694,1.216798,21,151
16858,All That Jazz,1979,1979-12-20,12,1970s,Drama,Drama|Music,Bob Fosse,Roy Scheider,123.0,120-150 min,4.0,,37823676.0,,113643277.115123,,,Unknown,False,6.8,42,6.147515620899486,0.550722,24,15
62764,Mirror Mirror,2012,2012-03-15,3,2010s,Adventure,Adventure|Fantasy|Drama|Comedy|Science Fiction,Tarsem Singh,Julia Roberts,106.0,105-120 min,3.0,85000000.0,183018522.0,80728263.9149409,173820794.65104,98018522.0,2.153159082352941,Profitable,True,5.4,718,5.875269802778714,1.606999,33,33
22538,Scott Pilgrim vs. the World,2010,2010-07-27,7,2010s,Action,Action|Adventure|Comedy,Edgar Wright,Michael Cera,112.0,105-120 min,3.0,60000000.0,47664559.0,60000000.0,47664559.0,-12335441.0,0.7944093166666667,Loss-making,True,7.2,1258,6.643905883518155,1.906739,30,7
9341,The Core,2003,2003-03-28,3,2000s,Action,Action|Thriller|Adventure|Science Fiction,Jon Amiel,Aaron Eckhart,136.0,120-150 min,4.0,60000000.0,74208267.0,71121158.6869516,87962965.5531779,14208267.0,1.23680445,Profitable,True,5.3,278,5.98636514817583,1.412067,54,222
12107,Nutty Professor II: The Klumps,2000,2000-07-27,7,2000s,Fantasy,Fantasy|Comedy|Romance|Science Fiction,Peter Segal,Eddie Murphy,106.0,105-120 min,3.0,84000000.0,123307945.0,106368537.604823,156143878.389357,39307945.0,1.4679517261904762,Profitable,True,4.8,168,5.980780867444828,1.616724,19,14
9637,Scooby-Doo,2002,2002-06-14,6,2000s,Mystery,Mystery|Adventure|Comedy,Raja Gosnell,Freddie Prinze Jr.,88.0,< 90 min,1.0,84000000.0,275650703.0,101829957.064125,334160705.371263,191650703.0,3.281555988095238,Profitable,True,5.3,401,5.9382636649409,1.06440499999999,11,118
49049,Dredd,2012,2012-09-07,9,2010s,Action,Action|Science Fiction,Pete Travis,Karl Urban,95.0,90-105 min,2.0,50000000.0,41037742.0,47487214.0676122,38975360.7841088,-8962258.0,0.82075484,Loss-making,True,6.5,1350,6.313356221418503,1.653924,15,82
9339,Click,2006,2006-06-22,6,2000s,Comedy,Comedy|Drama|Fantasy|Romance,Frank Coraci,Adam Sandler,107.0,105-120 min,3.0,82500000.0,237681299.0,89237705.5590547,257092530.630977,155181299.0,2.8809854424242425,Profitable,True,5.9,1273,6.017146876151564,1.888746,24,15
16281,Creepshow,1982,1982-11-12,11,1980s,Horror,Horror|Comedy|Fantasy,George A. Romero,Hal Holbrook,120.0,105-120 min,3.0,8000000.0,21028755.0,18077139.2204098,47517466.4708611,13028755.0,2.628594375,Profitable,True,6.7,90,6.162971095033428,0.441852,21,15
39691,Cats & Dogs 2 : The Revenge of Kitty Galore,2010,2010-07-30,7,2010s,Comedy,Comedy|Family,Brad Peyton,James Marsden,82.0,< 90 min,1.0,85000000.0,112483764.0,85000000.0,112483764.0,27483764.0,1.3233384,Profitable,True,5.0,60,6.079447392926789,0.655878,18,10
8247,Jumper,2008,2008-02-10,2,2000s,Adventure,Adventure|Fantasy|Science Fiction,Doug Liman,Hayden Christensen,88.0,< 90 min,1.0,85000000.0,222231186.0,86086863.8737792,225072774.796359,137231186.0,2.6144845411764708,Profitable,True,5.9,1082,6.0263316605795225,2.017536,21,89
11253,Hellboy II: The Golden Army,2008,2008-07-11,7,2000s,Adventure,Adventure|Fantasy|Science Fiction,Guillermo del Toro,Ron Perlman,120.0,105-120 min,3.0,85000000.0,160388063.0,86086863.8737792,162438886.428942,75388063.0,1.886918388235294,Profitable,True,6.4,927,6.238107298381383,2.188028,11,14
1949,Zodiac,2007,2007-03-02,3,2000s,Crime,Crime|Drama|Mystery|Thriller,David Fincher,Jake Gyllenhaal,157.0,> 150 min,5.0,65000000.0,84785914.0,68358457.8710504,89166682.0035001,19785914.0,1.3043986769230769,Profitable,True,7.1,1042,6.5502886183121625,1.46455499999999,26,43
8452,The 6th Day,2000,2000-11-17,11,2000s,Action,Action|Mystery|Science Fiction|Thriller,Roger Spottiswoode,Arnold Schwarzenegger,123.0,120-150 min,4.0,82000000.0,96085477.0,103835953.376137,121672281.827999,14085477.0,1.1717741097560976,Profitable,True,5.5,318,6.007981913963143,0.886238,12,56
310,Bruce Almighty,2003,2003-05-23,5,2000s,Fantasy,Fantasy|Comedy,Tom Shadyac,Jim Carrey,101.0,90-105 min,2.0,80000000.0,484572835.0,94828211.5826022,574389691.557017,404572835.0,6.0571604375,Profitable,True,6.3,1706,6.223570000437166,2.899533,11,124
27578,The Expendables,2010,2010-08-03,8,2010s,Action,Action|Thriller,Sylvester Stallone,Sylvester Stallone,103.0,90-105 min,2.0,80000000.0,274470394.0,80000000.0,274470394.0,194470394.0,3.430879925,Profitable,True,5.9,2025,5.991076487330288,3.74884,22,111
954,Mission: Impossible,1996,1996-05-21,5,1990s,Adventure,Adventure|Action|Thriller,Brian De Palma,Tom Cruise,110.0,105-120 min,3.0,80000000.0,457696359.0,111217339.11682,636297139.642961,377696359.0,5.7212044875,Profitable,True,6.5,1754,6.337616729943622,3.293387,30,91
70160,The Hunger Games,2012,2012-03-12,3,2010s,Science Fiction,Science Fiction|Adventure|Fantasy,Gary Ross,Jennifer Lawrence,142.0,120-150 min,4.0,75000000.0,691210692.0,71230821.1014184,656473401.936528,616210692.0,9.21614256,Profitable,True,6.7,7080,6.608049057793692,2.571099,48,61
45243,The Hangover Part II,2011,2011-05-25,5,2010s,Comedy,Comedy,Todd Phillips,Bradley Cooper,102.0,90-105 min,2.0,80000000.0,254455986.0,77551843.4073177,246669134.754083,174455986.0,3.180699825,Profitable,True,6.1,2601,6.109338969517274,2.411533,24,4
364,Batman Returns,1992,1992-06-19,6,1990s,Action,Action|Crime|Fantasy|Science Fiction|Thriller,Tim Burton,Michael Keaton,126.0,120-150 min,4.0,80000000.0,280000000.0,124321940.367116,435126791.284907,200000000.0,3.5,Profitable,True,6.5,922,6.278259548498648,2.248239,11,16
7518,Over the Hedge,2006,2006-04-22,4,2000s,Comedy,Comedy|Animation|Family,"Karey Kirkpatrick, Tim Johnson",Bruce Willis,83.0,< 90 min,1.0,80000000.0,155019340.0,86533532.6633258,167679639.016715,75019340.0,1.93774175,Profitable,True,6.2,617,6.150041377067513,1.615244,17,13
11544,Lilo & Stitch,2002,2002-06-21,6,2000s,Animation,Animation,"Chris Sanders, Dean DeBlois",Chris Sanders,85.0,< 90 min,1.0,80000000.0,145771527.0,96980911.4896437,176713194.471215,65771527.0,1.8221440875,Profitable,True,6.9,681,6.3858515838719345,2.095296,11,33
9986,Charlotte's Web,2006,2006-12-15,12,2000s,Comedy,Comedy|Family|Fantasy,Gary Winick,Julia Roberts,97.0,90-105 min,2.0,85000000.0,144.0,91941878.4547837,155.760358793986,-84999856.0,1.6941176470588234e-06,Loss-making,True,6.0,161,6.113752596091198,0.536631,45,26
8656,Deep Impact,1998,1998-05-07,5,1990s,Action,Action|Adventure|Drama|Romance|Science Fiction,Mimi Leder,Robert Duvall,120.0,105-120 min,3.0,75000000.0,140464664.0,100327160.180872,187898944.598405,65464664.0,1.8728621866666666,Profitable,True,5.6,490,5.987173449562265,1.283006,26,113
146216,RED 2,2013,2013-07-18,7,2010s,Action,Action|Comedy|Crime|Thriller,Dean Parisot,Bruce Willis,116.0,105-120 min,3.0,84000000.0,,78626801.6301956,,,,Unknown,False,6.3,1109,6.205045088846483,1.675461,61,14
9291,The Longest Yard,2005,2005-05-19,5,2000s,Comedy,Comedy|Drama,Peter Segal,Adam Sandler,113.0,105-120 min,3.0,82000000.0,190320568.0,91558189.7516685,212504959.494991,108320568.0,2.320982536585366,Profitable,True,6.2,443,6.145204250368801,0.636922,32,19
55301,Alvin and the Chipmunks: Chipwrecked,2011,2011-12-14,12,2010s,Comedy,Comedy|Fantasy|Family|Music|Animation,Mike Mitchell,Jason Lee,87.0,< 90 min,1.0,75000000.0,342695435.0,72704853.1943604,332208283.894033,267695435.0,4.569272466666667,Profitable,True,5.5,308,6.0110381796148085,0.904531,11,13
109418,Grown Ups 2,2013,2013-07-11,7,2010s,Comedy,Comedy,Dennis Dugan,Adam Sandler,100.0,90-105 min,2.0,80000000.0,246984278.0,74882668.2192339,231185521.810513,166984278.0,3.087303475,Profitable,True,5.9,806,6.042473292133592,1.447973,55,17
11665,Get Smart,2008,2008-06-19,6,2000s,Action,Action|Comedy|Thriller,Peter Segal,Steve Carell,110.0,105-120 min,3.0,80000000.0,230685453.0,81022930.7047334,233635143.412612,150685453.0,2.8835681625,Profitable,True,5.9,637,6.05456609830635,1.121487,15,14
6964,Something's Gotta Give,2003,2003-12-12,12,2000s,Drama,Drama|Comedy|Romance,Nancy Meyers,Jack Nicholson,128.0,120-150 min,4.0,80000000.0,266728738.0,94828211.5826022,316167615.027806,186728738.0,3.334109225,Profitable,True,6.2,236,6.138070912733648,1.005582,11,7
11324,Shutter Island,2010,2010-02-18,2,2010s,Drama,Drama|Thriller|Mystery,Martin Scorsese,Leonardo DiCaprio,138.0,120-150 min,4.0,80000000.0,294804195.0,80000000.0,294804195.0,214804195.0,3.6850524375,Profitable,True,7.6,3554,7.193689321394791,3.176169,26,29
12193,Four Christmases,2008,2008-11-26,11,2000s,Comedy,Comedy|Romance|Drama,Seth Gordon,Vince Vaughn,88.0,< 90 min,1.0,80000000.0,163733697.0,81022930.7047334,165827299.82576,83733697.0,2.0466712125,Profitable,True,5.3,221,6.011203452693652,0.943042,25,20
9928,Robots,2005,2005-03-11,3,2000s,Animation,Animation|Comedy|Family|Science Fiction,"Chris Wedge, Carlos Saldanha",Robin Williams,91.0,90-105 min,2.0,75000000.0,260696994.0,83742246.724087,291084693.223677,185696994.0,3.47595992,Profitable,True,5.9,858,6.039124161809038,1.464718,20,58
754,Face/Off,1997,1997-06-27,6,1990s,Action,Action|Crime|Science Fiction|Thriller,John Woo,John Travolta,138.0,120-150 min,4.0,80000000.0,245676146.0,108676825.685767,333741296.174915,165676146.0,3.070951825,Profitable,True,6.7,955,6.364144713671029,1.330225,22,54
10202,Bedtime Stories,2008,2008-12-24,12,2000s,Fantasy,Fantasy|Comedy|Family|Romance,Adam Shankman,Adam Sandler,99.0,90-105 min,2.0,80000000.0,212874442.0,81022930.7047334,215596389.537184,132874442.0,2.660930525,Profitable,True,5.8,599,6.026904182242472,1.22837,71,4
4147,Road to Perdition,2002,2002-07-12,7,2000s,Thriller,Thriller|Crime|Drama,Sam Mendes,Tom Hanks,117.0,105-120 min,3.0,80000000.0,181001478.0,96980911.4896437,219421103.967658,101001478.0,2.262518475,Profitable,True,7.1,614,6.430743640230563,1.165599,32,117
50546,Just Go with It,2011,2011-02-10,2,2010s,Romance,Romance|Comedy,Dennis Dugan,Adam Sandler,117.0,105-120 min,3.0,80000000.0,214918407.0,77551843.4073177,208341483.062677,134918407.0,2.6864800875,Profitable,True,6.3,1010,6.201068718894197,2.690458,21,49
1701,Con Air,1997,1997-06-01,6,1990s,Action,Action|Thriller|Crime,Simon West,Nicolas Cage,115.0,105-120 min,3.0,75000000.0,224012234.0,101884524.080407,304311731.323717,149012234.0,2.9868297866666667,Profitable,True,6.5,728,6.2575988465192705,1.368403,44,37
13027,Eagle Eye,2008,2008-09-25,9,2000s,Mystery,Mystery|Thriller|Action,D.J. Caruso,Shia LaBeouf,118.0,105-120 min,3.0,80000000.0,178066569.0,81022930.7047334,180343441.011457,98066569.0,2.2258321125,Profitable,True,6.2,645,6.1507411126695875,1.611632,20,111
2289,Cold Mountain,2003,2003-12-24,12,2000s,Drama,Drama,Anthony Minghella,Jude Law,154.0,> 150 min,5.0,79000000.0,173013509.0,93642858.9378197,205082020.476255,94013509.0,2.190044417721519,Profitable,True,6.5,299,6.194692733856254,0.875247999999999,23,89
20504,The Book of Eli,2010,2010-01-14,1,2010s,Action,Action|Thriller|Science Fiction,"Albert Hughes, Allen Hughes",Denzel Washington,118.0,105-120 min,3.0,80000000.0,157107755.0,80000000.0,157107755.0,77107755.0,1.9638469375,Profitable,True,6.5,1506,6.32353643520778,1.624483,45,85
9574,Flubber,1997,1997-11-26,11,1990s,Comedy,Comedy|Family|Science Fiction,Les Mayfield,Robin Williams,93.0,90-105 min,2.0,80000000.0,177977226.0,108676825.685767,241774999.575481,97977226.0,2.224715325,Profitable,True,5.1,385,5.899860018594545,0.96047,16,12
11618,The Haunting,1999,1999-07-23,7,1990s,Horror,Horror|Thriller|Fantasy|Mystery,Jan de Bont,Liam Neeson,113.0,105-120 min,3.0,80000000.0,91188905.0,104724227.727545,119371095.668069,11188905.0,1.1398613125,Profitable,True,5.3,178,6.031164126582974,0.778786,21,108
2300,Space Jam,1996,1996-11-15,11,1990s,Animation,Animation|Comedy|Drama|Family|Fantasy,Joe Pytka,Michael Jordan,88.0,< 90 min,1.0,80000000.0,230000000.0,111217339.11682,319749849.960858,150000000.0,2.875,Profitable,True,6.3,677,6.184848879098898,1.617244,28,116
12096,The Pink Panther,2006,2006-01-18,1,2000s,Action,Action|Comedy|Crime|Mystery|Family,Shawn Levy,Steve Martin,93.0,90-105 min,2.0,,,,,,,Unknown,False,5.6,307,6.02982755904989,0.956715,22,23
10200,The Day the Earth Stood Still,2008,2008-12-10,12,2000s,Drama,Drama|Science Fiction|Thriller,Scott Derrickson,Keanu Reeves,103.0,90-105 min,2.0,80000000.0,233093859.0,81022930.7047334,236074344.818198,153093859.0,2.9136732375,Profitable,True,5.1,585,5.817361950563547,1.559851,18,72
8834,Conspiracy Theory,1997,1997-08-07,8,1990s,Action,Action|Drama|Mystery|Thriller,Richard Donner,Mel Gibson,135.0,120-150 min,4.0,75000000.0,136982834.0,101884524.080407,186085744.657005,61982834.0,1.8264377866666666,Profitable,True,6.4,243,6.1687724991157555,0.936736,17,17
228150,Fury,2014,2014-10-15,10,2010s,War,War|Drama|Action,David Ayer,Brad Pitt,135.0,120-150 min,4.0,68000000.0,211817906.0,62634191.4524592,195103577.60975,143817906.0,3.114969205882353,Profitable,True,7.4,2572,6.961041888474,6.415818,20,92
6068,Six Days Seven Nights,1998,1998-06-12,6,1990s,Action,Action|Adventure|Comedy|Romance,Ivan Reitman,Harrison Ford,98.0,90-105 min,2.0,70000000.0,164000000.0,93638682.8354809,219382056.928841,94000000.0,2.342857142857143,Profitable,True,5.6,176,6.06662738274477,1.095887,62,33
41515,Yogi Bear,2010,2010-12-11,12,2010s,Comedy,Comedy|Family|Animation|Adventure,Eric Brevig,Dan Aykroyd,80.0,< 90 min,1.0,80000000.0,201584141.0,80000000.0,201584141.0,121584141.0,2.5198017625,Profitable,True,5.1,146,6.027295885832793,0.470249,14,8
9023,Spirit: Stallion of the Cimarron,2002,2002-05-24,5,2000s,Western,Western|Animation|Adventure|Comedy|Family,"Kelly Asbury, Lorna Cook",Matt Damon,83.0,< 90 min,1.0,80000000.0,122563539.0,96980911.4896437,148579046.595206,42563539.0,1.5320442375,Profitable,True,7.1,402,6.349949637456735,1.04058799999999,15,25
38317,Zookeeper,2011,2011-07-06,7,2010s,Comedy,Comedy|Romance|Family,Frank Coraci,Kevin James,102.0,90-105 min,2.0,80000000.0,169852759.0,77551843.4073177,164654932.103361,89852759.0,2.1231594875,Profitable,True,5.4,327,5.985810813358976,1.64314,22,6
2157,Lost in Space,1998,1998-04-03,4,1990s,Adventure,Adventure|Family|Science Fiction,Stephen Hopkins,Gary Oldman,130.0,120-150 min,4.0,80000000.0,136159423.0,107015637.526263,182139843.219415,56159423.0,1.7019927875,Profitable,True,4.9,207,5.96454202699236,1.282567,20,105
14462,The Manchurian Candidate,2004,2004-07-30,7,2000s,Drama,Drama|Thriller|Mystery,Jonathan Demme,Denzel Washington,129.0,120-150 min,4.0,80000000.0,96105964.0,92355631.9849719,110949088.034311,16105964.0,1.20132455,Profitable,True,6.1,181,6.124061336940767,0.927088,29,97
159824,Hotel Transylvania 2,2015,2015-09-21,9,2010s,Animation,Animation|Comedy|Family,Genndy Tartakovsky,Adam Sandler,89.0,< 90 min,1.0,80000000.0,466183544.0,73599967.6160142,428888671.768984,386183544.0,5.8272943,Profitable,True,6.8,919,6.399255007847334,2.060162,22,9
49948,Fantasia 2000,1999,1999-12-31,12,1990s,Music,Music|Animation|Family|Fantasy,"James Algar, Don Hahn, Gaëtan Brizzi, Paul Brizzi, Eric Goldberg, Hendel Butoy, Francis Glebas, Pixote Hunt",Steve Martin,74.0,< 90 min,1.0,80000000.0,90874570.0,104724227.727545,118959614.541535,10874570.0,1.135932125,Profitable,True,6.9,168,6.212565901279661,0.617279,12,46
2135,The Time Machine,2002,2002-03-04,3,2000s,Science Fiction,Science Fiction|Adventure|Action,Simon Wells,Guy Pearce,96.0,90-105 min,2.0,80000000.0,123729176.0,96980911.4896437,149992103.329281,43729176.0,1.5466147,Profitable,True,5.6,341,6.02120615794807,0.875246999999999,27,19
9822,Mighty Joe Young,1998,1998-12-25,12,1990s,Action,Action|Adventure|Family|Fantasy,Ron Underwood,Charlize Theron,114.0,105-120 min,3.0,90000000.0,,120392592.217046,,,,Unknown,False,5.9,112,6.109915120617812,0.651772,16,20
9705,Swordfish,2001,2001-06-07,6,2000s,Action,Action|Crime|Thriller,Dominic Sena,John Travolta,99.0,90-105 min,2.0,102000000.0,147080413.0,125611787.902772,181127780.807922,45080413.0,1.4419648333333333,Profitable,True,6.0,606,6.0879274314258325,1.062734,53,10
1656,The Legend of Zorro,2005,2005-10-24,10,2000s,Action,Action|Adventure|Drama|Western,Martin Campbell,Antonio Banderas,129.0,120-150 min,4.0,75000000.0,142400065.0,83742246.724087,158998685.023413,67400065.0,1.8986675333333334,Profitable,True,5.8,592,6.027720342396471,1.310993,17,19
12159,What Dreams May Come,1998,1998-10-02,10,1990s,Drama,Drama|Fantasy|Romance,Vincent Ward,Robin Williams,113.0,105-120 min,3.0,85000000.0,71485043.0,113704114.871655,95625218.1279674,-13514957.0,0.841000505882353,Loss-making,True,6.7,328,6.238955209760284,1.316855,18,16
9678,Little Nicky,2000,2000-11-10,11,2000s,Comedy,Comedy|Fantasy|Romance,Steven Brill,Adam Sandler,90.0,< 90 min,1.0,85000000.0,,107634829.719166,,,,Unknown,False,5.2,237,5.989156280772908,0.561897,20,9
4442,The Brothers Grimm,2005,2005-08-25,8,2000s,Adventure,Adventure|Fantasy|Action|Comedy|Thriller,Terry Gilliam,Heath Ledger,118.0,105-120 min,3.0,88000000.0,105316267.0,98257569.4895954,117592277.535651,17316267.0,1.1967757613636363,Profitable,True,5.4,451,5.945568975867139,0.899944,20,110
75,Mars Attacks!,1996,1996-12-12,12,1990s,Comedy,Comedy|Fantasy|Science Fiction,Tim Burton,Jack Nicholson,106.0,105-120 min,3.0,70000000.0,101371017.0,97315171.7272178,140927684.678824,31371017.0,1.4481573857142858,Profitable,True,5.9,806,6.042473292133592,2.036325,22,21
9433,The Edge,1997,1997-09-06,9,1990s,Adventure,Adventure|Action|Drama|Thriller,Lee Tamahori,Alec Baldwin,117.0,105-120 min,3.0,,43312294.0,,58838032.813609,,,Unknown,False,6.5,189,6.172928882339299,0.713234,6,7
19959,Surrogates,2009,2009-09-24,9,2000s,Action,Action|Science Fiction|Thriller,Jonathan Mostow,Bruce Willis,89.0,< 90 min,1.0,80000000.0,122444772.0,81312034.7299962,124452919.41713,42444772.0,1.53055965,Profitable,True,5.7,755,5.974323909884678,0.427479,44,25
11973,Thirteen Days,2000,2000-12-24,12,2000s,Drama,Drama|Thriller,Roger Donaldson,Kevin Costner,145.0,120-150 min,4.0,80000000.0,34566746.0,101303369.147451,43771597.8783022,-45433254.0,0.432084325,Loss-making,True,6.6,94,6.157963233435379,0.627609,6,36
11228,Daylight,1996,1996-12-06,12,1990s,Action,Action|Adventure|Thriller,Rob Cohen,Sylvester Stallone,115.0,105-120 min,3.0,80000000.0,159212469.0,111217339.11682,221339839.45499,79212469.0,1.9901558625,Profitable,True,5.6,189,6.062696233774721,1.056168,18,93
77951,Walking With Dinosaurs,2013,2013-12-18,12,2010s,Animation,Animation|Family|Adventure,"Barry Cook, Neil Nightingale",Charlie Rowe,87.0,< 90 min,1.0,80000000.0,126546518.0,74882668.2192339,118451761.521166,46546518.0,1.581831475,Profitable,True,5.0,92,6.055560859095341,0.816581,12,12
10715,Looney Tunes: Back in Action,2003,2003-11-14,11,2000s,Animation,Animation|Comedy|Family,Joe Dante,Brendan Fraser,90.0,< 90 min,1.0,80000000.0,68514844.0,94828211.5826022,81214251.5422623,-11485156.0,0.85643555,Loss-making,True,5.5,144,6.0669825501220025,0.783216,58,63
10197,Nine,2009,2009-12-03,12,2000s,Drama,Drama|Music|Romance,Rob Marshall,Judi Dench,112.0,105-120 min,3.0,80000000.0,53825515.0,81312034.7299962,54708276.8129992,-26174485.0,0.6728189375,Loss-making,True,5.0,95,6.053375583698691,0.472113,14,4
9562,Timeline,2003,2003-11-26,11,2000s,Action,Action|Adventure|Science Fiction,Richard Donner,Paul Walker,116.0,105-120 min,3.0,80000000.0,19480739.0,94828211.5826022,23091545.4959681,-60519261.0,0.2435092375,Loss-making,True,5.1,176,6.009114801867703,1.047214,16,114
9922,The Postman,1997,1997-12-25,12,1990s,Drama,Drama|Adventure,Kevin Costner,Kevin Costner,177.0,> 150 min,5.0,80000000.0,17626234.0,108676825.685767,23944539.4989319,-62373766.0,0.220327925,Loss-making,True,6.1,148,6.124589946300361,0.648088,25,13
9447,Babe: Pig in the City,1998,1998-11-25,11,1990s,Adventure,Adventure|Comedy|Drama|Family|Fantasy,George Miller,James Cromwell,92.0,90-105 min,2.0,90000000.0,69131860.0,120392592.217046,92477375.8909553,-20868140.0,0.7681317777777777,Loss-making,True,5.1,176,6.009114801867703,0.718275,21,13
274854,The Last Witch Hunter,2015,2015-10-21,10,2010s,Fantasy,Fantasy|Action|Adventure,Breck Eisner,Vin Diesel,106.0,105-120 min,3.0,90000000.0,140396650.0,82799963.568016,129164861.167461,50396650.0,1.5599627777777778,Profitable,True,5.6,879,5.919728878392268,3.080505,22,92
8870,Red Planet,2000,2000-11-10,11,2000s,Thriller,Thriller|Action|Science Fiction,Antony Hoffman,Val Kilmer,106.0,105-120 min,3.0,80000000.0,33463969.0,101303369.147451,42375160.0593232,-46536031.0,0.4182996125,Loss-making,True,5.3,132,6.053796217170966,0.697146,9,93
36970,Oceans,2009,2009-10-17,10,2000s,Documentary,Documentary|Family,"Jacques Perrin, Jacques Cluzaud",Pierce Brosnan,84.0,< 90 min,1.0,,19406406.0,,19724679.4832051,,,Unknown,False,7.4,75,6.194070784646122,0.696413,8,28
10077,A Sound of Thunder,2005,2005-05-15,5,2000s,Thriller,Thriller|Science Fiction|Adventure|Action,Peter Hyams,Heike Makatsch,110.0,105-120 min,3.0,80000000.0,5989640.0,89325063.1723595,6687812.14224614,-74010360.0,0.0748705,Loss-making,True,4.8,58,6.07276153129224,0.6269,20,31
76649,Pompeii,2014,2014-02-18,2,2010s,Action,Action|Adventure|History|Romance|Drama,Paul W.S. Anderson,Kit Harington,105.0,90-105 min,2.0,130000000.0,117831631.0,119741836.600289,108533660.811904,-12168369.0,0.9063971615384615,Loss-making,True,5.1,837,5.7348576323936715,1.638781,36,43
453,A Beautiful Mind,2001,2001-12-11,12,2000s,Drama,Drama|Romance,Ron Howard,Russell Crowe,135.0,120-150 min,4.0,60000000.0,313542341.0,73889287.0016306,386123667.021868,253542341.0,5.2257056833333335,Profitable,True,7.5,1786,6.908043233762547,2.169826,38,60
8587,The Lion King,1994,1994-06-23,6,1990s,Family,Family|Animation|Drama,"Roger Allers, Rob Minkoff",Jonathan Taylor Thomas,89.0,< 90 min,1.0,45000000.0,788241776.0,66200020.2719173,1159591590.00826,743241776.0,17.516483911111113,Profitable,True,7.7,3489,7.260276797575473,4.78268799999999,28,33
72545,Journey 2: The Mysterious Island,2012,2012-01-19,1,2010s,Adventure,Adventure|Action|Science Fiction,Brad Peyton,Dwayne Johnson,94.0,90-105 min,2.0,79000000.0,355692760.0,75029798.2268274,337817164.728396,276692760.0,4.50244,Profitable,True,5.8,601,6.026672067074714,1.814197,10,86
109451,Cloudy with a Chance of Meatballs 2,2013,2013-09-26,9,2010s,Animation,Animation|Family|Comedy,"Cody Cameron, Kris Pearn",Bill Hader,95.0,90-105 min,2.0,78000000.0,248384621.0,73010601.5137531,232496289.563789,170384621.0,3.184418217948718,Profitable,True,6.4,637,6.214527928450492,0.932599,15,29
9533,Red Dragon,2002,2002-09-29,9,2000s,Crime,Crime|Thriller|Horror,Brett Ratner,Anthony Hopkins,124.0,120-150 min,4.0,78000000.0,209196298.0,94556388.7024026,253600595.753739,131196298.0,2.6820038205128207,Profitable,True,6.5,642,6.247155231871035,0.299006,14,9
2023,Hidalgo,2004,2004-03-05,3,2000s,Western,Western|Adventure,Joe Johnston,Viggo Mortensen,136.0,120-150 min,4.0,100000000.0,108103450.0,115444539.981214,124799530.556322,8103450.0,1.0810345,Profitable,True,6.3,177,6.1472448294283675,0.815044,16,123
71880,Jack and Jill,2011,2011-11-11,11,2010s,Comedy,Comedy,Dennis Dugan,Adam Sandler,91.0,90-105 min,2.0,79000000.0,149673788.0,76582445.3647263,145093477.114451,70673788.0,1.894604911392405,Profitable,True,4.2,371,5.712797262963176,1.123666,21,12
584,2 Fast 2 Furious,2003,2003-06-05,6,2000s,Action,Action|Crime|Thriller,John Singleton,Paul Walker,107.0,105-120 min,3.0,76000000.0,236350661.0,90086801.0034721,280158881.112448,160350661.0,3.1098771184210525,Profitable,True,6.1,1275,6.114049126445465,0.723225,40,105
309809,The Little Prince,2015,2015-07-29,7,2010s,Adventure,Adventure|Animation|Fantasy,Mark Osborne,Jeff Bridges,92.0,90-105 min,2.0,64000000.0,97571250.0,58879974.0928114,89765510.5031753,33571250.0,1.52455078125,Profitable,True,7.5,423,6.454024285823967,1.865007,20,7
4858,The Invasion,2007,2007-08-17,8,2000s,Science Fiction,Science Fiction|Thriller,"Oliver Hirschbiegel, James McTeigue",Nicole Kidman,99.0,90-105 min,2.0,80000000.0,15071514.0,84133486.6105236,15850237.7664915,-64928486.0,0.188393925,Loss-making,True,5.4,156,6.052146585218047,0.726521,17,21
17711,The Adventures of Rocky & Bullwinkle,2000,2000-06-30,6,2000s,Adventure,Adventure|Animation|Action|Comedy|Family,Des McAnuff,Rene Russo,88.0,< 90 min,1.0,76000000.0,35134820.0,96238200.6900785,44490945.5048655,-40865180.0,0.46230026315789474,Loss-making,True,4.0,35,6.073678322898116,0.104908,20,9
8698,The League of Extraordinary Gentlemen,2003,2003-07-11,7,2000s,Fantasy,Fantasy|Action|Thriller|Science Fiction,Stephen Norrington,Sean Connery,110.0,105-120 min,3.0,78000000.0,179265204.0,92457506.2930371,212492483.678879,101265204.0,2.2982718461538463,Profitable,True,5.6,672,5.952394530545271,1.830211,33,150
93456,Despicable Me 2,2013,2013-06-25,6,2010s,Animation,Animation|Comedy|Family,"Pierre Coffin, Chris Renaud",Steve Carell,98.0,90-105 min,2.0,76000000.0,970761885.0,71138534.8082722,908665501.929164,894761885.0,12.773182697368421,Profitable,True,7.0,3436,6.753292532167967,3.928789,39,31
602,Independence Day,1996,1996-06-25,6,1990s,Action,Action|Adventure|Science Fiction,Roland Emmerich,Will Smith,145.0,120-150 min,4.0,75000000.0,816969268.0,104266255.422019,1135764351.5897,741969268.0,10.892923573333332,Profitable,True,6.6,2000,6.409154932273269,4.480733,69,63
330,The Lost World: Jurassic Park,1997,1997-05-23,5,1990s,Adventure,Adventure|Action|Science Fiction,Steven Spielberg,Jeff Goldblum,129.0,120-150 min,4.0,73000000.0,229074524.0,99167603.438263,311188651.422477,156074524.0,3.1380071780821917,Profitable,True,6.1,1655,6.112274952091248,0.21055,23,97
953,Madagascar,2005,2005-05-25,5,2000s,Family,Family|Animation,"Eric Darnell, Tom McGrath",Ben Stiller,86.0,< 90 min,1.0,75000000.0,532680671.0,83742246.724087,594771682.347123,457680671.0,7.1024089466666664,Profitable,True,6.4,2107,6.293301712847873,2.444998,21,55
9693,Children of Men,2006,2006-09-22,9,2000s,Drama,Drama|Action|Thriller|Science Fiction,Alfonso Cuarón,Clive Owen,109.0,105-120 min,3.0,76000000.0,69959751.0,82206856.0301595,75673304.978458,-6040249.0,0.9205230394736842,Loss-making,True,7.3,1211,6.680927277040962,2.108369,73,102
36657,X-Men,2000,2000-07-13,7,2000s,Adventure,Adventure|Action|Science Fiction,Bryan Singer,Patrick Stewart,104.0,90-105 min,2.0,75000000.0,157299717.0,94971908.5757354,199187391.225507,82299717.0,2.09732956,Profitable,True,6.6,2766,6.44463643075114,0.182246,19,23
8909,Wanted,2008,2008-06-12,6,2000s,Action,Action|Thriller|Crime,Timur Bekmambetov,Angelina Jolie,110.0,105-120 min,3.0,75000000.0,258270008.0,75958997.5356875,261572412.016186,183270008.0,3.4436001066666666,Profitable,True,6.3,1670,6.22266014957765,1.982998,18,27
9802,The Rock,1996,1996-06-06,6,1990s,Action,Action|Adventure|Thriller,Michael Bay,Sean Connery,136.0,120-150 min,4.0,75000000.0,335062621.0,104266255.422019,465809664.314095,260062621.0,4.467501613333333,Profitable,True,6.8,930,6.401184956148056,2.055908,25,30
950,Ice Age: The Meltdown,2006,2006-03-23,3,2000s,Animation,Animation|Family|Comedy|Adventure,Carlos Saldanha,Ray Romano,91.0,90-105 min,2.0,80000000.0,660940780.0,86533532.6633258,714919257.183175,580940780.0,8.26175975,Profitable,True,6.4,1775,6.2819809396752335,3.145562,42,10
1824,50 First Dates,2004,2004-02-13,2,2000s,Comedy,Comedy|Romance,Peter Segal,Adam Sandler,99.0,90-105 min,2.0,75000000.0,196482882.0,86583404.9859111,226828759.266733,121482882.0,2.61977176,Profitable,True,6.5,1235,6.305066068648477,2.668692,55,108
2976,Hairspray,2007,2007-07-13,7,2000s,Comedy,Comedy|Music|Romance,Adam Shankman,John Travolta,117.0,105-120 min,3.0,50000000.0,90450008.0,52583429.1315773,95123431.712372,40450008.0,1.80900016,Profitable,True,6.4,395,6.188866593298139,1.019152,152,23
11026,Exorcist: The Beginning,2004,2004-08-20,8,2000s,Horror,Horror|Mystery|Thriller,Renny Harlin,Stellan Skarsgård,114.0,105-120 min,3.0,80000000.0,78000586.0,92355631.9849719,90047417.6903518,-1999414.0,0.975007325,Loss-making,True,4.6,79,6.043086008190477,0.572018999999999,26,13
332,Inspector Gadget,1999,1999-07-23,7,1990s,Action,Action|Adventure|Comedy|Family,David Kellogg,Matthew Broderick,78.0,< 90 min,1.0,75000000.0,,98178963.4945741,,,,Unknown,False,4.3,171,5.922396274564142,0.684185,16,7
75656,Now You See Me,2013,2013-05-29,5,2010s,Thriller,Thriller|Crime,Louis Leterrier,Jesse Eisenberg,115.0,105-120 min,3.0,75000000.0,117698894.0,70202501.4555318,110170090.364659,42698894.0,1.5693185866666666,Profitable,True,7.3,3453,6.969658746091776,4.942928,18,34
38365,Grown Ups,2010,2010-06-24,6,2010s,Comedy,Comedy,Dennis Dugan,Adam Sandler,102.0,90-105 min,2.0,80000000.0,271430189.0,80000000.0,271430189.0,191430189.0,3.3928773625,Profitable,True,6.1,1144,6.114785860589157,1.659355,20,3
594,The Terminal,2004,2004-06-17,6,2000s,Comedy,Comedy|Drama,Steven Spielberg,Tom Hanks,128.0,120-150 min,4.0,60000000.0,219417255.0,69266723.9887289,253305240.674159,159417255.0,3.65695425,Profitable,True,7.0,1131,6.5244644313459315,1.682492,23,68
15189,Hotel for Dogs,2009,2009-01-16,1,2000s,Comedy,Comedy|Family,Thor Freudenthal,Emma Roberts,100.0,90-105 min,2.0,35000000.0,73034460.0,35574015.1943733,74232256.8500815,38034460.0,2.0866988571428573,Profitable,True,5.6,108,6.0883294975294255,0.424415,16,6
11678,Vertical Limit,2000,2000-12-08,12,2000s,Action,Action|Adventure|Thriller,Martin Campbell,Chris O'Donnell,124.0,120-150 min,4.0,75000000.0,215663859.0,94971908.5757354,273093444.00051,140663859.0,2.87551812,Profitable,True,6.0,151,6.114508377076455,0.530739,18,21
6538,Charlie Wilson's War,2007,2007-12-19,12,2000s,Comedy,Comedy|Drama|History,Mike Nichols,Tom Hanks,102.0,90-105 min,2.0,75000000.0,119000410.0,78875143.6973659,125148992.517272,44000410.0,1.5866721333333333,Profitable,True,6.3,187,6.148236038114186,1.3747,17,10
10555,Shark Tale,2004,2004-09-20,9,2000s,Animation,Animation|Action|Comedy|Family,"Vicky Jenson, Bibo Bergeron, Rob Letterman",Will Smith,90.0,< 90 min,1.0,75000000.0,367275019.0,86583404.9859111,423998956.150469,292275019.0,4.897000253333333,Profitable,True,5.8,852,6.000882352720988,1.615629,16,76
1125,Dreamgirls,2006,2006-12-25,12,2000s,Drama,Drama,Bill Condon,Jamie Foxx,134.0,120-150 min,4.0,70000000.0,154937680.0,75716841.0804101,167591309.913249,84937680.0,2.213395428571429,Profitable,True,6.5,146,6.163553468660605,0.6477,23,86
4551,Be Cool,2005,2005-03-04,3,2000s,Comedy,Comedy|Crime,F. Gary Gray,John Travolta,118.0,105-120 min,3.0,53000000.0,95226116.0,59177854.3516881,106325985.34198,42226116.0,1.7967191698113207,Profitable,True,5.3,170,6.035002006651645,1.497085,59,18
612,Munich,2005,2005-12-22,12,2000s,Drama,Drama|Action|History|Thriller,Steven Spielberg,Eric Bana,164.0,> 150 min,5.0,70000000.0,130358911.0,78159430.2758145,145553974.501937,60358911.0,1.862270157142857,Profitable,True,6.7,382,6.253295638694645,0.869394,19,22
9567,Tears of the Sun,2003,2003-03-07,3,2000s,Action,Action|Drama|War,Antoine Fuqua,Bruce Willis,121.0,120-150 min,4.0,70000000.0,85632458.0,82974685.1347769,101504660.569528,15632458.0,1.2233208285714285,Profitable,True,6.4,349,6.183163970605234,1.125044,31,138
37821,Killers,2010,2010-06-04,6,2010s,Action,Action|Comedy|Thriller|Romance,Robert Luketic,Katherine Heigl,100.0,90-105 min,2.0,75000000.0,98159963.0,75000000.0,98159963.0,23159963.0,1.3087995066666667,Profitable,True,5.7,530,6.007083784479471,0.997641,34,17
203801,The Man from U.N.C.L.E.,2015,2015-08-13,8,2010s,Comedy,Comedy|Action|Adventure,Guy Ritchie,Henry Cavill,116.0,105-120 min,3.0,75000000.0,108145109.0,68999969.6400133,99493456.5028791,33145109.0,1.4419347866666667,Profitable,True,7.0,1548,6.592793686757097,3.053421,27,105
2539,Spanglish,2004,2004-12-17,12,2000s,Comedy,Comedy,James L. Brooks,Adam Sandler,130.0,120-150 min,4.0,80000000.0,55041367.0,92355631.9849719,63542252.9325222,-24958633.0,0.6880170875,Loss-making,True,5.6,215,6.055029353347634,1.042281,14,109
9297,Monster House,2006,2006-07-21,7,2000s,Animation,Animation|Comedy|Family|Fantasy,Gil Kenan,Ryan Newman,91.0,90-105 min,2.0,75000000.0,140175006.0,81125186.8718679,151622980.753536,65175006.0,1.86900008,Profitable,True,6.3,501,6.173924078668413,1.235478,17,93
3172,Bandits,2001,2001-10-12,10,2000s,Action,Action|Comedy|Crime|Romance,Barry Levinson,Bruce Willis,123.0,120-150 min,4.0,75000000.0,67631903.0,92361608.7520382,83287884.8538907,-7368097.0,0.9017587066666667,Loss-making,True,6.1,173,6.124187386770855,0.381751,10,104
6520,First Knight,1995,1995-07-07,7,1990s,Action,Action|Adventure|Drama|Romance,Jerry Zucker,Sean Connery,134.0,120-150 min,4.0,55000000.0,127600435.0,78703177.6908831,182591994.713436,72600435.0,2.320007909090909,Profitable,True,5.8,172,6.090391559096896,0.602056,16,16
1439,Anna and the King,1999,1999-12-16,12,1990s,Drama,Drama|History|Romance,Andy Tennant,Jodie Foster,148.0,120-150 min,4.0,75000000.0,,98178963.4945741,,,,Unknown,False,6.3,116,6.140906440607967,0.450237,32,15
37958,Immortals,2011,2011-11-10,11,2010s,Fantasy,Fantasy|Action|Drama,Tarsem Singh,Mickey Rourke,110.0,105-120 min,3.0,75000000.0,226904017.0,72704853.1943604,219960309.935942,151904017.0,3.025386893333333,Profitable,True,5.6,596,5.966128177189772,1.240414,26,29
2026,Hostage,2005,2005-03-09,3,2000s,Mystery,Mystery|Drama|Thriller|Crime,Florent-Emilio Siri,Bruce Willis,113.0,105-120 min,3.0,52000000.0,77944725.0,58061291.0620336,87030218.5572148,25944725.0,1.4989370192307692,Profitable,True,6.0,280,6.105468795262085,0.887848,14,24
7450,Titan A.E.,2000,2000-06-16,6,2000s,Animation,Animation|Action|Science Fiction|Family|Adventure,"Gary Goldman, Don Bluth",Matt Damon,94.0,90-105 min,2.0,75000000.0,36754634.0,94971908.5757354,46542103.1997682,-38245366.0,0.49006178666666667,Loss-making,True,6.1,184,6.124014406305035,0.54656,8,42
11375,Hollywood Homicide,2003,2003-06-09,6,2000s,Action,Action|Adventure|Comedy|Thriller,Ron Shelton,Harrison Ford,116.0,105-120 min,3.0,75000000.0,51142659.0,88901448.3586895,60622086.1068609,-23857341.0,0.68190212,Loss-making,True,4.8,76,6.0567418770280215,0.36744,35,16
9425,Soldier,1998,1998-10-23,10,1990s,Action,Action|War|Science Fiction,Paul W.S. Anderson,Kurt Russell,99.0,90-105 min,2.0,75000000.0,14567883.0,100327160.180872,19487391.0831627,-60432117.0,0.19423844,Loss-making,True,5.8,94,6.106033118111852,0.577579,19,49
25769,Carriers,2009,2009-09-04,9,2000s,Action,Action|Drama|Horror|Science Fiction|Thriller,"Àlex Pastor, David Pastor",Lou Taylor Pucci,84.0,< 90 min,1.0,,5802422.0,,5897584.23977618,,,Unknown,False,5.7,143,6.086464870975735,0.619369,13,12
23685,Monkeybone,2001,2001-02-23,2,2000s,Adventure,Adventure|Fantasy|Animation|Action|Comedy,Henry Selick,Brendan Fraser,93.0,90-105 min,2.0,75000000.0,5409517.0,92361608.7520382,6661755.90255333,-69590483.0,0.07212689333333333,Loss-making,True,4.0,37,6.070696972423099,0.263042,100,31
11866,Flight of the Phoenix,2004,2004-12-17,12,2000s,Action,Action|Adventure|Drama|Thriller,John Moore,Dennis Quaid,113.0,105-120 min,3.0,45000000.0,21009180.0,51950042.9915466,24253951.2048253,-23990820.0,0.46687066666666666,Loss-making,True,5.4,149,6.055183659329235,0.439848,16,120
9741,Unbreakable,2000,2000-11-13,11,2000s,Action,Action|Fantasy|Thriller,M. Night Shyamalan,Bruce Willis,106.0,105-120 min,3.0,75000000.0,248118121.0,94971908.5757354,314190020.047936,173118121.0,3.308241613333333,Profitable,True,6.7,948,6.363123477841004,0.768576,40,56
211672,Minions,2015,2015-06-17,6,2010s,Family,Family|Animation|Adventure|Comedy,"Kyle Balda, Pierre Coffin",Sandra Bullock,91.0,90-105 min,2.0,74000000.0,1156730962.0,68079970.0448131,1064192016.79551,1082730962.0,15.631499486486486,Profitable,True,6.5,2893,6.381165161719238,7.40416499999999,17,12
23629,Sucker Punch,2011,2011-03-24,3,2010s,Action,Action|Fantasy|Thriller,Zack Snyder,Emily Browning,110.0,105-120 min,3.0,82000000.0,89792502.0,79490639.4925007,87044675.6781908,7792502.0,1.095030512195122,Profitable,True,5.9,1007,6.030344567505727,1.972826,35,46
8688,Snake Eyes,1998,1998-08-07,8,1990s,Crime,Crime|Mystery,Brian De Palma,Nicolas Cage,98.0,90-105 min,2.0,73000000.0,103891409.0,97651769.2427158,138975067.09546,30891409.0,1.4231699863013698,Profitable,True,5.6,152,6.074063181951911,0.576681999999999,23,78
10153,Sphere,1998,1998-02-13,2,1990s,Science Fiction,Science Fiction,Barry Levinson,Dustin Hoffman,134.0,120-150 min,4.0,75000000.0,13100000.0,100327160.180872,17523810.6449257,-61900000.0,0.17466666666666666,Loss-making,True,5.6,238,6.0484558497190966,1.152417,12,71
8676,Fool's Gold,2008,2008-02-07,2,2000s,Comedy,Comedy,Andy Tennant,Matthew McConaughey,112.0,105-120 min,3.0,70000000.0,111231041.0,70895064.3666417,112653311.589479,41231041.0,1.5890148714285715,Profitable,True,5.3,281,5.9851058396047785,1.34132,17,25
20829,Funny People,2009,2009-07-31,7,2000s,Comedy,Comedy|Drama,Judd Apatow,Adam Sandler,146.0,120-150 min,4.0,75000000.0,61458982.0,76230032.5593715,62466935.9856777,-13541018.0,0.8194530933333334,Loss-making,True,5.5,213,6.04201809606137,0.604388,78,17
4349,The Kingdom,2007,2007-08-22,8,2000s,Thriller,Thriller|Action|Drama,Peter Berg,Jamie Foxx,110.0,105-120 min,3.0,70000000.0,86658558.0,73616800.7842082,91136082.8647536,16658558.0,1.2379794,Profitable,True,6.4,307,6.177681390848097,1.352489,19,22
9718,Talladega Nights: The Ballad of Ricky Bobby,2006,2006-08-04,8,2000s,Comedy,Comedy,Adam McKay,Will Ferrell,116.0,105-120 min,3.0,72500000.0,162966177.0,78421013.976139,176275487.505585,90466177.0,2.2478093379310344,Profitable,True,6.2,274,6.13951634318394,0.912871,24,14
10808,Dr. Dolittle 2,2001,2001-06-22,6,2000s,Comedy,Comedy|Family|Romance|Fantasy,Steve Carr,Eddie Murphy,87.0,< 90 min,1.0,70000000.0,176104344.0,86204168.168569,216870406.934164,106104344.0,2.515776342857143,Profitable,True,4.9,233,5.947102613784748,0.913069,48,74
197,Braveheart,1995,1995-05-24,5,1990s,Action,Action|Drama|History|War,Mel Gibson,Mel Gibson,177.0,> 150 min,5.0,72000000.0,210000000.0,103029614.431701,300503042.092462,138000000.0,2.9166666666666665,Profitable,True,7.5,2205,6.977732167777745,2.533323,55,67
25,Jarhead,2005,2005-11-04,11,2000s,Drama,Drama|War,Sam Mendes,Jamie Foxx,125.0,120-150 min,4.0,72000000.0,96889998.0,80392556.8551235,108183814.901497,24889998.0,1.3456944166666667,Profitable,True,6.4,448,6.1950760547903965,1.148377,20,10
35,The Simpsons Movie,2007,2007-07-25,7,2000s,Animation,Animation|Comedy|Family,David Silverman,Dan Castellaneta,87.0,< 90 min,1.0,75000000.0,527068851.0,78875143.6973659,554301751.480407,452068851.0,7.02758468,Profitable,True,6.9,1258,6.499424431812631,1.380432,21,66
11086,The Majestic,2001,2001-12-21,12,2000s,Drama,Drama|Romance,Frank Darabont,Jim Carrey,152.0,> 150 min,5.0,72000000.0,37317558.0,88667144.4019567,45956129.2210332,-34682442.0,0.5182994166666667,Loss-making,True,6.5,82,6.1485596813159065,0.472538,17,28
10477,Driven,2001,2001-04-27,4,2000s,Action,Action,Renny Harlin,Kip Pardue,116.0,105-120 min,3.0,94000000.0,54744738.0,115759882.969221,67417494.2985179,-39255262.0,0.582390829787234,Loss-making,True,4.8,90,6.04455824273788,0.20867,17,9
1997,Two Brothers,2004,2004-04-07,4,2000s,Adventure,Adventure|Drama|Family,Jean-Jacques Annaud,Maï Anh Le,109.0,105-120 min,3.0,74500000.0,62172050.0,86006182.286005,71774237.1193908,-12327950.0,0.8345241610738255,Loss-making,True,6.8,106,6.176115716963066,0.372046,15,11
6947,The Village,2004,2004-07-30,7,2000s,Drama,Drama|Mystery|Thriller,M. Night Shyamalan,Bryce Dallas Howard,108.0,105-120 min,3.0,60000000.0,256697520.0,69266723.9887289,296343271.107187,196697520.0,4.278292,Profitable,True,6.0,514,6.092257672682283,0.677316,16,121
3050,Doctor Dolittle,1998,1998-06-22,6,1990s,Comedy,Comedy|Family|Fantasy,Betty Thomas,Eddie Murphy,85.0,< 90 min,1.0,71000000.0,294456605.0,94976378.3045592,393893266.348678,223456605.0,4.147276126760564,Profitable,True,5.3,353,5.956210273761218,0.962802,12,11
2675,Signs,2002,2002-08-02,8,2000s,Drama,Drama|Thriller|Science Fiction|Mystery,M. Night Shyamalan,Mel Gibson,106.0,105-120 min,3.0,72000000.0,408247917.0,87282820.3406793,494903188.805105,336247917.0,5.670109958333334,Profitable,True,6.3,905,6.1964705229240735,1.381699,15,88
809,Shrek 2,2004,2004-05-19,5,2000s,Adventure,Adventure|Animation|Comedy|Family|Fantasy,"Andrew Adamson, Kelly Asbury, Conrad Vernon",Mike Myers,93.0,90-105 min,2.0,150000000.0,919838758.0,173166809.971822,1061903622.74202,769838758.0,6.132258386666667,Profitable,True,6.5,1676,6.333436704510667,2.191033,25,72
920,Cars,2006,2006-06-08,6,2000s,Animation,Animation|Adventure|Comedy|Family,"John Lasseter, Joe Ranft",Owen Wilson,117.0,105-120 min,3.0,120000000.0,461983149.0,129800298.994988,499712923.92372,341983149.0,3.849859575,Profitable,True,6.4,2336,6.29992318862301,3.941265,48,40
4806,Runaway Bride,1999,1999-07-30,7,1990s,Comedy,Comedy|Romance,Garry Marshall,Julia Roberts,116.0,105-120 min,3.0,70000000.0,309457509.0,91633699.2616025,405096233.056438,239457509.0,4.420821557142857,Profitable,True,5.7,253,6.060012792195739,1.03785,18,32
7451,xXx,2002,2002-08-09,8,2000s,Action,Action,Rob Cohen,Vin Diesel,124.0,120-150 min,4.0,70000000.0,277448382.0,84858297.5534383,336339962.221085,207448382.0,3.963548314285714,Profitable,True,5.7,849,5.962619290244553,1.936728,20,139
228165,The SpongeBob Movie: Sponge Out of Water,2015,2015-02-05,2,2010s,Family,Family|Animation,Paul Tibbitt,Tom Kenny,93.0,90-105 min,2.0,74000000.0,311594032.0,68079970.0448131,286666383.306791,237594032.0,4.210730162162162,Profitable,True,5.7,533,6.006595600836084,1.291013,61,98
3595,Ransom,1996,1996-11-08,11,1990s,Action,Action|Thriller,Ron Howard,Mel Gibson,117.0,105-120 min,3.0,80000000.0,309492681.0,111217339.11682,430261905.711886,229492681.0,3.8686585125,Profitable,True,6.2,235,6.138031941563006,0.962736,38,16
16869,Inglourious Basterds,2009,2009-08-18,8,2000s,Drama,Drama|Action|Thriller|War,Quentin Tarantino,Brad Pitt,153.0,> 150 min,5.0,70000000.0,319131050.0,71148030.3887467,324364937.762752,249131050.0,4.559015,Profitable,True,7.7,3969,7.299927966474005,6.098027,71,42
879,Hook,1991,1991-12-11,12,1990s,Adventure,Adventure|Fantasy|Comedy|Family,Steven Spielberg,Robin Williams,144.0,120-150 min,4.0,70000000.0,300854823.0,112076498.935113,481696503.565473,230854823.0,4.297926042857143,Profitable,True,6.5,834,6.269341692947203,2.326917,30,22
1573,Die Hard 2,1990,1990-07-02,7,1990s,Action,Action|Thriller,Renny Harlin,Bruce Willis,124.0,120-150 min,4.0,70000000.0,240031094.0,116822897.82202,400587542.406711,170031094.0,3.4290156285714284,Profitable,True,6.4,1252,6.258296519065951,2.535646,44,73
9257,S.W.A.T.,2003,2003-08-08,8,2000s,Action,Action|Thriller|Crime,Clark Johnson,Samuel L. Jackson,117.0,105-120 min,3.0,80000000.0,116643346.0,94828211.5826022,138263498.677383,36643346.0,1.458041825,Profitable,True,5.8,499,6.0391487552413645,1.158663,16,100
1903,Vanilla Sky,2001,2001-12-10,12,2000s,Drama,Drama|Mystery|Romance|Science Fiction|Thriller,Cameron Crowe,Tom Cruise,136.0,120-150 min,4.0,68000000.0,203388341.0,83741191.9351813,250470325.015575,135388341.0,2.991005014705882,Profitable,True,6.3,628,6.182002198848581,1.131878,14,15
9697,Lady in the Water,2006,2006-07-21,7,2000s,Drama,Drama|Thriller|Fantasy|Mystery,M. Night Shyamalan,Paul Giamatti,110.0,105-120 min,3.0,75000000.0,42285169.0,81125186.8718679,45738563.1604469,-32714831.0,0.5638022533333333,Loss-making,True,5.2,187,6.014759949605978,0.298124,15,39
395,AVP: Alien vs. Predator,2004,2004-08-12,8,2000s,Adventure,Adventure|Science Fiction|Action,Paul W.S. Anderson,Sanaa Lathan,101.0,90-105 min,2.0,70000000.0,171183863.0,80811177.9868504,197622423.162423,101183863.0,2.445483757142857,Profitable,True,5.5,696,5.914319573844092,1.348704,25,137
23398,Alvin and the Chipmunks: The Squeakquel,2009,2009-12-21,12,2000s,Comedy,Comedy|Family|Animation|Fantasy|Music,Betty Thomas,Zachary Levi,88.0,< 90 min,1.0,75000000.0,443140005.0,76230032.5593715,450407693.460134,368140005.0,5.9085334,Profitable,True,5.3,414,5.933570815190189,1.080415,17,16
10590,We Were Soldiers,2002,2002-03-01,3,2000s,Action,Action|History|War,Randall Wallace,Mel Gibson,138.0,120-150 min,4.0,75000000.0,114660784.0,90919604.521541,138998841.805464,39660784.0,1.5288104533333333,Profitable,True,6.5,332,6.20066814443851,0.936666,54,132
117263,Olympus Has Fallen,2013,2013-03-20,3,2010s,Action,Action|Thriller,Antoine Fuqua,Gerard Butler,120.0,105-120 min,3.0,70000000.0,161025640.0,65522334.6918297,150725369.686372,91025640.0,2.300366285714286,Profitable,True,6.2,2403,6.17379003974815,2.063266,22,26
200,Star Trek: Insurrection,1998,1998-12-10,12,1990s,Science Fiction,Science Fiction|Action|Adventure|Thriller,Jonathan Frakes,Patrick Stewart,103.0,90-105 min,2.0,70000000.0,118000000.0,93638682.8354809,157848065.351239,48000000.0,1.6857142857142857,Profitable,True,6.2,230,6.137836347666039,0.931643,11,20
44943,Battle: Los Angeles,2011,2011-03-08,3,2010s,Action,Action|Science Fiction,Jonathan Liebesman,Aaron Eckhart,116.0,105-120 min,3.0,70000000.0,202466756.0,67857862.981403,196270876.956245,132466756.0,2.8923822285714285,Profitable,True,5.5,1041,5.8546392878534395,1.19533,62,95
587,Big Fish,2003,2003-12-25,12,2000s,Adventure,Adventure|Fantasy|Drama,Tim Burton,Ewan McGregor,125.0,120-150 min,4.0,70000000.0,122919055.0,82974685.1347769,145702426.938419,52919055.0,1.7559865,Profitable,True,7.4,1091,6.695164434312614,2.491591,43,137
10395,Wolf,1994,1994-06-17,6,1990s,Fantasy,Fantasy,Mike Nichols,Jack Nicholson,125.0,120-150 min,4.0,,,,,,,Unknown,False,5.9,99,6.111793103253578,0.437581,15,36
57212,War Horse,2011,2011-12-25,12,2010s,Drama,Drama|War,Steven Spielberg,Tom Hiddleston,146.0,120-150 min,4.0,66000000.0,177584879.0,63980270.8110371,172150434.096443,111584879.0,2.690679984848485,Profitable,True,6.9,611,6.367536796263687,1.592819,32,48
152760,The Monuments Men,2014,2014-01-24,1,2010s,War,War|Drama|History|Action,George Clooney,Matt Damon,118.0,105-120 min,3.0,70000000.0,154984035.0,64476373.5540021,142754407.65095,84984035.0,2.214057642857143,Profitable,True,5.7,1083,5.937403700438133,1.779861,22,21
2756,The Abyss,1989,1989-08-08,8,1980s,Adventure,Adventure|Action|Thriller|Science Fiction,James Cameron,Ed Harris,139.0,120-150 min,4.0,70000000.0,90000098.0,123128945.733027,158308816.894417,20000098.0,1.2857156857142857,Profitable,True,6.9,446,6.318730380722056,1.69108,20,107
33909,Wall Street: Money Never Sleeps,2010,2010-09-02,9,2010s,Drama,Drama|Crime,Oliver Stone,Michael Douglas,133.0,120-150 min,4.0,70000000.0,134748021.0,70000000.0,134748021.0,64748021.0,1.9249717285714285,Profitable,True,5.8,325,6.0639310096705215,0.535535,20,5
49017,Dracula Untold,2014,2014-10-01,10,2010s,Horror,Horror|Action|Drama|Fantasy|War,Gary Shore,Luke Evans,92.0,90-105 min,2.0,70000000.0,215529201.0,64476373.5540021,198522018.221023,145529201.0,3.078988585714286,Profitable,True,6.1,1666,6.112230243481267,3.028769,23,112
9882,The Siege,1998,1998-11-05,11,1990s,Drama,Drama|Action|Thriller|Crime,Edward Zwick,Denzel Washington,116.0,105-120 min,3.0,70000000.0,116672912.0,93638682.8354809,156072825.746571,46672912.0,1.6667558857142857,Profitable,True,6.0,196,6.111184154788577,0.577192,14,87
2270,Stardust,2007,2007-08-09,8,2000s,Adventure,Adventure|Fantasy|Romance|Family,Matthew Vaughn,Claire Danes,127.0,120-150 min,4.0,70000000.0,135560026.0,73616800.7842082,142564220.404915,65560026.0,1.9365718,Profitable,True,7.0,684,6.420169058602508,2.489611,44,70
978,Seven Years in Tibet,1997,1997-09-12,9,1990s,History,History|Drama|Adventure|War,Jean-Jacques Annaud,Brad Pitt,136.0,120-150 min,4.0,70000000.0,131457682.0,95092222.4750467,178580044.897113,61457682.0,1.8779668857142857,Profitable,True,6.9,342,6.283088590494531,0.824965,10,14
44564,The Dilemma,2011,2011-01-13,1,2010s,Comedy,Comedy|Drama,Ron Howard,Kevin James,111.0,105-120 min,3.0,70000000.0,67112664.0,67857862.981403,65058885.1146991,-2887336.0,0.9587523428571428,Loss-making,True,5.2,204,6.005870328180331,0.747362,110,36
3132,Bad Company,2002,2002-06-07,6,2000s,Action,Action|Adventure|Comedy|Thriller,Joel Schumacher,Anthony Hopkins,116.0,105-120 min,3.0,70000000.0,65977295.0,84858297.5534383,79981727.5840139,-4022705.0,0.9425327857142857,Loss-making,True,5.5,121,6.075823034599534,0.485311,17,24
8814,Doom,2005,2005-10-20,10,2000s,Action,Action|Adventure|Science Fiction|Thriller|Horror,Andrzej Bartkowiak,Dwayne Johnson,100.0,90-105 min,2.0,60000000.0,55987321.0,66993797.3792696,62513387.3147021,-4012679.0,0.9331220166666667,Loss-making,True,4.9,321,5.892093939667944,1.001465,15,76
8427,I Spy,2002,2002-10-31,10,2000s,Action,Action|Adventure|Comedy|Thriller,Betty Thomas,Eddie Murphy,97.0,90-105 min,2.0,70000000.0,33561137.0,84858297.5534383,40684870.7111101,-36438863.0,0.4794448142857143,Loss-making,True,5.2,133,6.044345745637666,1.011362,9,10
52520,Underworld: Awakening,2012,2012-01-19,1,2010s,Fantasy,Fantasy|Action|Horror,"Måns Mårlind, Björn Stein",Kate Beckinsale,88.0,< 90 min,1.0,70000000.0,132400000.0,66482099.6946572,125746142.851037,62400000.0,1.8914285714285715,Profitable,True,6.0,1426,6.061992934908015,7.031452,31,41
80585,Rock of Ages,2012,2012-06-13,6,2010s,Comedy,Comedy|Drama|Music|Romance,Adam Shankman,Julianne Hough,123.0,120-150 min,4.0,75000000.0,59418613.0,71230821.1014184,56432487.9026322,-15581387.0,0.7922481733333333,Loss-making,True,5.9,240,6.093059756814361,1.161624,224,15
10592,Hart's War,2002,2002-02-15,2,2000s,Drama,Drama|War,Gregory Hoblit,Bruce Willis,125.0,120-150 min,4.0,70000000.0,32287044.0,84858297.5534383,39140336.9553279,-37712956.0,0.4612434857142857,Loss-making,True,5.7,138,6.087759907739276,0.558747,20,20
49021,Killer Elite,2011,2011-09-23,9,2010s,Action,Action|Adventure|Thriller,Gary McKendry,Jason Statham,116.0,105-120 min,3.0,66000000.0,57777106.0,63980270.8110371,56009013.463,-8222894.0,0.875410696969697,Loss-making,True,6.0,440,6.096062961004277,1.46909,18,26
11535,Rollerball,2002,2002-02-08,2,2000s,Action,Action|Science Fiction|Thriller,John McTiernan,Chris Klein,98.0,90-105 min,2.0,,,,,,,Unknown,False,3.4,55,6.020826455423869,0.391625,100,15
10550,Ballistic: Ecks vs. Sever,2002,2002-09-20,9,2000s,Action,Action|Adventure|Thriller,Wych Kaosayananda,Antonio Banderas,91.0,90-105 min,2.0,70000000.0,19924033.0,84858297.5534383,24153136.0111217,-50075967.0,0.28462904285714286,Loss-making,True,4.8,35,6.093835259043822,0.455247,5,15
11258,Hard Rain,1998,1998-01-16,1,1990s,Thriller,Thriller,Mikael Salomon,Morgan Freeman,97.0,90-105 min,2.0,70000000.0,19870567.0,93638682.8354809,26580767.4439167,-50129433.0,0.2838652428571429,Loss-making,True,5.4,74,6.089592156248003,0.492559,10,82
12610,Osmosis Jones,2001,2001-08-07,8,2000s,Adventure,Adventure|Animation|Action|Comedy|Family,"Bobby Farrelly, Peter Farrelly",Chris Rock,95.0,90-105 min,2.0,75000000.0,13596911.0,92361608.7520382,16744434.3202438,-61403089.0,0.18129214666666665,Loss-making,True,5.6,128,6.081739800511283,0.439101,8,65
59981,Legends of Oz: Dorothy's Return,2013,2013-06-13,6,2010s,Animation,Animation|Music|Family,Dan St. Pierre,Lea Michele,88.0,< 90 min,1.0,70000000.0,18662027.0,65522334.6918297,17468279.7017423,-51337973.0,0.26660038571428574,Loss-making,True,6.1,36,6.126571151958689,0.354271,12,29
201088,Blackhat,2015,2015-01-13,1,2010s,Mystery,Mystery|Crime|Action|Thriller|Drama,Michael Mann,Chris Hemsworth,133.0,120-150 min,4.0,70000000.0,17752940.0,64399971.6640124,16332697.613613,-52247060.0,0.25361342857142855,Loss-making,True,5.0,584,5.787599483173094,2.550747,19,54
5137,Sky Captain and the World of Tomorrow,2004,2004-09-17,9,2000s,Mystery,Mystery|Action|Thriller|Science Fiction|Adventure,Kerry Conran,Jude Law,107.0,105-120 min,3.0,70000000.0,57958696.0,80811177.9868504,66910149.9763107,-12041304.0,0.8279813714285714,Loss-making,True,5.7,249,6.060911083736369,1.590381,11,105
3093,Basic Instinct 2,2006,2006-03-29,3,2000s,Crime,Crime|Mystery|Thriller,Michael Caton-Jones,Sharon Stone,114.0,105-120 min,3.0,70000000.0,38629478.0,75716841.0804101,41784314.9535028,-31370522.0,0.5518496857142857,Loss-making,True,4.5,101,6.014326546861227,0.916551,37,14
107846,Escape Plan,2013,2013-10-09,10,2010s,Action,Action|Thriller,Mikael Håfström,Sylvester Stallone,115.0,105-120 min,3.0,50000000.0,122915111.0,46801667.6370212,115052643.451791,72915111.0,2.45830222,Profitable,True,6.7,1114,6.385781191336564,1.41459,36,100
188207,The Legend of Hercules,2014,2014-01-10,1,2010s,Action,Action|Adventure,Renny Harlin,Kellan Lutz,99.0,90-105 min,2.0,70000000.0,61279452.0,64476373.5540021,56443954.8333792,-8720548.0,0.8754207428571429,Loss-making,True,4.4,399,5.7341546736283,0.49584,19,54
4614,The Sum of All Fears,2002,2002-05-31,5,2000s,Thriller,Thriller|Action|Drama,Phil Alden Robinson,Ben Affleck,124.0,120-150 min,4.0,68.0,193.0,82.4337747661972,233.966448968765,125.0,2.838235294117647,Profitable,True,5.7,256,6.059342002569886,0.958182,21,108
24021,The Twilight Saga: Eclipse,2010,2010-06-23,6,2010s,Adventure,Adventure|Fantasy|Drama|Romance,David Slade,Kristen Stewart,124.0,120-150 min,4.0,68000000.0,698491347.0,68000000.0,698491347.0,630491347.0,10.271931573529411,Profitable,True,5.9,1331,6.014616423350256,1.546212,42,39
11371,The Score,2001,2001-07-13,7,2000s,Action,Action|Crime|Thriller,Frank Oz,Robert De Niro,124.0,120-150 min,4.0,68000000.0,71069884.0,83741191.9351813,87521717.6008099,3069884.0,1.0451453529411765,Profitable,True,6.6,217,6.192569892647046,0.526992,24,13
20352,Despicable Me,2010,2010-07-08,7,2010s,Action,Action|Animation|Family,"Pierre Coffin, Chris Renaud",Steve Carell,95.0,90-105 min,2.0,69000000.0,543513985.0,69000000.0,543513985.0,474513985.0,7.877014275362319,Profitable,True,7.1,4851,6.887728893706432,3.791881,33,25
11517,Money Train,1995,1995-11-21,11,1990s,Action,Action|Comedy|Crime,Joseph Ruben,Wesley Snipes,103.0,90-105 min,2.0,60000000.0,35431113.0,85858012.0264179,50700748.7677228,-24568887.0,0.59051855,Loss-making,True,5.2,113,6.055856150458573,0.673425,15,44
214756,Ted 2,2015,2015-06-25,6,2010s,Comedy,Comedy,Seth MacFarlane,Mark Wahlberg,115.0,105-120 min,3.0,68000000.0,215863606.0,62559972.4736121,198594430.13845,147863606.0,3.174464794117647,Profitable,True,6.3,1666,6.222557716081512,4.564549,105,76
26428,Agora,2009,2009-05-17,5,2000s,Adventure,Adventure|Drama|History,Alejandro Amenábar,Rachel Weisz,127.0,120-150 min,4.0,70000000.0,39041505.0,71148030.3887467,39681802.6308915,-30958495.0,0.5577357857142857,Loss-making,True,6.6,238,6.19794394720041,0.661609,73,51
9824,Mystery Men,1999,1999-08-06,8,1990s,Adventure,Adventure|Fantasy|Action|Comedy|Science Fiction,Kinka Usher,Ben Stiller,121.0,120-150 min,4.0,68000000.0,29762011.0,89015593.5684139,38960045.2199215,-38237989.0,0.4376766323529412,Loss-making,True,5.4,115,6.070346850682577,0.636432,26,13
48988,Hall Pass,2011,2011-02-25,2,2010s,Comedy,Comedy,"Bobby Farrelly, Peter Farrelly",Owen Wilson,105.0,90-105 min,2.0,36000000.0,83160734.0,34898329.533293,80615852.7600701,47160734.0,2.310020388888889,Profitable,True,5.4,423,5.954164964457696,2.164361,13,43
9008,The Insider,1999,1999-10-28,10,1990s,Drama,Drama|Thriller,Michael Mann,Al Pacino,157.0,> 150 min,5.0,90000000.0,60289912.0,117814756.193489,78922680.9245212,-29710088.0,0.6698879111111111,Loss-making,True,7.1,249,6.278364767224611,1.427794,56,42
12113,Body of Lies,2008,2008-10-10,10,2000s,Action,Action|Drama|Thriller,Ridley Scott,Leonardo DiCaprio,128.0,120-150 min,4.0,70000000.0,113280098.0,70895064.3666417,114728569.130992,43280098.0,1.6182871142857143,Profitable,True,6.5,530,6.232124918177258,1.446456,19,85
38778,Dinner for Schmucks,2010,2010-07-30,7,2010s,Comedy,Comedy,Jay Roach,Steve Carell,114.0,105-120 min,3.0,69000000.0,86387857.0,69000000.0,86387857.0,17387857.0,1.2519979275362318,Profitable,True,5.4,324,5.986858088515448,0.73988,20,6
72331,Abraham Lincoln: Vampire Hunter,2012,2012-06-20,6,2010s,Action,Action|Horror|Fantasy,Timur Bekmambetov,Benjamin Walker,94.0,90-105 min,2.0,69000000.0,112265139.0,65532355.4133049,106623173.760465,43265139.0,1.627031,Profitable,True,5.5,872,5.881562624472293,1.73616,36,24
1844,Entrapment,1999,1999-04-30,4,1990s,Romance,Romance|Drama|Mystery,Jon Amiel,Sean Connery,112.0,105-120 min,3.0,66000000.0,212404396.0,86397487.8752252,278048579.212947,146404396.0,3.2182484242424243,Profitable,True,5.9,355,6.080069368871203,1.820318,21,105
846,The X Files,1998,1998-06-19,6,1990s,Mystery,Mystery|Science Fiction|Thriller,Rob Bowman,David Duchovny,121.0,120-150 min,4.0,66000000.0,189198313.0,88287900.9591677,253089726.057357,123198313.0,2.866641106060606,Profitable,True,6.3,244,6.153649057216552,1.339249,46,17
9703,The Last Legion,2007,2007-04-19,4,2000s,Action,Action|Adventure|Fantasy|War,Doug Lefler,Colin Firth,102.0,90-105 min,2.0,67000000.0,25303038.0,70461795.0363136,26610410.1097321,-41696962.0,0.37765728358208955,Loss-making,True,4.9,120,6.027370299394732,0.320907,16,10
857,Saving Private Ryan,1998,1998-07-24,7,1990s,Drama,Drama|History|War,Steven Spielberg,Tom Hanks,169.0,> 150 min,5.0,70000000.0,481840909.0,93638682.8354809,644556400.785869,411840909.0,6.8834415571428575,Profitable,True,7.7,3396,7.251667661383503,2.170136,38,95
136797,Need for Speed,2014,2014-03-13,3,2010s,Action,Action|Crime|Drama|Thriller,Scott Waugh,Aaron Paul,130.0,120-150 min,4.0,66000000.0,203277636.0,60792009.3509163,187237211.341578,137277636.0,3.0799641818181818,Profitable,True,6.2,1117,6.160149956836135,1.541069,46,69
3981,What Women Want,2000,2000-12-14,12,2000s,Comedy,Comedy|Romance,Nancy Meyers,Helen Hunt,127.0,120-150 min,4.0,70000000.0,374111707.0,88640448.0040197,473734704.45755,304111707.0,5.344452957142857,Profitable,True,6.0,576,6.089294108252305,1.767681,110,95
425,Ice Age,2002,2002-03-10,3,2000s,Animation,Animation|Comedy|Family|Adventure,Chris Wedge,Ray Romano,81.0,< 90 min,1.0,59000000.0,383257136.0,71523422.2236122,464607829.802379,324257136.0,6.495883661016949,Profitable,True,6.9,2270,6.611281851587366,4.46751299999999,18,58
6171,Dreamcatcher,2003,2003-03-21,3,2000s,Drama,Drama|Horror|Science Fiction|Thriller,Lawrence Kasdan,Morgan Freeman,136.0,120-150 min,4.0,68000000.0,75715436.0,80603979.8452119,89749492.3134622,7715436.0,1.113462294117647,Profitable,True,5.1,330,5.925982161592407,0.580909,16,88
72976,Lincoln,2012,2012-11-09,11,2010s,Drama,Drama|War,Steven Spielberg,Daniel Day-Lewis,149.0,120-150 min,4.0,65000000.0,275293450.0,61733378.2878959,261458379.83123,210293450.0,4.2352838461538465,Profitable,True,6.6,993,6.3272747468526145,1.312488,71,21
603,The Matrix,1999,1999-03-30,3,1990s,Action,Action|Science Fiction,"Lilly Wachowski, Lana Wachowski",Keanu Reeves,136.0,120-150 min,4.0,63000000.0,463517383.0,82470329.3354423,606768749.6621,400517383.0,7.357418777777778,Profitable,True,7.8,6351,7.5060345171818375,7.753899,36,71
568,Apollo 13,1995,1995-06-30,6,1990s,Drama,Drama,Ron Howard,Tom Hanks,140.0,120-150 min,4.0,52000000.0,355237933.0,74410277.0895622,508333712.062564,303237933.0,6.831498711538462,Profitable,True,7.1,1002,6.540956053791339,2.191608,27,110
9021,The Santa Clause 2,2002,2002-10-31,10,2000s,Fantasy,Fantasy|Comedy|Family,Michael Lembeck,Tim Allen,104.0,90-105 min,2.0,65000000.0,172855065.0,78796990.5853355,209545521.99127,107855065.0,2.6593086923076923,Profitable,True,5.4,174,6.044464732895604,1.118663,13,37
82695,Les Misérables,2012,2012-12-18,12,2010s,Drama,Drama|Music|Romance,Tom Hooper,Hugh Jackman,157.0,> 150 min,5.0,61000000.0,441809770.0,57934401.162487,419606302.503051,380809770.0,7.242783114754098,Profitable,True,7.0,1278,6.551022589695593,1.608797,208,46
9489,You've Got Mail,1998,1998-12-17,12,1990s,Comedy,Comedy|Romance,Nora Ephron,Tom Hanks,119.0,105-120 min,3.0,65000000.0,250821495.0,86950205.4900894,335522777.408945,185821495.0,3.8587922307692306,Profitable,True,6.2,498,6.146831466085942,0.922354,16,32
12133,Step Brothers,2008,2008-07-25,7,2000s,Comedy,Comedy,Adam McKay,Will Ferrell,98.0,90-105 min,2.0,65000000.0,128107642.0,65831131.1975958,129745707.506409,63107642.0,1.9708868,Profitable,True,6.6,678,6.284999044504588,1.351237,16,23
9342,The Mask of Zorro,1998,1998-07-16,7,1990s,Adventure,Adventure|Comedy|Western|Romance|Thriller,Martin Campbell,Antonio Banderas,136.0,120-150 min,4.0,95000000.0,250288523.0,127081069.562438,334809823.179399,155288523.0,2.6346160315789473,Profitable,True,6.1,734,6.117689075397621,1.057585,24,16
41733,Due Date,2010,2010-11-04,11,2010s,Comedy,Comedy|Drama,Todd Phillips,Robert Downey Jr.,95.0,90-105 min,2.0,65000000.0,211780824.0,65000000.0,211780824.0,146780824.0,3.2581665230769232,Profitable,True,6.2,1015,6.158434240149329,1.119731,18,57
227306,Unbroken,2014,2014-12-25,12,2010s,Drama,Drama|War,Angelina Jolie,Jack O'Connell,137.0,120-150 min,4.0,65000000.0,163442937.0,59870918.3001448,150545826.582503,98442937.0,2.514506723076923,Profitable,True,7.2,981,6.577939513655849,1.769987,79,92
5551,Space Cowboys,2000,2000-07-31,7,2000s,Action,Action|Adventure|Thriller,Clint Eastwood,Clint Eastwood,130.0,120-150 min,4.0,65000000.0,128884132.0,82308987.432304,163204960.01556,63884132.0,1.9828328,Profitable,True,6.2,211,6.13708169339836,0.743732,16,28
9350,Cliffhanger,1993,1993-05-28,5,1990s,Action,Action|Adventure|Thriller,Renny Harlin,Sylvester Stallone,112.0,105-120 min,3.0,70000000.0,255000211.0,105662897.318909,384915158.731332,185000211.0,3.642860157142857,Profitable,True,6.1,312,6.122169472623356,1.041911,15,29
9208,Broken Arrow,1996,1996-02-09,2,1990s,Action,Action|Adventure|Drama|Thriller,John Woo,John Travolta,108.0,105-120 min,3.0,50000000.0,150270147.0,69510836.9480127,208908073.725418,100270147.0,3.00540294,Profitable,True,5.5,244,6.03150400997295,0.902697,15,17
4244,The Kid,2000,2000-07-07,7,2000s,Fantasy,Fantasy|Comedy|Family,Jon Turteltaub,Bruce Willis,104.0,90-105 min,2.0,65000000.0,69700000.0,82308987.432304,88260560.3697167,4700000.0,1.0723076923076924,Profitable,True,5.9,141,6.105843460864005,0.349034,57,21
1852,World Trade Center,2006,2006-08-09,8,2000s,Drama,Drama|History|Thriller,Oliver Stone,Nicolas Cage,128.0,120-150 min,4.0,63000000.0,162945894.0,68145156.972369,176253548.010047,99945894.0,2.586442761904762,Profitable,True,5.9,240,6.093059756814361,0.711674,22,31
11820,Mona Lisa Smile,2003,2003-12-19,12,2000s,Drama,Drama|Romance,Mike Newell,Julia Roberts,117.0,105-120 min,3.0,65000000.0,,77047921.9108643,,,,Unknown,False,6.2,214,6.137202065134732,1.454687,22,22
76493,The Dictator,2012,2012-05-15,5,2010s,Comedy,Comedy,Larry Charles,Sacha Baron Cohen,83.0,< 90 min,1.0,65000000.0,179379533.0,61733378.2878959,170364685.658386,114379533.0,2.759685123076923,Profitable,True,5.9,1159,6.022460928072013,1.291798,15,11
345,Eyes Wide Shut,1999,1999-07-14,7,1990s,Drama,Drama,Stanley Kubrick,Tom Cruise,159.0,> 150 min,5.0,65000000.0,162091208.0,85088435.0286309,212185957.240312,97091208.0,2.4937108923076923,Profitable,True,6.8,623,6.3392577807585715,1.329827,17,18
196867,Annie,2014,2014-12-19,12,2010s,Music,Music|Comedy|Drama|Family,Will Gluck,Quvenzhané Wallis,119.0,105-120 min,3.0,65000000.0,133821816.0,59870918.3001448,123262077.115584,68821816.0,2.058797169230769,Profitable,True,6.1,331,6.12191950527433,1.58801,40,60
256591,Focus,2015,2015-02-25,2,2010s,Romance,Romance|Comedy|Crime|Drama,"Glenn Ficarra, John Requa",Will Smith,105.0,90-105 min,2.0,50100000.0,153962963.0,46091979.7195289,141645863.63582,103862963.0,3.0731130339321355,Profitable,True,6.7,1831,6.456515198372978,2.395366,37,48
59962,This Means War,2012,2012-02-14,2,2010s,Action,Action|Comedy|Romance,McG,Reese Witherspoon,103.0,90-105 min,2.0,65000000.0,,61733378.2878959,,,,Unknown,False,5.9,1011,6.030124120898809,1.612069,42,40
36648,Blade: Trinity,2004,2004-12-08,12,2000s,Science Fiction,Science Fiction|Action|Horror|Thriller|Adventure,David S. Goyer,Wesley Snipes,123.0,120-150 min,4.0,65000000.0,128905366.0,75038950.9877896,148814206.789801,63905366.0,1.983159476923077,Profitable,True,5.7,800,5.968593175032623,1.792138,20,155
1880,Red Dawn,1984,1984-08-10,8,1980s,Action,Action|Thriller,John Milius,Patrick Swayze,114.0,105-120 min,3.0,,38376497.0,,80553880.5200082,,,Unknown,False,6.5,110,6.155280758375639,0.938766,18,10
9440,Primary Colors,1998,1998-03-20,3,1990s,Comedy,Comedy|Drama,Mike Nichols,John Travolta,143.0,120-150 min,4.0,65000000.0,,86950205.4900894,,,,Unknown,False,5.7,49,6.11235589647051,0.563458,17,8
71679,Resident Evil: Retribution,2012,2012-09-12,9,2010s,Action,Action|Horror|Science Fiction,Paul W.S. Anderson,Milla Jovovich,95.0,90-105 min,2.0,65000000.0,240159255.0,61733378.2878959,228089879.050065,175159255.0,3.6947577692307694,Profitable,True,5.6,1152,5.884899468631648,0.260624,26,19
10483,Death Race,2008,2008-08-22,8,2000s,Action,Action|Thriller|Science Fiction,Paul W.S. Anderson,Jason Statham,105.0,90-105 min,2.0,45000000.0,73762516.0,45575398.5214125,74705690.2809348,28762516.0,1.6391670222222223,Profitable,True,5.9,743,6.046753401524855,1.583079,13,57
11412,The Long Kiss Goodnight,1996,1996-10-11,10,1990s,Action,Action|Crime|Drama|Mystery|Thriller,Renny Harlin,Geena Davis,120.0,105-120 min,3.0,65000000.0,89456761.0,90364088.0324165,124364286.555366,24456761.0,1.3762578615384615,Profitable,True,6.4,164,6.1567397130213894,1.255866,15,10
11983,Proof of Life,2000,2000-12-08,12,2000s,Action,Action|Adventure|Drama|Romance|Thriller,Taylor Hackford,Meg Ryan,135.0,120-150 min,4.0,65000000.0,,82308987.432304,,,,Unknown,False,5.8,95,6.105821929706558,0.356436,9,9
6795,Zathura: A Space Adventure,2005,2005-11-06,11,2000s,Family,Family|Fantasy|Science Fiction|Adventure,Jon Favreau,Jonah Bobo,101.0,90-105 min,2.0,65000000.0,64321501.0,72576613.8275421,71819026.7520748,-678499.0,0.9895615538461539,Loss-making,True,5.9,389,6.0765570296241025,1.273393,11,24
550,Fight Club,1999,1999-10-14,10,1990s,Drama,Drama,David Fincher,Edward Norton,139.0,120-150 min,4.0,63000000.0,100853753.0,82470329.3354423,132022892.45437,37853753.0,1.6008532222222223,Profitable,True,8.1,5923,7.732921982429509,8.947905,77,107
11170,We Are Marshall,2006,2006-12-12,12,2000s,Drama,Drama,McG,Matthew McConaughey,124.0,120-150 min,4.0,65000000.0,43545364.0,70308495.2889522,47101677.2253801,-21454636.0,0.6699286769230769,Loss-making,True,6.5,107,6.154572964436228,0.969469,8,13
9292,Hudson Hawk,1991,1991-05-23,5,1990s,Action,Action|Adventure|Comedy,Michael Lehmann,Bruce Willis,100.0,90-105 min,2.0,65000000.0,17218080.0,104071034.725462,27567744.6397813,-47781920.0,0.26489353846153846,Loss-making,True,5.6,155,6.073120772869772,0.977243,8,12
10783,Lucky Numbers,2000,2000-10-27,10,2000s,Action,Action|Adventure|Comedy|Crime|Romance,Nora Ephron,John Travolta,105.0,90-105 min,2.0,65000000.0,,82308987.432304,,,,Unknown,False,4.6,28,6.0963364143967675,0.14611,15,8
100241,"I, Frankenstein",2014,2014-01-22,1,2010s,Horror,Horror|Thriller,Stuart Beattie,Aaron Eckhart,92.0,90-105 min,2.0,65000000.0,71154592.0,59870918.3001448,65539857.9124945,6154592.0,1.0946860307692308,Profitable,True,5.1,501,5.849844514224448,0.989916,22,87
257,Oliver Twist,2005,2005-09-23,9,2000s,Crime,Crime|Drama|Family,Roman Polanski,Barney Clark,130.0,120-150 min,4.0,50000000.0,42093706.0,55828164.4827247,47000286.8451091,-7906294.0,0.84187412,Loss-making,True,6.6,143,6.172431072298292,0.826568,34,16
9947,Elektra,2005,2005-01-13,1,2000s,Action,Action,Rob Bowman,Jennifer Garner,97.0,90-105 min,2.0,43000000.0,56681566.0,48012221.4551432,63288555.7957283,13681566.0,1.3181759534883721,Profitable,True,5.0,329,5.906925648112277,1.270018,20,111
189,Sin City: A Dame to Kill For,2014,2014-08-20,8,2010s,Crime,Crime|Thriller,"Robert Rodriguez, Frank Miller",Mickey Rourke,102.0,90-105 min,2.0,65000000.0,39407616.0,59870918.3001448,36298002.4298381,-25592384.0,0.6062710153846154,Loss-making,True,6.2,857,6.155464048816324,1.840817,50,68
12618,Random Hearts,1999,1999-10-08,10,1990s,Drama,Drama|Romance,Sydney Pollack,Harrison Ford,133.0,120-150 min,4.0,64000000.0,74608570.0,83779382.1820366,97666560.9388317,10608570.0,1.16575890625,Profitable,True,5.3,32,6.108178744923002,0.503460999999999,24,10
253412,Everest,2015,2015-09-10,9,2010s,Adventure,Adventure|Drama,Baltasar Kormákur,Jason Clarke,121.0,120-150 min,4.0,55000000.0,203427584.0,50599977.7360098,187153294.93255,148427584.0,3.6986833454545454,Profitable,True,6.7,1172,6.39299574772882,2.798017,36,113
1427,Perfume: The Story of a Murderer,2006,2006-09-13,9,2000s,Crime,Crime|Fantasy|Drama,Tom Tykwer,Ben Whishaw,147.0,120-150 min,4.0,50000000.0,132180323.0,54083457.9145786,142975378.722118,82180323.0,2.64360646,Profitable,True,7.0,647,6.409448082723388,1.6128,24,29
818,Austin Powers in Goldmember,2002,2002-07-26,7,2000s,Science Fiction,Science Fiction|Comedy|Crime|Action,Jay Roach,Mike Myers,94.0,90-105 min,2.0,63000000.0,296633907.0,76372467.7980944,359597833.494927,233633907.0,4.708474714285714,Profitable,True,5.9,557,6.061036344690374,1.15929,114,144
16577,Astro Boy,2009,2009-10-15,10,2000s,Animation,Animation|Action|Family|Science Fiction,David Bowers,Nicolas Cage,94.0,90-105 min,2.0,65000000.0,44091067.0,66066028.2181219,44814179.6398324,-20908933.0,0.6783241076923077,Loss-making,True,6.0,284,6.105211255929293,0.595489,15,9
329,Jurassic Park,1993,1993-06-11,6,1990s,Adventure,Adventure|Science Fiction,Steven Spielberg,Sam Neill,127.0,120-150 min,4.0,63000000.0,920100000.0,95096607.5870186,1388863311.75898,857100000.0,14.604761904761904,Profitable,True,7.4,3169,7.01897958443054,2.204926,27,105
12160,Wyatt Earp,1994,1994-06-24,6,1990s,Drama,Drama|Action|Western,Lawrence Kasdan,Kevin Costner,191.0,> 150 min,5.0,63000000.0,25052000.0,92680028.3806842,36854286.8411571,-37948000.0,0.39765079365079364,Loss-making,True,6.3,108,6.140035947156674,0.684636,24,18
9331,Clear and Present Danger,1994,1994-08-03,8,1990s,Action,Action|Drama|Thriller,Phillip Noyce,Harrison Ford,141.0,120-150 min,4.0,62000000.0,215887717.0,91208916.819086,317594916.485732,153887717.0,3.482059951612903,Profitable,True,6.1,204,6.123706153865459,1.353693,18,13
9072,Little Man,2006,2006-08-31,8,2000s,Comedy,Comedy|Crime,Keenen Ivory Wayans,Marlon Wayans,98.0,90-105 min,2.0,64000000.0,101595121.0,69226826.1306606,109892309.0186,37595121.0,1.587423765625,Profitable,True,5.6,143,6.076913070828785,0.773044,6,36
3536,U-571,2000,2000-04-20,4,2000s,Action,Action|Drama|Thriller|War,Jonathan Mostow,Matthew McConaughey,116.0,105-120 min,3.0,62000000.0,127666415.0,78510111.0892746,161662974.580958,65666415.0,2.0591357258064518,Profitable,True,6.1,205,6.123690948840853,1.22950499999999,11,19
9087,The American President,1995,1995-11-17,11,1990s,Comedy,Comedy|Drama|Romance,Rob Reiner,Michael Douglas,106.0,105-120 min,3.0,62000000.0,107879496.0,88719945.7606318,154371984.416198,45879496.0,1.739991870967742,Profitable,True,6.6,104,6.160994827746912,0.551631,18,6
12177,The Love Guru,2008,2008-06-20,6,2000s,Comedy,Comedy|Romance,Marco Schnabel,Mike Myers,87.0,< 90 min,1.0,62000000.0,41819064.0,62792771.2961683,42353789.0576101,-20180936.0,0.6745010322580646,Loss-making,True,4.5,144,5.970860795899989,0.885215,19,17
12138,3000 Miles to Graceland,2001,2001-02-23,2,2000s,Action,Action|Adventure|Comedy|Thriller|Crime,Demian Lichtenstein,Kurt Russell,125.0,120-150 min,4.0,62000000.0,18720175.0,76352263.2350183,23053673.0549291,-43279825.0,0.3019383064516129,Loss-making,True,5.4,85,6.084321144005123,0.471789,13,15
273248,The Hateful Eight,2015,2015-12-25,12,2010s,Crime,Crime|Drama|Mystery|Western,Quentin Tarantino,Samuel L. Jackson,167.0,> 150 min,5.0,44000000.0,155760117.0,40479982.1888078,143299244.588332,111760117.0,3.5400026590909093,Profitable,True,7.4,2389,6.939581245047627,5.8984,18,77
9955,Blades of Glory,2007,2007-03-30,3,2000s,Action,Action|Comedy|Drama,"Josh Gordon, Will Speck",Will Ferrell,93.0,90-105 min,2.0,53000000.0,,55738434.8794719,,,,Unknown,False,5.9,346,6.081022621220971,0.829553,29,25
50359,Hop,2011,2011-03-30,3,2010s,Animation,Animation,Tim Hill,Russell Brand,95.0,90-105 min,2.0,63000000.0,183953723.0,61072076.6832627,178324379.003613,120953723.0,2.919900365079365,Profitable,True,5.4,228,6.022467959255277,0.806735,11,21
1271,300,2007,2007-03-07,3,2000s,Action,Action|Adventure|War,Zack Snyder,Gerard Butler,117.0,105-120 min,3.0,65000000.0,422610419.0,68358457.8710504,444446100.355053,357610419.0,6.501698753846154,Profitable,True,7.0,3428,6.752879813959929,2.191408,87,87
693,Meet the Fockers,2004,2004-12-15,12,2000s,Comedy,Comedy|Romance,Jay Roach,Ben Stiller,115.0,105-120 min,3.0,80000000.0,516642939.0,92355631.9849719,596436064.273978,436642939.0,6.4580367375,Profitable,True,6.1,782,6.117291586694337,2.041955,19,99
14306,Marley & Me,2008,2008-12-25,12,2000s,Comedy,Comedy|Family,David Frankel,Owen Wilson,115.0,105-120 min,3.0,60000000.0,244082376.0,60767198.02855,247203367.961183,184082376.0,4.0680396,Profitable,True,6.8,820,6.381006650263453,1.462242,36,75
497,The Green Mile,1999,1999-12-10,12,1990s,Fantasy,Fantasy|Drama|Crime,Frank Darabont,Tom Hanks,189.0,> 150 min,5.0,60000000.0,284600000.0,78543170.7956593,372556440.140744,224600000.0,4.743333333333333,Profitable,True,8.0,2299,7.305835197048472,2.719461,33,48
11199,Wild Hogs,2007,2007-03-02,3,2000s,Action,Action|Adventure|Comedy,Walt Becker,Tim Allen,100.0,90-105 min,2.0,,253625427.0,,266729893.33241,,,Unknown,False,5.6,361,6.016294419181257,0.907749,17,12
9982,Chicken Little,2005,2005-11-04,11,2000s,Animation,Animation|Family|Comedy,Mark Dindal,Zach Braff,81.0,< 90 min,1.0,150000000.0,314432665.0,167484493.448174,351083970.807229,164432665.0,2.096217766666667,Profitable,True,5.6,542,5.97655532848361,1.766397,24,65
210577,Gone Girl,2014,2014-10-01,10,2010s,Mystery,Mystery|Thriller|Drama,David Fincher,Ben Affleck,145.0,120-150 min,4.0,61000000.0,369330363.0,56186554.097059,340186892.137474,308330363.0,6.054596114754099,Profitable,True,7.9,3720,7.426922322843022,6.438727,72,82
2501,The Bourne Identity,2002,2002-06-14,6,2000s,Action,Action|Drama|Mystery|Thriller,Doug Liman,Matt Damon,119.0,105-120 min,3.0,60000000.0,214034224.0,72735683.6172328,259465426.668732,154034224.0,3.567237066666667,Profitable,True,7.1,2601,6.766970887799998,3.628943,51,147
710,GoldenEye,1995,1995-11-16,11,1990s,Adventure,Adventure|Action|Thriller,Martin Campbell,Pierce Brosnan,130.0,120-150 min,4.0,58000000.0,352194034.0,82996078.292204,503977993.446744,294194034.0,6.072310931034483,Profitable,True,6.4,741,6.22373469444789,2.440099,20,46
2275,The General's Daughter,1999,1999-06-18,6,1990s,Crime,Crime|Drama|Mystery|Thriller,Simon West,John Travolta,116.0,105-120 min,3.0,60000000.0,149705852.0,78543170.7956593,195972871.712428,89705852.0,2.4950975333333334,Profitable,True,5.9,103,6.111211693320824,0.72669,16,23
37165,The Truman Show,1998,1998-06-04,6,1990s,Comedy,Comedy|Drama,Peter Weir,Jim Carrey,103.0,90-105 min,2.0,60000000.0,264118201.0,80261728.1446979,353309720.778811,204118201.0,4.401970016666667,Profitable,True,7.6,2392,7.067656111245768,4.18054,25,29
9837,The Prince of Egypt,1998,1998-12-15,12,1990s,Adventure,Adventure|Animation|Drama|Family|Music,"Simon Wells, Steve Hickner, Brenda Chapman",Val Kilmer,99.0,90-105 min,2.0,70000000.0,218613188.0,93638682.8354809,292437871.068362,148613188.0,3.1230455428571426,Profitable,True,6.7,432,6.2658006597266525,1.855981,22,27
10708,Daddy Day Care,2003,2003-05-03,5,2000s,Comedy,Comedy|Family,Steve Carr,Eddie Murphy,92.0,90-105 min,2.0,60000000.0,164433867.0,71121158.6869516,194912119.140268,104433867.0,2.74056445,Profitable,True,5.7,257,6.059118961168005,0.630566,52,32
136400,2 Guns,2013,2013-08-02,8,2010s,Action,Action|Crime|Drama|Comedy|Thriller,Baltasar Kormákur,Denzel Washington,109.0,105-120 min,3.0,61000000.0,131940411.0,57098034.5171659,123500625.270279,70940411.0,2.162957557377049,Profitable,True,6.6,1185,6.347897506336015,2.196946,44,33
10992,Cats & Dogs,2001,2001-07-04,7,2000s,Comedy,Comedy|Family,Lawrence Guterman,Jeff Goldblum,87.0,< 90 min,1.0,60000000.0,93375151.0,73889287.0016306,114990388.850993,33375151.0,1.5562525166666668,Profitable,True,5.0,182,5.993715616390712,1.134012,8,10
9654,The Italian Job,2003,2003-05-30,5,2000s,Thriller,Thriller|Action|Crime,F. Gary Gray,Mark Wahlberg,111.0,105-120 min,3.0,60000000.0,176070171.0,71121158.6869516,208705242.862161,116070171.0,2.93450285,Profitable,True,6.6,1295,6.358365693381817,1.798132,22,115
2642,Two Weeks Notice,2002,2002-12-19,12,2000s,Romance,Romance|Comedy,Marc Lawrence,Sandra Bullock,101.0,90-105 min,2.0,60000000.0,93354918.0,72735683.6172328,113170562.996011,33354918.0,1.5559153,Profitable,True,5.8,263,6.074050187581332,1.486895,26,7
8916,Antz,1998,1998-10-02,10,1990s,Adventure,Adventure|Animation|Comedy|Family,"Eric Darnell, Tim Johnson",Woody Allen,83.0,< 90 min,1.0,60000000.0,171757863.0,80261728.1446979,229759715.113671,111757863.0,2.86263105,Profitable,True,6.0,714,6.083335698630518,1.80704,18,66
19899,Couples Retreat,2009,2009-09-19,9,2000s,Comedy,Comedy|Romance,Peter Billingsley,Vince Vaughn,113.0,105-120 min,3.0,70000000.0,171844840.0,71148030.3887467,174663169.978133,101844840.0,2.4549262857142855,Profitable,True,5.3,372,5.948987056565537,1.232312,18,6
2119,Days of Thunder,1990,1990-06-27,6,1990s,Adventure,Adventure,Tony Scott,Tom Cruise,107.0,105-120 min,3.0,60000000.0,157920733.0,100133912.418874,263553680.789108,97920733.0,2.632012216666667,Profitable,True,5.8,198,6.085527065484037,1.0198,12,17
9641,Cheaper by the Dozen 2,2005,2005-12-21,12,2000s,Adventure,Adventure|Comedy|Family,Adam Shankman,Steve Martin,94.0,90-105 min,2.0,60000000.0,129181830.0,66993797.3792696,144239689.068387,69181830.0,2.1530305,Profitable,True,5.8,285,6.070371885997055,0.982784,22,11
294254,Maze Runner: The Scorch Trials,2015,2015-09-09,9,2010s,Action,Action|Science Fiction|Thriller,Wes Ball,Dylan O'Brien,132.0,120-150 min,4.0,61000000.0,311256926.0,56119975.3072108,286356245.923251,250256926.0,5.102572557377049,Profitable,True,6.4,1849,6.284707489100487,3.968891,37,99
38167,Eat Pray Love,2010,2010-08-12,8,2010s,Drama,Drama,Ryan Murphy,Julia Roberts,133.0,120-150 min,4.0,60000000.0,204594016.0,60000000.0,204594016.0,144594016.0,3.4099002666666665,Profitable,True,5.7,407,6.028531348780747,1.271623,19,16
5994,The Family Man,2000,2000-12-12,12,2000s,Comedy,Comedy|Drama|Romance|Fantasy,Brett Ratner,Nicolas Cage,125.0,120-150 min,4.0,60000000.0,124745083.0,75977526.8605883,157963714.90598,64745083.0,2.079084716666667,Profitable,True,6.4,301,6.176875450630035,0.911808,11,10
39514,RED,2010,2010-10-13,10,2010s,Action,Action|Adventure|Comedy|Crime|Thriller,Robert Schwentke,Bruce Willis,111.0,105-120 min,3.0,58000000.0,71664962.0,58000000.0,71664962.0,13664962.0,1.2356027931034483,Profitable,True,6.5,2064,6.3523438630636235,1.720825,29,13
9563,Any Given Sunday,1999,1999-12-16,12,1990s,Drama,Drama,Oliver Stone,Al Pacino,150.0,120-150 min,4.0,55000000.0,100230832.0,71997906.5626877,131207455.946117,45230832.0,1.8223787636363635,Profitable,True,6.8,231,6.225314843440649,0.322499,66,44
547,The Horse Whisperer,1998,1998-05-14,5,1990s,Drama,Drama|Romance,Robert Redford,Robert Redford,170.0,> 150 min,5.0,60000000.0,186883563.0,80261728.1446979,249993295.470309,126883563.0,3.11472605,Profitable,True,7.0,164,6.221557577457197,0.653163,21,26
1538,Collateral,2004,2004-08-04,8,2000s,Drama,Drama|Crime|Thriller,Michael Mann,Tom Cruise,120.0,105-120 min,3.0,65000000.0,217764291.0,75038950.9877896,251396983.988304,152764291.0,3.3502198615384615,Profitable,True,6.7,810,6.341641586958908,1.83193,20,142
9334,The Scorpion King,2002,2002-04-16,4,2000s,Action,Action|Fantasy|Adventure,Chuck Russell,Dwayne Johnson,92.0,90-105 min,2.0,60000000.0,165333180.0,72735683.6172328,200427031.198516,105333180.0,2.755553,Profitable,True,5.2,420,5.907754105370483,1.025158,18,22
11128,Ladder 49,2004,2004-10-01,10,2000s,Drama,Drama|Action|Thriller,Jay Russell,Joaquin Phoenix,115.0,105-120 min,3.0,60000000.0,74541707.0,69266723.9887289,86054330.740295,14541707.0,1.2423617833333334,Profitable,True,6.0,112,6.117554435807771,0.216459,10,101
75780,Jack Reacher,2012,2012-12-20,12,2010s,Crime,Crime|Drama|Thriller,Christopher McQuarrie,Tom Cruise,130.0,120-150 min,4.0,60000000.0,218340595.0,56984656.8811347,207367731.488296,158340595.0,3.6390099166666667,Profitable,True,6.2,2281,6.172910389903379,2.944554,47,35
8914,Deep Blue Sea,1999,1999-07-27,7,1990s,Horror,Horror|Action|Thriller|Science Fiction,Renny Harlin,Thomas Jane,105.0,90-105 min,2.0,60000000.0,73648228.0,78543170.7956593,96409422.5100276,13648228.0,1.2274704666666667,Profitable,True,5.5,336,6.002571775834431,1.139223,18,148
13576,This Is It,2009,2009-10-28,10,2000s,Music,Music|Documentary,Kenny Ortega,Michael Jackson,111.0,105-120 min,3.0,60000000.0,,60984026.0474972,,,,Unknown,False,6.6,156,6.176111885529285,0.405828,10,6
39538,Contagion,2011,2011-09-08,9,2010s,Drama,Drama|Thriller|Science Fiction,Steven Soderbergh,Matt Damon,106.0,105-120 min,3.0,60000000.0,135458097.0,58163882.5554883,131312814.084965,75458097.0,2.25763495,Profitable,True,6.1,852,6.116742921144904,1.045866,18,51
10628,Kangaroo Jack,2003,2003-01-17,1,2000s,Comedy,Comedy|Adventure|Crime,David McNally,Jerry O'Connell,89.0,< 90 min,1.0,,,,,,,Unknown,False,4.5,112,6.002964707958375,0.490786,7,19
14836,Coraline,2009,2009-02-05,2,2000s,Animation,Animation|Family,Henry Selick,Dakota Fanning,100.0,90-105 min,2.0,60000000.0,124596398.0,60984026.0474972,126639833.017605,64596398.0,2.0766066333333333,Profitable,True,7.1,711,6.462179341599812,1.75384,8,79
8645,The Happening,2008,2008-06-11,6,2000s,Thriller,Thriller|Science Fiction,M. Night Shyamalan,Mark Wahlberg,91.0,90-105 min,2.0,60000000.0,163403799.0,60767198.02855,165493183.540839,103403799.0,2.72339665,Profitable,True,4.8,490,5.774603632307236,0.642656,22,19
9509,Man on Fire,2004,2004-04-23,4,2000s,Action,Action|Drama|Thriller|Crime,Tony Scott,Denzel Washington,146.0,120-150 min,4.0,70000000.0,130293714.0,80811177.9868504,150416978.751739,60293714.0,1.8613387714285714,Profitable,True,7.3,1002,6.626011866362962,1.277711,12,147
10067,The Shaggy Dog,2006,2006-03-09,3,2000s,Comedy,Comedy|Family,Brian Robbins,Tim Allen,98.0,90-105 min,2.0,50000000.0,61112916.0,54083457.9145786,66103956.4104635,11112916.0,1.22225832,Profitable,True,4.6,73,6.049153218651652,0.56593,21,26
9384,Starsky & Hutch,2004,2004-03-05,3,2000s,Comedy,Comedy|Crime,Todd Phillips,Ben Stiller,101.0,90-105 min,2.0,60000000.0,170268750.0,69266723.9887289,196565975.169264,110268750.0,2.8378125,Profitable,True,5.5,368,5.993233005248112,0.679997,84,109
9279,Jingle All the Way,1996,1996-11-15,11,1990s,Comedy,Comedy|Family,Brian Levant,Arnold Schwarzenegger,89.0,< 90 min,1.0,60000000.0,129832389.0,83413004.3376152,180495160.446999,69832389.0,2.16387315,Profitable,True,5.5,306,6.011653851176298,1.294658,20,12
1487,Hellboy,2004,2004-04-02,4,2000s,Fantasy,Fantasy|Action|Science Fiction,Guillermo del Toro,Ron Perlman,122.0,120-150 min,4.0,66000000.0,99318987.0,76193396.3876018,114658347.656152,33318987.0,1.5048331363636365,Profitable,True,6.4,1314,6.2615893550983,2.361367,21,111
9422,A Civil Action,1998,1998-03-05,3,1990s,Drama,Drama,Steven Zaillian,John Travolta,115.0,105-120 min,3.0,70000000.0,56702901.0,93638682.8354809,75851213.7512953,-13297099.0,0.8100414428571429,Loss-making,True,6.0,48,6.122920304070875,0.488243,19,15
77174,ParaNorman,2012,2012-08-03,8,2010s,Family,Family|Animation|Adventure|Comedy,"Sam Fell, Chris Butler",Kodi Smit-McPhee,90.0,< 90 min,1.0,60000000.0,107139399.0,56984656.8811347,101755031.507766,47139399.0,1.78565665,Profitable,True,6.6,549,6.263646975113117,0.646413,21,73
4824,The Jackal,1997,1997-11-13,11,1990s,Action,Action|Thriller|Adventure|Crime,Michael Caton-Jones,Bruce Willis,124.0,120-150 min,4.0,60000000.0,159330280.0,81507619.2643258,216443863.325307,99330280.0,2.655504666666667,Profitable,True,6.0,295,6.1045094647612475,0.981422,50,92
9620,Paycheck,2003,2003-12-25,12,2000s,Action,Action|Adventure|Mystery|Science Fiction|Thriller,John Woo,Ben Affleck,119.0,105-120 min,3.0,60000000.0,96269812.0,71121158.6869516,114113676.266916,36269812.0,1.6044968666666666,Profitable,True,5.7,343,6.040920722607844,1.024891,46,102
9302,Up Close & Personal,1996,1996-03-01,3,1990s,Drama,Drama|Romance,Jon Avnet,Robert Redford,119.0,105-120 min,3.0,60000000.0,,83413004.3376152,,,,Unknown,False,5.2,19,6.114446550388008,0.311699,12,8
10199,The Tale of Despereaux,2008,2008-10-29,10,2000s,Animation,Animation|Comedy|Family,"Robert Stevenhagen, Sam Fell",Matthew Broderick,100.0,90-105 min,2.0,60000000.0,50877145.0,60767198.02855,51527692.4223709,-9122855.0,0.8479524166666667,Loss-making,True,5.7,174,6.078624800953977,0.6067,18,76
10771,The Tuxedo,2002,2002-09-27,9,2000s,Thriller,Thriller|Action|Comedy|Science Fiction,Kevin Donovan,Jackie Chan,98.0,90-105 min,2.0,,,,,,,Unknown,False,5.3,246,6.000091593236531,1.051233,15,36
3512,Under Siege 2: Dark Territory,1995,1995-07-13,7,1990s,Action,Action|Thriller,Geoff Murphy,Steven Seagal,100.0,90-105 min,2.0,60000000.0,104324083.0,85858012.0264179,149284306.214317,44324083.0,1.7387347166666667,Profitable,True,5.6,95,6.092710343204591,0.986266,12,20
137094,Jack Ryan: Shadow Recruit,2014,2014-01-15,1,2010s,Action,Action|Drama|Thriller,Kenneth Branagh,Chris Pine,105.0,90-105 min,2.0,60000000.0,50549107.0,55265463.0462875,46560330.0821889,-9450893.0,0.8424851166666667,Loss-making,True,5.9,873,6.03818713050055,2.141491,29,31
274479,Joy,2015,2015-12-24,12,2010s,Comedy,Comedy|Drama,David O. Russell,Jennifer Lawrence,124.0,120-150 min,4.0,60000000.0,101134059.0,55199975.7120106,93043293.3409509,41134059.0,1.68556765,Profitable,True,6.4,1001,6.243194156654823,2.793297,67,89
8078,Alien: Resurrection,1997,1997-11-12,11,1990s,Science Fiction,Science Fiction|Horror|Action,Jean-Pierre Jeunet,Sigourney Weaver,109.0,105-120 min,3.0,70000000.0,162000000.0,95092222.4750467,220070572.013679,92000000.0,2.3142857142857145,Profitable,True,5.9,712,6.04895530629581,2.064658,26,91
7485,Shooter,2007,2007-03-22,3,2000s,Action,Action|Drama|Mystery|Thriller|Crime,Antoine Fuqua,Mark Wahlberg,124.0,120-150 min,4.0,61000000.0,95696996.0,64151783.5405243,100641524.145416,34696996.0,1.568803213114754,Profitable,True,6.9,937,6.443300841664604,2.082325,16,10
170687,The Boxtrolls,2014,2014-09-10,9,2010s,Animation,Animation|Comedy|Family|Fantasy,"Anthony Stacchi, Graham Annable",Ben Kingsley,97.0,90-105 min,2.0,60000000.0,108255770.0,55265463.0462875,99713420.9413734,48255770.0,1.8042628333333333,Profitable,True,6.6,498,6.254385053905174,1.440084,18,74
6435,Practical Magic,1998,1998-10-16,10,1990s,Drama,Drama|Fantasy|Comedy,Griffin Dunne,Sandra Bullock,104.0,90-105 min,2.0,75000000.0,46683377.0,100327160.180872,62448141.8941741,-28316623.0,0.6224450266666667,Loss-making,True,6.2,185,6.1360188151112816,1.164656,11,35
137106,The Lego Movie,2014,2014-02-06,2,2010s,Adventure,Adventure|Fantasy|Animation|Comedy|Action,"Phil Lord, Christopher Miller",Chris Pratt,100.0,90-105 min,2.0,60000000.0,469160692.0,55265463.0462875,432139714.774945,409160692.0,7.8193448666666665,Profitable,True,7.5,2268,6.986816089654557,3.327799,35,82
10040,Miss Congeniality 2: Armed and Fabulous,2005,2005-03-11,3,2000s,Action,Action|Comedy,John Pasquin,Sandra Bullock,115.0,105-120 min,3.0,,,,,,,Unknown,False,5.3,248,5.99921762582721,0.685198,14,13
6278,Reign of Fire,2002,2002-07-12,7,2000s,Action,Action|Fantasy|Science Fiction|Thriller,Rob Bowman,Christian Bale,101.0,90-105 min,2.0,60000000.0,43061982.0,72735683.6172328,52202378.3113829,-16938018.0,0.7176997,Loss-making,True,5.9,352,6.080386002190829,0.573735999999999,15,122
82682,Gangster Squad,2013,2013-01-10,1,2010s,Crime,Crime|Drama|Action|Thriller,Ruben Fleischer,Josh Brolin,113.0,105-120 min,3.0,60000000.0,105200903.0,56162001.1644254,98471553.9464102,45200903.0,1.7533483833333334,Profitable,True,6.1,1352,6.113649369327731,1.212556,40,81
17610,Year One,2009,2009-06-18,6,2000s,Comedy,Comedy|Adventure,Harold Ramis,Jack Black,97.0,90-105 min,2.0,60000000.0,62357900.0,60984026.0474972,63380596.6311204,2357900.0,1.0392983333333334,Profitable,True,4.5,312,5.822547601187067,0.717595,24,12
22954,Invictus,2009,2009-12-10,12,2000s,Drama,Drama|History,Clint Eastwood,Morgan Freeman,134.0,120-150 min,4.0,60000000.0,122233971.0,60984026.0474972,124238661.189216,62233971.0,2.03723285,Profitable,True,6.9,675,6.3843312593454105,0.756385,46,37
16995,State of Play,2009,2009-04-17,4,2000s,Action,Action,Kevin Macdonald,Russell Crowe,127.0,120-150 min,4.0,60000000.0,87784194.0,60984026.0474972,89223892.8909091,27784194.0,1.4630699,Profitable,True,6.6,257,6.202685468523228,1.04373799999999,22,25
16558,Duplicity,2009,2009-03-19,3,2000s,Thriller,Thriller,Tony Gilroy,Clive Owen,125.0,120-150 min,4.0,78146652.0,60000000.0,79428291.0182116,60984026.0474972,-18146652.0,0.7677872111526928,Loss-making,True,5.5,124,6.074654325375666,0.508705,33,8
9849,My Favorite Martian,1999,1999-02-11,2,1990s,Comedy,Comedy|Drama|Family|Science Fiction,Donald Petrie,Jeff Daniels,94.0,90-105 min,2.0,65000000.0,36850101.0,85088435.0286309,48238729.6113382,-28149899.0,0.5669246307692307,Loss-making,True,5.2,43,6.0987377842228705,0.88284,8,6
5820,The Sentinel,2006,2006-04-19,4,2000s,Action,Action|Thriller|Crime,Clark Johnson,Michael Douglas,108.0,105-120 min,3.0,60000000.0,77920346.0,64900149.4974943,84284035.0716081,17920346.0,1.2986724333333333,Profitable,True,5.6,112,6.086997175047932,0.441629,15,25
16866,Planet 51,2009,2009-11-19,11,2000s,Science Fiction,Science Fiction|Animation|Family|Comedy|Adventure,"Jorge Blanco, Javier Abad, Marcos Martínez",Dwayne Johnson,91.0,90-105 min,2.0,70000000.0,104945765.0,71148030.3887467,106666921.105575,34945765.0,1.4992252142857143,Profitable,True,5.7,354,6.03872522588711,0.748763,18,15
201,Star Trek: Nemesis,2002,2002-12-12,12,2000s,Science Fiction,Science Fiction|Action|Adventure|Thriller,Stuart Baird,Patrick Stewart,117.0,105-120 min,3.0,60000000.0,67312826.0,72735683.6172328,81600740.2552974,7312826.0,1.1218804333333334,Profitable,True,6.1,291,6.1224524699639975,1.204615,18,19
11775,Intolerable Cruelty,2003,2003-09-02,9,2000s,Crime,Crime|Comedy|Romance,Joel Coen,George Clooney,100.0,90-105 min,2.0,60000000.0,119940815.0,71121158.6869516,142172162.277621,59940815.0,1.9990135833333333,Profitable,True,5.7,201,6.072051031019082,0.548852999999999,42,46
87825,Trouble with the Curve,2012,2012-09-21,9,2010s,Drama,Drama|Romance,Robert Lorenz,Clint Eastwood,111.0,105-120 min,3.0,,,,,,,Unknown,False,6.7,238,6.212892756948541,0.7202,46,19
12201,Edge of Darkness,2010,2010-01-29,1,2010s,Crime,Crime|Drama|Mystery|Thriller,Martin Campbell,Mel Gibson,117.0,105-120 min,3.0,80000000.0,74901339.0,80000000.0,74901339.0,-5098661.0,0.9362667375,Loss-making,True,6.0,276,6.105727598514062,0.3261,20,80
11015,The Relic,1997,1997-01-10,1,1990s,Horror,Horror|Thriller|Mystery,Peter Hyams,Penelope Ann Miller,110.0,105-120 min,3.0,60000000.0,33956608.0,81507619.2643258,46128704.6061993,-26043392.0,0.5659434666666666,Loss-making,True,5.7,57,6.110018112350488,0.636839,27,87
9932,Analyze That,2002,2002-12-06,12,2000s,Comedy,Comedy|Crime,Harold Ramis,Robert De Niro,96.0,90-105 min,2.0,,,,,,,Unknown,False,5.8,197,6.085711145856342,0.446326,10,15
13389,Righteous Kill,2008,2008-09-11,9,2000s,Action,Action|Adventure|Crime|Drama|Thriller,Jon Avnet,Robert De Niro,101.0,90-105 min,2.0,60000000.0,73174566.0,60767198.02855,74110222.3795867,13174566.0,1.2195761,Profitable,True,5.8,195,6.086080019584128,0.822759,33,2
8838,Mercury Rising,1998,1998-04-02,4,1990s,Action,Action|Crime|Drama|Thriller,Harold Becker,Bruce Willis,111.0,105-120 min,3.0,60000000.0,,80261728.1446979,,,,Unknown,False,5.9,199,6.098156305671092,0.536002,25,90
17332,The Soloist,2009,2009-04-24,4,2000s,Drama,Drama,Joe Wright,Robert Downey Jr.,109.0,105-120 min,3.0,60000000.0,31720158.0,60984026.0474972,32240382.3617121,-28279842.0,0.5286693,Loss-making,True,6.5,133,6.160612304712375,0.447106,12,21
4958,The Legend of Bagger Vance,2000,2000-11-02,11,2000s,Fantasy,Fantasy|Drama,Robert Redford,Matt Damon,126.0,120-150 min,4.0,80000000.0,39459427.0,101303369.147451,49967161.2465987,-40540573.0,0.4932428375,Loss-making,True,6.2,146,6.134355415197502,0.923632,13,34
786,Almost Famous,2000,2000-09-15,9,2000s,Drama,Drama|Music,Cameron Crowe,Kate Hudson,122.0,120-150 min,4.0,60000000.0,47383689.0,75977526.8605883,60001591.7291877,-12616311.0,0.78972815,Loss-making,True,7.3,454,6.421739150676275,0.736561999999999,45,16
9513,Garfield: A Tail of Two Kitties,2006,2006-06-15,6,2000s,Animation,Animation|Comedy|Family,Tim Hill,Bill Murray,78.0,< 90 min,1.0,,141702264.0,,153274968.62889,,,Unknown,False,5.2,260,5.977911256017454,1.207359,20,11
11679,xXx: State of the Union,2005,2005-04-27,4,2000s,Action,Action|Crime|Adventure,Lee Tamahori,Ice Cube,101.0,90-105 min,2.0,87000000.0,71073932.0,97141006.1999409,79358543.3225998,-15926068.0,0.8169417471264367,Loss-making,True,4.8,292,5.89183315614955,1.40558799999999,15,111
38321,Priest,2011,2011-05-05,5,2010s,Action,Action|Fantasy|Horror|Science Fiction|Thriller,Scott Stewart,Paul Bettany,87.0,< 90 min,1.0,60000000.0,78309131.0,58163882.5554883,75912718.3084392,18309131.0,1.3051521833333333,Profitable,True,5.3,439,5.924737358952525,1.344998,11,17
14411,Sinbad: Legend of the Seven Seas,2003,2003-07-02,7,2000s,Family,Family|Animation|Adventure,"Tim Johnson, Patrick Gilmore",Brad Pitt,86.0,< 90 min,1.0,60000000.0,26288320.0,71121158.6869516,31160929.6388894,-33711680.0,0.4381386666666667,Loss-making,True,6.3,196,6.149117191366862,1.072356,13,30
8413,Event Horizon,1997,1997-08-15,8,1990s,Horror,Horror|Science Fiction|Mystery,Paul W.S. Anderson,Laurence Fishburne,96.0,90-105 min,2.0,60000000.0,26673242.0,81507619.2643258,36234540.8913537,-33326758.0,0.4445540333333333,Loss-making,True,6.2,358,6.142483825908401,1.949225,15,59
10052,Dragonfly,2002,2002-02-22,2,2000s,Drama,Drama,Tom Shadyac,Kevin Costner,104.0,90-105 min,2.0,60000000.0,52322400.0,72735683.6172328,63428425.5415717,-7677600.0,0.87204,Loss-making,True,6.2,101,6.1323253098328445,0.281325,23,67
9676,The Black Dahlia,2006,2006-09-15,9,2000s,Drama,Drama,Brian De Palma,Josh Hartnett,121.0,120-150 min,4.0,50000000.0,49111202.0,54083457.9145786,53122072.5300274,-888798.0,0.98222404,Loss-making,True,5.8,151,6.094443265123761,0.838430999999999,19,72
9664,Flyboys,2006,2006-09-22,9,2000s,Action,Action|Adventure|Drama|History|Romance,Tony Bill,James Franco,140.0,120-150 min,4.0,60000000.0,17800000.0,64900149.4974943,19253711.0175899,-42200000.0,0.2966666666666667,Loss-making,True,6.1,179,6.124092726069906,0.435451,16,81
2100,The Last Castle,2001,2001-10-19,10,2000s,Action,Action|Drama|Thriller,Rod Lurie,Robert Redford,131.0,120-150 min,4.0,72000000.0,27642707.0,88667144.4019567,34041665.1837497,-44357293.0,0.38392648611111113,Loss-making,True,7.1,154,6.226607359152425,0.865406999999999,11,15
10384,Supernova,2000,2000-01-14,1,2000s,Science Fiction,Science Fiction,"Walter Hill, Jack Sholder",James Spader,91.0,90-105 min,2.0,90000000.0,14828081.0,113966290.290882,18776682.0411413,-75171919.0,0.16475645555555554,Loss-making,True,4.7,42,6.084339630640908,0.38535,12,59
137321,Winter's Tale,2014,2014-02-13,2,2010s,Drama,Drama|Fantasy|Mystery|Romance,Akiva Goldsman,Colin Farrell,118.0,105-120 min,3.0,60000000.0,30800231.0,55265463.0462875,28369817.1357936,-29199769.0,0.5133371833333333,Loss-making,True,5.9,327,6.083068561262134,0.92537,33,12
123553,The Mortal Instruments: City of Bones,2013,2013-08-21,8,2010s,Action,Action|Adventure|Drama|Mystery|Romance,Harald Zwart,Lily Collins,130.0,120-150 min,4.0,60000000.0,90565421.0,56162001.1644254,84772254.660978,30565421.0,1.5094236833333334,Profitable,True,6.2,1020,6.158521780185238,1.875017,22,12
11260,Meet Dave,2008,2008-07-08,7,2000s,Comedy,Comedy|Science Fiction|Adventure|Family,Brian Robbins,Eddie Murphy,90.0,< 90 min,1.0,60000000.0,50650079.0,60767198.02855,51297723.0125784,-9349921.0,0.8441679833333333,Loss-making,True,5.1,205,5.99220483505726,0.498026,16,38
9009,Dark Water,2005,2005-06-27,6,2000s,Drama,Drama|Horror|Thriller,Walter Salles,Jennifer Connelly,105.0,90-105 min,2.0,30000000.0,25473093.0,33496898.6896348,28442320.5177548,-4526907.0,0.8491031,Loss-making,True,5.2,113,6.055856150458573,0.177398,12,17
11374,Edtv,1999,1999-03-26,3,1990s,Comedy,Comedy,Ron Howard,Matthew McConaughey,122.0,120-150 min,4.0,80000000.0,,104724227.727545,,,,Unknown,False,5.4,69,6.0920150083183,0.740133,51,12
2309,Inkheart,2008,2008-12-11,12,2000s,Adventure,Adventure|Family|Fantasy,Iain Softley,Brendan Fraser,106.0,105-120 min,3.0,60000000.0,57490374.0,60767198.02855,58225482.35989,-2509626.0,0.9581729,Loss-making,True,5.8,302,6.067596496792326,1.380024,20,27
8285,The Spirit,2008,2008-12-25,12,2000s,Action,Action|Comedy|Thriller|Crime|Science Fiction,Frank Miller,Gabriel Macht,103.0,90-105 min,2.0,60000000.0,39031337.0,60767198.02855,39530416.4133012,-20968663.0,0.6505222833333333,Loss-making,True,4.6,205,5.926461778165463,0.66173,15,24
210860,Mortdecai,2015,2015-01-21,1,2010s,Comedy,Comedy|Adventure,David Koepp,Johnny Depp,106.0,105-120 min,3.0,60000000.0,30418560.0,55199975.7120106,27985062.8865723,-29581440.0,0.506976,Loss-making,True,5.3,696,5.846420446972232,2.575711,14,61
2312,In the Name of the King: A Dungeon Siege Tale,2007,2007-11-29,11,2000s,Adventure,Adventure|Fantasy|Action|Drama,Uwe Boll,Jason Statham,127.0,120-150 min,4.0,60000000.0,,63100114.9578927,,,,Unknown,False,4.2,135,5.952552923469057,0.761612,19,28
9839,Beyond Borders,2003,2003-10-23,10,2000s,Drama,Drama|Romance|Adventure|War,Martin Campbell,Angelina Jolie,127.0,120-150 min,4.0,35000000.0,,41487342.5673884,,,,Unknown,False,6.6,61,6.147654977272117,0.43362,50,31
13922,The Great Raid,2005,2005-08-12,8,2000s,Action,Action|Adventure|Drama|History|War,John Dahl,Benjamin Bratt,132.0,120-150 min,4.0,80000000.0,10166502.0,89325063.1723595,11351542.9173989,-69833498.0,0.127081275,Loss-making,True,6.5,53,6.141316579019098,0.538043,56,116
9713,Holy Man,1998,1998-10-08,10,1990s,Drama,Drama|Comedy,Stephen Herek,Eddie Murphy,114.0,105-120 min,3.0,60000000.0,,80261728.1446979,,,,Unknown,False,4.8,58,6.07276153129224,0.404482,5,7
190859,American Sniper,2014,2014-12-11,12,2010s,War,War|Action,Clint Eastwood,Bradley Cooper,134.0,120-150 min,4.0,58800000.0,542307423.0,54160153.7853618,499514514.092232,483507423.0,9.222915357142858,Profitable,True,7.5,3004,7.073483067928175,3.863074,81,74
257445,Goosebumps,2015,2015-08-05,8,2010s,Adventure,Adventure|Horror|Comedy,Rob Letterman,Jack Black,103.0,90-105 min,2.0,58000000.0,150170815.0,53359976.5216103,138157089.01088,92170815.0,2.589151982758621,Profitable,True,6.2,600,6.149606754177254,3.644541,54,26
9007,Just Like Heaven,2005,2005-09-16,9,2000s,Comedy,Comedy|Fantasy|Romance,Mark Waters,Reese Witherspoon,95.0,90-105 min,2.0,58000000.0,102854431.0,64760670.7999606,114843481.832901,44854431.0,1.7733522586206896,Profitable,True,6.5,304,6.195613387816038,1.102836,42,64
889,The Flintstones in Viva Rock Vegas,2000,2000-04-28,4,2000s,Science Fiction,Science Fiction|Comedy|Family|Romance,Brian Levant,Mark Addy,90.0,< 90 min,1.0,83000000.0,59468275.0,105102245.49048,75304207.6860892,-23531725.0,0.7164852409638555,Loss-making,True,4.4,55,6.05985846166899,0.632783,14,18
1370,Rambo III,1988,1988-05-24,5,1980s,Action,Action|Adventure|Thriller|War,Peter MacDonald,Sylvester Stallone,102.0,90-105 min,2.0,63000000.0,189015611.0,116165134.454689,348524188.34683,126015611.0,3.000247793650794,Profitable,True,5.7,385,6.032687343072723,1.183033,16,25
347969,The Ridiculous 6,2015,2015-12-11,12,2010s,Comedy,Comedy|Western,Frank Coraci,Adam Sandler,119.0,105-120 min,3.0,60000000.0,,55199975.7120106,,,,Unknown,False,4.8,252,5.919025314947869,0.913085,68,14
24438,Did You Hear About the Morgans?,2009,2009-12-17,12,2000s,Comedy,Comedy,Marc Lawrence,Hugh Grant,103.0,90-105 min,2.0,58000000.0,85280250.0,58951225.1792473,86678883.1222845,27280250.0,1.4703491379310345,Profitable,True,5.0,181,5.994362945956467,0.145905,16,12
116741,The Internship,2013,2013-06-07,6,2010s,Comedy,Comedy,Shawn Levy,Owen Wilson,119.0,105-120 min,3.0,58000000.0,44000000.0,54289934.4589446,41185467.5205786,-14000000.0,0.7586206896551724,Loss-making,True,6.1,1174,6.114610402411998,0.040858,117,20
35791,Resident Evil: Afterlife,2010,2010-09-09,9,2010s,Action,Action|Adventure|Horror|Science Fiction,Paul W.S. Anderson,Milla Jovovich,97.0,90-105 min,2.0,60000000.0,296221663.0,60000000.0,296221663.0,236221663.0,4.937027716666667,Profitable,True,5.8,882,5.998187271739981,0.131526,15,33
72431,Red Tails,2012,2012-01-19,1,2010s,Drama,Drama|Action|Adventure|History|War,Anthony Hemingway,Bryan Cranston,125.0,120-150 min,4.0,58000000.0,50365377.0,55085168.3184302,47834228.7838999,-7634623.0,0.8683685689655173,Loss-making,True,6.1,125,6.1249723198822075,0.627024,16,88
1813,The Devil's Advocate,1997,1997-10-17,10,1990s,Drama,Drama|Horror|Mystery|Thriller,Taylor Hackford,Keanu Reeves,144.0,120-150 min,4.0,57000000.0,152944660.0,77432238.3011095,207769251.929862,95944660.0,2.683239649122807,Profitable,True,6.9,717,6.394788546346277,1.272247,47,17
87428,That's My Boy,2012,2012-06-14,6,2010s,Comedy,Comedy,Sean Anders,Adam Sandler,116.0,105-120 min,3.0,70000000.0,58058367.0,66482099.6946572,55140602.0428999,-11941633.0,0.8294052428571429,Loss-making,True,5.6,297,6.032430839039291,1.020104,28,5
8840,DragonHeart,1996,1996-05-31,5,1990s,Fantasy,Fantasy,Rob Cohen,Dennis Quaid,103.0,90-105 min,2.0,57000000.0,115267375.0,79242354.1207344,160246634.181008,58267375.0,2.022234649122807,Profitable,True,6.1,273,6.122700853259033,1.108366,18,18
10589,After the Sunset,2004,2004-11-12,11,2000s,Action,Action|Comedy|Crime|Drama,Brett Ratner,Pierce Brosnan,97.0,90-105 min,2.0,60000000.0,61347797.0,69266723.9887289,70822682.0352595,1347797.0,1.0224632833333334,Profitable,True,6.0,139,6.115428677474899,0.986444,35,23
71676,Ghost Rider: Spirit of Vengeance,2011,2011-12-10,12,2010s,Action,Action|Fantasy|Thriller,"Brian Taylor, Mark Neveldine",Nicolas Cage,95.0,90-105 min,2.0,57000000.0,149217355.0,55255688.4277139,144651011.857676,92217355.0,2.6178483333333333,Profitable,True,4.7,752,5.617656596713249,1.481016,11,35
1722,Captain Corelli's Mandolin,2001,2001-08-17,8,2000s,Drama,Drama|History|Romance,John Madden,Nicolas Cage,131.0,120-150 min,4.0,57000000.0,62112895.0,70194822.651549,76491292.0859524,5112895.0,1.0896999122807018,Profitable,True,5.6,67,6.102418238222343,0.20688,13,12
10022,The Pacifier,2005,2005-03-04,3,2000s,Action,Action|Comedy|Drama|Family|Thriller,Adam Shankman,Vin Diesel,95.0,90-105 min,2.0,56000000.0,113006880.0,62527544.2206516,126179333.68639,57006880.0,2.01798,Profitable,True,5.8,493,6.039925590567794,2.07205,76,14
11358,Walking Tall,2004,2004-04-02,4,2000s,Adventure,Adventure|Drama|Action|Thriller,Kevin Bray,Dwayne Johnson,86.0,< 90 min,1.0,56000000.0,57223890.0,64648942.3894803,66061856.5698564,1223890.0,1.0218551785714285,Profitable,True,6.0,236,6.1083872450397925,0.779837,49,34
13,Forrest Gump,1994,1994-07-06,7,1990s,Comedy,Comedy|Drama|Romance,Robert Zemeckis,Tom Hanks,142.0,120-150 min,4.0,55000000.0,677945399.0,80911135.8878989,997333314.601179,622945399.0,12.326279981818182,Profitable,True,8.1,4856,7.6698517831174655,6.715966,66,93
6477,Alvin and the Chipmunks,2007,2007-12-13,12,2000s,Comedy,Comedy|Music|Family|Fantasy|Animation,Tim Hill,Jason Lee,92.0,90-105 min,2.0,60000000.0,361366633.0,63100114.9578927,380037934.737444,301366633.0,6.022777216666666,Profitable,True,5.6,704,5.946915387171552,1.748315,16,24
1597,Meet the Parents,2000,2000-10-05,10,2000s,Comedy,Comedy|Romance,Jay Roach,Ben Stiller,108.0,105-120 min,3.0,55000000.0,330444045.0,69646066.2888726,418438688.415149,275444045.0,6.008073545454545,Profitable,True,6.5,957,6.281617653211792,1.207663,19,84
10530,Pocahontas,1995,1995-06-14,6,1990s,Adventure,Adventure|Animation|Drama|Family,"Mike Gabriel, Eric Goldberg",Irene Bedard,81.0,< 90 min,1.0,55000000.0,346079773.0,78703177.6908831,495228688.538899,291079773.0,6.292359509090909,Profitable,True,6.6,795,6.3021481356557505,1.913274,16,31
1924,Superman,1978,1978-12-14,12,1970s,Adventure,Adventure|Fantasy|Action|Science Fiction,Richard Donner,Christopher Reeve,143.0,120-150 min,4.0,55000000.0,300218018.0,183848538.220272,1003538977.39431,245218018.0,5.458509418181818,Profitable,True,6.7,518,6.285746786142713,1.210324,92,19
9327,The Nutty Professor,1996,1996-06-26,6,1990s,Fantasy,Fantasy|Comedy|Romance|Science Fiction,Tom Shadyac,Eddie Murphy,95.0,90-105 min,2.0,54000000.0,128769345.0,75071703.9038537,179017298.883947,74769345.0,2.3846175,Profitable,True,5.4,334,5.983381647021962,1.10451,21,11
8488,Hitch,2005,2005-02-10,2,2000s,Comedy,Comedy|Drama|Romance,Andy Tennant,Will Smith,118.0,105-120 min,3.0,70000000.0,368100420.0,78159430.2758145,411007415.8784,298100420.0,5.258577428571429,Profitable,True,6.3,1010,6.201068718894197,1.72647,17,8
10603,George of the Jungle,1997,1997-07-15,7,1990s,Adventure,Adventure|Comedy|Family|Romance,Sam Weisman,Brendan Fraser,92.0,90-105 min,2.0,55000000.0,,74715317.6589653,,,,Unknown,False,5.2,262,5.976948554135124,0.879195,49,11
8273,American Wedding,2003,2003-08-01,8,2000s,Comedy,Comedy|Romance,Jesse Dylan,Jason Biggs,103.0,90-105 min,2.0,55000000.0,231449203.0,65194395.463039,274348924.908858,176449203.0,4.208167327272728,Profitable,True,6.0,662,6.08548512392132,2.182292,15,110
109424,Captain Phillips,2013,2013-10-10,10,2010s,Action,Action|Drama|Thriller,Paul Greengrass,Tom Hanks,134.0,120-150 min,4.0,55000000.0,95000000.0,51481834.4007233,88923168.5103403,40000000.0,1.7272727272727273,Profitable,True,7.7,1729,7.009259043929088,1.40572,17,85
35056,Date Night,2010,2010-04-08,4,2010s,Comedy,Comedy,Shawn Levy,Tina Fey,97.0,90-105 min,2.0,55000000.0,152263880.0,55000000.0,152263880.0,97263880.0,2.768434181818182,Profitable,True,5.9,781,6.044141519524974,1.618371,29,21
8839,Casper,1995,1995-05-26,5,1990s,Fantasy,Fantasy|Comedy|Family,Brad Silberling,Christina Ricci,100.0,90-105 min,2.0,50000000.0,287928194.0,71548343.3553482,412015705.719946,237928194.0,5.75856388,Profitable,True,5.9,561,6.060699993910382,1.27600499999999,34,22
156022,The Equalizer,2014,2014-09-24,9,2010s,Thriller,Thriller|Action|Crime,Antoine Fuqua,Denzel Washington,132.0,120-150 min,4.0,55000000.0,192330738.0,50660007.7924302,177154121.56007,137330738.0,3.496922509090909,Profitable,True,7.2,2100,6.779463987243499,4.145209,38,82
7303,Maid in Manhattan,2002,2002-12-12,12,2000s,Comedy,Comedy|Drama|Romance,Wayne Wang,Jennifer Lopez,105.0,90-105 min,2.0,55000000.0,154906693.0,66674376.64913,187787403.53733,99906693.0,2.8164853272727273,Profitable,True,5.7,281,6.053847812572793,1.809883,18,82
8963,Crimson Tide,1995,1995-05-12,5,1990s,Action,Action|Thriller|Drama,Tony Scott,Denzel Washington,116.0,105-120 min,3.0,53000000.0,157387195.0,75841243.9566692,225215861.351903,104387195.0,2.969569716981132,Profitable,True,6.8,295,6.24761782689817,0.788698999999999,18,32
1402,The Pursuit of Happyness,2006,2006-12-14,12,2000s,Drama,Drama,Gabriele Muccino,Will Smith,117.0,105-120 min,3.0,55000000.0,307077295.0,59491803.7060365,332156039.213103,252077295.0,5.583223545454546,Profitable,True,7.5,1392,6.823111524830768,0.890909,49,34
9315,Flightplan,2005,2005-09-22,9,2000s,Thriller,Thriller|Drama|Mystery,Robert Schwentke,Jodie Foster,98.0,90-105 min,2.0,55000000.0,223387299.0,61410980.9309971,249426057.438472,168387299.0,4.061587254545454,Profitable,True,6.0,427,6.096764111132319,0.719502,15,12
8984,Disclosure,1994,1994-12-09,12,1990s,Drama,Drama|Thriller|Crime|Mystery|Romance,Barry Levinson,Michael Douglas,123.0,120-150 min,4.0,55000000.0,214015089.0,80911135.8878989,314840071.784359,159015089.0,3.891183436363636,Profitable,True,5.8,107,6.103310217191002,0.86712,12,6
795,City of Angels,1998,1998-04-10,4,1990s,Drama,Drama|Fantasy|Romance,Brad Silberling,Nicolas Cage,114.0,105-120 min,3.0,55000000.0,198685114.0,73573250.7993064,265780176.771105,143685114.0,3.612456618181818,Profitable,True,6.4,323,6.179802372152987,1.001818,16,14
24,Kill Bill: Vol. 1,2003,2003-10-10,10,2000s,Action,Action|Crime,Quentin Tarantino,Uma Thurman,111.0,105-120 min,3.0,30000000.0,180949000.0,35560579.3434758,214488375.720753,150949000.0,6.031633333333334,Profitable,True,7.6,2932,7.1347254049923645,6.174132,36,161
11353,Bowfinger,1999,1999-08-12,8,1990s,Comedy,Comedy,Frank Oz,Steve Martin,97.0,90-105 min,2.0,55000000.0,,71997906.5626877,,,,Unknown,False,6.0,112,6.117554435807771,0.312306,43,136
393,Kill Bill: Vol. 2,2004,2004-04-16,4,2000s,Action,Action|Crime|Thriller,Quentin Tarantino,Uma Thurman,136.0,120-150 min,4.0,30000000.0,152159461.0,34633361.9943644,175659789.789346,122159461.0,5.071982033333334,Profitable,True,7.5,2346,6.997634268894833,4.535598,27,130
9618,Tango & Cash,1989,1989-12-22,12,1980s,Action,Action|Adventure|Comedy,"Andrei Konchalovsky, Albert Magnoli",Sylvester Stallone,104.0,90-105 min,2.0,55000000.0,63408614.0,96744171.6473791,111534797.031607,8408614.0,1.1528838909090908,Profitable,True,5.9,239,6.093180941772502,1.362379,16,7
9374,Death Becomes Her,1992,1992-07-30,7,1990s,Fantasy,Fantasy|Comedy,Robert Zemeckis,Meryl Streep,104.0,90-105 min,2.0,,,,,,,Unknown,False,6.1,334,6.121880551115321,1.221476,20,8
8584,Shanghai Noon,2000,2000-05-26,5,2000s,Adventure,Adventure|Action|Comedy|Western,Tom Dey,Jackie Chan,110.0,105-120 min,3.0,55000000.0,56932305.0,69646066.2888726,72092928.8728784,1932305.0,1.0351328181818182,Profitable,True,6.1,411,6.120926042908488,0.770457,22,13
2320,Executive Decision,1996,1996-03-15,3,1990s,Action,Action|Adventure|Drama|Thriller,Stuart Baird,Kurt Russell,133.0,120-150 min,4.0,55000000.0,121969216.0,76461920.6428139,169563645.721058,66969216.0,2.217622109090909,Profitable,True,5.5,128,6.073103406205905,1.000489,18,22
58224,Mr. Popper's Penguins,2011,2011-06-17,6,2010s,Comedy,Comedy|Family,Mark Waters,Jim Carrey,94.0,90-105 min,2.0,55000000.0,187361754.0,53316892.3425309,181628117.584104,132361754.0,3.4065773454545454,Profitable,True,5.7,465,6.018056488559052,1.825552,17,10
1729,The Forbidden Kingdom,2008,2008-04-18,4,2000s,Action,Action|Adventure|Fantasy,Rob Minkoff,Jackie Chan,104.0,90-105 min,2.0,55000000.0,127906624.0,55703264.8595042,129542119.162854,72906624.0,2.325574981818182,Profitable,True,6.2,243,6.138342344460443,0.826564,15,25
175574,Free Birds,2013,2013-10-30,10,2010s,Animation,Animation|Comedy|Family,Jimmy Hayward,Owen Wilson,91.0,90-105 min,2.0,55000000.0,110000000.0,51481834.4007233,102963668.801446,55000000.0,2.0,Profitable,True,5.8,185,6.087938768330695,0.732485,17,13
8077,Alien³,1992,1992-05-22,5,1990s,Science Fiction,Science Fiction|Action|Horror,David Fincher,Sigourney Weaver,114.0,105-120 min,3.0,50000000.0,159773545.0,77701212.7294478,248291964.17166,109773545.0,3.1954709,Profitable,True,6.0,850,6.0781936202249325,1.919148,25,47
8818,Evita,1996,1996-12-14,12,1990s,History,History|Drama|Music,Alan Parker,Madonna,134.0,120-150 min,4.0,55000000.0,141047179.0,76461920.6428139,196086149.228923,86047179.0,2.564494163636364,Profitable,True,5.9,59,6.117788237448003,0.576743999999999,12,9
8195,Ronin,1998,1998-09-12,9,1990s,Action,Action|Thriller|Crime|Adventure,John Frankenheimer,Robert De Niro,122.0,120-150 min,4.0,55000000.0,41610884.0,73573250.7993064,55662690.9911427,-13389116.0,0.7565615272727273,Loss-making,True,6.6,363,6.227212485200497,1.46043,33,75
10586,The Ghost and the Darkness,1996,1996-10-11,10,1990s,Adventure,Adventure,Stephen Hopkins,Michael Douglas,109.0,105-120 min,3.0,50000000.0,75000000.0,69510836.9480127,104266255.422019,25000000.0,1.5,Profitable,True,6.3,104,6.139597118399132,0.435293,15,11
116149,Paddington,2014,2014-11-27,11,2010s,Comedy,Comedy,Paul King,Nicole Kidman,95.0,90-105 min,2.0,55000000.0,259207227.0,50660007.7924302,238753457.084986,204207227.0,4.712858672727273,Profitable,True,7.1,606,6.428012120982487,2.721864,68,8
80035,The Watch,2012,2012-07-26,7,2010s,Comedy,Comedy,Akiva Schaffer,Ben Stiller,98.0,90-105 min,2.0,68000000.0,68267862.0,64582611.1319527,64837011.5346442,267862.0,1.0039391470588235,Profitable,True,5.3,584,5.877997295463481,1.116305,19,14
10632,The Hunted,2003,2003-03-11,3,2000s,Drama,Drama|Action|Thriller|Crime,William Friedkin,Tommy Lee Jones,94.0,90-105 min,2.0,55000000.0,34234008.0,65194395.463039,40579371.9243062,-20765992.0,0.6224365090909091,Loss-making,True,5.8,90,6.106880796577642,0.543482999999999,5,53
12117,Instinct,1999,1999-06-04,6,1990s,Drama,Drama|Mystery|Thriller,Jon Turteltaub,Anthony Hopkins,126.0,120-150 min,4.0,80.0,,104.724227727545,,,,Unknown,False,6.3,74,6.136227545926596,0.598565,27,40
1792,Stuck on You,2003,2003-12-10,12,2000s,Comedy,Comedy,"Bobby Farrelly, Peter Farrelly",Matt Damon,118.0,105-120 min,3.0,55000000.0,33828318.0,65194395.463039,40098486.2098443,-21171682.0,0.6150603272727273,Loss-making,True,4.8,104,6.032608571660225,0.349751,40,14
13260,Semi-Pro,2008,2008-02-28,2,2000s,Comedy,Comedy,Kent Alterman,Will Ferrell,91.0,90-105 min,2.0,,33472850.0,,33900855.0754991,,,Unknown,False,5.3,136,6.051772738969045,0.25588,16,3
72197,The Pirates! In an Adventure with Scientists!,2012,2012-03-12,3,2010s,Animation,Animation|Adventure|Family|Comedy,"Peter Lord, Jeff Newitt",Hugh Grant,88.0,< 90 min,1.0,60000000.0,118338361.0,56984656.8811347,112391181.624347,58338361.0,1.9723060166666666,Profitable,True,6.4,262,6.171490971064769,1.113113,13,57
3580,Changeling,2008,2008-01-30,1,2000s,Crime,Crime|Drama|Mystery,Clint Eastwood,Angelina Jolie,141.0,120-150 min,4.0,55000000.0,113020255.0,55703264.8595042,114465403.613703,58020255.0,2.0549137272727274,Profitable,True,7.1,642,6.440131535663429,1.043504,74,32
12123,Chain Reaction,1996,1996-08-02,8,1990s,Adventure,Adventure,Andrew Davis,Keanu Reeves,107.0,105-120 min,3.0,50000000.0,60209334.0,69510836.9480127,83704023.9684487,10209334.0,1.20418668,Profitable,True,5.3,153,6.043292786369699,1.04502,75,23
9566,The Fan,1996,1996-08-15,8,1990s,Drama,Drama|Mystery|Thriller,Tony Scott,Robert De Niro,116.0,105-120 min,3.0,55000000.0,18626419.0,76461920.6428139,25894759.4806873,-36373581.0,0.33866216363636364,Loss-making,True,5.6,103,6.090005187247115,0.79243,10,21
9833,The Phantom of the Opera,2004,2004-12-08,12,2000s,Thriller,Thriller|Drama|Romance,Joel Schumacher,Gerard Butler,143.0,120-150 min,4.0,70000000.0,154648887.0,80811177.9868504,178533696.183218,84648887.0,2.2092698142857143,Profitable,True,6.8,280,6.242547309428905,0.589983,9,22
4517,Elizabeth: The Golden Age,2007,2007-09-09,9,2000s,Drama,Drama|History|Romance,Shekhar Kapur,Cate Blanchett,114.0,105-120 min,3.0,25000000.0,74237563.0,26291714.5657886,78073312.6582301,49237563.0,2.96950252,Profitable,True,6.4,149,6.154312127162379,0.756472,22,71
8202,Æon Flux,2005,2005-11-30,11,2000s,Action,Action|Science Fiction,Karyn Kusama,Charlize Theron,93.0,90-105 min,2.0,62000000.0,52304001.0,69226923.9585786,58400727.4186519,-9695999.0,0.8436129193548387,Loss-making,True,5.3,408,5.935728141613855,2.220063,52,21
16072,Gods and Generals,2003,2003-02-21,2,2000s,Drama,Drama|History|War,Ronald F. Maxwell,Stephen Lang,214.0,> 150 min,5.0,56000000.0,12923936.0,66379748.1078215,15319421.7186001,-43076064.0,0.23078457142857142,Loss-making,True,5.8,23,6.121811457655778,0.469518,21,72
34314,Turbulence,1997,1997-01-09,1,1990s,Action,Action|Thriller|Crime,Robert Butler,Ray Liotta,100.0,90-105 min,2.0,55000000.0,11466088.0,74715317.6589653,15576225.5859209,-43533912.0,0.20847432727272727,Loss-making,True,5.3,23,6.1134605753669105,0.364359,45,32
19724,Imagine That,2009,2009-06-19,6,2000s,Comedy,Comedy|Drama|Family|Fantasy,Karey Kirkpatrick,Eddie Murphy,107.0,105-120 min,3.0,55000000.0,,55902023.8768724,,,,Unknown,False,5.7,77,6.10428800107454,0.336167,21,11
145220,Muppets Most Wanted,2014,2014-03-20,3,2010s,Comedy,Comedy|Adventure|Crime|Family,James Bobin,Ricky Gervais,112.0,105-120 min,3.0,50000000.0,80383113.0,46054552.5385729,74040166.0174509,30383113.0,1.60766226,Profitable,True,6.2,222,6.137520816152384,0.574398,66,7
14623,Thunderbirds,2004,2004-07-23,7,2000s,Action,Action|Adventure|Comedy|Family|Fantasy,Jonathan Frakes,Brady Corbet,95.0,90-105 min,2.0,57000000.0,28283637.0,65803387.7892924,32651914.6246066,-28716363.0,0.4962041578947368,Loss-making,True,4.4,50,6.065769217532778,0.976399,28,20
42297,Burlesque,2010,2010-11-23,11,2010s,Drama,Drama|Romance,Steve Antin,Cher,119.0,105-120 min,3.0,55000000.0,89519773.0,55000000.0,89519773.0,34519773.0,1.6276322363636364,Profitable,True,6.8,341,6.262607845164164,0.912122,33,19
2841,A Very Long Engagement,2004,2004-10-26,10,2000s,War,War|Drama|Mystery|Romance,Jean-Pierre Jeunet,Audrey Tautou,133.0,120-150 min,4.0,47000000.0,,54258933.7911709,,,,Unknown,False,6.9,195,6.2245475168406,0.756105,69,8
802,Lolita,1962,1962-06-13,6,1960s,Drama,Drama|Romance,Stanley Kubrick,James Mason,153.0,> 150 min,5.0,2000000.0,,14416897.7575236,,,,Unknown,False,6.9,168,6.212565901279661,0.823779,11,9
10375,D-Tox,2002,2002-01-04,1,2000s,Action,Action|Thriller,Jim Gillespie,Sylvester Stallone,96.0,90-105 min,2.0,55000000.0,6416302.0,66674376.64913,7778235.2044103,-48583698.0,0.11666003636363637,Loss-making,True,5.8,60,6.113391244139574,1.039674,12,15
36586,Blade II,2002,2002-03-22,3,2000s,Science Fiction,Science Fiction|Horror|Action|Thriller,Guillermo del Toro,Wesley Snipes,117.0,105-120 min,3.0,54000000.0,155010032.0,65462115.2555095,187912677.417485,101010032.0,2.870556148148148,Profitable,True,6.1,961,6.1159546275917975,1.778527,48,167
11321,Seven Pounds,2008,2008-12-18,12,2000s,Drama,Drama,Gabriele Muccino,Will Smith,123.0,120-150 min,4.0,55000000.0,168167691.0,55703264.8595042,170317989.68335,113167691.0,3.057594381818182,Profitable,True,7.4,1235,6.73436582532068,1.531599,17,21
70074,Bullet to the Head,2013,2013-01-31,1,2010s,Action,Action|Crime|Thriller,Walter Hill,Sylvester Stallone,92.0,90-105 min,2.0,55000000.0,9489829.0,51481834.4007233,8882796.45580331,-45510171.0,0.17254234545454544,Loss-making,True,5.2,347,5.938126246744914,1.319947,19,84
242,The Godfather: Part III,1990,1990-12-24,12,1990s,Drama,Drama|Action|Thriller|Crime,Francis Ford Coppola,Al Pacino,162.0,> 150 min,5.0,54000000.0,136766062.0,90120521.1769873,228248681.236373,82766062.0,2.532704851851852,Profitable,True,6.9,880,6.4316487884775855,1.761161,38,24
9621,Elizabethtown,2005,2005-09-03,9,2000s,Comedy,Comedy|Drama|Romance,Cameron Crowe,Orlando Bloom,123.0,120-150 min,4.0,57000000.0,52034889.0,63644107.5103061,58100246.8386464,-4965111.0,0.9128927894736842,Loss-making,True,6.0,192,6.1114718054057136,1.08379,13,6
1819,"You, Me and Dupree",2006,2006-07-14,7,2000s,Comedy,Comedy|Romance,"Anthony Russo, Joe Russo",Kate Hudson,108.0,105-120 min,3.0,54000000.0,130431368.0,58410134.5477449,141083588.039378,76431368.0,2.4153957037037035,Profitable,True,5.3,242,6.001846098826999,0.780687,14,17
8536,Superman II,1980,1980-12-04,12,1980s,Action,Action|Adventure|Fantasy|Science Fiction,Richard Lester,Gene Hackman,127.0,120-150 min,4.0,54000000.0,108185706.0,142885984.657749,286263354.216737,54185706.0,2.003439,Profitable,True,6.3,319,6.1602095262314105,1.285924,50,60
8046,Gigli,2003,2003-08-01,8,2000s,Drama,Drama,Martin Brest,Ben Affleck,121.0,120-150 min,4.0,54000000.0,7266209.0,64009042.8182565,8613020.0556926,-46733791.0,0.13455942592592593,Loss-making,True,3.8,48,6.04760470603935,0.470814,18,27
1717,All the King's Men,2006,2006-09-10,9,2000s,Drama,Drama|Thriller,Steven Zaillian,Sean Penn,125.0,120-150 min,4.0,55000000.0,9450897.0,59491803.7060365,10222743.8030903,-45549103.0,0.17183449090909092,Loss-making,True,5.4,51,6.100880050058909,0.928134,12,23
479,Shaft,2000,2000-06-15,6,2000s,Action,Action|Adventure|Crime|Thriller,John Singleton,Samuel L. Jackson,99.0,90-105 min,2.0,46000000.0,107196498.0,58249437.2597843,135742080.1026,61196498.0,2.330358652173913,Profitable,True,5.3,182,6.029260177291695,0.664636,12,16
9444,Anastasia,1997,1997-11-20,11,1990s,Animation,Animation|Family,"Gary Goldman, Don Bluth",Meg Ryan,94.0,90-105 min,2.0,53000000.0,139804348.0,71998397.0168211,189918659.471355,86804348.0,2.637817886792453,Profitable,True,7.2,806,6.527543427775461,1.929641,12,63
824,Moulin Rouge!,2001,2001-03-09,3,2000s,Romance,Romance|Drama|Music,Baz Luhrmann,Nicole Kidman,127.0,120-150 min,4.0,52500000.0,179213434.0,64653126.1264267,220699214.322896,126713434.0,3.413589219047619,Profitable,True,7.2,714,6.497629011332998,1.925281,100,19
11456,Domestic Disturbance,2001,2001-10-30,10,2000s,Mystery,Mystery|Thriller|Crime,Harold Becker,John Travolta,89.0,< 90 min,1.0,75000000.0,54249294.0,92361608.7520382,66807360.9000306,-20750706.0,0.72332392,Loss-making,True,5.4,50,6.101379216820578,0.323191,9,8
261023,Black Mass,2015,2015-09-04,9,2010s,Crime,Crime|Drama,Scott Cooper,Johnny Depp,122.0,120-150 min,4.0,53000000.0,99775678.0,48759978.5456094,91793583.3708233,46775678.0,1.882559962264151,Profitable,True,6.3,848,6.193790726278449,1.48324599999999,65,79
3683,Flags of Our Fathers,2006,2006-10-19,10,2000s,War,War|Drama|History,Clint Eastwood,Ryan Phillippe,132.0,120-150 min,4.0,90000000.0,65900249.0,97350224.2462415,71282266.867035,-24099751.0,0.7322249888888889,Loss-making,True,6.7,308,6.233407471474504,1.103135,28,60
22803,Law Abiding Citizen,2009,2009-10-15,10,2000s,Drama,Drama|Crime|Thriller,F. Gary Gray,Jamie Foxx,109.0,105-120 min,3.0,53000000.0,126690726.0,53869223.0086225,128768508.906005,73690726.0,2.3903910566037734,Profitable,True,7.2,900,6.555586069090889,1.542135,20,46
285923,Grindhouse,2007,2007-04-06,4,2000s,Thriller,Thriller|Action|Horror,"Robert Rodriguez, Quentin Tarantino, Edgar Wright, Eli Roth, Rob Zombie, Jason Eisener",Kurt Russell,191.0,> 150 min,5.0,67000000.0,25037897.0,70461795.0363136,26331569.6500646,-41962103.0,0.3736999552238806,Loss-making,True,6.5,197,6.174615794170442,0.906938,32,54
1950,Lucky You,2007,2007-05-01,5,2000s,Drama,Drama|Romance,Curtis Hanson,Eric Bana,124.0,120-150 min,4.0,,5761917.0,,6059627.08463061,,,Unknown,False,5.5,43,6.107971196290726,0.581322999999999,8,48
640,Catch Me If You Can,2002,2002-12-25,12,2000s,Drama,Drama|Crime,Steven Spielberg,Leonardo DiCaprio,141.0,120-150 min,4.0,52000000.0,352114312.0,63037592.4682684,426854586.57886,300114312.0,6.771429076923077,Profitable,True,7.6,2277,7.050796331232345,2.973115,123,103
97630,Zero Dark Thirty,2012,2012-12-19,12,2010s,Thriller,Thriller|Drama|History,Kathryn Bigelow,Jessica Chastain,157.0,> 150 min,5.0,40000000.0,132820716.0,37989771.2540898,126145715.46611,92820716.0,3.3205179,Profitable,True,6.5,1240,6.30544179420137,1.554441,31,19
9767,The Break-Up,2006,2006-06-01,6,2000s,Romance,Romance|Comedy,Peyton Reed,Vince Vaughn,106.0,105-120 min,3.0,52000000.0,204999686.0,56246796.2311617,221741837.805656,152999686.0,3.9423016538461537,Profitable,True,5.5,520,5.953229047723053,1.76935,16,18
11631,Mamma Mia!,2008,2008-06-30,6,2000s,Comedy,Comedy|Romance,Phyllida Lloyd,Meryl Streep,108.0,105-120 min,3.0,52000000.0,609841637.0,52664904.9580767,617639458.693902,557841637.0,11.727723788461539,Profitable,True,6.2,805,6.154391440108274,2.543535,26,14
32856,Valentine's Day,2010,2010-02-10,2,2010s,Comedy,Comedy|Romance,Garry Marshall,Jessica Alba,125.0,120-150 min,4.0,52000000.0,216485654.0,52000000.0,216485654.0,164485654.0,4.163185653846154,Profitable,True,5.6,675,5.951873519460733,1.145806,23,14
6519,The Dukes of Hazzard,2005,2005-08-05,8,2000s,Action,Action|Adventure|Comedy,Jay Chandrasekhar,Johnny Knoxville,104.0,90-105 min,2.0,50000000.0,110803676.0,55828164.4827247,123719316.98037,60803676.0,2.21607352,Profitable,True,5.2,185,6.0158186981598165,0.885834,22,72
8741,The Thin Red Line,1998,1998-12-25,12,1990s,Drama,Drama|History|War,Terrence Malick,Sean Penn,170.0,> 150 min,5.0,52000000.0,98126565.0,69560164.3920715,131263461.396717,46126565.0,1.887049326923077,Profitable,True,6.8,413,6.284503739651278,0.992143,26,20
49520,The Change-Up,2011,2011-08-05,8,2010s,Comedy,Comedy,David Dobkin,Olivia Wilde,112.0,105-120 min,3.0,52000000.0,75450437.0,50408698.2147565,73141505.9404712,23450437.0,1.4509699423076923,Profitable,True,5.9,440,6.071538129612493,1.493933,19,41
1850,Man on the Moon,1999,1999-12-22,12,1990s,Comedy,Comedy|Drama|Romance,Miloš Forman,Jim Carrey,118.0,105-120 min,3.0,82000000.0,47434430.0,107342333.420734,62094175.6180791,-34565570.0,0.5784686585365854,Loss-making,True,6.6,226,6.194890550178958,0.581756,17,19
524,Casino,1995,1995-11-22,11,1990s,Drama,Drama|Crime,Martin Scorsese,Robert De Niro,178.0,> 150 min,5.0,52000000.0,116112375.0,74410277.0895622,166152961.486099,64112375.0,2.2329302884615383,Profitable,True,7.6,699,6.628681777963943,1.552666,45,10
26389,From Paris with Love,2010,2010-02-05,2,2010s,Action,Action|Crime|Thriller,Pierre Morel,John Travolta,92.0,90-105 min,2.0,52000000.0,52615806.0,52000000.0,52615806.0,615806.0,1.0118424230769232,Profitable,True,6.1,432,6.120680005787903,1.107689,25,67
11817,Bulletproof Monk,2003,2003-03-28,3,2000s,Action,Action|Comedy|Fantasy,Paul Hunter,Seann William Scott,104.0,90-105 min,2.0,52000000.0,,61638337.5286914,,,,Unknown,False,5.0,156,6.0108248184476345,0.576335,15,11
2123,"Me, Myself & Irene",2000,2000-06-22,6,2000s,Comedy,Comedy,"Bobby Farrelly, Peter Farrelly",Jim Carrey,116.0,105-120 min,3.0,51000000.0,149270999.0,64580897.8315,189020688.933822,98270999.0,2.9268823333333334,Profitable,True,5.9,521,6.064128077616006,0.78353,16,103
9907,Barnyard,2006,2006-08-04,8,2000s,Animation,Animation|Comedy|Family,Steve Oedekerk,Courteney Cox,90.0,< 90 min,1.0,51000000.0,72779000.0,55165127.0728702,78722799.6713023,21779000.0,1.4270392156862746,Profitable,True,5.3,124,6.057876028913992,0.674705,20,20
9969,Deck the Halls,2006,2006-11-22,11,2000s,Comedy,Comedy|Family,John Whitesell,Danny DeVito,93.0,90-105 min,2.0,,47231070.0,,51088391.7321103,,,Unknown,False,5.1,63,6.081607902291844,0.866667,21,20
18239,The Twilight Saga: New Moon,2009,2009-03-15,3,2000s,Adventure,Adventure|Fantasy|Drama|Romance,Chris Weitz,Kristen Stewart,130.0,120-150 min,4.0,50000000.0,709827462.0,50820021.7062476,721468940.530613,659827462.0,14.19654924,Profitable,True,5.6,1388,5.8603794749782185,1.971027,37,26
808,Shrek,2001,2001-05-16,5,2000s,Adventure,Adventure|Animation|Comedy|Family|Fantasy,"Andrew Adamson, Vicky Jenson",Mike Myers,90.0,< 90 min,1.0,60000000.0,484409218.0,73889287.0016306,596544195.583957,424409218.0,8.073486966666668,Profitable,True,7.1,2284,6.737952931018326,2.918566,29,76
38050,The Adjustment Bureau,2011,2011-03-03,3,2010s,Thriller,Thriller|Romance|Fantasy,George Nolfi,Matt Damon,106.0,105-120 min,3.0,50200000.0,127869379.0,48663781.7380919,123956325.709987,77669379.0,2.5471987848605577,Profitable,True,6.4,1097,6.249335628223154,1.241191,20,64
8367,Robin Hood: Prince of Thieves,1991,1991-06-14,6,1990s,Adventure,Adventure|Drama|Action|Romance,Kevin Reynolds,Kevin Costner,143.0,120-150 min,4.0,48000000.0,390493908.0,76852456.412649,625217000.916145,342493908.0,8.13528975,Profitable,True,6.5,518,6.230407861939947,1.606765,35,9
9390,Jerry Maguire,1996,1996-12-06,12,1990s,Comedy,Comedy|Drama|Romance,Cameron Crowe,Tom Cruise,139.0,120-150 min,4.0,50000000.0,273552592.0,69510836.9480127,380297392.384364,223552592.0,5.47105184,Profitable,True,6.5,561,6.2364610507742535,1.117552,23,9
72105,Ted,2012,2012-06-29,6,2010s,Comedy,Comedy|Fantasy,Seth MacFarlane,Mark Wahlberg,106.0,105-120 min,3.0,50000000.0,549368315.0,47487214.0676122,521759415.527369,499368315.0,10.9873663,Profitable,True,6.4,3199,6.318891866714497,2.990114,50,83
2898,As Good as It Gets,1997,1997-12-19,12,1990s,Comedy,Comedy|Romance,James L. Brooks,Jack Nicholson,139.0,120-150 min,4.0,50000000.0,314178011.0,67923016.0536048,426798361.696852,264178011.0,6.28356022,Profitable,True,7.0,480,6.355676657945462,0.855087,56,35
10312,Patch Adams,1998,1998-12-25,12,1990s,Comedy,Comedy|Drama,Tom Shadyac,Robin Williams,115.0,105-120 min,3.0,50000000.0,202292902.0,66884773.4539149,270606298.4321,152292902.0,4.04585804,Profitable,True,6.9,483,6.3304374058776185,0.792566,28,54
109443,Anchorman 2: The Legend Continues,2013,2013-12-18,12,2010s,Comedy,Comedy,Adam McKay,Will Ferrell,119.0,105-120 min,3.0,50000000.0,173649015.0,46801667.6370212,162541269.710522,123649015.0,3.4729803,Profitable,True,6.0,639,6.086471606210312,1.108437,27,8
2022,Mr. Deeds,2002,2002-06-28,6,2000s,Comedy,Comedy|Romance,Steven Brill,Adam Sandler,96.0,90-105 min,2.0,50000000.0,171269535.0,60613069.6810273,207623445.183843,121269535.0,3.4253907,Profitable,True,5.7,379,6.033839108151735,1.525009,13,12
37686,Super 8,2011,2011-06-08,6,2010s,Thriller,Thriller|Science Fiction|Mystery,J.J. Abrams,Joel Courtney,112.0,105-120 min,3.0,50000000.0,260095987.0,48469902.1295736,252136540.683697,210095987.0,5.20191974,Profitable,True,6.6,1527,6.377823247488033,2.026717,24,18
462,Erin Brockovich,2000,2000-03-13,3,2000s,Drama,Drama,Steven Soderbergh,Julia Roberts,131.0,120-150 min,4.0,52000000.0,256271286.0,65847189.9458432,324514308.594375,204271286.0,4.928293961538461,Profitable,True,6.9,406,6.305520458120432,1.208034,10,98
9919,How to Lose a Guy in 10 Days,2003,2003-02-07,2,2000s,Comedy,Comedy|Romance,Donald Petrie,Kate Hudson,116.0,105-120 min,3.0,50000000.0,177371441.0,59267632.2391264,210247706.698238,127371441.0,3.54742882,Profitable,True,6.2,499,6.14686015775607,1.209598,22,11
187017,22 Jump Street,2014,2014-06-05,6,2010s,Crime,Crime|Comedy|Action,"Phil Lord, Christopher Miller",Jonah Hill,112.0,105-120 min,3.0,50000000.0,188441614.0,46054552.5385729,173571884.248329,138441614.0,3.76883228,Profitable,True,7.0,2416,6.686545863064049,2.805019,25,34
628,Interview with the Vampire,1994,1994-11-11,11,1990s,Horror,Horror|Romance,Neil Jordan,Brad Pitt,123.0,120-150 min,4.0,60000000.0,223664608.0,88266693.6958897,329035590.74912,163664608.0,3.7277434666666664,Profitable,True,7.0,829,6.458681030799218,2.06444,15,18
10201,Yes Man,2008,2008-12-09,12,2000s,Comedy,Comedy|Romance,Peyton Reed,Jim Carrey,104.0,90-105 min,2.0,70000000.0,225990978.0,70895064.3666417,228880641.879861,155990978.0,3.228442542857143,Profitable,True,6.3,1032,6.20198087185691,1.462377,20,39
9441,Stepmom,1998,1998-12-25,12,1990s,Drama,Drama|Romance,Chris Columbus,Julia Roberts,124.0,120-150 min,4.0,,,,,,,Unknown,False,6.9,160,6.208933728510517,0.673188,10,36
274167,Daddy's Home,2015,2015-12-25,12,2010s,Comedy,Comedy,Sean Anders,Will Ferrell,96.0,90-105 min,2.0,50000000.0,240360392.0,45999979.7600089,221131463.342156,190360392.0,4.80720784,Profitable,True,5.7,568,6.001012724799841,1.904898,21,24
224141,Into the Woods,2014,2014-12-25,12,2010s,Fantasy,Fantasy|Comedy|Music,Rob Marshall,Meryl Streep,125.0,120-150 min,4.0,50000000.0,212902372.0,46054552.5385729,196102469.537216,162902372.0,4.25804744,Profitable,True,5.6,1095,5.891530177754184,2.996038,19,76
388,Inside Man,2006,2006-03-23,3,2000s,Crime,Crime|Drama|Thriller,Spike Lee,Denzel Washington,129.0,120-150 min,4.0,45000000.0,184376254.0,48675112.1231207,199434107.473133,139376254.0,4.097250088888889,Profitable,True,7.2,990,6.580327869262306,1.747256,64,26
2112,Payback,1999,1999-02-04,2,1990s,Drama,Drama|Action|Thriller|Crime,Brian Helgeland,Mel Gibson,100.0,90-105 min,2.0,90000000.0,161626121.0,117814756.193489,211577133.779048,71626121.0,1.7958457888888888,Profitable,True,6.5,305,6.195796852713985,1.050599,14,75
10329,Congo,1995,1995-06-09,6,1990s,Action,Action|Adventure|Drama|Mystery|Science Fiction,Frank Marshall,Laura Linney,109.0,105-120 min,3.0,50000000.0,152000000.0,71548343.3553482,217506963.800258,102000000.0,3.04,Profitable,True,4.8,100,6.035999283637833,0.327558,21,9
74465,We Bought a Zoo,2011,2011-12-22,12,2010s,Drama,Drama|Comedy|Family,Cameron Crowe,Matt Damon,124.0,120-150 min,4.0,50000000.0,120081841.0,48469902.1295736,116407101.61618,70081841.0,2.40163682,Profitable,True,6.4,589,6.209946249980842,1.111078,15,3
13811,Knowing,2009,2009-03-19,3,2000s,Action,Action|Adventure|Drama|Mystery|Science Fiction,Alex Proyas,Nicolas Cage,121.0,120-150 min,4.0,50000000.0,155446362.0,50820021.7062476,157995749.819944,105446362.0,3.10892724,Profitable,True,5.7,817,5.966490054966503,1.357091,17,23
6877,Failure to Launch,2006,2006-03-10,3,2000s,Comedy,Comedy,Tom Dey,Matthew McConaughey,97.0,90-105 min,2.0,50000000.0,88715192.0,54083457.9145786,95960487.0583152,38715192.0,1.77430384,Profitable,True,5.6,242,6.047331970639542,1.223177,12,8
10320,The Ring Two,2005,2005-03-17,3,2000s,Drama,Drama|Horror|Thriller,Hideo Nakata,Naomi Watts,110.0,105-120 min,3.0,,161451538.0,,180270860.389057,,,Unknown,False,5.2,279,5.968860791340257,1.266058,17,106
50646,"Crazy, Stupid, Love.",2011,2011-07-29,7,2010s,Comedy,Comedy|Drama|Romance,"Glenn Ficarra, John Requa",Steve Carell,118.0,105-120 min,3.0,50000000.0,142851197.0,48469902.1295736,138479670.753648,92851197.0,2.85702394,Profitable,True,6.9,1577,6.543020217098622,2.924415,28,41
8920,Garfield,2004,2004-06-10,6,2000s,Animation,Animation|Comedy|Family,Peter Hewitt,Bill Murray,80.0,< 90 min,1.0,50000000.0,200804534.0,57722269.9906074,231817870.537722,150804534.0,4.01609068,Profitable,True,5.2,435,5.9018202215291335,1.648211,14,12
13673,Christmas with the Kranks,2004,2004-11-24,11,2000s,Comedy,Comedy|Family,Joe Roth,Tim Allen,99.0,90-105 min,2.0,60000000.0,,69266723.9887289,,,,Unknown,False,5.3,99,6.070914980619209,1.12564,17,12
60308,Moneyball,2011,2011-09-22,9,2010s,Drama,Drama,Bennett Miller,Brad Pitt,133.0,120-150 min,4.0,50000000.0,110206216.0,48469902.1295736,106833690.071813,60206216.0,2.20412432,Profitable,True,6.9,899,6.435598312697072,1.081676,67,49
6950,Outbreak,1995,1995-03-10,3,1990s,Action,Action|Drama|Science Fiction|Thriller,Wolfgang Petersen,Dustin Hoffman,127.0,120-150 min,4.0,,189859560.0,,271682739.763507,,,Unknown,False,6.1,249,6.123040707590152,1.041497,14,13
225574,Non-Stop,2014,2014-01-26,1,2010s,Action,Action|Thriller|Mystery,Jaume Collet-Serra,Liam Neeson,106.0,105-120 min,3.0,50000000.0,222809600.0,46054552.5385729,205227928.585968,172809600.0,4.456192,Profitable,True,6.8,1648,6.496567921900594,2.136758,28,33
13836,Race to Witch Mountain,2009,2009-03-12,3,2000s,Adventure,Adventure|Family|Fantasy|Science Fiction|Thriller,Andy Fickman,Dwayne Johnson,98.0,90-105 min,2.0,50000000.0,106303988.0,50820021.7062476,108047419.552413,56303988.0,2.12607976,Profitable,True,5.4,308,5.992507405293167,1.014706,45,10
752,V for Vendetta,2005,2005-12-11,12,2000s,Action,Action|Thriller|Fantasy,James McTeigue,Natalie Portman,132.0,120-150 min,4.0,54000000.0,132511035.0,60294417.6413426,147956957.155121,78511035.0,2.4539080555555555,Profitable,True,7.6,2670,7.104432434168578,3.617106,77,194
6038,Shanghai Knights,2003,2003-02-06,2,2000s,Action,Action|Adventure|Comedy|Western,David Dobkin,Jackie Chan,115.0,105-120 min,3.0,50000000.0,88323487.0,59267632.2391264,104694478.911865,38323487.0,1.76646974,Profitable,True,5.9,393,6.076152800834397,1.204207,47,15
9975,Curious George,2006,2006-02-10,2,2000s,Adventure,Adventure|Animation|Comedy|Family,Matthew O'Callaghan,Will Ferrell,86.0,< 90 min,1.0,50000000.0,69834815.0,54083457.9145786,75538165.5604977,19834815.0,1.3966963,Profitable,True,5.8,68,6.1116282668854325,1.057194,23,52
11451,Herbie Fully Loaded,2005,2005-06-18,6,2000s,Comedy,Comedy|Family|Adventure|Fantasy|Romance,Angela Robinson,Lindsay Lohan,101.0,90-105 min,2.0,50000000.0,66002004.0,55828164.4827247,73695414.710029,16002004.0,1.32004008,Profitable,True,5.2,294,5.961863089823296,1.094959,16,109
12103,Don't Say a Word,2001,2001-09-28,9,2000s,Thriller,Thriller,Gary Fleder,Michael Douglas,113.0,105-120 min,3.0,50000000.0,100020092.0,61574405.8346921,123173554.728624,50020092.0,2.00040184,Profitable,True,6.1,106,6.1252972798697165,0.65104,16,107
60304,Hansel & Gretel: Witch Hunters,2013,2013-01-17,1,2010s,Fantasy,Fantasy|Horror|Action,Tommy Wirkola,Jeremy Renner,88.0,< 90 min,1.0,50000000.0,224803475.0,46801667.6370212,210423550.411948,174803475.0,4.4960695,Profitable,True,5.7,2564,5.847667634398759,1.92107,23,24
2251,Unfaithful,2002,2002-05-10,5,2000s,Drama,Drama,Adrian Lyne,Richard Gere,124.0,120-150 min,4.0,50000000.0,119137784.0,60613069.6810273,144426136.064703,69137784.0,2.38275568,Profitable,True,6.4,138,6.152500876843223,0.76758,12,26
46529,I Am Number Four,2011,2011-02-18,2,2010s,Action,Action|Thriller|Science Fiction|Adventure,D.J. Caruso,Alex Pettyfer,109.0,105-120 min,3.0,50000000.0,144492830.0,48469902.1295736,140071066.570502,94492830.0,2.8898566,Profitable,True,6.0,1016,6.072716998581399,1.794214,49,22
231,Syriana,2005,2005-11-23,11,2000s,Drama,Drama|Thriller,Stephen Gaghan,George Clooney,128.0,120-150 min,4.0,50000000.0,94000000.0,55828164.4827247,104956949.227522,44000000.0,1.88,Profitable,True,6.0,245,6.107777223649411,0.835676,31,48
228326,The Book of Life,2014,2014-10-01,10,2010s,Romance,Romance|Animation|Adventure|Comedy|Family,Jorge R. Gutierrez,Diego Luna,95.0,90-105 min,2.0,50000000.0,97437106.0,46054552.5385729,89748446.3496701,47437106.0,1.94874212,Profitable,True,7.3,531,6.457613154918982,1.54505499999999,28,16
9754,Firewall,2006,2006-02-10,2,2000s,Thriller,Thriller,Richard Loncraine,Harrison Ford,105.0,90-105 min,2.0,45000000.0,82800000.0,48675112.1231207,89562206.3065422,37800000.0,1.84,Profitable,True,5.4,145,6.056931864677321,0.3804,19,9
66,Absolute Power,1997,1997-02-14,2,1990s,Crime,Crime|Drama|Thriller,Clint Eastwood,Clint Eastwood,121.0,120-150 min,4.0,50000000.0,50068310.0,67923016.0536048,68015812.4781372,68310.0,1.0013662,Profitable,True,6.2,91,6.1318570052852905,0.708978,11,18
4421,G.I. Jane,1997,1997-08-22,8,1990s,Action,Action|Drama,Ridley Scott,Demi Moore,125.0,120-150 min,4.0,50000000.0,48169156.0,67923016.0536048,65435887.1255319,-1830844.0,0.96338312,Loss-making,True,6.0,208,6.110330041826882,0.638429,14,16
2649,The Game,1997,1997-09-12,9,1990s,Drama,Drama|Thriller|Mystery,David Fincher,Michael Douglas,129.0,120-150 min,4.0,50000000.0,109423648.0,67923016.0536048,148647683.99496,59423648.0,2.18847296,Profitable,True,7.3,851,6.579858763021075,2.01227,46,11
588,Silent Hill,2006,2006-04-21,4,2000s,Horror,Horror|Mystery,Christophe Gans,Radha Mitchell,125.0,120-150 min,4.0,50000000.0,97607453.0,54083457.9145786,105578971.529494,47607453.0,1.95214906,Profitable,True,6.3,580,6.179073759545925,1.498352,16,38
10393,The Replacements,2000,2000-08-07,8,2000s,Comedy,Comedy,Howard Deutch,Keanu Reeves,118.0,105-120 min,3.0,,,,,,,Unknown,False,5.8,98,6.105190109729201,0.655771,15,6
71552,American Reunion,2012,2012-04-04,4,2010s,Comedy,Comedy,"Jon Hurwitz, Hayden Schlossberg",Jason Biggs,113.0,105-120 min,3.0,50000000.0,234989584.0,47487214.0676122,223180013.581343,184989584.0,4.69979168,Profitable,True,6.0,1180,6.068010953923592,1.979531,22,11
9631,The Negotiator,1998,1998-07-29,7,1990s,Action,Action|Adventure|Crime|Drama|Mystery,F. Gary Gray,Samuel L. Jackson,140.0,120-150 min,4.0,50000000.0,44547681.0,66884773.4539149,59591231.0316454,-5452319.0,0.89095362,Loss-making,True,6.7,337,6.241408880809989,1.242498,47,31
216282,Into the Storm,2014,2014-08-06,8,2010s,Action,Action|Thriller,Steven Quale,Richard Armitage,89.0,< 90 min,1.0,50000000.0,160602194.0,46054552.5385729,147929243.627661,110602194.0,3.21204388,Profitable,True,5.7,572,6.000387601026827,1.3155,98,81
306,Beverly Hills Cop III,1994,1994-05-24,5,1990s,Action,Action|Comedy|Crime,John Landis,Eddie Murphy,104.0,90-105 min,2.0,50000000.0,119208989.0,73555578.0799081,175369721.964328,69208989.0,2.38417978,Profitable,True,5.6,246,6.046213710604196,1.267344,23,14
928,Gremlins 2: The New Batch,1990,1990-06-15,6,1990s,Comedy,Comedy|Horror|Fantasy,Joe Dante,Zach Galligan,106.0,105-120 min,3.0,50000000.0,41482207.0,83444927.015729,69229594.7113272,-8517793.0,0.82964414,Loss-making,True,6.1,303,6.122289878907594,0.890276,27,17
205587,The Judge,2014,2014-10-08,10,2010s,Drama,Drama,David Dobkin,Robert Duvall,141.0,120-150 min,4.0,50000000.0,83719388.0,46054552.5385729,77113179.0628635,33719388.0,1.67438776,Profitable,True,7.2,974,6.576069137209644,2.523101,16,39
6623,The Peacemaker,1997,1997-09-26,9,1990s,Action,Action|Thriller,Mimi Leder,George Clooney,124.0,120-150 min,4.0,50000000.0,,67923016.0536048,,,,Unknown,False,5.5,142,6.067740497518731,0.674762,23,92
1577,Resident Evil: Apocalypse,2004,2004-09-10,9,2000s,Horror,Horror|Action|Science Fiction,Alexander Witt,Milla Jovovich,94.0,90-105 min,2.0,45000000.0,129394835.0,51950042.9915466,149379272.025202,84394835.0,2.875440777777778,Profitable,True,6.1,756,6.117504648281017,2.17643,87,94
9801,Bridget Jones: The Edge of Reason,2004,2004-11-10,11,2000s,Comedy,Comedy|Romance,Beeban Kidron,Renée Zellweger,108.0,105-120 min,3.0,50000000.0,40203020.0,57722269.9906074,46412191.4975558,-9796980.0,0.8040604,Loss-making,True,6.0,431,6.09654728493517,3.990488,43,86
2116,Out of Time,2003,2003-10-03,10,2000s,Thriller,Thriller|Crime|Drama,Carl Franklin,Denzel Washington,105.0,90-105 min,2.0,50000000.0,55495563.0,59267632.2391264,65781812.3757454,5495563.0,1.10991126,Profitable,True,6.0,151,6.114508377076455,0.6015,12,109
9624,On Deadly Ground,1994,1994-02-18,2,1990s,Action,Action|Thriller,Steven Seagal,Steven Seagal,102.0,90-105 min,2.0,50000000.0,49000000.0,73555578.0799081,72084466.5183099,-1000000.0,0.98,Loss-making,True,4.6,48,6.074992196232632,0.586306,10,12
14199,The Adventures of Sharkboy and Lavagirl,2005,2005-06-10,6,2000s,Adventure,Adventure|Fantasy|Action|Family,Robert Rodriguez,Taylor Lautner,92.0,90-105 min,2.0,50000000.0,69425966.0,55828164.4827247,77518484.984401,19425966.0,1.38851932,Profitable,True,4.3,148,5.947238238691014,0.509128999999999,8,64
1907,The Beach,2000,2000-02-11,2,2000s,Drama,Drama|Adventure|Romance|Thriller,Danny Boyle,Leonardo DiCaprio,119.0,105-120 min,3.0,40000000.0,144056873.0,50651684.5737255,182418082.296831,104056873.0,3.601421825,Profitable,True,6.2,683,6.151659986420782,0.626782,16,10
4599,Raising Helen,2004,2004-05-27,5,2000s,Drama,Drama|Comedy|Romance,Garry Marshall,Kate Hudson,119.0,105-120 min,3.0,50000000.0,49718611.0,57722269.9906074,57397421.7539996,-281389.0,0.99437222,Loss-making,True,5.9,111,6.110058397609564,0.424376,28,63
22832,Ninja Assassin,2009,2009-09-29,9,2000s,Action,Action|Crime|Thriller,James McTeigue,Rain,99.0,90-105 min,2.0,40000000.0,60462347.0,40656017.3649981,61453955.7390135,20462347.0,1.511558675,Profitable,True,6.1,218,6.1234950437871465,0.796760999999999,38,24
10390,For Love of the Game,1999,1999-09-17,9,1990s,Drama,Drama|Romance,Sam Raimi,Kevin Costner,137.0,120-150 min,4.0,50000000.0,,65452642.3297161,,,,Unknown,False,6.3,52,6.133665143544394,0.143906,7,6
9879,Striptease,1996,1996-06-28,6,1990s,Drama,Drama|Thriller|Crime,Andrew Bergman,Demi Moore,115.0,105-120 min,3.0,50000000.0,113309743.0,69510836.9480127,157525101.405884,63309743.0,2.26619486,Profitable,True,4.4,108,5.999689869597,0.794822,18,28
38579,Marmaduke,2010,2010-06-04,6,2010s,Family,Family|Comedy,Tom Dey,Owen Wilson,87.0,< 90 min,1.0,50000000.0,83761844.0,50000000.0,83761844.0,33761844.0,1.67523688,Profitable,True,4.9,75,6.062869329184643,0.552064999999999,18,19
44603,Hereafter,2010,2010-10-15,10,2010s,Drama,Drama|Fantasy,Clint Eastwood,Matt Damon,129.0,120-150 min,4.0,50000000.0,105197635.0,50000000.0,105197635.0,55197635.0,2.1039527,Profitable,True,5.5,279,6.020113011045112,0.598275,26,2
11892,Murder by Numbers,2002,2002-04-19,4,2000s,Crime,Crime|Drama|Thriller,Barbet Schroeder,Sandra Bullock,120.0,105-120 min,3.0,50000000.0,56714147.0,60613069.6810273,68752370.8802205,6714147.0,1.13428294,Profitable,True,6.1,141,6.124705075471723,0.90146,26,30
9691,Assassins,1995,1995-10-06,10,1990s,Action,Action|Adventure|Crime|Thriller,Richard Donner,Sylvester Stallone,132.0,120-150 min,4.0,50000000.0,30303072.0,71548343.3553482,43362692.0035568,-19696928.0,0.60606144,Loss-making,True,5.8,204,6.08442754530375,0.888985,17,71
1248,Hannibal Rising,2007,2007-02-06,2,2000s,Crime,Crime|Drama|Thriller,Peter Webber,Gaspard Ulliel,121.0,120-150 min,4.0,50000000.0,82169884.0,52583429.1315773,86415485.4412785,32169884.0,1.64339768,Profitable,True,6.0,423,6.096981913419487,0.205036,17,19
12220,The Story of Us,1999,1999-10-13,10,1990s,Comedy,Comedy|Drama|Romance,Rob Reiner,Bruce Willis,95.0,90-105 min,2.0,50000000.0,58900031.0,65452642.3297161,77103253.2450438,8900031.0,1.17800062,Profitable,True,5.9,42,6.120440196502953,0.573718,17,29
72710,The Host,2013,2013-03-22,3,2010s,Action,Action|Adventure|Romance|Science Fiction|Thriller,Andrew Niccol,Saoirse Ronan,125.0,120-150 min,4.0,44000000.0,63327201.0,41185467.5205786,59276372.2716967,19327201.0,1.439254568181818,Profitable,True,6.0,1399,6.062600907463503,1.06549,36,19
10782,Basic,2003,2003-04-18,4,2000s,Action,Action|Drama|Mystery|Thriller|Crime,John McTiernan,John Travolta,98.0,90-105 min,2.0,50000000.0,42792561.0,59267632.2391264,50724275.3583676,-7207439.0,0.85585122,Loss-making,True,6.0,153,6.114356418510897,0.760656999999999,17,58
9573,Blood Work,2002,2002-08-04,8,2000s,Crime,Crime|Drama|Mystery|Thriller,Clint Eastwood,Clint Eastwood,110.0,105-120 min,3.0,50000000.0,26199517.0,60613069.6810273,31760662.9906052,-23800483.0,0.52399034,Loss-making,True,5.7,89,6.100926171670552,0.545906999999999,18,33
4959,The International,2009,2009-02-03,2,2000s,Drama,Drama|Thriller|Crime,Tom Tykwer,Clive Owen,118.0,105-120 min,3.0,50000000.0,60161391.0,50820021.7062476,61148063.929961,10161391.0,1.20322782,Profitable,True,5.8,207,6.08388095467156,0.59517,36,8
10061,Escape from L.A.,1996,1996-08-09,8,1990s,Action,Action|Adventure|Science Fiction|Thriller,John Carpenter,Kurt Russell,97.0,90-105 min,2.0,50000000.0,42277365.0,69510836.9480127,58774700.5021323,-7722635.0,0.8455473,Loss-making,True,5.4,189,6.03820008964926,0.891371999999999,17,33
10386,The Iron Giant,1999,1999-08-06,8,1990s,Adventure,Adventure|Animation|Family|Fantasy|Science Fiction,Brad Bird,Eli Marienthal,86.0,< 90 min,1.0,70000000.0,23159305.0,91633699.2616025,30316754.1353961,-46840695.0,0.3308472142857143,Loss-making,True,7.5,877,6.666866818312838,1.150934,29,45
421,The Life Aquatic with Steve Zissou,2004,2004-12-10,12,2000s,Adventure,Adventure|Comedy|Drama,Wes Anderson,Bill Murray,119.0,105-120 min,3.0,50000000.0,34808403.0,57722269.9906074,40184400.7181573,-15191597.0,0.69616806,Loss-making,True,7.0,433,6.33873121724457,0.530799,16,21
11615,The Life of David Gale,2003,2003-02-21,2,2000s,Drama,Drama|Thriller|Crime,Alan Parker,Kevin Spacey,130.0,120-150 min,4.0,50000000.0,38955598.0,59267632.2391264,46176121.1183849,-11044402.0,0.77911196,Loss-making,True,7.2,246,6.2921983365650735,0.431188,125,52
13498,Man of the House,2005,2005-02-25,2,2000s,Comedy,Comedy|Action,Stephen Herek,Tommy Lee Jones,100.0,90-105 min,2.0,40000000.0,,44662531.5861797,,,,Unknown,False,5.5,64,6.0989680264704695,0.124631,21,3
241554,Run All Night,2015,2015-03-11,3,2010s,Action,Action|Crime|Drama|Mystery|Thriller,Jaume Collet-Serra,Liam Neeson,114.0,105-120 min,3.0,50000000.0,71561644.0,45999979.7600089,65836683.5118592,21561644.0,1.43123288,Profitable,True,6.3,814,6.19212515951191,3.23737,18,60
2252,Eastern Promises,2007,2007-09-14,9,2000s,Thriller,Thriller|Crime|Mystery,David Cronenberg,Naomi Watts,100.0,90-105 min,2.0,51500000.0,55112356.0,54160932.0055246,57959933.3200051,3612356.0,1.0701428349514563,Profitable,True,7.0,423,6.335010161689141,0.992072,19,51
11968,Into the Blue,2005,2005-09-30,9,2000s,Action,Action|Thriller|Adventure|Crime,John Stockwell,Paul Walker,110.0,105-120 min,3.0,50000000.0,44434439.0,55828164.4827247,49613863.3837919,-5565561.0,0.88868878,Loss-making,True,5.9,289,6.0873023908086985,1.496807,9,9
10047,The Messenger: The Story of Joan of Arc,1999,1999-10-18,10,1990s,Adventure,Adventure|Drama|Action|History|War,Luc Besson,Milla Jovovich,148.0,120-150 min,4.0,60000000.0,66976317.0,78543170.7956593,87675538.4232537,6976317.0,1.11627195,Profitable,True,6.1,209,6.123630323292031,0.235223,32,14
38319,Your Highness,2011,2011-04-08,4,2010s,Adventure,Adventure|Fantasy|Action|Comedy,David Gordon Green,Danny McBride,102.0,90-105 min,2.0,49900000.0,26121638.0,48372962.3253144,25322264.746483,-23778362.0,0.5234797194388777,Loss-making,True,5.1,289,5.946592756580715,1.004841,27,11
69668,Dream House,2011,2011-09-30,9,2010s,Drama,Drama|Thriller|Mystery,Jim Sheridan,Daniel Craig,92.0,90-105 min,2.0,50000000.0,38502340.0,48469902.1295736,37324093.0311913,-11497660.0,0.7700468,Loss-making,True,5.9,235,6.093667206807484,0.528255,20,85
9770,Mad City,1997,1997-11-07,11,1990s,Action,Action|Drama|Thriller,Costa-Gavras,John Travolta,114.0,105-120 min,3.0,50000000.0,10541523.0,67923016.0536048,14320240.7191688,-39458477.0,0.21083046,Loss-making,True,5.3,36,6.105853217997104,0.761869999999999,15,8
11212,Baby's Day Out,1994,1994-07-01,7,1990s,Action,Action|Adventure|Comedy|Family,Patrick Read Johnson,Joe Mantegna,99.0,90-105 min,2.0,50000000.0,16671505.0,73555578.0799081,24525643.7547415,-33328495.0,0.3334301,Loss-making,True,5.9,143,6.105568471269637,0.251549,8,8
10533,The Scarlet Letter,1995,1995-10-13,10,1990s,Drama,Drama|History|Romance,Roland Joffé,Demi Moore,135.0,120-150 min,4.0,50000000.0,10382407.0,71548343.3553482,14856880.4178194,-39617593.0,0.20764814,Loss-making,True,5.3,61,6.09161653475922,0.307976,11,10
38363,Fair Game,2010,2010-05-20,5,2010s,Drama,Drama|Thriller,Doug Liman,Naomi Watts,108.0,105-120 min,3.0,22000000.0,24188922.0,22000000.0,24188922.0,2188922.0,1.0994964545454546,Profitable,True,6.4,129,6.150998960513635,0.754168,18,3
9923,Domino,2005,2005-09-22,9,2000s,Action,Action|Crime,Tony Scott,Keira Knightley,127.0,120-150 min,4.0,50000000.0,22944502.0,55828164.4827247,25618988.6326041,-27055498.0,0.45889004,Loss-making,True,6.1,277,6.122645183212416,0.534781,26,29
11863,Jade,1995,1995-10-13,10,1990s,Action,Action|Thriller|Mystery|Romance,William Friedkin,David Caruso,95.0,90-105 min,2.0,50000000.0,9851610.0,71548343.3553482,14097327.4976596,-40148390.0,0.1970322,Loss-making,True,5.4,22,6.115650431173442,0.407454,21,6
18501,Gamer,2009,2009-09-03,9,2000s,Action,Action|Thriller|Science Fiction,"Brian Taylor, Mark Neveldine",Gerard Butler,95.0,90-105 min,2.0,50000000.0,40828540.0,50820021.7062476,41498145.780688,-9171460.0,0.8165708,Loss-making,True,5.6,484,5.988437276719315,1.267182,29,98
109491,Beautiful Creatures,2013,2013-02-13,2,2010s,Fantasy,Fantasy|Drama|Romance,Richard LaGravenese,Alden Ehrenreich,124.0,120-150 min,4.0,60000000.0,60052138.0,56162001.1644254,56210804.0713706,52138.0,1.0008689666666666,Profitable,True,5.5,650,5.923829428839765,0.787443,47,21
9275,Death to Smoochy,2002,2002-03-28,3,2000s,Comedy,Comedy|Crime|Drama|Thriller,Danny DeVito,Robin Williams,109.0,105-120 min,3.0,55000000.0,,66674376.64913,,,,Unknown,False,5.9,63,6.1171734939932065,0.185909,10,9
12634,The Big Bounce,2004,2004-01-30,1,2000s,Comedy,Comedy|Crime,George Armitage,Owen Wilson,88.0,< 90 min,1.0,50000000.0,6808550.0,57722269.9906074,7860099.226891,-43191450.0,0.136171,Loss-making,True,4.9,40,6.092064097509342,0.302104,15,12
10416,What Planet Are You From?,2000,2000-03-03,3,2000s,Comedy,Comedy|Drama|Romance|Science Fiction,Mike Nichols,Garry Shandling,105.0,90-105 min,2.0,60000000.0,,75977526.8605883,,,,Unknown,False,5.4,15,6.119309442946295,0.209396,12,9
47327,Drive Angry,2011,2011-02-24,2,2010s,Fantasy,Fantasy|Thriller|Action|Crime,Patrick Lussier,Nicolas Cage,105.0,90-105 min,2.0,50000000.0,28931401.0,48469902.1295736,28046043.4988289,-21068599.0,0.57862802,Loss-making,True,5.3,378,5.946738963303373,3.355611,51,70
15268,Street Fighter: The Legend of Chun-Li,2009,2009-02-27,2,2000s,Action,Action|Adventure|Science Fiction|Thriller,Andrzej Bartkowiak,Kristin Kreuk,97.0,90-105 min,2.0,50000000.0,12764201.0,50820021.7062476,12973539.4376581,-37235799.0,0.25528402,Loss-making,True,4.1,71,6.026276442591939,0.426205,7,6
10796,The One,2001,2001-11-02,11,2000s,Action,Action|Science Fiction|Thriller,James Wong,Jet Li,87.0,< 90 min,1.0,49000000.0,,60342917.7179983,,,,Unknown,False,5.5,259,6.026561625651089,0.427875,19,77
9548,The Adventures of Ford Fairlane,1990,1990-07-11,7,1990s,Action,Action|Comedy|Thriller|Crime|Mystery,Renny Harlin,Andrew Dice Clay,104.0,90-105 min,2.0,49000000.0,20423389.0,81776028.4754144,34084564.0903768,-28576611.0,0.41680385714285717,Loss-making,True,6.5,33,6.136144876604263,0.078482,55,32
18947,The Boat That Rocked,2009,2009-04-01,4,2000s,Drama,Drama|Comedy,Richard Curtis,Tom Sturridge,116.0,105-120 min,3.0,50000000.0,36348784.0,50820021.7062476,36944919.8375141,-13651216.0,0.72697568,Loss-making,True,7.1,392,6.345654062389194,0.967776,30,14
1900,Traffic,2000,2000-12-27,12,2000s,Drama,Drama,Steven Soderbergh,Michael Douglas,148.0,120-150 min,4.0,48000000.0,207515725.0,60782021.4884706,262775526.169699,159515725.0,4.323244270833333,Profitable,True,6.6,286,6.209710723942304,0.918262,29,25
89,Indiana Jones and the Last Crusade,1989,1989-05-24,5,1980s,Adventure,Adventure|Action,Steven Spielberg,Harrison Ford,127.0,120-150 min,4.0,48000000.0,474171806.0,84431277.0740763,834061065.27294,426171806.0,9.878579291666666,Profitable,True,7.4,2031,6.890888469568926,3.536655,51,46
96724,Anna Karenina,2012,2012-09-06,9,2010s,Drama,Drama|Romance,Joe Wright,Keira Knightley,130.0,120-150 min,4.0,,68929150.0,,65465066.0309711,,,Unknown,False,6.4,415,6.191253495188386,1.327062,54,25
198184,Chappie,2015,2015-03-04,3,2010s,Crime,Crime|Action|Science Fiction,Neill Blomkamp,Sharlto Copley,120.0,105-120 min,3.0,49000000.0,102069268.0,45079980.1648087,93903685.2423785,53069268.0,2.0830462857142855,Profitable,True,6.6,1990,6.408584240404823,3.899557,45,50
9481,The Bone Collector,1999,1999-11-01,11,1990s,Drama,Drama|Mystery|Thriller|Crime,Phillip Noyce,Denzel Washington,118.0,105-120 min,3.0,73000000.0,151493655.0,95560857.8013855,198313200.318728,78493655.0,2.0752555479452055,Profitable,True,6.5,463,6.2222478445532845,1.254522,21,120
4547,Panic Room,2002,2002-03-29,3,2000s,Crime,Crime|Drama|Thriller,David Fincher,Jodie Foster,112.0,105-120 min,3.0,48000000.0,196397415.0,58188546.8937862,238085004.011372,148397415.0,4.0916128125,Profitable,True,6.4,670,6.217551780217269,1.694723,16,67
6415,Three Kings,1999,1999-09-27,9,1990s,Action,Action|Adventure|Comedy,David O. Russell,George Clooney,114.0,105-120 min,3.0,75000000.0,108000000.0,98178963.4945741,141377707.432186,33000000.0,1.44,Profitable,True,6.3,412,6.16757066889631,0.585123,17,18
181283,Child 44,2015,2015-03-15,3,2010s,Crime,Crime|Thriller,Daniel Espinosa,Tom Hardy,137.0,120-150 min,4.0,50000000.0,3324330.0,45999979.7600089,3058382.2543118,-46675670.0,0.0664866,Loss-making,True,5.9,341,6.081556579752093,1.95632,24,64
9896,Rat Race,2001,2001-07-30,7,2000s,Adventure,Adventure|Comedy,Jerry Zucker,Cuba Gooding Jr.,112.0,105-120 min,3.0,48000000.0,85498534.0,59111429.6013044,105290428.615744,37498534.0,1.7812194583333334,Profitable,True,5.9,261,6.090549537699072,0.787835,20,14
167,K-PAX,2001,2001-10-22,10,2000s,Drama,Drama|Science Fiction,Iain Softley,Jeff Bridges,120.0,105-120 min,3.0,48000000.0,50315140.0,59111429.6013044,61962496.999787,2315140.0,1.0482320833333334,Profitable,True,7.0,330,6.298287844152826,0.676114,30,58
11232,Kate & Leopold,2001,2001-12-25,12,2000s,Comedy,Comedy|Fantasy|Romance|Science Fiction,James Mangold,Meg Ryan,118.0,105-120 min,3.0,,,,,,,Unknown,False,5.8,248,6.076616040408073,0.883228,16,23
1636,Bedazzled,2000,2000-10-19,10,2000s,Fantasy,Fantasy|Comedy|Romance,Harold Ramis,Elizabeth Hurley,93.0,90-105 min,2.0,48000000.0,90383208.0,60782021.4884706,114451543.559435,42383208.0,1.8829835,Profitable,True,5.3,302,5.976418427835138,1.889388,11,19
2148,The Cotton Club,1984,1984-12-14,12,1980s,Music,Music|Drama|Crime|Romance,Francis Ford Coppola,Richard Gere,127.0,120-150 min,4.0,58000000.0,25928721.0,121744438.27326,54425475.4015362,-32071279.0,0.44704691379310346,Loss-making,True,6.1,37,6.126552051137785,0.491888,32,17
5176,3:10 to Yuma,2007,2007-09-06,9,2000s,Western,Western,James Mangold,Russell Crowe,122.0,120-150 min,4.0,55000000.0,70016220.0,57841772.044735,73633858.8486185,15016220.0,1.2730221818181817,Profitable,True,6.8,762,6.369522498151208,1.150389,44,94
260346,Taken 3,2015,2015-01-01,1,2010s,Crime,Crime|Action|Thriller,Olivier Megaton,Liam Neeson,109.0,105-120 min,3.0,48000000.0,325771424.0,44159980.5696085,299709578.207785,277771424.0,6.786904666666667,Profitable,True,6.1,1578,6.112597305118438,5.749758,56,100
1389,Out of Sight,1998,1998-06-26,6,1990s,Romance,Romance|Comedy|Crime,Steven Soderbergh,George Clooney,123.0,120-150 min,4.0,48000000.0,77745568.0,64209382.5157583,103999894.054518,29745568.0,1.6196993333333334,Profitable,True,6.3,181,6.147642862574276,0.884735,16,12
9894,The Cable Guy,1996,1996-06-14,6,1990s,Comedy,Comedy|Drama|Thriller,Ben Stiller,Jim Carrey,96.0,90-105 min,2.0,47000000.0,102825796.0,65340186.7311319,142950142.796112,55825796.0,2.187782893617021,Profitable,True,5.4,283,6.001555530106758,0.938162,17,11
8592,Dick Tracy,1990,1990-06-15,6,1990s,Adventure,Adventure|Action|Comedy|Thriller|Crime,Warren Beatty,Warren Beatty,103.0,90-105 min,2.0,47000000.0,103738726.0,78438231.3947853,173129408.395494,56738726.0,2.2072069361702127,Profitable,True,5.7,125,6.09116797940489,0.438396,25,9
913,The Thomas Crown Affair,1999,1999-08-06,8,1990s,Drama,Drama|Comedy|Crime|Romance,John McTiernan,Pierce Brosnan,113.0,105-120 min,3.0,48000000.0,124305181.0,62834536.6365274,162722051.034472,76305181.0,2.5896912708333333,Profitable,True,6.7,196,6.199694573471243,0.508128,13,16
11091,Riding in Cars with Boys,2001,2001-10-19,10,2000s,Comedy,Comedy|Drama|Romance,Penny Marshall,Drew Barrymore,132.0,120-150 min,4.0,48000000.0,35743308.0,59111429.6013044,44017459.0533279,-12256692.0,0.74465225,Loss-making,True,6.4,54,6.137736352771658,0.443923,17,6
1368,First Blood,1982,1982-10-22,10,1980s,Action,Action|Adventure|Thriller|War,Ted Kotcheff,Sylvester Stallone,93.0,90-105 min,2.0,15000000.0,125212904.0,33894636.0382684,282936387.224976,110212904.0,8.347526933333333,Profitable,True,7.0,838,6.460903498169688,1.928258,23,59
5393,Happily N'Ever After,2006,2006-09-14,9,2000s,Fantasy,Fantasy|Animation|Comedy|Science Fiction|Family,"Yvette Kaplan, Paul Bolger, Greg Tiernan",George Carlin,75.0,< 90 min,1.0,,,,,,,Unknown,False,4.4,55,6.05985846166899,0.340571,17,38
9095,Mary Reilly,1996,1996-02-23,2,1990s,Drama,Drama|Horror|Thriller|Romance,Stephen Frears,Julia Roberts,104.0,90-105 min,2.0,47000000.0,12379402.0,65340186.7311319,17210051.878718,-34620598.0,0.2633915319148936,Loss-making,True,5.4,26,6.113576232401836,0.442104,11,14
8874,My Best Friend's Wedding,1997,1997-06-19,6,1990s,Comedy,Comedy|Romance,P.J. Hogan,Julia Roberts,105.0,90-105 min,2.0,38000000.0,299288605.0,51621492.2007396,406571694.44152,261288605.0,7.876015921052631,Profitable,True,6.3,336,6.1616156193939835,0.797298,23,10
11467,America's Sweethearts,2001,2001-07-17,7,2000s,Comedy,Comedy|Romance,Joe Roth,Julia Roberts,102.0,90-105 min,2.0,,,,,,,Unknown,False,5.4,153,6.053444733818441,0.878720999999999,38,9
320,Insomnia,2002,2002-05-24,5,2000s,Crime,Crime|Mystery|Thriller,Christopher Nolan,Al Pacino,118.0,105-120 min,3.0,46000000.0,113714830.0,55764024.1065451,137852098.291123,67714830.0,2.4720615217391306,Profitable,True,6.6,564,6.266277336081421,1.11148799999999,25,40
199,Star Trek: First Contact,1996,1996-11-21,11,1990s,Science Fiction,Science Fiction|Action|Adventure|Thriller,Jonathan Frakes,Patrick Stewart,111.0,105-120 min,3.0,46000000.0,150000000.0,63949969.9921716,208532510.844038,104000000.0,3.260869565217391,Profitable,True,6.8,426,6.2882683884825425,1.323991,14,18
20533,Jonah Hex,2010,2010-06-18,6,2010s,Action,Action|Western|Drama|Fantasy|Thriller,Jimmy Hayward,Josh Brolin,80.0,< 90 min,1.0,47000000.0,10539000.0,47000000.0,10539000.0,-36461000.0,0.2242340425531915,Loss-making,True,4.4,252,5.8562645902109285,1.023117,26,32
10684,Courage Under Fire,1996,1996-07-04,7,1990s,Drama,Drama|Thriller|Mystery|War,Edward Zwick,Denzel Washington,117.0,105-120 min,3.0,46000000.0,100860818.0,63949969.9921716,140218397.488823,54860818.0,2.1926264782608698,Profitable,True,6.1,134,6.1248212877748625,0.745574,20,11
1624,Liar Liar,1997,1997-03-21,3,1990s,Comedy,Comedy,Tom Shadyac,Jim Carrey,86.0,< 90 min,1.0,45000000.0,181000000.0,61130714.4482443,245881318.114049,136000000.0,4.022222222222222,Profitable,True,6.2,774,6.153727060917143,1.087383,13,81
888,The Flintstones,1994,1994-05-26,5,1990s,Fantasy,Fantasy|Comedy|Family,Brian Levant,John Goodman,91.0,90-105 min,2.0,46000000.0,341631208.0,67671131.8335155,502577619.891546,295631208.0,7.426765391304348,Profitable,True,5.0,264,5.94335736872738,0.954392,15,31
82675,Taken 2,2012,2012-09-27,9,2010s,Action,Action|Thriller|Crime|Drama,Olivier Megaton,Liam Neeson,91.0,90-105 min,2.0,45000000.0,376141306.0,42738492.660851,357238054.353865,331141306.0,8.358695688888888,Profitable,True,6.0,2051,6.050614242852713,2.406976,31,28
4256,Scary Movie 3,2003,2003-10-24,10,2000s,Comedy,Comedy,David Zucker,Pamela Anderson,84.0,< 90 min,1.0,48000000.0,220673217.0,56896926.9495613,261575581.403618,172673217.0,4.5973586875,Profitable,True,5.6,466,5.992278753001358,1.64806899999999,17,118
1493,Miss Congeniality,2000,2000-12-14,12,2000s,Comedy,Comedy|Crime|Action,Donald Petrie,Sandra Bullock,111.0,105-120 min,3.0,45000000.0,212000000.0,56983145.1454412,268453928.240745,167000000.0,4.711111111111111,Profitable,True,6.1,563,6.119266891835467,1.073638,17,31
88751,Journey to the Center of the Earth,2008,2008-07-10,7,2000s,Action,Action|Science Fiction|Adventure|Comedy|Family,Eric Brevig,Brendan Fraser,93.0,90-105 min,2.0,45000000.0,101702060.0,45575398.5214125,103002486.998857,56702060.0,2.2600457777777776,Profitable,True,5.7,704,5.981121693959366,1.996757,10,14
11130,The Princess Diaries 2: Royal Engagement,2004,2004-08-06,8,2000s,Comedy,Comedy|Drama|Family|Romance,Garry Marshall,Anne Hathaway,113.0,105-120 min,3.0,40000000.0,95149435.0,46177815.9924859,109844827.530475,55149435.0,2.378735875,Profitable,True,5.9,386,6.076861420802122,0.961847,20,9
9944,The Pelican Brief,1993,1993-12-16,12,1990s,Action,Action|Mystery|Thriller,Alan J. Pakula,Julia Roberts,141.0,120-150 min,4.0,45000000.0,195268056.0,67926148.2764419,294751265.011301,150268056.0,4.339290133333333,Profitable,True,6.2,207,6.136920478084538,0.796639,12,34
10731,The Client,1994,1994-07-20,7,1990s,Drama,Drama|Thriller|Crime|Mystery,Joel Schumacher,Susan Sarandon,119.0,105-120 min,3.0,45000000.0,117615211.0,66200020.2719173,173025096.721907,72615211.0,2.6136713555555557,Profitable,True,6.2,130,6.133647704560187,1.022699,15,16
7350,The Bucket List,2007,2007-12-25,12,2000s,Comedy,Comedy|Drama|Adventure,Rob Reiner,Jack Nicholson,97.0,90-105 min,2.0,45000000.0,175372502.0,47325086.2184195,184433750.610887,130372502.0,3.8971667111111112,Profitable,True,6.9,679,6.385345806078291,0.881034,22,77
9869,Patriot Games,1992,1992-06-04,6,1990s,Drama,Drama|Action|Thriller|Crime,Phillip Noyce,Harrison Ford,117.0,105-120 min,3.0,45000000.0,178051587.0,69931091.456503,276696484.766055,133051587.0,3.9567019333333335,Profitable,True,6.0,219,6.109558552118602,0.685325,26,10
4379,Monster-in-Law,2005,2005-05-13,5,2000s,Comedy,Comedy,Robert Luketic,Jennifer Lopez,101.0,90-105 min,2.0,43000000.0,154749918.0,48012221.4551432,172788077.515843,111749918.0,3.5988353023255812,Profitable,True,5.7,240,6.062948722374865,1.513147,18,15
146233,Prisoners,2013,2013-09-18,9,2010s,Drama,Drama|Thriller|Crime,Denis Villeneuve,Hugh Jackman,153.0,> 150 min,5.0,46000000.0,122126687.0,43057534.2260595,114314652.29169,76126687.0,2.6549279782608695,Profitable,True,7.8,1826,7.087747730680725,2.032167,34,37
2034,Training Day,2001,2001-10-05,10,2000s,Action,Action|Crime|Drama|Thriller,Antoine Fuqua,Denzel Washington,122.0,120-150 min,4.0,45000000.0,104876233.0,55416965.2512229,129153834.663114,59876233.0,2.3305829555555557,Profitable,True,7.2,1029,6.590468951507605,1.446063,14,20
926,Galaxy Quest,1999,1999-12-23,12,1990s,Comedy,Comedy|Family|Science Fiction,Dean Parisot,Tim Allen,102.0,90-105 min,2.0,45000000.0,90683916.0,58907378.0967445,118710038.38012,45683916.0,2.0151981333333335,Profitable,True,6.6,406,6.236319844518932,1.348628,21,46
4248,Scary Movie 2,2001,2001-07-04,7,2000s,Comedy,Comedy,Keenen Ivory Wayans,Anna Faris,83.0,< 90 min,1.0,45000000.0,141220678.0,55416965.2512229,173911586.788447,96220678.0,3.138237288888889,Profitable,True,5.5,474,5.9646335311732255,1.450364,15,127
64328,The Muppets,2011,2011-11-22,11,2010s,Comedy,Comedy|Family|Music,James Bobin,Amy Adams,103.0,90-105 min,2.0,45000000.0,165184237.0,43622911.9166162,160129276.014765,120184237.0,3.6707608222222223,Profitable,True,6.4,328,6.180456904070967,0.699052,47,3
36647,Blade,1998,1998-08-21,8,1990s,Horror,Horror|Action,Stephen Norrington,Wesley Snipes,120.0,105-120 min,3.0,45000000.0,131183530.0,60196296.1085234,175483613.698697,86183530.0,2.9151895555555556,Profitable,True,6.3,1263,6.2106325926933525,2.729745,48,147
7214,Coach Carter,2005,2005-01-14,1,2000s,Drama,Drama,Thomas Carter,Samuel L. Jackson,136.0,120-150 min,4.0,30000000.0,76669806.0,33496898.6896348,85606690.8045318,46669806.0,2.5556602,Profitable,True,7.3,272,6.323440476193206,0.775677,10,18
1537,Changing Lanes,2002,2002-04-07,4,2000s,Action,Action|Adventure|Crime|Thriller,Roger Michell,Ben Affleck,89.0,< 90 min,1.0,45000000.0,94935764.0,54551762.7129246,115086961.571071,49935764.0,2.1096836444444445,Profitable,True,5.7,169,6.079867742326684,0.742412,11,8
9360,Anaconda,1997,1997-04-11,4,1990s,Adventure,Adventure|Horror|Thriller,Luis Llosa,Jennifer Lopez,89.0,< 90 min,1.0,45000000.0,136885767.0,61130714.4482443,185953882.98902,91885767.0,3.041905933333333,Profitable,True,4.7,331,5.846920988865809,1.231579,10,87
6282,Coyote Ugly,2000,2000-07-30,7,2000s,Comedy,Comedy,David McNally,Piper Perabo,100.0,90-105 min,2.0,45000000.0,113916474.0,56983145.1454412,144251532.719975,68916474.0,2.5314772,Profitable,True,6.0,328,6.102459163151877,1.240519,20,31
508,Love Actually,2003,2003-09-07,9,2000s,Comedy,Comedy|Romance|Drama,Richard Curtis,Keira Knightley,135.0,120-150 min,4.0,40000000.0,244931766.0,47414105.7913011,290330516.619355,204931766.0,6.12329415,Profitable,True,6.9,1251,6.498348070453254,2.793616,39,16
9487,A Bug's Life,1998,1998-11-25,11,1990s,Family,Family|Animation,"Andrew Stanton, John Lasseter",Kevin Spacey,95.0,90-105 min,2.0,120000000.0,363398565.0,160523456.289395,486116613.870056,243398565.0,3.028321375,Profitable,True,6.6,1159,6.345289307364519,2.005566,16,19
768,From Hell,2001,2001-10-19,10,2000s,Horror,Horror|Mystery|Thriller,"Albert Hughes, Allen Hughes",Johnny Depp,122.0,120-150 min,4.0,35000000.0,74558115.0,43102084.0842845,91817432.625593,39558115.0,2.1302318571428573,Profitable,True,6.4,399,6.189348330578845,0.875298999999999,26,65
2636,The Specialist,1994,1994-10-07,10,1990s,Action,Action|Thriller,Luis Llosa,Sylvester Stallone,110.0,105-120 min,3.0,45000000.0,170362582.0,66200020.2719173,250622364.043915,125362582.0,3.7858351555555556,Profitable,True,5.5,162,6.060251011369814,0.605753,12,14
10478,Tin Cup,1996,1996-08-16,8,1990s,Comedy,Comedy|Drama|Romance,Ron Shelton,Kevin Costner,135.0,120-150 min,4.0,45000000.0,53854588.0,62559753.2532114,74869549.707408,8854588.0,1.1967686222222222,Profitable,True,5.6,64,6.103481107353341,0.471398,12,32
27983,"Yours, Mine and Ours",1968,1968-04-24,4,1960s,Comedy,Comedy|Drama|Family,Melville Shavelson,Lucille Ball,111.0,105-120 min,3.0,,,,,,,Unknown,False,5.7,10,6.124145266723681,0.157115,9,8
9981,Kicking & Screaming,2005,2005-05-13,5,2000s,Romance,Romance|Comedy|Family,Jesse Dylan,Will Ferrell,95.0,90-105 min,2.0,45000000.0,56070433.0,50245348.0344522,62606187.1228318,11070433.0,1.2460096222222221,Profitable,True,5.8,102,6.104351732942636,0.663860999999999,20,27
7453,The Hitchhiker's Guide to the Galaxy,2005,2005-01-15,1,2000s,Adventure,Adventure|Comedy|Family|Science Fiction,Garth Jennings,Martin Freeman,109.0,105-120 min,3.0,50000000.0,104478416.0,55828164.4827247,116656763.86685,54478416.0,2.08956832,Profitable,True,6.6,780,6.300054617092814,3.087036,20,19
15045,Fat Albert,2004,2004-12-12,12,2000s,Comedy,Comedy|Drama|Family,Joel Zwick,Kenan Thompson,93.0,90-105 min,2.0,,,,,,,Unknown,False,4.3,38,6.077398576494342,0.251389,13,25
7737,Resident Evil: Extinction,2007,2007-09-20,9,2000s,Horror,Horror|Action|Science Fiction,Russell Mulcahy,Milla Jovovich,94.0,90-105 min,2.0,45000000.0,147717833.0,47325086.2184195,155350204.060513,102717833.0,3.282618511111111,Profitable,True,6.0,789,6.080419279705927,0.665367,14,21
232672,Blended,2014,2014-05-21,5,2010s,Comedy,Comedy,Frank Coraci,Drew Barrymore,117.0,105-120 min,3.0,40000000.0,123494610.0,36843642.0308583,113749780.089511,83494610.0,3.08736525,Profitable,True,6.7,720,6.326091585910889,2.445165,31,9
17379,Last Holiday,2006,2006-01-13,1,2000s,Adventure,Adventure|Comedy|Drama,Wayne Wang,Queen Latifah,112.0,105-120 min,3.0,45000000.0,38399961.0,48675112.1231207,41536053.4932992,-6600039.0,0.8533324666666666,Loss-making,True,6.4,72,6.141046601456962,0.4819,7,5
8987,The River Wild,1994,1994-09-30,9,1990s,Adventure,Adventure|Action|Thriller|Crime,Curtis Hanson,Meryl Streep,108.0,105-120 min,3.0,,,,,,,Unknown,False,6.0,95,6.118933516208524,0.227473,10,7
11359,The Indian in the Cupboard,1995,1995-07-14,7,1990s,Adventure,Adventure|Family|Fantasy,Frank Oz,Hal Scardino,96.0,90-105 min,2.0,45000000.0,,64393509.0198134,,,,Unknown,False,5.8,62,6.112948632397269,0.246552,10,10
82525,Savages,2012,2012-07-06,7,2010s,Crime,Crime|Drama|Thriller,Oliver Stone,Blake Lively,131.0,120-150 min,4.0,45000000.0,47000000.0,42738492.660851,44637981.2235555,2000000.0,1.0444444444444445,Profitable,True,6.2,516,6.147343221398734,0.998625,15,21
9759,Cellular,2004,2004-09-06,9,2000s,Action,Action|Adventure|Crime|Thriller,David R. Ellis,Chris Evans,94.0,90-105 min,2.0,25000000.0,56422687.0,28861134.9953037,65136911.4521907,31422687.0,2.25690748,Profitable,True,6.0,322,6.102825940181239,0.935483,19,38
9486,Johnny English,2003,2003-04-06,4,2000s,Adventure,Adventure|Action|Comedy,Peter Howitt,Rowan Atkinson,88.0,< 90 min,1.0,40000000.0,160583018.0,47414105.7913011,190347505.09346,120583018.0,4.01457545,Profitable,True,6.0,514,6.092257672682283,1.661911,17,11
9906,The Ant Bully,2006,2006-07-27,7,2000s,Fantasy,Fantasy|Adventure|Animation|Comedy|Family,John A. Davis,Julia Roberts,88.0,< 90 min,1.0,50000000.0,55181129.0,54083457.9145786,59687725.3590087,5181129.0,1.10362258,Profitable,True,5.5,228,6.036879184841522,1.211868,20,23
841,Dune,1984,1984-12-14,12,1980s,Action,Action|Science Fiction|Adventure,David Lynch,Kyle MacLachlan,137.0,120-150 min,4.0,40000000.0,30925690.0,83961681.5677661,64914323.4010862,-9074310.0,0.77314225,Loss-making,True,6.5,294,6.19376649374296,1.020675,21,46
4688,Across the Universe,2007,2007-09-14,9,2000s,Adventure,Adventure|Drama|Music|Romance,Julie Taymor,Evan Rachel Wood,133.0,120-150 min,4.0,,,,,,,Unknown,False,6.8,255,6.233886370230422,0.532062,27,10
4148,Revolutionary Road,2008,2008-12-19,12,2000s,Drama,Drama|Romance,Sam Mendes,Leonardo DiCaprio,119.0,105-120 min,3.0,35000000.0,75225693.0,35447532.1833208,76187576.3894318,40225693.0,2.1493055142857145,Profitable,True,6.5,430,6.217110340416889,0.579469999999999,19,36
2207,16 Blocks,2006,2006-03-01,3,2000s,Action,Action|Adventure|Crime|Thriller,Richard Donner,Bruce Willis,105.0,90-105 min,2.0,55000000.0,65664721.0,59491803.7060365,71027503.4935209,10664721.0,1.1939040181818181,Profitable,True,6.1,404,6.121009361434373,0.496703,21,13
9381,Babylon A.D.,2008,2008-08-20,8,2000s,Action,Action|Adventure|Science Fiction|Thriller,Mathieu Kassovitz,Vin Diesel,101.0,90-105 min,2.0,70000000.0,72108608.0,70895064.3666417,73030634.3649848,2108608.0,1.0301229714285713,Profitable,True,5.4,436,5.950140527533531,1.064766,19,72
9625,The Glimmer Man,1996,1996-10-04,10,1990s,Action,Action|Adventure|Crime|Drama|Thriller,John Gray,Steven Seagal,92.0,90-105 min,2.0,45000000.0,,62559753.2532114,,,,Unknown,False,4.5,52,6.067098043053675,0.623818,12,8
9304,Multiplicity,1996,1996-07-19,7,1990s,Comedy,Comedy|Fantasy|Science Fiction,Harold Ramis,Michael Keaton,117.0,105-120 min,3.0,45000000.0,,62559753.2532114,,,,Unknown,False,5.2,73,6.079844831012384,0.551009,29,19
20856,Aliens in the Attic,2009,2009-07-31,7,2000s,Adventure,Adventure|Comedy|Family|Fantasy|Science Fiction,John Schultz,Carter Jenkins,86.0,< 90 min,1.0,45000000.0,57881056.0,45738019.5356229,58830330.4460107,12881056.0,1.286245688888889,Profitable,True,5.1,146,6.027295885832793,0.53923,18,14
5955,The Pledge,2001,2001-01-09,1,2000s,Crime,Crime|Drama|Mystery|Thriller,Sean Penn,Jack Nicholson,123.0,120-150 min,4.0,35000000.0,29400000.0,43102084.0842845,36205750.630799,-5600000.0,0.84,Loss-making,True,6.1,84,6.12568427671078,0.38279,16,17
9899,The Producers,2005,2005-12-25,12,2000s,Comedy,Comedy|Music,Susan Stroman,Matthew Broderick,134.0,120-150 min,4.0,45000000.0,38058335.0,50245348.0344522,42494539.7263727,-6941665.0,0.8457407777777778,Loss-making,True,5.9,84,6.114002196187868,0.390848,21,16
9826,The Phantom,1996,1996-06-06,6,1990s,Adventure,Adventure|Action,Simon Wincer,Billy Zane,100.0,90-105 min,2.0,45000000.0,17300889.0,62559753.2532114,24051985.4866933,-27699111.0,0.3844642,Loss-making,True,4.9,69,6.067772158202356,0.347219,15,6
21355,All the Pretty Horses,2000,2000-12-11,12,2000s,Drama,Drama|Romance|Western,Billy Bob Thornton,Matt Damon,117.0,105-120 min,3.0,57000000.0,,72178650.5175589,,,,Unknown,False,5.5,27,6.115014523450708,0.08429,8,4
10858,Nixon,1995,1995-12-22,12,1990s,History,History|Drama,Oliver Stone,Anthony Hopkins,192.0,> 150 min,5.0,44000000.0,13681765.0,62962542.1527065,19578152.3985437,-30318235.0,0.31094920454545455,Loss-making,True,6.3,30,6.1310212833883195,0.604331,34,8
11439,The Ghost Writer,2010,2010-02-12,2,2010s,Thriller,Thriller|Mystery,Roman Polanski,Ewan McGregor,128.0,120-150 min,4.0,45000000.0,60222298.0,45000000.0,60222298.0,15222298.0,1.3382732888888889,Profitable,True,6.5,357,6.205041527869659,1.107358,33,28
9457,Deep Rising,1998,1998-01-30,1,1990s,Adventure,Adventure|Action|Horror|Science Fiction,Stephen Sommers,Treat Williams,106.0,105-120 min,3.0,45000000.0,11203026.0,60196296.1085234,14986237.1201663,-33796974.0,0.24895613333333333,Loss-making,True,5.8,61,6.113169781879566,0.383321,15,82
12412,Miracle at St. Anna,2008,2008-09-15,9,2000s,Thriller,Thriller|Drama|Action|Crime|War,Spike Lee,Derek Luke,160.0,> 150 min,5.0,45000000.0,9323833.0,45575398.5214125,9443053.43826883,-35676167.0,0.20719628888888889,Loss-making,True,6.3,51,6.133546764171784,0.359217,25,12
13184,Bangkok Dangerous,2008,2008-08-21,8,2000s,Action,Action|Crime|Thriller,"Danny Pang, Oxide Pang Chun",Nicolas Cage,99.0,90-105 min,2.0,45000000.0,42487390.0,45575398.5214125,43030660.6974372,-2512610.0,0.9441642222222222,Loss-making,True,5.0,231,5.962997008603731,0.696406,10,22
2185,Big Trouble,2002,2002-04-05,4,2000s,Action,Action|Comedy|Thriller,Barry Sonnenfeld,Tim Allen,85.0,< 90 min,1.0,40000000.0,8493890.0,48490455.7448218,10296814.9286596,-31506110.0,0.21234725,Loss-making,True,6.2,35,6.129109897298807,0.185041,33,6
6639,Love in the Time of Cholera,2007,2007-10-04,10,2000s,Drama,Drama|Romance,Mike Newell,Javier Bardem,139.0,120-150 min,4.0,45000000.0,4607608.0,47325086.2184195,4845676.57468177,-40392392.0,0.10239128888888889,Loss-making,True,6.6,40,6.140841086247596,0.38963,14,16
58233,Johnny English Reborn,2011,2011-09-15,9,2010s,Crime,Crime|Adventure|Action|Comedy|Thriller,Oliver Parker,Rowan Atkinson,101.0,90-105 min,2.0,45000000.0,160078586.0,43622911.9166162,155179867.92921,115078586.0,3.5573019111111113,Profitable,True,6.0,689,6.084355419870674,1.048895,32,3
116977,Foodfight!,2012,2012-06-15,6,2010s,Animation,Animation|Action|Comedy|Family,Lawrence Kasanoff,Charlie Sheen,87.0,< 90 min,1.0,65000000.0,73706.0,61733378.2878959,70001.8520013486,-64926294.0,0.0011339384615384614,Loss-making,True,2.2,12,6.092779853845086,0.111351,21,7
68734,Argo,2012,2012-10-11,10,2010s,Drama,Drama|Thriller,Ben Affleck,Ben Affleck,120.0,105-120 min,3.0,44500000.0,232324128.0,42263620.5201749,220648511.988147,187824128.0,5.220766921348314,Profitable,True,7.0,2485,6.6921795624854195,2.003232,61,58
5503,The Fugitive,1993,1993-08-06,8,1990s,Adventure,Adventure|Action|Thriller|Crime|Mystery,Andrew Davis,Harrison Ford,130.0,120-150 min,4.0,44000000.0,368875760.0,66416678.3147432,556806879.318782,324875760.0,8.38354,Profitable,True,7.0,717,6.4294078307844975,1.708867,62,31
27573,The Bounty Hunter,2010,2010-03-16,3,2010s,Action,Action,Andy Tennant,Gerard Butler,110.0,105-120 min,3.0,40000000.0,136000000.0,40000000.0,136000000.0,96000000.0,3.4,Profitable,True,5.5,553,5.945386481221631,1.255298,18,13
819,Sleepers,1996,1996-10-18,10,1990s,Crime,Crime|Drama|Thriller,Barry Levinson,Robert De Niro,147.0,120-150 min,4.0,44000000.0,165615285.0,61169536.5142511,230241141.434673,121615285.0,3.76398375,Profitable,True,7.2,371,6.357977252528998,0.928256,21,16
1369,Rambo: First Blood Part II,1985,1985-05-21,5,1980s,Action,Action|Adventure|Drama|Thriller|War,George P. Cosmatos,Sylvester Stallone,96.0,90-105 min,2.0,44000000.0,300400432.0,89195306.2997226,608961557.836567,256400432.0,6.827282545454546,Profitable,True,6.2,476,6.146192316451436,1.177428,19,26
9623,The Juror,1996,1996-02-02,2,1990s,Drama,Drama|Thriller,Brian Gibson,Demi Moore,118.0,105-120 min,3.0,44000000.0,,61169536.5142511,,,,Unknown,False,5.5,46,6.106668493920272,0.397288,15,10
10935,Heaven's Gate,1980,1980-11-19,11,1980s,Action,Action|Drama|History|Western,Michael Cimino,Kris Kristofferson,219.0,> 150 min,5.0,44000000.0,3484331.0,116425617.128536,9219667.88534299,-40515669.0,0.07918934090909091,Loss-making,True,6.0,18,6.125607869934971,0.41895,23,12
834,Underworld: Evolution,2006,2006-01-12,1,2000s,Fantasy,Fantasy|Action|Science Fiction|Thriller,Len Wiseman,Kate Beckinsale,106.0,105-120 min,3.0,50000000.0,111340801.0,54083457.9145786,120433910.501179,61340801.0,2.22681602,Profitable,True,6.3,1015,6.20127751396639,5.838503,17,20
228066,Victor Frankenstein,2015,2015-11-10,11,2010s,Drama,Drama|Science Fiction|Thriller,Paul McGuigan,James McAvoy,109.0,105-120 min,3.0,40000000.0,34227298.0,36799983.8080071,31489100.3047958,-5772702.0,0.85568245,Loss-making,True,5.5,408,5.982036523658007,1.138395,16,83
711,Finding Forrester,2000,2000-12-21,12,2000s,Drama,Drama,Gus Van Sant,Sean Connery,136.0,120-150 min,4.0,43000000.0,80049764.0,54450560.9167549,101366384.908229,37049764.0,1.861622418604651,Profitable,True,6.9,161,6.209389847757754,0.449041,13,10
10468,28 Days,2000,2000-04-06,4,2000s,Comedy,Comedy|Drama,Betty Thomas,Sandra Bullock,103.0,90-105 min,2.0,43000000.0,,54450560.9167549,,,,Unknown,False,6.0,123,6.1166790050353885,0.54651,27,7
10027,Unleashed,2005,2005-02-02,2,2000s,Action,Action|Crime,Louis Leterrier,Jet Li,103.0,90-105 min,2.0,45000000.0,50871113.0,50245348.0344522,56800817.2796654,5871113.0,1.1304691777777778,Profitable,True,6.5,279,6.190953743394632,0.743639,23,27
11812,The Sweetest Thing,2002,2002-04-12,4,2000s,Romance,Romance|Comedy,Roger Kumble,Cameron Diaz,84.0,< 90 min,1.0,43000000.0,68696770.0,52127239.9256835,83278442.1374301,25696770.0,1.5975993023255814,Profitable,True,5.4,164,6.04870993896171,0.821206,11,57
37233,The Firm,1993,1993-06-30,6,1990s,Drama,Drama|Mystery|Thriller,Sydney Pollack,Tom Cruise,154.0,> 150 min,5.0,42000000.0,270248367.0,63397738.3913457,407931792.184628,228248367.0,6.434484928571429,Profitable,True,6.5,258,6.186927956291652,0.743875,22,19
37950,Charlie St. Cloud,2010,2010-05-01,5,2010s,Drama,Drama,Burr Steers,Zac Efron,99.0,90-105 min,2.0,44000000.0,48190704.0,44000000.0,48190704.0,4190704.0,1.0952432727272727,Profitable,True,6.8,324,6.257163791393703,1.166631,25,8
27582,The Mechanic,2011,2011-01-13,1,2010s,Action,Action|Thriller|Crime,Simon West,Jason Statham,93.0,90-105 min,2.0,40000000.0,51070807.0,38775921.7036588,49507940.3393668,11070807.0,1.276770175,Profitable,True,6.3,678,6.184905545168926,3.186679,17,21
64688,21 Jump Street,2012,2012-03-12,3,2010s,Action,Action|Comedy|Crime,"Phil Lord, Christopher Miller",Channing Tatum,109.0,105-120 min,3.0,42000000.0,201585328.0,39889259.8167943,191454512.472516,159585328.0,4.7996506666666665,Profitable,True,6.7,3015,6.522498125091615,3.151021,19,49
509,Notting Hill,1999,1999-05-13,5,1990s,Comedy,Comedy,Roger Michell,Julia Roberts,124.0,120-150 min,4.0,42000000.0,363889678.0,54980219.5569615,476350818.832191,321889678.0,8.664039952380952,Profitable,True,6.8,688,6.353923195895291,1.72385,27,11
7443,Chicken Run,2000,2000-06-21,6,2000s,Animation,Animation|Comedy|Family,"Nick Park, Peter Lord",Mel Gibson,84.0,< 90 min,1.0,45000000.0,224834564.0,56983145.1454412,284706235.424977,179834564.0,4.996323644444445,Profitable,True,6.3,663,6.1840496546218695,1.525559,14,76
5966,Along Came Polly,2004,2004-01-16,1,2000s,Comedy,Comedy|Romance,John Hamburg,Ben Stiller,90.0,< 90 min,1.0,42000000.0,171963386.0,48486706.7921102,198522339.90382,129963386.0,4.094366333333333,Profitable,True,5.7,440,6.022488466828924,1.23067,26,89
11066,Boomerang,1992,1992-06-30,6,1990s,Drama,Drama|Comedy|Romance,Reginald Hudlin,Eddie Murphy,117.0,105-120 min,3.0,40000000.0,70100000.0,62160970.1835582,108937100.246685,30100000.0,1.7525,Profitable,True,5.5,69,6.096863578341488,0.410039,13,6
136795,The Heat,2013,2013-06-27,6,2010s,Action,Action|Comedy|Crime,Paul Feig,Sandra Bullock,117.0,105-120 min,3.0,43000000.0,158674180.0,40249434.1678382,148524324.698737,115674180.0,3.6900972093023254,Profitable,True,6.6,1166,6.345996808990823,1.275381,23,14
8095,Cleopatra,1963,1963-06-12,6,1960s,Drama,Drama|History|Romance,Joseph L. Mankiewicz,Elizabeth Taylor,248.0,> 150 min,5.0,31115000.0,57750000.0,221544381.146049,411190358.707516,26635000.0,1.8560179977502813,Profitable,True,6.3,68,6.1355365715053605,0.804532999999999,23,37
87826,Here Comes the Boom,2012,2012-10-11,10,2010s,Action,Action|Comedy,Frank Coraci,Salma Hayek,105.0,90-105 min,2.0,,73100172.0,,69426470.3228655,,,Unknown,False,6.1,434,6.12065687508404,1.361148,14,33
11560,High Crimes,2002,2002-04-03,4,2000s,Drama,Drama|Mystery|Thriller|Crime,Carl Franklin,Ashley Judd,115.0,105-120 min,3.0,42000000.0,63781810.0,50914978.5320629,77320225.8782409,21781810.0,1.5186145238095239,Profitable,True,6.0,91,6.119262721152705,0.569956999999999,36,14
25189,The Mirror Has Two Faces,1996,1996-11-15,11,1990s,Comedy,Comedy|Drama|Romance,Barbra Streisand,Barbra Streisand,126.0,120-150 min,4.0,42000000.0,,58389103.0363306,,,,Unknown,False,6.3,21,6.129915321313193,0.313033,8,2
2637,The Mothman Prophecies,2002,2002-01-25,1,2000s,Drama,Drama|Mystery|Thriller|Horror,Mark Pellington,Richard Gere,119.0,105-120 min,3.0,32000000.0,55157539.0,38792364.5958575,66865355.0968196,23157539.0,1.72367309375,Profitable,True,5.9,135,6.106672861686772,0.5076,33,19
18480,Brüno,2009,2009-07-08,7,2000s,Comedy,Comedy,Larry Charles,Sacha Baron Cohen,83.0,< 90 min,1.0,42000000.0,,42688818.233248,,,,Unknown,False,5.2,288,5.964646829266044,0.180029,11,33
709,Licence to Kill,1989,1989-07-07,7,1980s,Adventure,Adventure|Action|Thriller,John Glen,Timothy Dalton,133.0,120-150 min,4.0,32000000.0,156167015.0,56287518.0493842,274695427.360342,124167015.0,4.88021921875,Profitable,True,5.6,332,6.023454456045177,2.176623,19,19
49730,Red Riding Hood,2011,2011-03-11,3,2010s,Thriller,Thriller,Catherine Hardwicke,Amanda Seyfried,100.0,90-105 min,2.0,42000000.0,89162162.0,40714717.7888418,86433625.3160237,47162162.0,2.122908619047619,Profitable,True,5.5,533,5.950106808509233,1.934043,22,46
2749,15 Minutes,2001,2001-03-01,3,2000s,Action,Action|Crime|Thriller,John Herzfeld,Robert De Niro,120.0,105-120 min,3.0,60000000.0,56359980.0,73889287.0016306,69406645.6271026,-3640020.0,0.939333,Loss-making,True,5.7,84,6.102320115664956,0.572909,86,338
9607,Super Mario Bros.,1993,1993-05-27,5,1990s,Adventure,Adventure|Comedy|Family|Fantasy,"Annabel Jankel, Rocky Morton",Bob Hoskins,104.0,90-105 min,2.0,42000000.0,20844907.0,63397738.3913457,31464760.9709031,-21155093.0,0.4963073095238095,Loss-making,True,4.0,114,5.96209151851902,0.834235,10,11
1830,Lord of War,2005,2005-09-16,9,2000s,Crime,Crime|Drama|Thriller,Andrew Niccol,Nicolas Cage,122.0,120-150 min,4.0,42000000.0,24127895.0,46895658.1654887,26940321.8136382,-17872105.0,0.5744736904761905,Loss-making,True,6.9,822,6.419165736104853,1.274645,20,16
54054,One for the Money,2012,2012-01-26,1,2010s,Action,Action|Comedy|Thriller|Crime|Romance,Julie Anne Robinson,Katherine Heigl,91.0,90-105 min,2.0,40000000.0,36893721.0,37989771.2540898,35039600.5375552,-3106279.0,0.922343025,Loss-making,True,5.2,271,5.972645719240523,0.672243,17,19
228967,The Interview,2014,2014-12-25,12,2010s,Action,Action|Comedy,"Seth Rogen, Evan Goldberg",James Franco,112.0,105-120 min,3.0,44000000.0,11305175.0,40528006.2339442,10413095.5199052,-32694825.0,0.2569357954545455,Loss-making,True,6.1,1657,6.112266798956451,3.989231,38,24
46528,The Warrior's Way,2010,2010-12-02,12,2010s,Adventure,Adventure|Fantasy|Action|Western|Thriller,Sngmoo Lee,Kate Bosworth,100.0,90-105 min,2.0,425000000.0,11087569.0,425000000.0,11087569.0,-413912431.0,0.026088397647058822,Loss-making,True,6.4,74,6.141409255890885,0.25054,13,22
65,8 Mile,2002,2002-11-08,11,2000s,Drama,Drama,Curtis Hanson,Eminem,110.0,105-120 min,3.0,41000000.0,215000000.0,49702717.1384424,260636199.628417,174000000.0,5.2439024390243905,Profitable,True,6.7,944,6.362537121247018,1.558805,19,92
9476,A Knight's Tale,2001,2001-05-11,5,2000s,Adventure,Adventure|Drama|Romance|Action,Brian Helgeland,Heath Ledger,132.0,120-150 min,4.0,65000000.0,117487473.0,80046727.5850998,144684426.859888,52487473.0,1.8074995846153845,Profitable,True,6.5,521,6.2308391863568735,1.692141,16,95
10610,The Medallion,2003,2003-08-15,8,2000s,Thriller,Thriller|Fantasy|Action|Comedy,Gordon Chan,Jackie Chan,88.0,< 90 min,1.0,41000000.0,,48599458.4360836,,,,Unknown,False,5.3,145,6.047259394528565,0.84781,23,15
745,The Sixth Sense,1999,1999-08-02,8,1990s,Mystery,Mystery|Thriller|Drama,M. Night Shyamalan,Bruce Willis,107.0,105-120 min,3.0,40000000.0,672806292.0,52362113.8637728,880738991.74917,632806292.0,16.8201573,Profitable,True,7.5,1753,6.901756157940772,2.578731,51,89
49527,Man on a Ledge,2012,2012-01-13,1,2010s,Action,Action|Thriller|Crime,Asger Leth,Sam Worthington,102.0,90-105 min,2.0,42000000.0,46221189.0,39889259.8167943,43898309.9300513,4221189.0,1.1005045,Profitable,True,6.2,590,6.1493475429956135,0.95865,56,27
73937,The Big Year,2011,2011-10-14,10,2010s,Comedy,Comedy,David Frankel,Owen Wilson,100.0,90-105 min,2.0,41000000.0,7448385.0,39745319.7462503,7220449.83946768,-33551615.0,0.1816679268292683,Loss-making,True,5.4,152,6.053878599254879,1.038162,18,9
1885,The Karate Kid,1984,1984-06-22,6,1980s,Drama,Drama,John G. Avildsen,Ralph Macchio,126.0,120-150 min,4.0,8000000.0,90815558.0,16792336.3135532,190625674.054874,82815558.0,11.35194475,Profitable,True,6.7,475,6.2760081779770225,1.508112,10,20
168672,American Hustle,2013,2013-12-12,12,2010s,Drama,Drama|Crime,David O. Russell,Christian Bale,138.0,120-150 min,4.0,40000000.0,251171807.0,37441334.1096169,235105188.62008,211171807.0,6.279295175,Profitable,True,6.8,1861,6.516670261683236,2.024873,31,30
18240,The Proposal,2009,2009-06-01,6,2000s,Comedy,Comedy|Romance|Drama,Anne Fletcher,Sandra Bullock,108.0,105-120 min,3.0,40000000.0,317375031.0,40656017.3649981,322580119.28882,277375031.0,7.934375775,Profitable,True,6.7,1084,6.381914834640816,1.895894,71,26
10398,Double Jeopardy,1999,1999-09-24,9,1990s,Drama,Drama|Mystery|Thriller|Crime,Bruce Beresford,Tommy Lee Jones,105.0,90-105 min,2.0,70000000.0,177841558.0,91633699.2616025,232803997.742669,107841558.0,2.5405936857142857,Profitable,True,6.1,144,6.124655602655212,0.993492,8,7
165,Back to the Future Part II,1989,1989-11-20,11,1980s,Adventure,Adventure|Comedy|Family|Science Fiction|Action,Robert Zemeckis,Michael J. Fox,108.0,105-120 min,3.0,40000000.0,332000000.0,70359397.5617302,583982999.762361,292000000.0,8.3,Profitable,True,7.2,2436,6.8167453519268015,2.566875,55,29
240832,Lucy,2014,2014-07-14,7,2010s,Action,Action|Science Fiction,Luc Besson,Scarlett Johansson,89.0,< 90 min,1.0,40000000.0,463360063.0,36843642.0308583,426796807.314199,423360063.0,11.584001575,Profitable,True,6.3,3699,6.253714859855886,5.947136,59,75
216015,Fifty Shades of Grey,2015,2015-02-11,2,2010s,Drama,Drama|Romance,Sam Taylor-Johnson,Dakota Johnson,125.0,120-150 min,4.0,40000000.0,569651467.0,36799983.8080071,524079119.045187,529651467.0,14.241286675,Profitable,True,5.3,1865,5.647990605553655,4.71040199999999,17,36
12279,Spy Kids 3-D: Game Over,2003,2003-07-25,7,2000s,Action,Action|Adventure|Comedy|Family|Science Fiction,Robert Rodriguez,Antonio Banderas,84.0,< 90 min,1.0,38000000.0,197011982.0,45043400.501736,233528673.917547,159011982.0,5.184525842105264,Profitable,True,4.8,281,5.899178373394761,0.571314,33,10
1645,A Time to Kill,1996,1996-07-24,7,1990s,Crime,Crime|Drama|Thriller,Joel Schumacher,Matthew McConaughey,149.0,120-150 min,4.0,40000000.0,152266007.0,55608669.5584101,211682751.706039,112266007.0,3.806650175,Profitable,True,7.0,263,6.269214370377696,1.325627,23,13
11007,Cheaper by the Dozen,2003,2003-12-24,12,2000s,Comedy,Comedy|Drama|Family,Shawn Levy,Steve Martin,98.0,90-105 min,2.0,40000000.0,190212113.0,47414105.7913011,225468431.214223,150212113.0,4.755302825,Profitable,True,5.8,357,6.058995124970938,0.876158,17,13
193756,Lone Survivor,2013,2013-12-24,12,2010s,Action,Action|Drama|Thriller|War,Peter Berg,Mark Wahlberg,121.0,120-150 min,4.0,40000000.0,149295601.0,37441334.1096169,139745661.953426,109295601.0,3.732390025,Profitable,True,7.4,1101,6.698035338005692,1.821423,47,48
11287,A League of Their Own,1992,1992-07-01,7,1990s,Comedy,Comedy|Drama|Family,Penny Marshall,Tom Hanks,128.0,120-150 min,4.0,40000000.0,107458785.0,62160970.1835582,166993558.258659,67458785.0,2.686469625,Profitable,True,6.6,185,6.184098861891867,0.467233,27,8
37799,The Social Network,2010,2010-09-30,9,2010s,Drama,Drama,David Fincher,Jesse Eisenberg,120.0,105-120 min,3.0,40000000.0,224920315.0,40000000.0,224920315.0,184920315.0,5.623007875,Profitable,True,7.1,2022,6.70985650849731,1.923694,99,105
10184,He's Just Not That Into You,2009,2009-02-06,2,2000s,Comedy,Comedy|Romance|Drama,Ken Kwapis,Ben Affleck,129.0,120-150 min,4.0,40000000.0,177259441.0,40656017.3649981,180166572.785146,137259441.0,4.431486025,Profitable,True,6.0,612,6.087659100929645,1.926432,41,5
4257,Scary Movie 4,2006,2006-04-13,4,2000s,Comedy,Comedy,David Zucker,Anna Faris,83.0,< 90 min,1.0,45000000.0,178262620.0,48675112.1231207,192821178.13025,133262620.0,3.9613915555555557,Profitable,True,5.3,368,5.950494488321104,1.241836,20,10
4234,Scream 3,2000,2000-02-03,2,2000s,Horror,Horror|Mystery,Wes Craven,David Arquette,116.0,105-120 min,3.0,40000000.0,161834276.0,50651684.5737255,204929467.529231,121834276.0,4.0458569,Profitable,True,5.6,390,6.009372489156455,0.542611,23,24
196,Back to the Future Part III,1990,1990-05-25,5,1990s,Adventure,Adventure|Action|Comedy|Science Fiction|Family,Robert Zemeckis,Michael J. Fox,118.0,105-120 min,3.0,40000000.0,244527583.0,66755941.6125832,408091726.335352,204527583.0,6.113189575,Profitable,True,6.9,1762,6.564213779512139,2.441201,54,24
257091,Get Hard,2015,2015-03-26,3,2010s,Comedy,Comedy,Etan Cohen,Will Ferrell,100.0,90-105 min,2.0,40000000.0,106511453.0,36799983.8080071,97990493.6441828,66511453.0,2.662786325,Profitable,True,5.9,661,6.052725203879596,0.927339,31,28
6114,Dracula,1992,1992-11-13,11,1990s,Romance,Romance|Horror,Francis Ford Coppola,Gary Oldman,128.0,120-150 min,4.0,40000000.0,215862692.0,62160970.1835582,335455859.028865,175862692.0,5.3965673,Profitable,True,6.8,545,6.320334136347624,1.432653,29,15
24803,Julie & Julia,2009,2009-08-06,8,2000s,Romance,Romance|Drama,Nora Ephron,Meryl Streep,123.0,120-150 min,4.0,40000000.0,129540499.0,40656017.3649981,131665019.420363,89540499.0,3.238512475,Profitable,True,6.5,341,6.202257423360139,1.14937,15,21
109410,42,2013,2013-04-12,4,2010s,Drama,Drama,Brian Helgeland,Chadwick Boseman,128.0,120-150 min,4.0,40000000.0,95020213.0,37441334.1096169,88942088.5524993,55020213.0,2.375505325,Profitable,True,6.8,648,6.345011017600406,0.774149,22,43
1213,The Talented Mr. Ripley,1999,1999-12-25,12,1990s,Thriller,Thriller|Crime|Drama,Anthony Minghella,Matt Damon,139.0,120-150 min,4.0,40000000.0,128798265.0,52362113.8637728,168603735.434659,88798265.0,3.219956625,Profitable,True,6.9,435,6.315156535877129,0.640331,63,58
100042,Dumb and Dumber To,2014,2014-11-12,11,2010s,Comedy,Comedy,"Bobby Farrelly, Peter Farrelly",Jim Carrey,110.0,105-120 min,3.0,40000000.0,169837010.0,36843642.0308583,156435350.000782,129837010.0,4.24592525,Profitable,True,5.5,790,5.896155290489143,1.805954,82,26
9036,Eight Below,2006,2006-02-17,2,2000s,Adventure,Adventure|Drama|Family,Frank Marshall,Paul Walker,120.0,105-120 min,3.0,40000000.0,120455994.0,43266766.3316629,130293533.641154,80455994.0,3.01139985,Profitable,True,6.6,328,6.219455774530511,1.51114,7,12
257211,The Intern,2015,2015-09-24,9,2010s,Comedy,Comedy,Nancy Meyers,Robert De Niro,121.0,120-150 min,4.0,35000000.0,194564672.0,32199985.8320062,178999419.480255,159564672.0,5.558990628571428,Profitable,True,7.1,1255,6.595165596695326,2.814802,25,23
9361,The Last of the Mohicans,1992,1992-09-25,9,1990s,Action,Action|Adventure|Drama|History|Romance,Michael Mann,Daniel Day-Lewis,112.0,105-120 min,3.0,40000000.0,75505856.0,62160970.1835582,117337931.587501,35505856.0,1.8876464,Profitable,True,6.8,422,6.287115904700057,0.566939,15,59
1677,Ray,2004,2004-10-29,10,2000s,Drama,Drama,Taylor Hackford,Jamie Foxx,152.0,> 150 min,5.0,40000000.0,124731534.0,46177815.9924859,143995745.637812,84731534.0,3.11828835,Profitable,True,7.0,246,6.261450258319964,0.648721,24,36
187,Sin City,2005,2005-03-31,3,2000s,Action,Action|Thriller|Crime,"Robert Rodriguez, Frank Miller",Jessica Alba,124.0,120-150 min,4.0,40000000.0,158733820.0,44662531.5861797,177236356.238624,118733820.0,3.9683455,Profitable,True,7.1,1691,6.667448214619478,3.520836,52,99
7461,Vantage Point,2008,2008-02-01,2,2000s,Drama,Drama|Action|Thriller|Crime,Pete Travis,Dennis Quaid,90.0,< 90 min,1.0,40000000.0,151161491.0,40511465.3523667,153094337.631464,111161491.0,3.779037275,Profitable,True,6.2,455,6.145567717836368,1.14205499999999,29,11
16538,"I Love You, Man",2009,2009-03-20,3,2000s,Comedy,Comedy,John Hamburg,Paul Rudd,105.0,90-105 min,2.0,41000000.0,91636986.0,41672417.799123,93139872.3523022,50636986.0,2.23504843902439,Profitable,True,6.4,304,6.177279149832804,1.022125,46,82
9889,Shallow Hal,2001,2001-11-01,11,2000s,Comedy,Comedy|Romance,"Bobby Farrelly, Peter Farrelly",Gwyneth Paltrow,114.0,105-120 min,3.0,40000000.0,141069860.0,49259524.6677537,173725856.213664,101069860.0,3.5267465,Profitable,True,5.5,394,5.9858970072294335,1.061903,19,14
820,JFK,1991,1991-12-20,12,1990s,Drama,Drama|Thriller|History,Oliver Stone,Kevin Costner,189.0,> 150 min,5.0,40000000.0,205405498.0,64043713.6772075,328873272.540905,165405498.0,5.13513745,Profitable,True,7.2,258,6.298955746130992,0.658866,81,69
11565,Big Momma's House 2,2006,2006-01-26,1,2000s,Comedy,Comedy|Crime,John Whitesell,Martin Lawrence,99.0,90-105 min,2.0,40000000.0,138259062.0,43266766.3316629,149550563.219722,98259062.0,3.45647655,Profitable,True,5.6,231,6.050436286882704,0.920528,8,11
6073,The Mexican,2001,2001-03-01,3,2000s,Action,Action|Comedy|Crime|Romance,Gore Verbinski,Brad Pitt,123.0,120-150 min,4.0,57000000.0,147845033.0,70194822.651549,182069401.251709,90845033.0,2.59377250877193,Profitable,True,5.7,258,6.0588961964752635,0.746989,14,10
16996,17 Again,2009,2009-03-11,3,2000s,Comedy,Comedy,Burr Steers,Zac Efron,102.0,90-105 min,2.0,20000000.0,136267476.0,20328008.682499,138502321.763511,116267476.0,6.8133738,Profitable,True,6.0,765,6.081330073303653,1.732516,49,54
193610,The Other Woman,2014,2014-04-16,4,2010s,Comedy,Comedy|Romance,Nick Cassavetes,Cameron Diaz,109.0,105-120 min,3.0,40000000.0,196781193.0,36843642.0308583,181253395.832431,156781193.0,4.919529825,Profitable,True,6.2,1056,6.159141346142389,1.900038,16,4
19912,The Final Destination,2009,2009-08-26,8,2000s,Horror,Horror|Mystery,David R. Ellis,Bobby Campo,82.0,< 90 min,1.0,40000000.0,186167139.0,40656017.3649981,189220360.8994,146167139.0,4.654178475,Profitable,True,5.5,472,5.965142411882029,1.083957,13,28
296098,Bridge of Spies,2015,2015-10-15,10,2010s,Thriller,Thriller|Drama,Steven Spielberg,Tom Hanks,141.0,120-150 min,4.0,40000000.0,162610473.0,36799983.8080071,149601569.335309,122610473.0,4.065261825,Profitable,True,7.1,1638,6.659786290009616,3.64821,66,92
8007,Behind Enemy Lines,2001,2001-11-17,11,2000s,Action,Action|Drama|Thriller|War,John Moore,Owen Wilson,106.0,105-120 min,3.0,40000000.0,91753202.0,49259524.6677537,112992977.931609,51753202.0,2.29383005,Profitable,True,5.9,270,6.0894936015872005,0.90472,19,52
32823,Get Him to the Greek,2010,2010-06-04,6,2010s,Comedy,Comedy,Nicholas Stoller,Jonah Hill,109.0,105-120 min,3.0,40000000.0,90029656.0,40000000.0,90029656.0,50029656.0,2.2507414,Profitable,True,5.9,359,6.079648916197404,1.047978,25,19
4380,Shall We Dance?,2004,2004-10-15,10,2000s,Drama,Drama|Romance|Comedy,Peter Chelsom,Richard Gere,107.0,105-120 min,3.0,50000000.0,170128460.0,57722269.9906074,196404018.024125,120128460.0,3.4025692,Profitable,True,5.8,172,6.090391559096896,0.87766,18,13
11551,Small Soldiers,1998,1998-07-10,7,1990s,Comedy,Comedy|Adventure|Fantasy|Science Fiction|Action,Joe Dante,Gregory Smith,110.0,105-120 min,3.0,40000000.0,54682547.0,53507818.7631319,73148595.3595611,14682547.0,1.367063675,Profitable,True,6.1,271,6.122728791051488,0.968861,23,41
10336,Spawn,1997,1997-07-31,7,1990s,Action,Action|Adventure|Fantasy|Horror|Science Fiction,Mark A.Z. Dippé,Michael Jai White,96.0,90-105 min,2.0,40000000.0,87840042.0,54338412.8428838,119327211.658306,47840042.0,2.19600105,Profitable,True,5.0,183,5.993069129098805,0.676667,10,16
11362,The Count of Monte Cristo,2002,2002-01-23,1,2000s,Action,Action|Adventure|Drama|Thriller,Kevin Reynolds,Jim Caviezel,131.0,120-150 min,4.0,,75395048.0,,91398505.960568,,,Unknown,False,7.1,278,6.292964008539778,0.414805,10,6
50348,The Lincoln Lawyer,2011,2011-03-17,3,2010s,Crime,Crime|Drama|Thriller,Brad Furman,Matthew McConaughey,119.0,105-120 min,3.0,40000000.0,85412898.0,38775921.7036588,82799096.133265,45412898.0,2.13532245,Profitable,True,6.9,582,6.3595612614729475,1.482692,21,27
48138,Unknown,2011,2011-02-16,2,2010s,Action,Action|Mystery|Thriller,Jaume Collet-Serra,Liam Neeson,113.0,105-120 min,3.0,30000000.0,130786397.0,29081941.2777441,126784077.249391,100786397.0,4.359546566666666,Profitable,True,6.4,779,6.226874763648105,1.246283,18,30
1124,The Prestige,2006,2006-10-19,10,2000s,Drama,Drama|Mystery|Thriller,Christopher Nolan,Hugh Jackman,130.0,120-150 min,4.0,40000000.0,109676311.0,43266766.3316629,118633483.003894,69676311.0,2.741907775,Profitable,True,7.8,2519,7.2151884945748295,2.582095,41,58
227159,Horrible Bosses 2,2014,2014-11-26,11,2010s,Comedy,Comedy,Sean Anders,Jason Bateman,108.0,105-120 min,3.0,42000000.0,106645357.0,38685824.1324013,98230083.9390274,64645357.0,2.539175166666667,Profitable,True,6.1,1033,6.115473402177442,4.105685,19,33
68179,Escape from Planet Earth,2013,2013-02-14,2,2010s,Animation,Animation|Comedy|Adventure|Family|Science Fiction,Callan Brunker,Brendan Fraser,89.0,< 90 min,1.0,40000000.0,74597643.0,37441334.1096169,69825881.8838232,34597643.0,1.864941075,Profitable,True,5.8,242,6.077655885181238,1.002527,17,13
1579,Apocalypto,2006,2006-12-07,12,2000s,Thriller,Thriller|Action|Adventure|Drama,Mel Gibson,Rudy Youngblood,139.0,120-150 min,4.0,40000000.0,120175290.0,43266766.3316629,129989904.781745,80175290.0,3.00438225,Profitable,True,7.1,667,6.448293779792079,1.21726,39,78
708,The Living Daylights,1987,1987-06-29,6,1980s,Action,Action|Adventure|Thriller,John Glen,Timothy Dalton,130.0,120-150 min,4.0,40000000.0,191185897.0,76763217.5225861,366901114.966543,151185897.0,4.779647425,Profitable,True,6.0,238,6.108251088711622,1.511663,49,18
34851,Predators,2010,2010-07-03,7,2010s,Action,Action|Science Fiction|Adventure|Thriller,Nimród Antal,Topher Grace,107.0,105-120 min,3.0,40000000.0,126248813.0,40000000.0,126248813.0,86248813.0,3.156220325,Profitable,True,5.8,722,6.013461084888865,1.888263,12,63
9930,Legal Eagles,1986,1986-06-18,6,1980s,Comedy,Comedy|Crime|Drama|Romance|Thriller,Ivan Reitman,Robert Redford,116.0,105-120 min,3.0,,,,,,,Unknown,False,5.3,22,6.11405171015026,0.459144,29,17
1586,Secret Window,2004,2004-03-12,3,2000s,Thriller,Thriller|Mystery,David Koepp,Johnny Depp,96.0,90-105 min,2.0,40000000.0,92913171.0,46177815.9924859,107263182.842909,52913171.0,2.322829275,Profitable,True,6.3,513,6.174734378628768,1.03943,14,82
2044,The Lake House,2006,2006-06-16,6,2000s,Romance,Romance|Drama|Mystery,Alejandro Agresti,Keanu Reeves,99.0,90-105 min,2.0,40000000.0,114830111.0,43266766.3316629,124208189.511897,74830111.0,2.870752775,Profitable,True,6.3,389,6.1658232794089685,1.259442,20,30
9913,The Skeleton Key,2005,2005-07-29,7,2000s,Drama,Drama|Horror|Mystery|Thriller,Iain Softley,Kate Hudson,104.0,90-105 min,2.0,43000000.0,91974818.0,48012221.4551432,102695705.351453,48974818.0,2.1389492558139533,Profitable,True,6.3,289,6.15765720792269,0.824869,20,99
71864,The Odd Life of Timothy Green,2012,2012-08-15,8,2010s,Fantasy,Fantasy|Drama|Comedy|Family,Peter Hedges,Jennifer Garner,105.0,90-105 min,2.0,,51854875.0,,49248870.9914855,,,Unknown,False,6.5,267,6.188666065225941,0.663515,23,4
10761,Made of Honor,2008,2008-05-02,5,2000s,Comedy,Comedy|Romance,Paul Weiland,Patrick Dempsey,101.0,90-105 min,2.0,40000000.0,84601681.0,40511465.3523667,85683451.714587,44601681.0,2.115042025,Profitable,True,5.8,240,6.0780042395946134,0.720175,22,24
209451,Jersey Boys,2014,2014-06-05,6,2010s,Music,Music|Drama,Clint Eastwood,Christopher Walken,134.0,120-150 min,4.0,40000000.0,67347013.0,36843642.0308583,62032730.9704891,27347013.0,1.683675325,Profitable,True,6.7,181,6.194805913841295,0.797723,71,27
11975,The Rainmaker,1997,1997-11-18,11,1990s,Drama,Drama|Crime|Thriller,Francis Ford Coppola,Matt Damon,135.0,120-150 min,4.0,40000000.0,45916769.0,54338412.8428838,62376108.7583333,5916769.0,1.147919225,Profitable,True,6.5,113,6.15598565764963,1.008461,26,43
4970,Gothika,2003,2003-11-21,11,2000s,Horror,Horror|Thriller,Mathieu Kassovitz,Halle Berry,98.0,90-105 min,2.0,40000000.0,141591324.0,47414105.7913011,167835650.381659,101591324.0,3.5397831,Profitable,True,5.8,339,6.061748602172212,0.997525,11,117
11831,Amistad,1997,1997-12-03,12,1990s,Drama,Drama|History|Mystery,Steven Spielberg,Morgan Freeman,155.0,> 150 min,5.0,36000000.0,74000000.0,48904571.5585954,100526063.759335,38000000.0,2.0555555555555554,Profitable,True,6.6,167,6.17917727850751,0.22136,24,35
9096,Medicine Man,1992,1992-02-07,2,1990s,Adventure,Adventure,John McTiernan,Sean Connery,106.0,105-120 min,3.0,40000000.0,,62160970.1835582,,,,Unknown,False,5.8,57,6.114057514235542,0.38545,10,19
440,Aliens vs Predator: Requiem,2007,2007-12-25,12,2000s,Fantasy,Fantasy|Action|Science Fiction|Thriller|Horror,"Colin Strause, Greg Strause",Steven Pasquale,94.0,90-105 min,2.0,40000000.0,41797066.0,42066743.3052618,43956661.1583771,1797066.0,1.04492665,Profitable,True,4.9,423,5.83515084032287,1.323511,40,67
11011,Ri¢hie Ri¢h,1994,1994-12-19,12,1990s,Comedy,Comedy|Family,Donald Petrie,Macaulay Culkin,95.0,90-105 min,2.0,40000000.0,,58844462.4639265,,,,Unknown,False,5.3,187,6.02689413947036,0.962847,10,12
10641,Autumn in New York,2000,2000-08-11,8,2000s,Drama,Drama|Romance,Joan Chen,Richard Gere,103.0,90-105 min,2.0,65000000.0,,82308987.432304,,,,Unknown,False,5.8,81,6.108805350385181,0.16315,11,7
11172,Music and Lyrics,2007,2007-02-09,2,2000s,Comedy,Comedy|Music|Romance,Marc Lawrence,Drew Barrymore,96.0,90-105 min,2.0,40000000.0,145896422.0,42066743.3052618,153434683.335753,105896422.0,3.64741055,Profitable,True,6.1,372,6.1213988519423985,0.606428,73,26
39513,Paul,2011,2011-02-14,2,2010s,Adventure,Adventure|Comedy|Science Fiction,Greg Mottola,Seth Rogen,104.0,90-105 min,2.0,40000000.0,97552050.0,38775921.7036588,94566766.3207854,57552050.0,2.43880125,Profitable,True,6.4,1143,6.252111072178836,1.21340499999999,17,53
82687,The Guilt Trip,2012,2012-12-19,12,2010s,Comedy,Comedy,Anne Fletcher,Seth Rogen,95.0,90-105 min,2.0,40000000.0,41863726.0,37989771.2540898,39759834.3645973,1863726.0,1.04659315,Profitable,True,5.3,210,6.01620520320809,0.595210999999999,16,11
41446,Scream 4,2011,2011-04-11,4,2010s,Horror,Horror|Mystery,Wes Craven,David Arquette,111.0,105-120 min,3.0,40000000.0,97138686.0,38775921.7036588,94166052.0683076,57138686.0,2.42846715,Profitable,True,6.0,499,6.093004456498717,0.929466,24,11
8224,8MM,1999,1999-02-25,2,1990s,Thriller,Thriller|Crime|Mystery,Joel Schumacher,Nicolas Cage,123.0,120-150 min,4.0,40000000.0,96618699.0,52362113.8637728,126478982.96019,56618699.0,2.415467475,Profitable,True,6.0,248,6.107575406240418,0.823494,16,77
10537,The Doors,1991,1991-03-01,3,1990s,Drama,Drama|Music,Oliver Stone,Val Kilmer,140.0,120-150 min,4.0,38000000.0,34416893.0,60841527.9933471,55104641.0237771,-3583107.0,0.9057077105263158,Loss-making,True,6.5,129,6.159696957951435,0.816448,29,51
225886,Sex Tape,2014,2014-07-17,7,2010s,Comedy,Comedy,Jake Kasdan,Cameron Diaz,97.0,90-105 min,2.0,40000000.0,126069509.0,36843642.0308583,116121496.515052,86069509.0,3.151737725,Profitable,True,5.3,1150,5.747352964473373,5.701683,28,44
10385,Hanging Up,2000,2000-02-16,2,2000s,Comedy,Comedy|Drama,Diane Keaton,Meg Ryan,94.0,90-105 min,2.0,40000000.0,36037909.0,50651684.5737255,45634519.9841156,-3962091.0,0.900947725,Loss-making,True,5.2,21,6.113116543042522,0.031018,23,24
55779,Final Destination 5,2011,2011-08-12,8,2010s,Horror,Horror|Mystery,Steven Quale,Emma Bell,92.0,90-105 min,2.0,47000000.0,157887643.0,45561708.0017992,153055972.073581,110887643.0,3.3593115531914894,Profitable,True,5.9,493,6.066616078359468,1.176723,11,43
10154,Mickey Blue Eyes,1999,1999-08-16,8,1990s,Comedy,Comedy|Crime|Romance,Kelly Makin,Hugh Grant,102.0,90-105 min,2.0,,,,,,,Unknown,False,5.0,70,6.071867536224826,0.416778,14,8
10647,Pay It Forward,2000,2000-10-12,10,2000s,Drama,Drama|Romance,Mimi Leder,Kevin Spacey,122.0,120-150 min,4.0,40000000.0,55707411.0,50651684.5737255,70541855.2597722,15707411.0,1.392685275,Profitable,True,6.8,230,6.224952060057934,1.042311,16,6
11431,Fever Pitch,2005,2005-04-06,4,2000s,Comedy,Comedy|Drama|Romance,"Bobby Farrelly, Peter Farrelly",Drew Barrymore,103.0,90-105 min,2.0,30000000.0,50451307.0,33496898.6896348,56332077.3112888,20451307.0,1.6817102333333334,Profitable,True,5.7,112,6.094636490237892,0.956847,30,26
8457,Drillbit Taylor,2008,2008-03-20,3,2000s,Comedy,Comedy,Steven Brill,Owen Wilson,102.0,90-105 min,2.0,40000000.0,,40511465.3523667,,,,Unknown,False,5.3,137,6.051268565715091,0.675717,41,19
188161,A Million Ways to Die in the West,2014,2014-05-22,5,2010s,Comedy,Comedy|Western,Seth MacFarlane,Seth MacFarlane,116.0,105-120 min,3.0,,,,,,,Unknown,False,5.9,1074,6.026747892730025,1.211609,44,22
8850,The Shadow,1994,1994-07-01,7,1990s,Adventure,Adventure|Fantasy|Action|Thriller|Science Fiction,Russell Mulcahy,Alec Baldwin,108.0,105-120 min,3.0,25000000.0,48063435.0,36777789.039954,70706674.9186218,23063435.0,1.9225374,Profitable,True,5.3,81,6.080584320491793,0.84317,24,7
64685,Extremely Loud & Incredibly Close,2011,2011-12-24,12,2010s,Drama,Drama,Stephen Daldry,Thomas Horn,129.0,120-150 min,4.0,40000000.0,55247881.0,38775921.7036588,53557187.6987265,15247881.0,1.381197025,Profitable,True,7.0,463,6.349648648031354,0.907952,21,4
38357,Morning Glory,2010,2010-01-12,1,2010s,Comedy,Comedy|Drama|Romance,Roger Michell,Rachel McAdams,102.0,90-105 min,2.0,40000000.0,58785180.0,40000000.0,58785180.0,18785180.0,1.4696295,Profitable,True,6.1,246,6.12308390621697,0.778439999999999,16,5
10060,Get Rich or Die Tryin',2005,2005-11-09,11,2000s,Drama,Drama,Jim Sheridan,50 Cent,117.0,105-120 min,3.0,40000000.0,46442528.0,44662531.5861797,51856021.8435509,6442528.0,1.1610632,Profitable,True,6.5,121,6.157851371661428,0.664688,21,26
11398,The Art of War,2000,2000-08-23,8,2000s,Action,Action|Adventure|Thriller,Christian Duguay,Wesley Snipes,117.0,105-120 min,3.0,40000000.0,30199105.0,50651684.5737255,38240888.5217204,-9800895.0,0.754977625,Loss-making,True,5.7,67,6.107132895881903,0.339608,7,8
1833,Rent,2005,2005-11-23,11,2000s,Comedy,Comedy|Drama|Music|Romance,Chris Columbus,Anthony Rapp,135.0,120-150 min,4.0,40000000.0,31670620.0,44662531.5861797,35362251.6525974,-8329380.0,0.7917655,Loss-making,True,6.5,89,6.150264401869429,0.330618,13,25
10391,Bless the Child,2000,2000-08-11,8,2000s,Drama,Drama|Horror|Thriller|Crime,Chuck Russell,Kim Basinger,107.0,105-120 min,3.0,40000000.0,,50651684.5737255,,,,Unknown,False,4.6,34,6.089868567349451,0.513728,15,55
8970,The Out-of-Towners,1999,1999-04-02,4,1990s,Comedy,Comedy,Sam Weisman,Steve Martin,90.0,< 90 min,1.0,75000000.0,29000000.0,98178963.4945741,37962532.5512353,-46000000.0,0.38666666666666666,Loss-making,True,5.2,20,6.113781062759459,0.242797,11,5
9306,The Island of Dr. Moreau,1996,1996-08-23,8,1990s,Fantasy,Fantasy|Horror|Science Fiction,"John Frankenheimer, Richard Stanley",Marlon Brando,96.0,90-105 min,2.0,40000000.0,49627779.0,55608669.5584101,68993369.0832201,9627779.0,1.240694475,Profitable,True,4.6,68,6.054248335797604,0.240968,17,15
11370,The Musketeer,2001,2001-09-07,9,2000s,Action,Action|Adventure|Drama,Peter Hyams,Catherine Deneuve,104.0,90-105 min,2.0,40000000.0,27053815.0,49259524.6677537,33316451.6837336,-12946185.0,0.676345375,Loss-making,True,5.1,32,6.103561473441868,0.191566,15,116
12184,The Other Boleyn Girl,2008,2008-02-28,2,2000s,Drama,Drama,Justin Chadwick,Natalie Portman,115.0,105-120 min,3.0,35000000.0,,35447532.1833208,,,,Unknown,False,6.3,258,6.154920016337555,0.719955,28,24
1921,Sweet November,2001,2001-02-16,2,2000s,Drama,Drama|Romance,Pat O'Connor,Keanu Reeves,119.0,105-120 min,3.0,40000000.0,65754228.0,49259524.6677537,80975550.4043776,25754228.0,1.6438557,Profitable,True,6.5,157,6.166002619507493,0.499611,15,20
1683,The Reaping,2007,2007-04-05,4,2000s,Horror,Horror,Stephen Hopkins,Hilary Swank,99.0,90-105 min,2.0,40000000.0,62771059.0,42066743.3052618,66014350.6488111,22771059.0,1.569276475,Profitable,True,5.4,100,6.077261920320317,0.63935,15,17
203,Mean Streets,1973,1973-10-02,10,1970s,Drama,Drama|Crime,Martin Scorsese,Harvey Keitel,110.0,105-120 min,3.0,500000.0,3000000.0,2455579.78939965,14733478.7363979,2500000.0,6.0,Profitable,True,7.1,141,6.2190131485103155,1.087374,15,9
11858,Renaissance Man,1994,1994-06-03,6,1990s,Comedy,Comedy|War,Penny Marshall,Danny DeVito,128.0,120-150 min,4.0,40000000.0,24332324.0,58844462.4639265,35795563.1569524,-15667676.0,0.6083081,Loss-making,True,5.7,43,6.114126804335962,0.563685,12,6
62835,Colombiana,2011,2011-07-27,7,2010s,Action,Action|Thriller|Crime|Drama,Olivier Megaton,Zoe Saldana,108.0,105-120 min,3.0,40000000.0,60965854.0,38775921.7036588,59100179.5325174,20965854.0,1.52414635,Profitable,True,6.5,554,6.235494239472655,1.205338,18,91
18937,Quest for Camelot,1998,1998-05-15,5,1990s,Fantasy,Fantasy|Animation|Drama|Romance|Family,Frederik Du Chau,Jessalyn Gilsig,86.0,< 90 min,1.0,,,,,,,Unknown,False,6.8,108,6.176969125461851,0.767289,13,36
13536,City By The Sea,2002,2002-09-06,9,2000s,Drama,Drama|Thriller|Mystery,Michael Caton-Jones,Robert De Niro,108.0,105-120 min,3.0,40000000.0,22433915.0,48490455.7448218,27195769.0622648,-17566085.0,0.560847875,Loss-making,True,5.7,44,6.113830597480705,0.581487,8,2
15556,At First Sight,1999,1999-01-15,1,1990s,Drama,Drama|Romance,Irwin Winkler,Val Kilmer,128.0,120-150 min,4.0,,,,,,,Unknown,False,6.0,21,6.125333836330283,0.297996,12,15
10718,Torque,2004,2004-01-16,1,2000s,Action,Action,Joseph Kahn,Martin Henderson,84.0,< 90 min,1.0,40000000.0,46546197.0,46177815.9924859,53735043.0054,6546197.0,1.163654925,Profitable,True,4.8,69,6.062923588179167,0.344278,31,98
11062,City Hall,1996,1996-02-16,2,1990s,Drama,Drama|Thriller,Harold Becker,Al Pacino,111.0,105-120 min,3.0,,,,,,,Unknown,False,5.9,31,6.122190858665636,0.571393,7,6
10802,Showgirls,1995,1995-09-22,9,1990s,Drama,Drama,Paul Verhoeven,Elizabeth Berkley,128.0,120-150 min,4.0,45000000.0,20350754.0,64393509.0198134,29121254.6946445,-24649246.0,0.4522389777777778,Loss-making,True,5.3,101,6.06985537649493,0.77385,23,9
1887,Marie Antoinette,2006,2006-05-24,5,2000s,Drama,Drama|History,Sofia Coppola,Kirsten Dunst,123.0,120-150 min,4.0,40000000.0,60474340.0,43266766.3316629,65413228.4460383,20474340.0,1.5118585,Profitable,True,6.5,363,6.2060721905176015,0.883222,22,20
6071,Kiss of Death,1995,1995-04-21,4,1990s,Action,Action|Crime|Drama|Thriller,Barbet Schroeder,David Caruso,101.0,90-105 min,2.0,40000000.0,,57238674.6842786,,,,Unknown,False,5.5,35,6.111472578171314,0.352237,10,7
10461,Get Carter,2000,2000-10-06,10,2000s,Action,Action|Drama|Thriller|Crime,Stephen T. Kay,Sylvester Stallone,102.0,90-105 min,2.0,63600000.0,19412993.0,80536178.4722236,24582519.9516985,-44187007.0,0.3052357389937107,Loss-making,True,5.3,77,6.08276609484856,0.66065,15,10
80278,The Impossible,2012,2012-09-09,9,2010s,Drama,Drama,Juan Antonio Bayona,Naomi Watts,113.0,105-120 min,3.0,42000000.0,180274123.0,39889259.8167943,171214317.395041,138274123.0,4.292241023809524,Profitable,True,6.8,1310,6.458070852572265,2.892625,17,11
10315,Fantastic Mr. Fox,2009,2009-10-23,10,2000s,Adventure,Adventure|Animation|Comedy|Family,Wes Anderson,George Clooney,87.0,< 90 min,1.0,40000000.0,46471023.0,40656017.3649981,47233167.9514307,6471023.0,1.161775575,Profitable,True,7.5,711,6.599896643425389,1.826169,30,39
16643,Life or Something Like It,2002,2002-04-26,4,2000s,Comedy,Comedy|Drama|Romance,Stephen Herek,Angelina Jolie,103.0,90-105 min,2.0,40000000.0,16872671.0,48490455.7448218,20454087.6605609,-23127329.0,0.421816775,Loss-making,True,5.6,57,6.105978710465434,0.646373,12,11
2687,Memoirs of an Invisible Man,1992,1992-02-28,2,1990s,Action,Action|Comedy|Drama|Fantasy|Science Fiction,John Carpenter,Chevy Chase,99.0,90-105 min,2.0,40000000.0,14358033.0,62160970.1835582,22312731.5301886,-25641967.0,0.358950825,Loss-making,True,5.3,58,6.093298320471477,0.354374,12,24
11025,New York Minute,2004,2004-05-01,5,2000s,Comedy,Comedy,Dennie Gordon,Ashley Olsen,91.0,90-105 min,2.0,,,,,,,Unknown,False,5.4,97,6.078662089682153,0.71676,16,14
8849,Alfie,2004,2004-10-22,10,2000s,Comedy,Comedy,Charles Shyer,Jude Law,103.0,90-105 min,2.0,60000000.0,13395939.0,69266723.9887289,15464880.1547141,-46604061.0,0.22326565,Loss-making,True,5.4,140,6.0591302846782495,0.898601,17,18
78698,Big Miracle,2012,2012-02-02,2,2010s,Adventure,Adventure|Drama|Romance,Ken Kwapis,Drew Barrymore,107.0,105-120 min,3.0,40000000.0,24719215.0,37989771.2540898,23476933.0857666,-15280785.0,0.617980375,Loss-making,True,6.5,109,6.155045149571302,0.953111,38,10
30943,The Deep End of the Ocean,1999,1999-03-12,3,1990s,Drama,Drama|Mystery,Ulu Grosbard,Michelle Pfeiffer,106.0,105-120 min,3.0,38000000.0,28121100.0,49744008.1705842,36812006.0043636,-9878900.0,0.7400289473684211,Loss-making,True,5.8,26,6.121111918221704,0.322339,15,6
9544,FearDotCom,2002,2002-08-09,8,2000s,Horror,Horror|Thriller,William Malone,Stephen Dorff,101.0,90-105 min,2.0,40000000.0,18902015.0,48490455.7448218,22914183.0461364,-21097985.0,0.472550375,Loss-making,True,3.3,46,6.034387942531086,0.231392,20,63
24418,Cirque du Freak: The Vampire's Assistant,2009,2009-10-23,10,2000s,Adventure,Adventure|Fantasy|Action|Thriller,Paul Weitz,John C. Reilly,109.0,105-120 min,3.0,40000000.0,28169671.0,40656017.3649981,28631665.8335571,-11830329.0,0.704241775,Loss-making,True,5.5,218,6.040294229589577,0.608282,24,7
7288,Duplex,2003,2003-09-26,9,2000s,Action,Action|Comedy|Thriller,Danny DeVito,Ben Stiller,89.0,< 90 min,1.0,40000000.0,19322135.0,47414105.7913011,22903543.825095,-20677865.0,0.483053375,Loss-making,True,5.8,262,6.074219762599946,1.000194,26,8
14655,Soul Men,2008,2008-11-07,11,2000s,Comedy,Comedy|Music,Malcolm D. Lee,Samuel L. Jackson,103.0,90-105 min,2.0,,,,,,,Unknown,False,6.2,32,6.128956466588106,0.473227,14,3
10366,Universal Soldier: The Return,1999,1999-08-05,8,1990s,Action,Action|Science Fiction,Mic Rodgers,Jean-Claude Van Damme,82.0,< 90 min,1.0,45000000.0,10667893.0,58907378.0967445,13964835.6988136,-34332107.0,0.2370642888888889,Loss-making,True,4.5,74,6.042956766569409,0.418611,12,8
19898,Pandorum,2009,2009-09-08,9,2000s,Action,Action|Horror|Mystery|Science Fiction|Thriller,Christian Alvart,Ben Foster,108.0,105-120 min,3.0,33000000.0,20645327.0,33541214.3261234,20983919.3254516,-12354673.0,0.6256159696969696,Loss-making,True,6.2,406,6.144052359716932,1.453639,24,15
4965,Impostor,2001,2001-12-03,12,2000s,Action,Action|Science Fiction|Thriller,Gary Fleder,Gary Sinise,102.0,90-105 min,2.0,40000000.0,,49259524.6677537,,,,Unknown,False,5.9,54,6.118561578252804,0.300216,11,19
56715,Just Visiting,2001,2001-04-06,4,2000s,Comedy,Comedy|Fantasy|Science Fiction,Jean-Marie Poiré,Jean Reno,88.0,< 90 min,1.0,,,,,,,Unknown,False,4.7,95,6.033708203945741,0.356425,13,26
1272,Sunshine,2007,2007-04-05,4,2000s,Science Fiction,Science Fiction|Thriller,Danny Boyle,Cillian Murphy,107.0,105-120 min,3.0,50000000.0,32017803.0,52583429.1315773,33672117.499986,-17982197.0,0.64035606,Loss-making,True,6.8,654,6.346370478730028,1.318019,12,13
72358,A Thousand Words,2012,2012-03-07,3,2010s,Drama,Drama|Comedy,Brian Robbins,Eddie Murphy,91.0,90-105 min,2.0,40000000.0,22044277.0,37989771.2540898,20936426.0172948,-17955723.0,0.551106925,Loss-making,True,5.8,230,6.079759206071443,0.736973,44,36
266396,The Gunman,2015,2015-02-16,2,2010s,Action,Action|Drama|Crime,Pierre Morel,Sean Penn,115.0,105-120 min,3.0,40000000.0,10664749.0,36799983.8080071,9811564.7629115,-29335251.0,0.266618725,Loss-making,True,5.6,283,6.0361288609967465,1.225325,28,42
9978,Stormbreaker,2006,2006-07-21,7,2000s,Adventure,Adventure|Action|Family,Geoffrey Sax,Alex Pettyfer,93.0,90-105 min,2.0,40000000.0,23937870.0,43266766.3316629,25892855.694193,-16062130.0,0.59844675,Loss-making,True,5.0,120,6.035510859736635,0.564215999999999,20,21
8271,Disturbia,2007,2007-04-12,4,2000s,Thriller,Thriller|Drama|Mystery,D.J. Caruso,Shia LaBeouf,105.0,90-105 min,2.0,20000000.0,117760134.0,21033371.6526309,123844633.21428,97760134.0,5.8880067,Profitable,True,6.6,549,6.263646975113117,1.180341,15,18
10428,Hackers,1995,1995-09-14,9,1990s,Action,Action|Crime|Thriller|Drama,Iain Softley,Jonny Lee Miller,107.0,105-120 min,3.0,20000000.0,7563728.0,28619337.3421393,10823444.1598092,-12436272.0,0.3781864,Loss-making,True,6.4,238,6.168046327704148,0.623009,25,29
5353,The Hunting Party,2007,2007-09-03,9,2000s,Action,Action|Adventure|Thriller|Drama,Richard Shepard,Richard Gere,101.0,90-105 min,2.0,,,,,,,Unknown,False,6.8,47,6.149844092739827,0.523238,11,10
11934,The Hudsucker Proxy,1994,1994-03-11,3,1990s,Comedy,Comedy|Drama,Joel Coen,Tim Robbins,111.0,105-120 min,3.0,30000000.0,,44133346.8479448,,,,Unknown,False,7.0,112,6.193947587707369,0.525319,24,10
19495,Nomad: The Warrior,2005,2005-07-17,7,2000s,Action,Action|History|War,"Sergei Bodrov Jr., Ivan Passer",Kuno Becker,112.0,105-120 min,3.0,25000000.0,,27914082.2413623,,,,Unknown,False,3.9,11,6.109330128443171,0.270053,9,3
9495,The Crow,1994,1994-05-11,5,1990s,Fantasy,Fantasy|Action|Thriller,Alex Proyas,Brandon Lee,102.0,90-105 min,2.0,15000000.0,94000000.0,22066673.4239724,138284486.790227,79000000.0,6.266666666666667,Profitable,True,7.2,505,6.418668473098689,0.983841,16,25
24420,The Time Traveler's Wife,2009,2009-08-14,8,2000s,Drama,Drama|Romance|Fantasy,Robert Schwentke,Eric Bana,107.0,105-120 min,3.0,39000000.0,101229792.0,39639616.9308731,102890004.535178,62229792.0,2.595635692307692,Profitable,True,6.5,478,6.224521892002496,0.965516,34,25
1257,Because I Said So,2007,2007-02-02,2,2000s,Comedy,Comedy,Michael Lehmann,Diane Keaton,102.0,90-105 min,2.0,,69485490.0,,73075706.7817584,,,Unknown,False,5.8,120,6.100635342471864,0.549308,16,14
62214,Frankenweenie,2012,2012-10-04,10,2010s,Animation,Animation|Comedy|Family,Tim Burton,Charlie Tahan,87.0,< 90 min,1.0,39000000.0,81491068.0,37040026.9727375,77395675.814287,42491068.0,2.089514564102564,Profitable,True,6.5,589,6.240258637403002,1.046157,10,83
16320,Serenity,2005,2005-08-25,8,2000s,Science Fiction,Science Fiction|Action|Adventure|Thriller,Joss Whedon,Nathan Fillion,119.0,105-120 min,3.0,39000000.0,38869464.0,43545968.2965252,43400216.5909469,-130536.0,0.9966529230769231,Loss-making,True,7.3,814,6.567569096599683,1.110148,44,19
8842,Against the Ropes,2004,2004-02-20,2,2000s,Romance,Romance|Drama,Charles S. Dutton,Meg Ryan,106.0,105-120 min,3.0,39000000.0,6614280.0,45023370.5926737,7635825.11906949,-32385720.0,0.1695969230769231,Loss-making,True,4.8,16,6.111777650053115,0.250878,7,15
9531,Superman III,1983,1983-06-17,6,1980s,Comedy,Comedy|Action|Adventure|Fantasy|Science Fiction,Richard Lester,Christopher Reeve,125.0,120-150 min,4.0,39000000.0,75800000.0,85383167.9125676,165949849.430067,36800000.0,1.9435897435897436,Profitable,True,4.7,239,5.913154578079074,1.263139,10,16
64807,Grudge Match,2013,2013-12-25,12,2010s,Comedy,Comedy,Peter Segal,Robert De Niro,113.0,105-120 min,3.0,40000000.0,44907260.0,37441334.1096169,42034693.1401859,4907260.0,1.1226815,Profitable,True,6.0,280,6.105468795262085,0.983805,17,33
11529,Sweet Home Alabama,2002,2002-09-26,9,2000s,Comedy,Comedy|Romance,Andy Tennant,Reese Witherspoon,108.0,105-120 min,3.0,30000000.0,180622424.0,36367841.8086164,218961591.437361,150622424.0,6.020747466666666,Profitable,True,6.0,224,6.109211430414912,0.895022999999999,16,35
20943,The Ugly Truth,2009,2009-07-24,7,2000s,Comedy,Comedy|Romance,Robert Luketic,Katherine Heigl,96.0,90-105 min,2.0,38000000.0,205298907.0,38623216.4967482,208665898.200178,167298907.0,5.402602815789474,Profitable,True,6.3,584,6.179323336431439,1.860267,74,17
9099,Sgt. Bilko,1996,1996-03-29,3,1990s,Comedy,Comedy|Family,Jonathan Lynn,Steve Martin,90.0,< 90 min,1.0,,,,,,,Unknown,False,5.5,45,6.107102107310252,0.370402,14,6
9488,Spy Kids 2: The Island of Lost Dreams,2002,2002-08-07,8,2000s,Action,Action|Adventure|Comedy|Family,Robert Rodriguez,Antonio Banderas,100.0,90-105 min,2.0,38000000.0,119723358.0,46065932.9575807,145136004.818011,81723358.0,3.1506146842105265,Profitable,True,5.2,260,5.977911256017454,0.683151,28,64
193,Star Trek: Generations,1994,1994-11-17,11,1990s,Science Fiction,Science Fiction|Action|Adventure|Thriller,David Carson,Patrick Stewart,118.0,105-120 min,3.0,38000000.0,120000000.0,55902239.3407301,176533387.391779,82000000.0,3.1578947368421053,Profitable,True,6.3,265,6.155547253621007,0.948788,17,15
55787,Water for Elephants,2011,2011-03-15,3,2010s,Drama,Drama|Romance,Francis Lawrence,Robert Pattinson,120.0,105-120 min,3.0,38000000.0,114156230.0,36837125.6184759,110662825.911621,76156230.0,3.0041113157894737,Profitable,True,6.7,558,6.294412718130732,0.530139,20,18
10400,The Hurricane,1999,1999-09-17,9,1990s,Drama,Drama,Norman Jewison,Denzel Washington,146.0,120-150 min,4.0,50000000.0,73956241.0,65452642.3297161,96812627.8044657,23956241.0,1.47912482,Profitable,True,7.3,226,6.295010795733037,0.92088,79,20
1957,Enough,2002,2002-05-24,5,2000s,Action,Action|Drama|Thriller,Michael Apted,Jennifer Lopez,114.0,105-120 min,3.0,38000000.0,51801187.0,46065932.9575807,62796579.1438185,13801187.0,1.3631891315789473,Profitable,True,6.3,153,6.144812260857125,0.682409,24,64
10833,Heartbreakers,2001,2001-03-23,3,2000s,Crime,Crime|Comedy|Romance,David Mirkin,Sigourney Weaver,123.0,120-150 min,4.0,35000000.0,,43102084.0842845,,,,Unknown,False,5.6,144,6.076594725544204,0.555793,15,40
256961,Paul Blart: Mall Cop 2,2015,2015-04-16,4,2010s,Action,Action|Adventure|Comedy|Family,Andy Fickman,Kevin James,94.0,90-105 min,2.0,30000000.0,107597242.0,27599987.8560053,98989419.0846556,77597242.0,3.5865747333333333,Profitable,True,5.3,422,5.930717053284034,1.73518,51,25
5852,Angel Eyes,2001,2001-05-15,5,2000s,Drama,Drama|Romance|Thriller,Luis Mandoki,Jennifer Lopez,102.0,90-105 min,2.0,53000000.0,29700000.0,65268870.1847737,36575197.0658071,-23300000.0,0.560377358490566,Loss-making,True,5.6,51,6.10813931986177,0.612923,27,21
12312,Joe Somebody,2001,2001-12-21,12,2000s,Comedy,Comedy,John Pasquin,Tim Allen,99.0,90-105 min,2.0,38000000.0,,46796548.434366,,,,Unknown,False,5.5,14,6.120858532517926,0.227672,15,40
622,The Ninth Gate,1999,1999-08-24,8,1990s,Horror,Horror|Mystery|Thriller,Roman Polanski,Johnny Depp,133.0,120-150 min,4.0,38000000.0,58401898.0,49744008.1705842,76451170.8234112,20401898.0,1.536892052631579,Profitable,True,6.2,384,6.143344202484191,0.920974,23,23
11306,Extreme Measures,1996,1996-09-27,9,1990s,Drama,Drama|Thriller,Michael Apted,Hugh Grant,118.0,105-120 min,3.0,38000000.0,17380126.0,52828236.0804896,24162142.0904383,-20619874.0,0.45737173684210525,Loss-making,True,5.3,31,6.108762225353962,0.331074,55,7
12508,Rock Star,2001,2001-09-04,9,2000s,Music,Music|Drama|Comedy,Stephen Herek,Mark Wahlberg,105.0,90-105 min,2.0,57000000.0,16991902.0,70194822.651549,20925325.3930263,-40008098.0,0.2981035438596491,Loss-making,True,5.9,100,6.111647450889054,0.693522,16,10
25793,Precious,2009,2009-11-06,11,2000s,Drama,Drama,Lee Daniels,Gabourey Sidibe,110.0,105-120 min,3.0,10000000.0,63647833.0,10164004.3412495,64691685.0923125,53647833.0,6.3647833,Profitable,True,6.8,205,6.215731228489368,1.065548,22,3
10534,White Squall,1996,1996-02-02,2,1990s,Action,Action|Drama,Ridley Scott,Jeff Bridges,129.0,120-150 min,4.0,38000000.0,10300000.0,52828236.0804896,14319232.4112906,-27700000.0,0.2710526315789474,Loss-making,True,6.2,41,6.129414779111012,0.36509,15,10
1091,The Thing,1982,1982-06-25,6,1980s,Horror,Horror|Science Fiction|Mystery|Thriller,John Carpenter,Kurt Russell,109.0,105-120 min,3.0,10000000.0,13782838.0,22596424.0255122,31144285.1722943,3782838.0,1.3782838,Profitable,True,7.5,797,6.635882366388254,2.355353,12,41
87421,Riddick,2013,2013-09-02,9,2010s,Science Fiction,Science Fiction|Action|Thriller,David Twohy,Vin Diesel,119.0,105-120 min,3.0,38000000.0,98337295.0,35569267.4041361,92046987.9382742,60337295.0,2.587823552631579,Profitable,True,6.2,1530,6.165856439907691,3.518275,16,16
10871,Switchback,1997,1997-10-31,10,1990s,Action,Action|Adventure|Mystery|Thriller,Jeb Stuart,Dennis Quaid,118.0,105-120 min,3.0,37000000.0,6482195.0,50263031.8796675,8805804.70095194,-30517805.0,0.17519445945945947,Loss-making,True,5.7,20,6.121058553480659,0.206863,12,7
13503,Texas Rangers,2001,2001-11-30,11,2000s,Action,Action|Adventure|Drama|Western,Steve Miner,James Van Der Beek,110.0,105-120 min,3.0,,,,,,,Unknown,False,5.6,10,6.123412182638936,0.283553,16,4
13600,City of Ember,2008,2008-10-07,10,2000s,Adventure,Adventure|Family|Fantasy,Gil Kenan,Saoirse Ronan,90.0,< 90 min,1.0,55000000.0,17869048.0,55703264.8595042,18097532.9732944,-37130952.0,0.3248917818181818,Loss-making,True,6.1,358,6.121573832333259,0.721663,21,31
68722,The Master,2012,2012-09-07,9,2010s,Drama,Drama,Paul Thomas Anderson,Joaquin Phoenix,137.0,120-150 min,4.0,32000000.0,28258060.0,30391817.0032718,26837930.8871086,-3741940.0,0.883064375,Loss-making,True,6.8,387,6.2768057884887565,1.106899,28,56
14324,Virgin Territory,2007,2007-12-17,12,2000s,Adventure,Adventure|Action|Comedy|Romance,David Leland,Ryan Cartwright,93.0,90-105 min,2.0,38000000.0,5410749.0,39963406.1399987,5690314.73180505,-32589251.0,0.14238813157894736,Loss-making,True,4.5,45,6.074938573610016,0.346282,12,9
14325,The Express,2008,2008-10-10,10,2000s,Drama,Drama,Gary Fleder,Rob Brown,130.0,120-150 min,4.0,40000000.0,9793496.0,40511465.3523667,9918721.84706354,-30206504.0,0.2448374,Loss-making,True,7.1,39,6.1545090505618925,0.450911,8,13
312221,Creed,2015,2015-11-25,11,2010s,Drama,Drama,Ryan Coogler,Michael B. Jordan,133.0,120-150 min,4.0,35000000.0,137935567.0,32199985.8320062,126900665.803707,102935567.0,3.9410162,Profitable,True,7.3,1171,6.671120572784354,2.331567,74,71
23168,The Town,2010,2010-09-15,9,2010s,Crime,Crime|Drama|Thriller,Ben Affleck,Ben Affleck,125.0,120-150 min,4.0,37000000.0,154026136.0,37000000.0,154026136.0,117026136.0,4.162868540540541,Profitable,True,6.9,930,6.441901212003753,1.614028,48,38
76494,What to Expect When You're Expecting,2012,2012-05-17,5,2010s,Romance,Romance|Comedy|Drama,Kirk Jones,Cameron Diaz,110.0,105-120 min,3.0,40000000.0,79700000.0,37989771.2540898,75694619.223774,39700000.0,1.9925,Profitable,True,5.7,389,6.031923904731669,1.306241,30,19
4944,Burn After Reading,2008,2008-09-05,9,2000s,Comedy,Comedy|Drama,"Joel Coen, Ethan Coen",George Clooney,96.0,90-105 min,2.0,37000000.0,163720069.0,37473105.4509392,165813497.569514,126720069.0,4.42486672972973,Profitable,True,6.3,738,6.188206375573717,1.435434,64,28
10488,Nim's Island,2008,2008-04-03,4,2000s,Adventure,Adventure|Comedy|Family|Fantasy,"Jennifer Flackett, Mark Levin",Abigail Breslin,96.0,90-105 min,2.0,37000000.0,100076342.0,37473105.4509392,101355981.538115,63076342.0,2.704766,Profitable,True,5.5,183,6.052596811097373,0.768409,23,19
96721,Rush,2013,2013-09-02,9,2010s,Drama,Drama|Action,Ron Howard,Daniel Brühl,123.0,120-150 min,4.0,38000000.0,90247624.0,35569267.4041361,84474786.0695772,52247624.0,2.3749374736842106,Profitable,True,7.7,1472,6.946444413976071,2.119986,25,18
334,Magnolia,1999,1999-12-08,12,1990s,Drama,Drama,Paul Thomas Anderson,Julianne Moore,188.0,> 150 min,5.0,37000000.0,48451803.0,48434955.3239899,63425970.6397773,11451803.0,1.309508189189189,Profitable,True,7.3,430,6.409924644547823,0.682531,29,44
23742,Cop Out,2010,2010-02-26,2,2010s,Action,Action|Comedy|Crime,Kevin Smith,Bruce Willis,107.0,105-120 min,3.0,30000000.0,55583804.0,30000000.0,55583804.0,25583804.0,1.8527934666666668,Profitable,True,5.5,310,6.0104239879440975,0.839106999999999,23,11
62837,Dolphin Tale,2011,2011-09-23,9,2010s,Drama,Drama|Family,Charles Martin Smith,Morgan Freeman,113.0,105-120 min,3.0,37000000.0,95404397.0,35867727.5758844,92484835.7064197,58404397.0,2.578497216216216,Profitable,True,6.6,103,6.160693540826142,0.455555,18,18
8966,Twilight,2008,2008-11-20,11,2000s,Adventure,Adventure|Fantasy|Drama|Romance,Catherine Hardwicke,Kristen Stewart,122.0,120-150 min,4.0,37000000.0,392616625.0,37473105.4509392,397636870.011266,355616625.0,10.611260135135135,Profitable,True,5.8,2013,5.931616690427303,3.107665,26,3
8470,John Q,2002,2002-02-15,2,2000s,Drama,Drama|Thriller|Crime,Nick Cassavetes,Denzel Washington,116.0,105-120 min,3.0,36000000.0,102244770.0,43641410.1703396,123947387.370612,66244770.0,2.8401325,Profitable,True,7.1,317,6.311798550857382,0.782771,15,118
11001,Blue Streak,1999,1999-09-17,9,1990s,Thriller,Thriller|Action|Comedy|Crime,Les Mayfield,Martin Lawrence,93.0,90-105 min,2.0,65000000.0,117758500.0,85088435.0286309,154152099.635677,52758500.0,1.8116692307692308,Profitable,True,6.0,202,6.110755451666199,0.49601,51,9
138832,We're the Millers,2013,2013-08-07,8,2010s,Comedy,Comedy|Crime,Rawson Marshall Thurber,Jason Sudeikis,110.0,105-120 min,3.0,37000000.0,269994119.0,34633234.0513957,252723500.427767,232994119.0,7.297138351351351,Profitable,True,6.9,1960,6.584275235610806,2.443357,17,43
2163,Breakdown,1997,1997-05-02,5,1990s,Drama,Drama|Action|Thriller,Jonathan Mostow,Kurt Russell,95.0,90-105 min,2.0,36000000.0,50159144.0,48904571.5585954,68139206.8629415,14159144.0,1.3933095555555555,Profitable,True,6.5,84,6.149048437756604,0.835336,15,16
36670,Never Say Never Again,1983,1983-10-07,10,1980s,Adventure,Adventure|Action|Thriller,Irvin Kershner,Sean Connery,134.0,120-150 min,4.0,36000000.0,160000000.0,78815231.9192932,350289919.641303,124000000.0,4.444444444444445,Profitable,True,5.8,183,6.088313420296514,1.774018,37,6
23048,Hot Tub Time Machine,2010,2010-03-26,3,2010s,Science Fiction,Science Fiction|Comedy|Adventure,Steve Pink,John Cusack,101.0,90-105 min,2.0,36000000.0,64572262.0,36000000.0,64572262.0,28572262.0,1.7936739444444445,Profitable,True,5.9,550,6.061628358982077,0.944055,18,22
227735,Dolphin Tale 2,2014,2014-09-12,9,2010s,Family,Family|Drama,Charles Martin Smith,Morgan Freeman,107.0,105-120 min,3.0,36000000.0,52424533.0,33159277.8277725,48287768.187173,16424533.0,1.4562370277777779,Profitable,True,6.8,63,6.157184784657239,0.599079,62,26
2155,Reindeer Games,2000,2000-02-25,2,2000s,Thriller,Thriller,John Frankenheimer,Ben Affleck,124.0,120-150 min,4.0,42000000.0,32168970.0,53184268.8024118,40735313.037541,-9831030.0,0.7659278571428572,Loss-making,True,5.2,86,6.071902338961026,0.525341,19,16
8409,A Man Apart,2003,2003-04-04,4,2000s,Action,Action|Drama,F. Gary Gray,Vin Diesel,109.0,105-120 min,3.0,36000000.0,44350926.0,42672695.212171,52571487.4326541,8350926.0,1.2319701666666667,Profitable,True,5.7,152,6.084155473300427,1.626534,15,17
222936,Aloha,2015,2015-05-27,5,2010s,Adventure,Adventure|Comedy|Romance,Cameron Crowe,Bradley Cooper,105.0,90-105 min,2.0,37000000.0,26250020.0,34039985.0224065,24150007.7739965,-10749980.0,0.70946,Loss-making,True,5.2,469,5.888731588139857,0.814206,17,81
31908,Ghosts of Mississippi,1996,1996-12-20,12,1990s,History,History|Drama,Rob Reiner,Alec Baldwin,130.0,120-150 min,4.0,,,,,,,Unknown,False,5.9,17,6.124459600567262,0.212308,10,2
10219,Snow Falling on Cedars,1999,1999-12-22,12,1990s,Drama,Drama|Romance,Scott Hicks,Ethan Hawke,127.0,120-150 min,4.0,,,,,,,Unknown,False,6.5,15,6.131361155750327,0.278394,23,8
48171,The Rite,2011,2011-01-28,1,2010s,Drama,Drama|Thriller|Horror,Mikael Håfström,Anthony Hopkins,114.0,105-120 min,3.0,37000000.0,96047633.0,35867727.5758844,93108387.4257441,59047633.0,2.595881972972973,Profitable,True,5.7,320,6.045604538759795,1.465299,12,17
782,Gattaca,1997,1997-09-07,9,1990s,Thriller,Thriller|Science Fiction|Mystery|Romance,Andrew Niccol,Ethan Hawke,106.0,105-120 min,3.0,36000000.0,12532777.0,48904571.5585954,17025280.2673449,-23467223.0,0.34813269444444445,Loss-making,True,7.3,1117,6.657377911997804,3.077454,12,41
11802,Space Chimps,2008,2008-07-17,7,2000s,Animation,Animation|Family,Kirk De Micco,Andy Samberg,81.0,< 90 min,1.0,37000000.0,63800345.0,37473105.4509392,64616136.6484135,26800345.0,1.7243336486486487,Profitable,True,5.1,60,6.083690374328388,0.421518,17,8
9776,Head of State,2003,2003-01-01,1,2000s,Comedy,Comedy,Chris Rock,Chris Rock,95.0,90-105 min,2.0,,,,,,,Unknown,False,5.4,35,6.1089529611531015,0.362474,28,9
18785,The Hangover,2009,2009-06-05,6,2000s,Comedy,Comedy,Todd Phillips,Bradley Cooper,100.0,90-105 min,2.0,35000000.0,459270619.0,35574015.1943733,466802856.532436,424270619.0,13.122017685714285,Profitable,True,7.1,4134,6.859996457487614,3.15306,87,21
817,Austin Powers: The Spy Who Shagged Me,1999,1999-06-08,6,1990s,Crime,Crime|Adventure|Action|Comedy|Science Fiction,Jay Roach,Mike Myers,95.0,90-105 min,2.0,33000000.0,310940086.0,43198743.9376126,407037004.698583,277940086.0,9.422426848484848,Profitable,True,6.0,583,6.088971430663245,1.560867,18,26
268,Batman,1989,1989-06-23,6,1980s,Fantasy,Fantasy|Action,Tim Burton,Jack Nicholson,126.0,120-150 min,4.0,35000000.0,411348924.0,61564472.8665139,723556562.007649,376348924.0,11.7528264,Profitable,True,6.9,1207,6.491447642941616,2.640852,19,12
45054,There Be Dragons,2011,2011-03-25,3,2010s,Drama,Drama,Roland Joffé,Charlie Cox,112.0,105-120 min,3.0,,,,,,,Unknown,False,6.1,14,6.126998434571869,0.293453,14,2
943,Lethal Weapon 3,1992,1992-05-15,5,1990s,Adventure,Adventure|Action|Comedy|Thriller|Crime,Richard Donner,Mel Gibson,118.0,105-120 min,3.0,35000000.0,321731527.0,54390848.9106134,499978596.423941,286731527.0,9.192329342857143,Profitable,True,6.1,468,6.1202714221709975,1.574949,11,20
22881,The Blind Side,2009,2009-11-20,11,2000s,Drama,Drama,John Lee Hancock,Sandra Bullock,129.0,120-150 min,4.0,29000000.0,309208309.0,29475612.5896236,314279459.502642,280208309.0,10.66235548275862,Profitable,True,7.1,1078,6.558425458796009,2.367474,21,42
10054,Spy Kids,2001,2001-03-18,3,2000s,Action,Action|Comedy|Family|Adventure,Robert Rodriguez,Alexa PenaVega,88.0,< 90 min,1.0,35000000.0,147934180.0,43102084.0842845,182179184.722848,112934180.0,4.226690857142857,Profitable,True,5.5,467,5.9664195037822045,0.386262,16,55
51540,Horrible Bosses,2011,2011-07-08,7,2010s,Comedy,Comedy|Crime,Seth Gordon,Jennifer Aniston,98.0,90-105 min,2.0,35000000.0,117000000.0,33928931.4907015,113419570.983202,82000000.0,3.342857142857143,Profitable,True,6.4,1417,6.266733989512385,2.686643,20,50
44264,True Grit,2010,2010-12-22,12,2010s,Drama,Drama|Adventure|Western,"Joel Coen, Ethan Coen",Jeff Bridges,110.0,105-120 min,3.0,38000000.0,252276927.0,38000000.0,252276927.0,214276927.0,6.6388665,Profitable,True,7.0,1084,6.515297386628019,2.100704,31,17
350,The Devil Wears Prada,2006,2006-06-30,6,2000s,Comedy,Comedy|Drama|Romance,David Frankel,Meryl Streep,109.0,105-120 min,3.0,35000000.0,326551094.0,37858420.540205,353220246.986172,291551094.0,9.330031257142856,Profitable,True,7.0,1773,6.622092852271361,3.03143,18,18
152,Star Trek: The Motion Picture,1979,1979-12-06,12,1970s,Science Fiction,Science Fiction|Adventure|Mystery,Robert Wise,William Shatner,132.0,120-150 min,4.0,35000000.0,139000000.0,105159390.087555,417633006.347721,104000000.0,3.9714285714285715,Profitable,True,6.0,304,6.103942197899869,1.823058,16,17
109431,Identity Thief,2013,2013-02-07,2,2010s,Comedy,Comedy|Crime,Seth Gordon,Jason Bateman,111.0,105-120 min,3.0,35000000.0,173965010.0,32761167.3459148,162837051.569821,138965010.0,4.970428857142857,Profitable,True,5.6,1361,5.862968788750975,1.200825,38,37
1598,Cape Fear,1991,1991-11-15,11,1990s,Crime,Crime|Thriller,Martin Scorsese,Robert De Niro,128.0,120-150 min,4.0,35000000.0,182300000.0,56038249.4675565,291879225.083873,147300000.0,5.208571428571428,Profitable,True,6.9,289,6.263189433593678,1.287839,27,39
8065,21,2008,2008-03-27,3,2000s,Drama,Drama|Crime,Robert Luketic,Jim Sturgess,123.0,120-150 min,4.0,35000000.0,69823199.0,35447532.1833208,70716002.6769976,34823199.0,1.994948542857143,Profitable,True,6.5,907,6.276788535817865,1.377239,13,22
271718,Trainwreck,2015,2015-07-17,7,2010s,Comedy,Comedy,Judd Apatow,Amy Schumer,125.0,120-150 min,4.0,35000000.0,140795793.0,32199985.8320062,129532072.565888,105795793.0,4.022736942857143,Profitable,True,6.1,849,6.116765720274964,2.31767,34,22
11638,Guess Who,2005,2005-03-25,3,2000s,Comedy,Comedy|Romance,Kevin Rodney Sullivan,Bernie Mac,105.0,90-105 min,2.0,35000000.0,68915888.0,39079715.1379072,76948950.6147406,33915888.0,1.9690253714285715,Profitable,True,5.4,139,6.059571735542008,0.737768,7,30
409,The English Patient,1996,1996-11-14,11,1990s,Drama,Drama|Romance|War,Anthony Minghella,Ralph Fiennes,162.0,> 150 min,5.0,27000000.0,231976425.0,37535851.9519268,322497509.079157,204976425.0,8.591719444444445,Profitable,True,6.9,287,6.262413355881892,1.044304,40,19
2118,L.A. Confidential,1997,1997-09-19,9,1990s,Crime,Crime|Drama|Mystery|Thriller,Curtis Hanson,Kevin Spacey,138.0,120-150 min,4.0,35000000.0,126216940.0,47546111.2375233,171460704.837137,91216940.0,3.6061982857142856,Profitable,True,7.5,728,6.607245837537953,1.123404,62,95
11459,Sky High,2005,2005-07-29,7,2000s,Adventure,Adventure|Comedy|Family,Mike Mitchell,Michael Angarano,100.0,90-105 min,2.0,35000000.0,86369815.0,39079715.1379072,96437364.76325,51369815.0,2.467709,Profitable,True,5.8,292,6.069222136162915,0.444301,20,40
10806,In & Out,1997,1997-09-10,9,1990s,Comedy,Comedy|Romance,Frank Oz,Kevin Kline,90.0,< 90 min,1.0,35000000.0,,47546111.2375233,,,,Unknown,False,5.8,74,6.110318996105155,0.733859,19,13
9348,Species,1995,1995-07-07,7,1990s,Science Fiction,Science Fiction|Horror|Action,Roger Donaldson,Natasha Henstridge,108.0,105-120 min,3.0,35000000.0,113000000.0,50083840.3487438,161699255.983087,78000000.0,3.2285714285714286,Profitable,True,5.2,225,5.995153288796006,2.216699,53,43
377,A Nightmare on Elm Street,1984,1984-11-15,11,1980s,Horror,Horror,Wes Craven,John Saxon,91.0,90-105 min,2.0,1800000.0,25504513.0,3778275.67054947,53535044.9761737,23704513.0,14.169173888888889,Profitable,True,7.1,625,6.434463421928034,1.331432,29,15
8843,The Cell,2000,2000-08-17,8,2000s,Horror,Horror|Science Fiction|Thriller,Tarsem Singh,Jennifer Lopez,107.0,105-120 min,3.0,33000000.0,104155843.0,41787639.7733235,131891722.653662,71155843.0,3.1562376666666667,Profitable,True,5.7,216,6.0684966297291725,0.687905,20,66
9313,The Man in the Iron Mask,1998,1998-03-12,3,1990s,Action,Action|Adventure|Drama,Randall Wallace,Leonardo DiCaprio,132.0,120-150 min,4.0,,,,,,,Unknown,False,6.1,566,6.119236788884836,1.28584599999999,31,12
39486,Secretariat,2010,2010-08-20,8,2010s,Drama,Drama,Randall Wallace,Diane Lane,123.0,120-150 min,4.0,35000000.0,60251371.0,35000000.0,60251371.0,25251371.0,1.7214677428571428,Profitable,True,6.6,52,6.144759660292848,0.06324,26,46
1273,TMNT,2007,2007-03-22,3,2000s,Comedy,Comedy|Adventure|Fantasy|Action|Science Fiction,Kevin Munroe,Chris Evans,90.0,< 90 min,1.0,34000000.0,95608995.0,35756731.8094725,100548976.258476,61608995.0,2.8120292647058824,Profitable,True,6.0,214,6.10990788746749,1.39090499999999,15,11
13920,Radio,2003,2003-10-24,10,2000s,Drama,Drama,Mike Tollin,Cuba Gooding Jr.,109.0,105-120 min,3.0,32000000.0,52277485.0,37931284.6330408,61967255.1073289,20277485.0,1.63367140625,Profitable,True,7.1,75,6.178326609990745,0.388875,6,10
50544,Friends with Benefits,2011,2011-07-21,7,2010s,Comedy,Comedy,Will Gluck,Justin Timberlake,109.0,105-120 min,3.0,35000000.0,150483765.0,33928931.4907015,145878667.232795,115483765.0,4.299536142857143,Profitable,True,6.5,1366,6.314454085635738,2.633754,16,4
140823,Saving Mr. Banks,2013,2013-11-16,11,2010s,Comedy,Comedy|Drama|History,John Lee Hancock,Emma Thompson,125.0,120-150 min,4.0,35000000.0,112544580.0,32761167.3459148,105345480.550162,77544580.0,3.2155594285714284,Profitable,True,7.3,811,6.566554227674367,1.261132,18,17
1883,Malcolm X,1992,1992-11-18,11,1990s,Drama,Drama|History,Spike Lee,Denzel Washington,202.0,> 150 min,5.0,34000000.0,48169908.0,52836824.6560245,74857205.3733186,14169908.0,1.416762,Profitable,True,7.0,201,6.240078810583097,0.648937,69,17
89492,This Is 40,2012,2012-12-20,12,2010s,Comedy,Comedy,Judd Apatow,Paul Rudd,134.0,120-150 min,4.0,35000000.0,88058786.0,33241049.8473286,83633328.4263212,53058786.0,2.5159653142857143,Profitable,True,5.5,693,5.914926754109605,1.09533899999999,26,32
22949,Old Dogs,2009,2009-11-24,11,2000s,Comedy,Comedy|Family,Walt Becker,Robin Williams,88.0,< 90 min,1.0,35000000.0,92219310.0,35574015.1943733,93731746.7187036,57219310.0,2.6348374285714287,Profitable,True,5.2,124,6.049486880683156,0.6642,22,89
12437,Underworld: Rise of the Lycans,2009,2009-01-22,1,2000s,Fantasy,Fantasy|Action|Adventure|Science Fiction|Thriller,Patrick Tatopoulos,Bill Nighy,92.0,90-105 min,2.0,35000000.0,91327197.0,35574015.1943733,92825002.6782151,56327197.0,2.609348485714286,Profitable,True,6.2,979,6.157792875718046,5.806897,19,24
2959,License to Wed,2007,2007-07-04,7,2000s,Comedy,Comedy,Ken Kwapis,Robin Williams,91.0,90-105 min,2.0,35000000.0,69307224.0,36808400.3921041,72888230.030207,34307224.0,1.9802064,Profitable,True,5.1,132,6.036031598370078,0.492637,13,18
9957,The Benchwarmers,2006,2006-04-07,4,2000s,Comedy,Comedy,Dennis Dugan,Jon Heder,80.0,< 90 min,1.0,,,,,,,Unknown,False,5.4,132,6.0626785265714105,0.53836,21,19
11648,Must Love Dogs,2005,2005-07-21,7,2000s,Comedy,Comedy|Romance,Gary David Goldberg,Diane Lane,98.0,90-105 min,2.0,30000000.0,58405313.0,33496898.6896348,65213228.4165803,28405313.0,1.9468437666666667,Profitable,True,6.0,80,6.120177503896362,0.94817,20,14
9366,Donnie Brasco,1997,1997-02-27,2,1990s,Crime,Crime|Drama|Thriller,Mike Newell,Johnny Depp,127.0,120-150 min,4.0,35000000.0,41954997.0,47546111.2375233,56994198.6951988,6954997.0,1.1987142,Profitable,True,7.2,615,6.462316062331914,1.308461,12,13
1576,Resident Evil,2002,2002-03-15,3,2000s,Horror,Horror|Action|Science Fiction,Paul W.S. Anderson,Milla Jovovich,100.0,90-105 min,2.0,33000000.0,102441078.0,40004625.989478,124185363.980271,69441078.0,3.104275090909091,Profitable,True,6.3,1265,6.210700835530439,3.326646,22,92
609,Poltergeist,1982,1982-06-04,6,1980s,Horror,Horror,Tobe Hooper,Craig T. Nelson,114.0,105-120 min,3.0,10700000.0,122200000.0,24178173.7072981,276128301.591759,111500000.0,11.42056074766355,Profitable,True,6.8,425,6.287980753379671,1.193916,16,26
5516,The Ladykillers,2004,2004-03-25,3,2000s,Comedy,Comedy|Crime|Thriller,"Joel Coen, Ethan Coen",Tom Hanks,104.0,90-105 min,2.0,,,,,,,Unknown,False,5.8,203,6.084610210222704,0.428843,17,30
13051,Max Payne,2008,2008-10-16,10,2000s,Action,Action,John Moore,Mark Wahlberg,100.0,90-105 min,2.0,35000000.0,85416905.0,35447532.1833208,86509099.6853474,50416905.0,2.440483,Profitable,True,5.3,359,5.953911948127822,1.172718,17,17
49530,In Time,2011,2011-10-27,10,2010s,Action,Action|Thriller|Science Fiction,Andrew Niccol,Justin Timberlake,109.0,105-120 min,3.0,40000000.0,173930596.0,38775921.7036588,168607979.309168,133930596.0,4.3482649,Profitable,True,6.6,2068,6.412947183991634,3.596188,26,29
34806,The Back-Up Plan,2010,2010-04-23,4,2010s,Comedy,Comedy|Romance,Alan Poul,Jennifer Lopez,106.0,105-120 min,3.0,35000000.0,77477008.0,35000000.0,77477008.0,42477008.0,2.2136288,Profitable,True,5.7,290,6.051910807333965,1.202845,15,11
49022,Something Borrowed,2011,2011-05-05,5,2010s,Comedy,Comedy|Drama|Romance,Luke Greenfield,Kate Hudson,112.0,105-120 min,3.0,35000000.0,59901913.0,33928931.4907015,58068797.2096846,24901913.0,1.7114832285714285,Profitable,True,6.0,180,6.112343757471986,1.055533,13,5
11469,Black Knight,2001,2001-11-21,11,2000s,Adventure,Adventure|Comedy|Fantasy,Gil Junger,Martin Lawrence,95.0,90-105 min,2.0,,,,,,,Unknown,False,5.4,153,6.053444733818441,0.906593,10,6
23479,The Bad News Bears,1976,1976-04-07,4,1970s,Comedy,Comedy|Family,Michael Ritchie,Walter Matthau,102.0,90-105 min,2.0,35000000.0,35323292.0,134109430.996674,135348188.315696,323292.0,1.0092369142857143,Profitable,True,6.6,54,6.1454062625792005,0.017498,17,2
11667,Street Fighter,1994,1994-12-22,12,1990s,Action,Action|Adventure|Thriller,Steven E. de Souza,Jean-Claude Van Damme,102.0,90-105 min,2.0,35000000.0,99423521.0,51488904.6559357,146263091.237897,64423521.0,2.8406720285714284,Profitable,True,4.1,177,5.892917874951194,0.607281,14,18
423,The Pianist,2002,2002-09-24,9,2000s,Drama,Drama|War,Roman Polanski,Adrien Brody,150.0,120-150 min,4.0,35000000.0,120072577.0,42429148.7767191,145559349.52963,85072577.0,3.4306450571428573,Profitable,True,7.9,938,6.852731799807064,2.364204,74,45
2447,The Nativity Story,2006,2006-12-01,12,2000s,Drama,Drama|History,Catherine Hardwicke,Keisha Castle-Hughes,101.0,90-105 min,2.0,35000000.0,,37858420.540205,,,,Unknown,False,6.5,16,6.131630215559283,0.750786,43,21
10066,House of Wax,2005,2005-05-06,5,2000s,Horror,Horror,Jaume Collet-Serra,Elisha Cuthbert,113.0,105-120 min,3.0,40000000.0,68766121.0,44662531.5861797,76781726.2805389,28766121.0,1.719153025,Profitable,True,5.3,334,5.963596089294339,0.543159,15,96
2288,Closer,2004,2004-12-01,12,2000s,Drama,Drama|Romance,Mike Nichols,Julia Roberts,104.0,90-105 min,2.0,27000000.0,115505027.0,31170025.794928,133344247.075328,88505027.0,4.277963962962963,Profitable,True,6.6,427,6.240607803232706,1.208837,18,44
88794,J. Edgar,2011,2011-11-09,11,2010s,Drama,Drama|Crime|History,Clint Eastwood,Leonardo DiCaprio,137.0,120-150 min,4.0,35000000.0,84606030.0,33928931.4907015,82016919.8734354,49606030.0,2.417315142857143,Profitable,True,5.8,428,6.048676594095602,0.588821,19,13
13515,Mirrors,2008,2008-08-15,8,2000s,Horror,Horror|Thriller|Mystery,Alexandre Aja,Kiefer Sutherland,110.0,105-120 min,3.0,35000000.0,72436439.0,35447532.1833208,73362657.2199331,37436439.0,2.069612542857143,Profitable,True,6.0,238,6.108251088711622,1.169851,9,13
11979,Queen of the Damned,2002,2002-02-10,2,2000s,Drama,Drama|Fantasy|Horror,Michael Rymer,Stuart Townsend,101.0,90-105 min,2.0,35000000.0,45479110.0,42429148.7767191,55132569.2692221,10479110.0,1.2994031428571429,Profitable,True,5.2,117,6.0535290315667005,0.698611,12,14
169,Predator 2,1990,1990-11-20,11,1990s,Science Fiction,Science Fiction|Action|Thriller,Stephen Hopkins,Kevin Peter Hall,108.0,105-120 min,3.0,35000000.0,57120318.0,58411448.9110103,95328015.3325046,22120318.0,1.6320090857142857,Profitable,True,5.7,374,6.034805021895593,1.034127,38,83
8090,Untraceable,2008,2008-01-22,1,2000s,Drama,Drama,Gregory Hoblit,Diane Lane,101.0,90-105 min,2.0,35000000.0,32483410.0,35447532.1833208,32898763.468543,-2516590.0,0.9280974285714285,Loss-making,True,5.8,119,6.1008394259301975,0.774511,18,25
11622,Blast from the Past,1999,1999-02-12,2,1990s,Comedy,Comedy|Romance,Hugh Wilson,Brendan Fraser,112.0,105-120 min,3.0,35000000.0,40263020.0,45816849.6308012,52706420.9434841,5263020.0,1.150372,Profitable,True,6.2,114,6.132924568038807,0.744837,14,20
3604,Flash Gordon,1980,1980-09-01,9,1980s,Science Fiction,Science Fiction,Mike Hodges,Sam J. Jones,111.0,105-120 min,3.0,35000000.0,27107960.0,92611286.3522451,71728658.4567202,-7892040.0,0.7745131428571429,Loss-making,True,5.8,94,6.106033118111852,0.915548,19,14
9541,Jersey Girl,2004,2004-03-25,3,2000s,Comedy,Comedy|Romance,Kevin Smith,Ben Affleck,102.0,90-105 min,2.0,35000000.0,36098382.0,40405588.9934252,41673611.0405616,1098382.0,1.031382342857143,Profitable,True,5.7,176,6.078129898920183,0.874937999999999,14,23
94348,Alex Cross,2012,2012-10-18,10,2010s,Action,Action|Thriller|Crime|Mystery,Rob Cohen,Tyler Perry,101.0,90-105 min,2.0,45000000.0,30353232.0,42738492.660851,28827808.5125579,-14646768.0,0.6745162666666666,Loss-making,True,5.2,230,5.992643493679549,0.686877,12,31
8197,Midnight in the Garden of Good and Evil,1997,1997-11-21,11,1990s,Crime,Crime|Drama|Mystery|Thriller,Clint Eastwood,John Cusack,155.0,> 150 min,5.0,35000000.0,25105255.0,47546111.2375233,34104492.7678968,-9894745.0,0.717293,Loss-making,True,6.4,76,6.1417708959777455,0.245162,17,10
336004,Heist,2015,2015-11-13,11,2010s,Crime,Crime|Action|Thriller,Scott Mann,Jeffrey Dean Morgan,93.0,90-105 min,2.0,8900000.0,50136.0,8187996.39728158,46125.0997049561,-8849864.0,0.0056332584269662925,Loss-making,True,5.4,233,6.020506936133686,1.449072,37,38
35019,Nanny McPhee and the Big Bang,2010,2010-03-26,3,2010s,Fantasy,Fantasy|Comedy,Susanna White,Emma Thompson,109.0,105-120 min,3.0,35000000.0,93246388.0,35000000.0,93246388.0,58246388.0,2.6641825142857143,Profitable,True,6.0,228,6.108935312772753,0.981468,17,15
10410,Hoffa,1992,1992-12-25,12,1990s,Crime,Crime|History,Danny DeVito,Jack Nicholson,140.0,120-150 min,4.0,35000000.0,,54390848.9106134,,,,Unknown,False,5.8,31,6.119952753113691,0.13229,106,43
8836,The X Files: I Want to Believe,2008,2008-07-24,7,2000s,Drama,Drama|Mystery|Science Fiction|Thriller,Chris Carter,David Duchovny,104.0,90-105 min,2.0,30000000.0,68369434.0,30383599.014275,69243648.916298,38369434.0,2.278981133333333,Profitable,True,5.4,312,5.99108490386998,0.748854,42,200
14442,Ella Enchanted,2004,2004-04-09,4,2000s,Fantasy,Fantasy|Comedy|Family|Romance,Tommy O'Haver,Anne Hathaway,96.0,90-105 min,2.0,31000000.0,27388767.0,35787807.3941766,31618836.0696767,-3611233.0,0.8835086129032258,Loss-making,True,5.7,238,6.063404659467228,1.473411,17,75
321741,Concussion,2015,2015-11-12,11,2010s,Drama,Drama,Peter Landesman,Will Smith,123.0,120-150 min,4.0,35000000.0,48623572.0,32199985.8320062,44733666.5571867,13623572.0,1.3892449142857144,Profitable,True,6.9,500,6.3356596506864635,2.121884,72,69
59965,Abduction,2011,2011-09-22,9,2010s,Thriller,Thriller|Action|Mystery,John Singleton,Taylor Lautner,106.0,105-120 min,3.0,35000000.0,82087155.0,33928931.4907015,79575127.3789028,47087155.0,2.345347285714286,Profitable,True,5.5,631,5.92788603009308,1.246595,34,48
14175,Valiant,2005,2005-03-25,3,2000s,Animation,Animation|Family|Adventure,Gary Chapman,Ewan McGregor,76.0,< 90 min,1.0,35000000.0,19478106.0,39079715.1379072,21748538.1115989,-15521894.0,0.5565173142857143,Loss-making,True,5.3,138,6.050765068251305,0.558258,15,4
11004,Wonder Boys,2000,2000-02-22,2,2000s,Comedy,Comedy|Drama,Curtis Hanson,Michael Douglas,111.0,105-120 min,3.0,35000000.0,,44320224.0020098,,,,Unknown,False,6.4,74,6.141409255890885,0.34954,15,8
11918,Superhero Movie,2008,2008-03-27,3,2000s,Action,Action|Comedy|Science Fiction,Craig Mazin,Drake Bell,85.0,< 90 min,1.0,35000000.0,25871834.0,35447532.1833208,26202647.6673295,-9128166.0,0.7391952571428572,Loss-making,True,4.9,170,5.990385511671001,0.598695,16,18
98357,Broken City,2013,2013-01-18,1,2010s,Thriller,Thriller|Crime|Drama,Allen Hughes,Mark Wahlberg,109.0,105-120 min,3.0,56000000.0,19701164.0,52417867.7534637,18440946.5918089,-36298836.0,0.3518065,Loss-making,True,5.7,438,6.022848366909086,0.844465999999999,22,65
10012,Cursed,2005,2005-02-24,2,2000s,Horror,Horror|Comedy,Wes Craven,Portia de Rossi,97.0,90-105 min,2.0,35000000.0,19294901.0,39079715.1379072,21543978.1341177,-15705099.0,0.5512828857142857,Loss-making,True,5.0,75,6.0681173874031025,0.661616,16,163
49526,Premium Rush,2012,2012-08-24,8,2010s,Crime,Crime|Action|Thriller,David Koepp,Joseph Gordon-Levitt,91.0,90-105 min,2.0,35000000.0,31083599.0,33241049.8473286,29521470.3940963,-3916401.0,0.8881028285714285,Loss-making,True,6.1,592,6.1189797843573155,0.607856,10,4
268920,Hot Pursuit,2015,2015-05-08,5,2010s,Action,Action|Crime|Comedy,Anne Fletcher,Reese Witherspoon,87.0,< 90 min,1.0,35000000.0,51680201.0,32199985.8320062,47545763.9998638,16680201.0,1.4765771714285714,Profitable,True,5.5,472,5.965142411882029,1.178831,114,18
9093,The Four Feathers,2002,2002-09-08,9,2000s,War,War|Adventure|Drama|Romance,Shekhar Kapur,Heath Ledger,132.0,120-150 min,4.0,35000000.0,29882645.0,42429148.7767191,36225576.872768,-5117355.0,0.8537898571428572,Loss-making,True,6.4,81,6.142670586257245,0.534397,49,15
119283,Parker,2013,2013-01-23,1,2010s,Action,Action|Crime,Taylor Hackford,Jason Statham,118.0,105-120 min,3.0,35000000.0,46216641.0,32761167.3459148,43260317.4276305,11216641.0,1.3204754571428572,Profitable,True,5.6,1196,5.8799837490050475,1.290891,31,32
11823,Wimbledon,2004,2004-09-13,9,2000s,Comedy,Comedy|Romance,Richard Loncraine,Kirsten Dunst,98.0,90-105 min,2.0,31000000.0,41512007.0,35787807.3941766,47923345.5181197,10512007.0,1.339097,Profitable,True,5.7,168,6.0801173105169,0.614247999999999,10,12
35169,Furry Vengeance,2010,2010-04-02,4,2010s,Comedy,Comedy,Roger Kumble,Brendan Fraser,92.0,90-105 min,2.0,35000000.0,39340177.0,35000000.0,39340177.0,4340177.0,1.124005057142857,Profitable,True,4.7,75,6.052373212747725,0.302377,16,11
118957,Bait,2012,2012-09-05,9,2010s,Horror,Horror|Action|Thriller,Kimble Rendall,Sharni Vinson,93.0,90-105 min,2.0,30000000.0,,28492328.4405673,,,,Unknown,False,5.2,99,6.064101960180148,0.365381,17,52
849,Krull,1983,1983-07-29,7,1980s,Fantasy,Fantasy|Action|Adventure,Peter Yates,Ken Marshall,117.0,105-120 min,3.0,27.0,,59.1114239394699,,,,Unknown,False,5.8,52,6.115174282296972,0.31152,25,15
4515,Lions for Lambs,2007,2007-10-22,10,2000s,Action,Action|Adventure|Drama|History,Robert Redford,Robert Redford,92.0,90-105 min,2.0,35000000.0,63215872.0,36808400.3921041,66482146.5060572,28215872.0,1.8061677714285713,Profitable,True,5.7,119,6.092761223499948,1.156092,8,17
18886,Flight of the Intruder,1991,1991-01-18,1,1990s,Action,Action|Adventure|Drama|Thriller,John Milius,Danny Glover,115.0,105-120 min,3.0,35000000.0,,56038249.4675565,,,,Unknown,False,6.0,14,6.125975117562878,0.245709,5,3
6575,Walk Hard: The Dewey Cox Story,2007,2007-12-21,12,2000s,Comedy,Comedy|Music,Jake Kasdan,John C. Reilly,96.0,90-105 min,2.0,35000000.0,18317151.0,36808400.3921041,19263572.230018,-16682849.0,0.5233471714285715,Loss-making,True,6.5,93,6.15123112316894,0.419377,39,13
6440,The Shipping News,2001,2001-12-18,12,2000s,Drama,Drama|Romance,Lasse Hallström,Kevin Spacey,111.0,105-120 min,3.0,,,,,,,Unknown,False,6.3,48,6.1331906128933555,0.605017,12,24
13496,American Outlaws,2001,2001-08-17,8,2000s,Action,Action|Western,Les Mayfield,Colin Farrell,94.0,90-105 min,2.0,35000000.0,13678913.0,43102084.0842845,16845418.8087889,-21321087.0,0.39082608571428573,Loss-making,True,5.8,26,6.121111918221704,0.328665,15,11
18320,The Young Victoria,2009,2009-03-04,3,2000s,Drama,Drama|History|Romance,Jean-Marc Vallée,Emily Blunt,105.0,90-105 min,2.0,35000000.0,27409889.0,35574015.1943733,27859423.0789167,-7590111.0,0.7831396857142857,Loss-making,True,6.9,201,6.2271535967704805,0.894268,21,18
22787,Whiteout,2009,2009-09-09,9,2000s,Action,Action|Crime|Mystery|Thriller,Dominic Sena,Kate Beckinsale,101.0,90-105 min,2.0,40000000.0,12206028.0,40656017.3649981,12406212.1581413,-27793972.0,0.3051507,Loss-making,True,5.2,114,6.055273181893449,0.850476,17,29
8967,The Tree of Life,2011,2011-05-18,5,2010s,Drama,Drama|Fantasy,Terrence Malick,Brad Pitt,139.0,120-150 min,4.0,32000000.0,54674226.0,31020737.3629271,53001087.6646037,22674226.0,1.7085695625,Profitable,True,6.5,582,6.239319538421452,1.821261,18,31
37498,Knock Off,1998,1998-09-04,9,1990s,Action,Action|Adventure|Thriller,Tsui Hark,Jean-Claude Van Damme,91.0,90-105 min,2.0,33000000.0,,44143950.4795838,,,,Unknown,False,4.9,29,6.101544760565233,0.195375,6,11
144336,Sabotage,2014,2014-03-28,3,2010s,Action,Action|Drama|Thriller|Crime,David Ayer,Arnold Schwarzenegger,110.0,105-120 min,3.0,35000000.0,17508518.0,32238186.777001,16126939.242071,-17491482.0,0.5002433714285714,Loss-making,True,5.4,422,5.954476976711769,1.214094,57,50
9616,The Order,2003,2003-09-05,9,2000s,Drama,Drama|Fantasy|Horror|Mystery|Romance,Brian Helgeland,Heath Ledger,102.0,90-105 min,2.0,35000000.0,11560806.0,41487342.5673884,13703631.9679177,-23439194.0,0.33030874285714285,Loss-making,True,4.8,42,6.0873480111294125,0.556095,10,85
13056,Punisher: War Zone,2008,2008-12-05,12,2000s,Action,Action|Crime,Lexi Alexander,Ray Stevenson,102.0,90-105 min,2.0,20500000.0,10089373.0,20762125.9930879,10218382.1179151,-10410627.0,0.49216453658536585,Loss-making,True,5.5,147,6.065849415986792,1.210534,17,96
14113,Zoom,2006,2006-08-11,8,2000s,Fantasy,Fantasy|Comedy|Family,Peter Hewitt,Tim Allen,83.0,< 90 min,1.0,35000000.0,12506188.0,37858420.540205,13527557.8473961,-22493812.0,0.35731965714285713,Loss-making,True,5.1,84,6.0672738740962195,0.529881,15,28
285783,The Walk,2015,2015-09-30,9,2010s,Adventure,Adventure|Drama|Thriller,Robert Zemeckis,Joseph Gordon-Levitt,123.0,120-150 min,4.0,35000000.0,61181942.0,32199985.8320062,56287361.8735607,26181942.0,1.7480554857142858,Profitable,True,6.8,706,6.357820765175367,2.049886,65,47
9726,A Good Year,2006,2006-09-09,9,2000s,Comedy,Comedy|Drama|Romance,Ridley Scott,Russell Crowe,118.0,105-120 min,3.0,35000000.0,42064105.0,37858420.540205,45499445.0496383,7064105.0,1.2018315714285714,Profitable,True,6.4,199,6.162221723223086,0.70435,63,19
20763,Radio Flyer,1992,1992-02-21,2,1990s,Drama,Drama,Richard Donner,Elijah Wood,114.0,105-120 min,3.0,35000000.0,4651977.0,54390848.9106134,7229285.08978996,-30348023.0,0.13291362857142858,Loss-making,True,6.3,26,6.130531525496539,0.303912,19,26
9702,Bound by Honor,1993,1993-02-05,2,1990s,Action,Action|Crime|Drama|Thriller,Taylor Hackford,Damian Chapa,180.0,> 150 min,5.0,35000000.0,,52831448.6594548,,,,Unknown,False,7.7,61,6.195072120936876,0.62502,15,16
9311,Smilla's Sense of Snow,1997,1997-02-13,2,1990s,Action,Action|Crime|Drama|Mystery|Thriller,Bille August,Julia Ormond,121.0,120-150 min,4.0,35000000.0,,47546111.2375233,,,,Unknown,False,6.8,29,6.141382805536673,0.471278,19,9
9280,Femme Fatale,2002,2002-11-06,11,2000s,Thriller,Thriller|Crime|Romance,Brian De Palma,Rebecca Romijn,114.0,105-120 min,3.0,35000000.0,16838910.0,42429148.7767191,20413160.5036509,-18161090.0,0.4811117142857143,Loss-making,True,6.1,63,6.1260648919185465,0.600189,19,20
26843,Lion of the Desert,1981,1981-04-17,4,1980s,Action,Action|History|War,Moustapha Akkad,Anthony Quinn,173.0,> 150 min,5.0,35000000.0,,83936678.1699885,,,,Unknown,False,7.3,17,6.141817925999397,0.193253,15,3
11876,The Horseman on the Roof,1995,1995-09-20,9,1990s,War,War|Adventure|Drama|Romance,Jean-Paul Rappeneau,Juliette Binoche,135.0,120-150 min,4.0,35000000.0,15000000.0,50083840.3487438,21464503.0066044,-20000000.0,0.42857142857142855,Loss-making,True,6.4,17,6.1306590025073096,0.194078,29,9
22267,Ride with the Devil,1999,1999-11-24,11,1990s,Drama,Drama|War|Romance|Western,Ang Lee,Tobey Maguire,138.0,120-150 min,4.0,38000000.0,635096.0,49744008.1705842,831374.226660667,-37364904.0,0.016713052631578948,Loss-making,True,6.6,15,6.132456766005239,0.198126,11,20
198663,The Maze Runner,2014,2014-09-10,9,2010s,Action,Action|Mystery|Science Fiction|Thriller,Wes Ball,Dylan O'Brien,113.0,105-120 min,3.0,34000000.0,348319861.0,31317095.7262296,320834306.773058,314319861.0,10.244701794117647,Profitable,True,7.0,3425,6.752724688401117,7.137273,37,81
239573,Unfinished Business,2015,2015-03-05,3,2010s,Comedy,Comedy,Ken Scott,Vince Vaughn,90.0,< 90 min,1.0,35000000.0,14431253.0,32199985.8320062,13276746.9182313,-20568747.0,0.4123215142857143,Loss-making,True,4.9,241,5.941851017702823,0.577814,16,5
10436,The Age of Innocence,1993,1993-09-17,9,1990s,Drama,Drama|Romance,Martin Scorsese,Daniel Day-Lewis,139.0,120-150 min,4.0,34000000.0,32255440.0,51321978.6977561,48688617.781375,-1744560.0,0.9486894117647059,Loss-making,True,6.7,76,6.157713837030818,0.56486,24,8
1381,The Fountain,2006,2006-09-06,9,2000s,Drama,Drama|Adventure|Science Fiction|Romance,Darren Aronofsky,Hugh Jackman,96.0,90-105 min,2.0,35000000.0,15304890.0,37858420.540205,16554827.4840451,-19695110.0,0.4372825714285714,Loss-making,True,6.7,371,6.250447254268027,1.432839,14,83
2162,Chill Factor,1999,1999-09-01,9,1990s,Action,Action|Comedy|Thriller,Hugh Johnson,Cuba Gooding Jr.,101.0,90-105 min,2.0,70000000.0,11263966.0,91633699.2616025,14745126.7562416,-58736034.0,0.1609138,Loss-making,True,5.4,16,6.118784437878821,0.393985,9,14
127493,Stolen,2012,2012-05-17,5,2010s,Action,Action|Crime|Drama|Thriller,Simon West,Nicolas Cage,96.0,90-105 min,2.0,35000000.0,2106557.0,33241049.8473286,2000690.46409254,-32893443.0,0.060187342857142855,Loss-making,True,5.1,233,5.976464342724324,1.157127,13,13
228205,The Longest Ride,2015,2015-04-09,4,2010s,Romance,Romance|Drama,"George Tillman, Jr.",Scott Eastwood,128.0,120-150 min,4.0,34000000.0,63013281.0,31279986.236806,57972193.012235,29013281.0,1.853331794117647,Profitable,True,7.3,711,6.5310379925126005,2.070708,19,28
2900,The Astronaut's Wife,1999,1999-08-26,8,1990s,Drama,Drama|Science Fiction|Thriller,Rand Ravich,Johnny Depp,109.0,105-120 min,3.0,75000000.0,19598588.0,98178963.4945741,25655587.4106293,-55401412.0,0.26131450666666667,Loss-making,True,5.4,132,6.0626785265714105,0.378188,36,48
21311,I Dreamed of Africa,2000,2000-05-05,5,2000s,Romance,Romance|Drama|Adventure,Hugh Hudson,Kim Basinger,114.0,105-120 min,3.0,34000000.0,,43053931.8876667,,,,Unknown,False,5.0,11,6.118193947943574,0.198014,8,3
77875,Playing for Keeps,2012,2012-11-29,11,2010s,Comedy,Comedy|Romance,Gabriele Muccino,Gerard Butler,106.0,105-120 min,3.0,35000000.0,,33241049.8473286,,,,Unknown,False,5.4,163,6.049137537629538,0.615335,21,13
192136,Mandela: Long Walk to Freedom,2013,2013-12-06,12,2010s,Drama,Drama|History,Justin Chadwick,Idris Elba,141.0,120-150 min,4.0,35000000.0,27330000.0,32761167.3459148,25581791.5303958,-7670000.0,0.7808571428571428,Loss-making,True,6.5,165,6.1677615419246745,0.229656,15,10
18254,Reds,1981,1981-12-25,12,1980s,Drama,Drama|History,Warren Beatty,Warren Beatty,195.0,> 150 min,5.0,32000000.0,40382659.0,76742105.7554181,96845321.4894683,8382659.0,1.26195809375,Profitable,True,6.5,25,6.134034195009624,0.469885,36,16
881,A Few Good Men,1992,1992-12-11,12,1990s,Drama,Drama|Thriller,Rob Reiner,Tom Cruise,138.0,120-150 min,4.0,40000000.0,243240178.0,62160970.1835582,378001136.302535,203240178.0,6.08100445,Profitable,True,6.9,502,6.336267743299269,1.199355,16,52
10877,Exit Wounds,2001,2001-03-13,3,2000s,Action,Action|Crime|Thriller,Andrzej Bartkowiak,Steven Seagal,101.0,90-105 min,2.0,50000000.0,79958599.0,61574405.8346921,98468064.4959882,29958599.0,1.59917198,Profitable,True,5.0,52,6.085588904301097,0.510452,27,70
9600,Big Momma's House,2000,2000-05-31,5,2000s,Crime,Crime|Comedy,Raja Gosnell,Martin Lawrence,98.0,90-105 min,2.0,30000000.0,173959438.0,37988763.4302941,220283464.554964,143959438.0,5.798647933333333,Profitable,True,5.7,279,6.054281157515016,1.001503,6,11
202575,Thunder and the House of Magic,2013,2013-12-24,12,2010s,Family,Family|Fantasy|Animation|Adventure,"Ben Stassen, Jeremy Degruson",Brianne Siddall,85.0,< 90 min,1.0,34000000.0,,31825133.9931744,,,,Unknown,False,6.3,89,6.13792984431971,0.530366,22,16
71469,The Darkest Hour,2011,2011-12-25,12,2010s,Horror,Horror|Action|Thriller|Science Fiction,Chris Gorak,Emile Hirsch,89.0,< 90 min,1.0,30000000.0,64626786.0,29081941.2777441,62649079.8473779,34626786.0,2.1542262,Profitable,True,4.7,309,5.8620928136238195,1.107689,15,66
85446,Step Up Revolution,2012,2012-07-26,7,2010s,Music,Music|Drama|Romance,Scott Speer,Kathryn McCormick,99.0,90-105 min,2.0,33000000.0,140470746.0,31341561.2846241,133411287.710783,107470746.0,4.2566892727272725,Profitable,True,6.6,445,6.244203523060293,1.496861,12,11
326,Snakes on a Plane,2006,2006-08-06,8,2000s,Horror,Horror|Action|Crime|Thriller,David R. Ellis,Samuel L. Jackson,105.0,90-105 min,2.0,33000000.0,62022014.0,35695082.2236219,67087299.6789281,29022014.0,1.8794549696969698,Profitable,True,5.2,236,5.98965257426437,0.646745,19,19
10685,The Watcher,2000,2000-09-08,9,2000s,Mystery,Mystery|Thriller,Joe Charbanic,James Spader,96.0,90-105 min,2.0,33000000.0,,41787639.7733235,,,,Unknown,False,4.7,54,6.072542119407551,0.650841,15,6
7220,The Punisher,2004,2004-04-15,4,2000s,Action,Action|Crime|Drama,Jonathan Hensleigh,Thomas Jane,124.0,120-150 min,4.0,33000000.0,54700105.0,38096698.1938009,63148284.5864915,21700105.0,1.6575789393939393,Profitable,True,6.0,402,6.098141653856713,1.131654,33,112
9763,Goal!: The Dream Begins,2005,2005-06-06,6,2000s,Drama,Drama,Danny Cannon,Kuno Becker,118.0,105-120 min,3.0,30000000.0,27610873.0,33496898.6896348,30829287.1871124,-2389127.0,0.9203624333333333,Loss-making,True,6.5,119,6.157386842941941,0.463862,17,20
72387,Safe,2012,2012-04-16,4,2010s,Action,Action|Crime|Thriller,Boaz Yakin,Jason Statham,94.0,90-105 min,2.0,30000000.0,40346186.0,28492328.4405673,38318559.427874,10346186.0,1.3448728666666667,Profitable,True,6.2,556,6.148445923426927,1.76105,15,34
12596,Pushing Tin,1999,1999-04-23,4,1990s,Comedy,Comedy|Drama,Mike Newell,John Cusack,124.0,120-150 min,4.0,33000000.0,,43198743.9376126,,,,Unknown,False,5.5,56,6.102366185616462,0.401336,5,10
1892,Return of the Jedi,1983,1983-05-23,5,1980s,Adventure,Adventure|Action|Science Fiction,Richard Marquand,Mark Hamill,135.0,120-150 min,4.0,32350000.0,572700000.0,70824243.1274759,1253818981.11608,540350000.0,17.7032457496136,Profitable,True,7.8,3101,7.29158639723862,4.828854,128,12
13460,Doomsday,2008,2008-03-14,3,2000s,Action,Action|Thriller|Science Fiction,Neil Marshall,Rhona Mitra,105.0,90-105 min,2.0,30000000.0,22211426.0,30383599.014275,22495435.3706414,-7788574.0,0.7403808666666667,Loss-making,True,5.8,162,6.092306944355764,0.634961,56,93
8055,The Reader,2008,2008-12-10,12,2000s,Drama,Drama|Romance,Stephen Daldry,Kate Winslet,124.0,120-150 min,4.0,32000000.0,,32409172.2818933,,,,Unknown,False,7.1,442,6.3666536152429005,1.072485,26,29
50647,Wanderlust,2012,2012-02-24,2,2010s,Comedy,Comedy,David Wain,Paul Rudd,98.0,90-105 min,2.0,35000000.0,24159934.0,33241049.8473286,22945759.1543476,-10840066.0,0.6902838285714286,Loss-making,True,5.2,250,5.982760774476512,1.055188,31,14
10719,Elf,2003,2003-10-09,10,2000s,Romance,Romance|Comedy|Family|Fantasy,Jon Favreau,Will Ferrell,97.0,90-105 min,2.0,32000000.0,173398518.0,37931284.6330408,205538391.91267,141398518.0,5.4187036875,Profitable,True,6.5,606,6.242511381224312,2.710192,24,53
9294,Phenomenon,1996,1996-07-05,7,1990s,Drama,Drama|Fantasy|Romance|Science Fiction,Jon Turteltaub,John Travolta,123.0,120-150 min,4.0,32000000.0,152036382.0,44486935.6467281,211363523.187355,120036382.0,4.7511369375,Profitable,True,6.0,164,6.113527803397518,1.392981,16,10
11888,Snow Dogs,2002,2002-01-18,1,2000s,Adventure,Adventure|Comedy|Family,Brian Levant,Jim Belushi,99.0,90-105 min,2.0,33000000.0,,40004625.989478,,,,Unknown,False,5.3,101,6.06985537649493,0.499307,9,10
9647,Scrooged,1988,1988-11-22,11,1980s,Fantasy,Fantasy|Comedy|Drama,Richard Donner,Bill Murray,101.0,90-105 min,2.0,,60328000.0,,111238257.640992,,,Unknown,False,6.6,205,6.189434005732649,1.055087,34,10
9353,Nacho Libre,2006,2006-06-16,6,2000s,Comedy,Comedy|Family,Jared Hess,Jack Black,92.0,90-105 min,2.0,32000000.0,80197993.0,34613413.0653303,86747695.5849834,48197993.0,2.50618728125,Profitable,True,5.5,214,6.041672443299389,0.840205,11,13
55721,Bridesmaids,2011,2011-04-28,4,2010s,Romance,Romance|Comedy,Paul Feig,Kristen Wiig,125.0,120-150 min,4.0,32500000.0,288383523.0,31505436.3842228,279558422.711832,255883523.0,8.87333916923077,Profitable,True,6.5,1145,6.298045919866261,2.208685,27,39
109414,This Is the End,2013,2013-06-12,6,2010s,Action,Action|Comedy,"Seth Rogen, Evan Goldberg",James Franco,107.0,105-120 min,3.0,32000000.0,126041322.0,29953067.2876935,117978881.215495,94041322.0,3.9387913125,Profitable,True,6.2,1687,6.167619137265389,1.302011,27,43
10307,Stigmata,1999,1999-09-10,9,1990s,Horror,Horror|Thriller,Rupert Wainwright,Patricia Arquette,103.0,90-105 min,2.0,29000000.0,50041732.0,37962532.5512353,65507271.7231101,21041732.0,1.7255769655172415,Profitable,True,5.8,103,6.104142857962921,0.725013,15,17
11978,Men of Honor,2000,2000-09-13,9,2000s,Drama,Drama,"George Tillman, Jr.",Robert De Niro,129.0,120-150 min,4.0,32000000.0,48814909.0,40521347.6589804,61813934.3290779,16814909.0,1.52546590625,Profitable,True,7.0,341,6.302841459700179,0.465293,11,11
22907,Takers,2010,2010-08-26,8,2010s,Action,Action|Crime|Drama|Thriller,John Luessenhop,Chris Brown,107.0,105-120 min,3.0,32000000.0,69055695.0,32000000.0,69055695.0,37055695.0,2.15799046875,Profitable,True,6.1,248,6.1230550891565905,0.912689,18,9
87567,The Big Wedding,2013,2013-04-25,4,2010s,Comedy,Comedy,Justin Zackham,Robert De Niro,90.0,< 90 min,1.0,35000000.0,21819348.0,32761167.3459148,20423637.46305,-13180652.0,0.6234099428571429,Loss-making,True,5.6,283,6.0361288609967465,1.363563,24,12
38322,"Big Mommas: Like Father, Like Son",2011,2011-02-16,2,2010s,Crime,Crime|Comedy|Action,John Whitesell,Martin Lawrence,107.0,105-120 min,3.0,32000000.0,83615414.0,31020737.3629271,81056618.6620756,51615414.0,2.6129816875,Profitable,True,5.4,223,6.024441416738173,0.475663,67,41
45612,Source Code,2011,2011-03-30,3,2010s,Thriller,Thriller|Science Fiction|Mystery,Duncan Jones,Jake Gyllenhaal,93.0,90-105 min,2.0,32000000.0,147332697.0,31020737.3629271,142824028.081522,115332697.0,4.60414678125,Profitable,True,7.0,1668,6.608962826623134,2.994474,24,20
7305,Alive,1993,1993-01-15,1,1990s,Action,Action|Adventure|Drama|Thriller,Frank Marshall,Ethan Hawke,120.0,105-120 min,3.0,32000000.0,36733909.0,48303038.7743587,55448732.2112738,4733909.0,1.14793465625,Profitable,True,6.7,198,6.200339255420252,0.519349,40,14
3594,The Number 23,2007,2007-02-23,2,2000s,Thriller,Thriller|Drama|Mystery,Joel Schumacher,Jim Carrey,101.0,90-105 min,2.0,30000000.0,77566815.0,31550057.4789463,81574582.3902933,47566815.0,2.5855605,Profitable,True,6.2,569,6.148794424802545,1.591827,17,12
157841,The Young and Prodigious T.S. Spivet,2013,2013-10-16,10,2010s,Adventure,Adventure|Drama|Family,Jean-Pierre Jeunet,Kyle Catlett,105.0,90-105 min,2.0,33000000.0,9494789.0,30889100.640434,8887439.1812329,-23505211.0,0.2877208787878788,Loss-making,True,6.7,157,6.186782184063114,0.312975,35,13
11519,1941,1979,1979-12-14,12,1970s,Action,Action|Comedy,Steven Spielberg,Dan Aykroyd,113.0,105-120 min,3.0,35000000.0,31755742.0,105159390.087555,95411841.7285079,-3244258.0,0.9073069142857143,Loss-making,True,5.4,62,6.0954357448893255,0.387797,36,10
12920,Dreamer: Inspired By a True Story,2005,2005-09-10,9,2000s,Drama,Drama|Family,John Gatins,Kurt Russell,106.0,105-120 min,3.0,,,,,,,Unknown,False,5.9,39,6.120914908002134,0.213659,7,4
59,A History of Violence,2005,2005-09-23,9,2000s,Drama,Drama|Thriller|Crime,David Cronenberg,Viggo Mortensen,96.0,90-105 min,2.0,32000000.0,60740827.0,35730025.2689438,67820977.6114545,28740827.0,1.89815084375,Profitable,True,6.7,403,6.258634430788101,0.773901,15,35
9335,Transporter 2,2005,2005-08-02,8,2000s,Action,Action|Thriller|Crime,Louis Leterrier,Jason Statham,87.0,< 90 min,1.0,32000000.0,85167639.0,35730025.2689438,95095059.1739463,53167639.0,2.66148871875,Profitable,True,6.1,677,6.118185494725898,1.699822,10,17
12106,The Quick and the Dead,1995,1995-02-09,2,1990s,Action,Action|Adventure|Drama|Thriller|Western,Sam Raimi,Sharon Stone,107.0,105-120 min,3.0,32000000.0,18552460.0,45790939.7474229,26547955.5633272,-13447540.0,0.579764375,Loss-making,True,6.2,221,6.137481149347833,0.875995,16,10
11141,Laws of Attraction,2004,2004-04-04,4,2000s,Action,Action|Comedy|Romance|Thriller,Peter Howitt,Pierce Brosnan,90.0,< 90 min,1.0,,,,,,,Unknown,False,5.6,62,6.104192188643297,0.408507,7,37
8649,Bringing Out the Dead,1999,1999-10-22,10,1990s,Drama,Drama|Thriller,Martin Scorsese,Nicolas Cage,121.0,120-150 min,4.0,32000000.0,,41889691.0910183,,,,Unknown,False,6.5,102,6.153386826686198,0.855109,18,92
31867,Repo Men,2010,2010-03-18,3,2010s,Action,Action|Science Fiction|Thriller|Crime,Miguel Sapochnik,Jude Law,111.0,105-120 min,3.0,32000000.0,18409891.0,32000000.0,18409891.0,-13590109.0,0.57530909375,Loss-making,True,6.1,375,6.1213617247919565,1.348633,15,14
3587,Bogus,1996,1996-09-06,9,1990s,Fantasy,Fantasy|Comedy|Family,Norman Jewison,Whoopi Goldberg,110.0,105-120 min,3.0,32000000.0,,44486935.6467281,,,,Unknown,False,5.3,21,6.114643704703492,0.077304,9,12
124459,The Incredible Burt Wonderstone,2013,2013-03-14,3,2010s,Comedy,Comedy,Don Scardino,Steve Carell,100.0,90-105 min,2.0,30000000.0,27437881.0,28081000.5822127,25682771.7445228,-2562119.0,0.9145960333333333,Loss-making,True,5.2,587,5.846863406490018,0.869067,15,29
24662,Cats Don't Dance,1997,1997-03-26,3,1990s,Animation,Animation|Comedy|Family|Music,Mark Dindal,Scott Bakula,75.0,< 90 min,1.0,32000000.0,3566637.0,43470730.274307,4845134.84416762,-28433363.0,0.11145740625,Loss-making,True,7.1,10,6.134408443910104,0.425112,5,27
182,The Good German,2006,2006-12-08,12,2000s,War,War|Crime|Drama|Mystery|Romance,Steven Soderbergh,George Clooney,108.0,105-120 min,3.0,32000000.0,5914908.0,34613413.0653303,6397973.55773209,-26085092.0,0.184840875,Loss-making,True,5.8,46,6.11652493274607,0.437529,15,53
28,Apocalypse Now,1979,1979-08-15,8,1970s,Drama,Drama|War,Francis Ford Coppola,Martin Sheen,153.0,> 150 min,5.0,31500000.0,83471511.0,94643451.0788001,250794662.469905,51971511.0,2.649889238095238,Profitable,True,7.8,1100,6.8770410978924135,2.31952,36,49
38073,Going the Distance,2010,2010-09-01,9,2010s,Comedy,Comedy|Drama|Romance,Nanette Burstein,Drew Barrymore,102.0,90-105 min,2.0,32000000.0,42045846.0,32000000.0,42045846.0,10045846.0,1.3139326875,Profitable,True,6.0,172,6.11293267697908,0.878529,26,19
2054,Mr. Holland's Opus,1995,1995-12-29,12,1990s,Drama,Drama|Family,Stephen Herek,Richard Dreyfuss,137.0,120-150 min,4.0,,106269971.0,,152068807.469418,,,Unknown,False,6.8,47,6.149844092739827,0.421679,16,57
606,Out of Africa,1985,1985-12-10,12,1980s,Drama,Drama,Sydney Pollack,Meryl Streep,161.0,> 150 min,5.0,31000000.0,128499205.0,62842147.6202591,260489226.119223,97499205.0,4.14513564516129,Profitable,True,6.7,128,6.176740137870436,1.168819,17,21
87502,Flight,2012,2012-11-02,11,2010s,Drama,Drama,Robert Zemeckis,Denzel Washington,138.0,120-150 min,4.0,31000000.0,161772375.0,29442072.7219196,153642388.037021,130772375.0,5.21846370967742,Profitable,True,6.4,1824,6.283800559560043,0.974459,18,72
698,Moonraker,1979,1979-06-26,6,1970s,Action,Action|Adventure|Thriller|Science Fiction,Lewis Gilbert,Roger Moore,126.0,120-150 min,4.0,34000000.0,210300000.0,102154836.085054,631857706.726084,176300000.0,6.185294117647059,Profitable,True,5.7,299,6.049994893435226,1.691143,19,18
120467,The Grand Budapest Hotel,2014,2014-02-26,2,2010s,Comedy,Comedy|Drama,Wes Anderson,Ralph Fiennes,99.0,90-105 min,2.0,30000000.0,174600318.0,27632731.5231437,160822790.371651,144600318.0,5.8200106,Profitable,True,7.9,2802,7.322428853573729,4.93082,99,46
11313,Hearts in Atlantis,2001,2001-09-07,9,2000s,Drama,Drama|Mystery,Scott Hicks,Anthony Hopkins,101.0,90-105 min,2.0,31000000.0,24185781.0,38176131.6175091,29784501.8944597,-6814219.0,0.7801864838709678,Loss-making,True,6.3,60,6.134606151147565,0.589432,14,7
10559,Frequency,2000,2000-04-28,4,2000s,Crime,Crime|Drama|Science Fiction|Thriller,Gregory Hoblit,Dennis Quaid,118.0,105-120 min,3.0,31000000.0,68106245.0,39255055.5446373,86242400.9810218,37106245.0,2.1969756451612903,Profitable,True,6.8,215,6.219454820175752,1.060212,20,88
296099,Vacation,2015,2015-07-28,7,2010s,Adventure,Adventure|Comedy,"John Francis Daley, Jonathan M. Goldstein",Ed Helms,99.0,90-105 min,2.0,31000000.0,104384188.0,28519987.4512055,96033410.7052992,73384188.0,3.367231870967742,Profitable,True,6.1,846,6.116788581581643,2.000338,45,39
8012,Get Shorty,1995,1995-10-20,10,1990s,Comedy,Comedy|Thriller|Crime,Barry Sonnenfeld,John Travolta,105.0,90-105 min,2.0,30250000.0,115101622.0,43286747.7299857,164706607.43227,84851622.0,3.805012297520661,Profitable,True,6.1,139,6.124738167797048,0.90178,16,26
1574,Chicago,2002,2002-12-26,12,2000s,Action,Action|Comedy|Crime|Drama|Music,Rob Marshall,Catherine Zeta-Jones,113.0,105-120 min,3.0,45000000.0,306776732.0,54551762.7129246,371893588.664677,261776732.0,6.817260711111111,Profitable,True,6.5,361,6.205729437547532,0.608347,20,13
9032,Big Daddy,1999,1999-06-25,6,1990s,Comedy,Comedy|Drama,Dennis Dugan,Adam Sandler,93.0,90-105 min,2.0,34200000.0,234801895.0,44769607.3535258,307368089.035491,200601895.0,6.865552485380117,Profitable,True,6.2,479,6.146280376595806,0.876587,20,38
2770,American Pie 2,2001,2001-08-10,8,2000s,Comedy,Comedy|Romance,J.B. Rogers,Jason Biggs,108.0,105-120 min,3.0,30000000.0,287553595.0,36944643.5008153,354118835.155094,257553595.0,9.585119833333334,Profitable,True,5.9,777,6.044412068104628,2.116602,89,109
862,Toy Story,1995,1995-10-30,10,1990s,Animation,Animation|Comedy|Family,John Lasseter,Tom Hanks,81.0,< 90 min,1.0,30000000.0,361958736.0,42929006.0132089,517950958.475917,331958736.0,12.0652912,Profitable,True,7.5,3141,7.086482293683739,4.282462,13,106
1637,Speed,1994,1994-06-09,6,1990s,Action,Action|Adventure|Crime|Thriller,Jan de Bont,Keanu Reeves,116.0,105-120 min,3.0,30000000.0,350448145.0,44133346.8479448,515548317.850129,320448145.0,11.681604833333333,Profitable,True,6.6,1012,6.329464755647594,2.536898,58,10
72570,The Vow,2012,2012-02-05,2,2010s,Drama,Drama|Romance,Michael Sucsy,Rachel McAdams,104.0,90-105 min,2.0,30000000.0,196114570.0,28492328.4405673,186258691.347354,166114570.0,6.537152333333333,Profitable,True,6.9,861,6.427631510242325,1.821562,14,4
27569,Extraordinary Measures,2010,2010-01-21,1,2010s,Drama,Drama,Tom Vaughan,Harrison Ford,105.0,90-105 min,2.0,31000000.0,15134293.0,31000000.0,15134293.0,-15865707.0,0.488203,Loss-making,True,5.8,44,6.116977725726181,0.375979,25,16
10637,Remember the Titans,2000,2000-09-29,9,2000s,Drama,Drama,Boaz Yakin,Denzel Washington,113.0,105-120 min,3.0,30000000.0,136706683.0,37988763.4302941,173110594.660907,106706683.0,4.556889433333334,Profitable,True,7.3,535,6.459396833591537,0.972719,67,21
1669,The Hunt for Red October,1990,1990-03-02,3,1990s,Action,Action|Adventure|Thriller,John McTiernan,Alec Baldwin,134.0,120-150 min,4.0,30.0,200.0,50.0669562094374,333.779708062916,170.0,6.666666666666667,Profitable,True,6.9,615,6.368618433973781,1.072912,32,13
132363,The Butler,2013,2013-08-16,8,2010s,Drama,Drama,Lee Daniels,Forest Whitaker,132.0,120-150 min,4.0,25000000.0,115922175.0,23400833.8185106,108507022.122212,90922175.0,4.636887,Profitable,True,7.2,724,6.501008882314505,1.031715,28,74
9472,DodgeBall: A True Underdog Story,2004,2004-06-18,6,2000s,Comedy,Comedy,Rawson Marshall Thurber,Vince Vaughn,92.0,90-105 min,2.0,20000000.0,167722310.0,23088907.9962429,193626249.225367,147722310.0,8.3861155,Profitable,True,6.2,551,6.148310617992637,1.338131,19,109
2907,The Addams Family,1991,1991-11-22,11,1990s,Comedy,Comedy|Family|Fantasy,Barry Sonnenfeld,Raúl Juliá,99.0,90-105 min,2.0,30000000.0,191502426.0,48032785.2579056,306613163.480865,161502426.0,6.3834142,Profitable,True,6.6,414,6.237965363009882,0.983036,19,13
9273,Ace Ventura: When Nature Calls,1995,1995-11-10,11,1990s,Comedy,Comedy,Steve Oedekerk,Jim Carrey,90.0,< 90 min,1.0,30000000.0,212385533.0,42929006.0132089,303916660.775853,182385533.0,7.079517766666667,Profitable,True,6.0,583,6.088971430663245,1.173211,15,11
9880,The Princess Diaries,2001,2001-08-03,8,2000s,Comedy,Comedy|Family|Romance,Garry Marshall,Anne Hathaway,115.0,105-120 min,3.0,37000000.0,165335153.0,45565060.3176722,203608276.191258,128335153.0,4.468517648648649,Profitable,True,6.3,534,6.176127619478721,2.061559,85,10
2925,The First Wives Club,1996,1996-09-20,9,1990s,Comedy,Comedy,Hugh Wilson,Goldie Hawn,103.0,90-105 min,2.0,26000000.0,116400000.0,36145635.2129666,161821228.414973,90400000.0,4.476923076923077,Profitable,True,6.4,80,6.142491150085609,0.468045,24,72
807,Se7en,1995,1995-09-22,9,1990s,Crime,Crime|Mystery|Thriller,David Fincher,Brad Pitt,127.0,120-150 min,4.0,33000000.0,327311859.0,47221906.6145298,468372425.440186,294311859.0,9.918541181818181,Profitable,True,7.9,3535,7.409021406462903,4.76535899999999,49,91
17654,District 9,2009,2009-08-05,8,2000s,Action,Action|Thriller|Science Fiction,Neill Blomkamp,Sharlto Copley,112.0,105-120 min,3.0,30000000.0,210819611.0,30492013.0237486,214277144.142453,180819611.0,7.027320366666666,Profitable,True,7.1,2141,6.723139984074209,3.744956,43,78
11836,The SpongeBob SquarePants Movie,2004,2004-11-14,11,2000s,Animation,Animation|Comedy|Family,Stephen Hillenburg,Tom Kenny,87.0,< 90 min,1.0,30000000.0,140161792.0,34633361.9943644,161809136.003827,110161792.0,4.672059733333334,Profitable,True,6.6,348,6.223927241841121,1.556897,10,31
322,Mystic River,2003,2003-10-07,10,2000s,Thriller,Thriller|Crime|Drama|Mystery,Clint Eastwood,Sean Penn,138.0,120-150 min,4.0,25000000.0,156822020.0,29633816.1195632,185889396.167138,131822020.0,6.2728808,Profitable,True,7.4,743,6.5782015918829675,1.428302,24,13
70,Million Dollar Baby,2004,2004-12-14,12,2000s,Drama,Drama,Clint Eastwood,Clint Eastwood,132.0,120-150 min,4.0,30000000.0,216763646.0,34633361.9943644,250241793.971209,186763646.0,7.2254548666666665,Profitable,True,7.6,1355,6.863883414542753,1.648554,49,81
9535,Analyze This,1999,1999-03-05,3,1990s,Comedy,Comedy|Crime,Harold Ramis,Robert De Niro,103.0,90-105 min,2.0,80000000.0,176885658.0,104724227.727545,231552674.126609,96885658.0,2.211070725,Profitable,True,6.3,260,6.155099782131078,1.320079,21,13
11036,The Notebook,2004,2004-06-25,6,2000s,Romance,Romance|Drama,Nick Cassavetes,Rachel McAdams,123.0,120-150 min,4.0,29000000.0,115603229.0,33478916.5945523,133457615.92248,86603229.0,3.98631824137931,Profitable,True,7.5,1929,6.933826736419169,3.425628,39,45
6557,27 Dresses,2008,2008-01-10,1,2000s,Comedy,Comedy|Romance,Anne Fletcher,Katherine Heigl,111.0,105-120 min,3.0,30000000.0,160259319.0,30383599.014275,162308496.226559,130259319.0,5.3419773,Profitable,True,6.1,610,6.118805844069942,1.400898,31,52
18126,Hannah Montana: The Movie,2009,2009-04-10,4,2000s,Comedy,Comedy|Drama|Family|Music|Romance,Peter Chelsom,Miley Cyrus,102.0,90-105 min,2.0,35000000.0,155545279.0,35574015.1943733,158096289.101687,120545279.0,4.444150828571429,Profitable,True,5.8,247,6.076788806656531,0.549975,15,41
16340,Rugrats in Paris: The Movie,2000,2000-09-14,9,2000s,Animation,Animation|Comedy,Stig Bergqvist,E.G. Daily,78.0,< 90 min,1.0,,,,,,,Unknown,False,5.8,56,6.114280234265493,0.399755,19,21
10333,The Prince of Tides,1991,1991-12-25,12,1990s,Drama,Drama|Romance,Barbra Streisand,Nick Nolte,132.0,120-150 min,4.0,30000000.0,74787599.0,48032785.2579056,119741889.424045,44787599.0,2.492919966666667,Profitable,True,5.9,18,6.124296012198654,0.350342,9,11
4476,Legends of the Fall,1994,1994-12-16,12,1990s,Drama,Drama|Western|War|Romance,Edward Zwick,Brad Pitt,133.0,120-150 min,4.0,30000000.0,160638883.0,44133346.8479448,236317718.023514,130638883.0,5.354629433333334,Profitable,True,7.1,380,6.3404339763207265,1.253496,25,17
22947,Up in the Air,2009,2009-09-05,9,2000s,Drama,Drama|Romance,Jason Reitman,George Clooney,109.0,105-120 min,3.0,25000000.0,163670000.0,25410010.8531238,166354259.053231,138670000.0,6.5468,Profitable,True,6.6,751,6.295922549208006,0.598075,15,35
2755,About Schmidt,2002,2002-12-13,12,2000s,Drama,Drama|Comedy,Alexander Payne,Jack Nicholson,125.0,120-150 min,4.0,30000000.0,105834556.0,36367841.8086164,128299146.349771,75834556.0,3.5278185333333334,Profitable,True,6.7,167,6.190156175358473,0.557277,14,25
82654,Warm Bodies,2013,2013-01-31,1,2010s,Horror,Horror|Comedy|Romance,Jonathan Levine,Nicholas Hoult,97.0,90-105 min,2.0,35000000.0,116980662.0,32761167.3459148,109497801.257654,81980662.0,3.3423046285714286,Profitable,True,6.4,1964,6.288703341773235,1.999054,36,19
59967,Looper,2012,2012-09-26,9,2010s,Action,Action|Thriller|Science Fiction,Rian Johnson,Joseph Gordon-Levitt,118.0,105-120 min,3.0,30000000.0,47042000.0,28492328.4405673,44677870.4833723,17042000.0,1.5680666666666667,Profitable,True,6.5,3542,6.396917252167598,1.58709,34,42
16300,Down to Earth,2001,2001-02-16,2,2000s,Fantasy,Fantasy|Comedy|Science Fiction|Romance,"Chris Weitz, Paul Weitz",Chris Rock,87.0,< 90 min,1.0,,,,,,,Unknown,False,4.7,51,6.075472605748896,0.493547999999999,15,6
9598,Babe,1995,1995-07-18,7,1990s,Fantasy,Fantasy|Drama|Comedy|Family,Chris Noonan,Christine Cavanaugh,89.0,< 90 min,1.0,30000000.0,254134910.0,42929006.0132089,363658635.98521,224134910.0,8.471163666666667,Profitable,True,5.9,387,6.076759840524826,1.357131,18,11
82696,Hope Springs,2012,2012-08-07,8,2010s,Drama,Drama|Comedy|Romance,David Frankel,Meryl Streep,100.0,90-105 min,2.0,30000000.0,114281051.0,28492328.4405673,108537774.654174,84281051.0,3.8093683666666665,Profitable,True,5.6,192,6.061798433696251,0.777868999999999,15,17
9870,Forgetting Sarah Marshall,2008,2008-04-17,4,2000s,Comedy,Comedy|Romance|Drama,Nicholas Stoller,Jason Segel,111.0,105-120 min,3.0,30000000.0,105173115.0,30383599.014275,106517925.108074,75173115.0,3.5057705,Profitable,True,6.3,750,6.1888439514936415,1.475988,26,9
8292,Four Brothers,2005,2005-08-11,8,2000s,Action,Action|Crime,John Singleton,Mark Wahlberg,109.0,105-120 min,3.0,45000000.0,92374674.0,50245348.0344522,103142169.882201,47374674.0,2.0527705333333333,Profitable,True,6.6,379,6.230654064011178,1.075427,21,57
8780,Baby Mama,2008,2008-04-23,4,2000s,Comedy,Comedy,Michael McCullers,Tina Fey,99.0,90-105 min,2.0,30000000.0,63833449.0,30383599.014275,64649663.9371391,33833449.0,2.1277816333333335,Profitable,True,5.8,130,6.098609634349285,0.517412,19,10
9715,Hope Floats,1998,1998-05-29,5,1990s,Drama,Drama|Romance,Forest Whitaker,Sandra Bullock,114.0,105-120 min,3.0,,,,,,,Unknown,False,5.7,47,6.112944513837537,0.643358,15,5
10521,Bride Wars,2009,2009-01-09,1,2000s,Comedy,Comedy,Gary Winick,Anne Hathaway,89.0,< 90 min,1.0,30000000.0,114663461.0,30492013.0237486,116543991.538669,84663461.0,3.8221153666666665,Profitable,True,5.8,501,6.0388909268167605,1.074072,28,4
10762,Without a Paddle,2004,2004-08-20,8,2000s,Action,Action|Adventure|Comedy|Thriller,Steven Brill,Seth Green,95.0,90-105 min,2.0,19000000.0,69631118.0,21934462.5964308,80385323.8588769,50631118.0,3.6647956842105263,Profitable,True,5.2,109,6.05819599366945,0.696312,22,94
10096,13 Going on 30,2004,2004-04-13,4,2000s,Comedy,Comedy|Fantasy|Romance,Gary Winick,Jennifer Garner,98.0,90-105 min,2.0,37000000.0,96455697.0,42714479.7930495,111352835.687324,59455697.0,2.6069107297297296,Profitable,True,6.1,662,6.118320796755008,1.497252,50,45
59436,Midnight in Paris,2011,2011-05-11,5,2010s,Fantasy,Fantasy|Comedy|Romance,Woody Allen,Owen Wilson,94.0,90-105 min,2.0,30000000.0,151119219.0,29081941.2777441,146494675.096552,121119219.0,5.0373073,Profitable,True,7.2,1117,6.61217537061947,1.367727,43,66
227783,The Nut Job,2014,2014-01-17,1,2010s,Animation,Animation|Comedy|Family|Adventure,Peter Lepeniotis,Will Arnett,85.0,< 90 min,1.0,,,,,,,Unknown,False,5.4,233,6.020506936133686,0.833734,19,5
4133,Blow,2001,2001-04-04,4,2000s,Crime,Crime|Drama,Ted Demme,Johnny Depp,124.0,120-150 min,4.0,53000000.0,83282296.0,65268870.1847737,102561157.854979,30282296.0,1.5713640754716982,Profitable,True,7.3,788,6.558679127182565,1.846848,34,39
10207,Message in a Bottle,1999,1999-02-22,2,1990s,Drama,Drama,Luis Mandoki,Kevin Costner,131.0,120-150 min,4.0,80000000.0,118880016.0,104724227.727545,155620223.347978,38880016.0,1.4860002,Profitable,True,5.7,112,6.094636490237892,0.731802,19,11
172,Star Trek V: The Final Frontier,1989,1989-06-09,6,1980s,Science Fiction,Science Fiction|Action|Adventure|Thriller,William Shatner,William Shatner,107.0,105-120 min,3.0,30000000.0,70200000.0,52769548.1712976,123480742.720836,40200000.0,2.34,Profitable,True,5.3,216,6.01346828758536,1.190512,14,10
21972,Like Mike,2002,2002-07-03,7,2000s,Comedy,Comedy|Drama|Family|Fantasy,John Schultz,Shad Moss,99.0,90-105 min,2.0,30000000.0,,36367841.8086164,,,,Unknown,False,5.6,54,6.107056713541491,0.27088,13,19
36593,The Naked Gun 33⅓: The Final Insult,1994,1994-03-18,3,1990s,Comedy,Comedy|Action|Crime,Peter Segal,Leslie Nielsen,83.0,< 90 min,1.0,30000000.0,51132598.0,44133346.8479448,75221756.0923511,21132598.0,1.7044199333333334,Profitable,True,6.1,228,6.123346538358999,2.126863,31,13
707,A View to a Kill,1985,1985-05-24,5,1980s,Adventure,Adventure|Action|Thriller,John Glen,Roger Moore,131.0,120-150 min,4.0,30000000.0,152427960.0,60814981.5679926,308996785.928224,122427960.0,5.080932,Profitable,True,5.8,272,6.072533397907739,1.623978,42,16
533,The Curse of the Were-Rabbit,2005,2005-09-04,9,2000s,Adventure,Adventure|Animation|Comedy|Family,"Nick Park, Steve Box",Peter Sallis,85.0,< 90 min,1.0,30000000.0,192452832.0,33496898.6896348,214885767.201243,162452832.0,6.4150944,Profitable,True,6.6,373,6.229370944553167,1.212451,20,69
6023,P.S. I Love You,2007,2007-11-15,11,2000s,Drama,Drama|Romance,Richard LaGravenese,Hilary Swank,126.0,120-150 min,4.0,30000000.0,156835339.0,31550057.4789463,164938798.672668,126835339.0,5.2278446333333335,Profitable,True,7.0,639,6.4070776972243095,1.64701699999999,23,18
6439,Racing Stripes,2005,2005-01-06,1,2000s,Comedy,Comedy,Frederik Du Chau,Frankie Muniz,102.0,90-105 min,2.0,30000000.0,93772522.0,33496898.6896348,104702955.643518,63772522.0,3.125750733333333,Profitable,True,5.1,80,6.069971799970555,0.786786,26,8
4347,Atonement,2007,2007-08-29,8,2000s,Drama,Drama|Romance,Joe Wright,Keira Knightley,123.0,120-150 min,4.0,30000000.0,129266061.0,31550057.4789463,135945055.154232,99266061.0,4.3088687,Profitable,True,7.2,590,6.452829874151419,2.066397,47,31
37056,Letters to Juliet,2010,2010-05-14,5,2010s,Comedy,Comedy|Drama|Romance,Gary Winick,Amanda Seyfried,105.0,90-105 min,2.0,30000000.0,,30000000.0,,,,Unknown,False,6.5,482,6.225122029485198,2.033563,17,25
4105,Black Rain,1989,1989-09-22,9,1980s,Action,Action|Thriller|Crime,Ridley Scott,Michael Douglas,125.0,120-150 min,4.0,30000000.0,45892212.0,52769548.1712976,80723709.7273802,15892212.0,1.5297404,Profitable,True,6.0,114,6.117394290809736,0.382943,53,43
76489,The Three Stooges,2012,2012-04-13,4,2010s,Comedy,Comedy,"Bobby Farrelly, Peter Farrelly",Sean Hayes,92.0,90-105 min,2.0,30000000.0,54819301.0,28492328.4405673,52064317.6324774,24819301.0,1.8273100333333334,Profitable,True,4.9,82,6.057201140824297,0.784114,28,11
3933,Corpse Bride,2005,2005-09-09,9,2000s,Romance,Romance|Fantasy|Animation|Music,"Tim Burton, Mike Johnson",Johnny Depp,77.0,< 90 min,1.0,40000000.0,117195061.0,44662531.5861797,130855702.841419,77195061.0,2.929876525,Profitable,True,7.0,1022,6.50264995511038,1.265401,16,77
9918,Glory Road,2006,2006-01-13,1,2000s,Drama,Drama,James Gartner,Josh Lucas,118.0,105-120 min,3.0,,42647449.0,,46130430.2631127,,,Unknown,False,7.1,66,6.172485429432978,0.978149,20,22
273481,Sicario,2015,2015-09-17,9,2010s,Action,Action|Crime|Drama|Mystery|Thriller,Denis Villeneuve,Emily Blunt,121.0,120-150 min,4.0,30000000.0,84025816.0,27599987.8560053,77303716.7063646,54025816.0,2.800860533333333,Profitable,True,7.1,1479,6.635080497807268,2.487849,41,63
307081,Southpaw,2015,2015-06-15,6,2010s,Action,Action|Drama,Antoine Fuqua,Jake Gyllenhaal,123.0,120-150 min,4.0,30000000.0,91709827.0,27599987.8560053,84373003.7158783,61709827.0,3.0569942333333335,Profitable,True,7.3,1386,6.720465150300271,5.337064,24,39
16871,Drag Me to Hell,2009,2009-03-15,3,2000s,Horror,Horror|Thriller,Sam Raimi,Alison Lohman,99.0,90-105 min,2.0,30000000.0,90842646.0,30492013.0237486,92332504.8314594,60842646.0,3.0280882,Profitable,True,6.1,498,6.119943069131134,1.398364,22,81
293863,The Age of Adaline,2015,2015-04-16,4,2010s,Fantasy,Fantasy|Drama|Romance,Lee Toland Krieger,Blake Lively,112.0,105-120 min,3.0,25000000.0,42629776.0,22999989.8800044,39219376.6634742,17629776.0,1.70519104,Profitable,True,7.3,1221,6.683331349593325,3.025852,35,22
13156,Secondhand Lions,2003,2003-09-19,9,2000s,Comedy,Comedy|Drama|Family,Tim McCanlies,Michael Caine,111.0,105-120 min,3.0,,,,,,,Unknown,False,6.6,182,6.183286607862621,0.355981,29,2
41233,Step Up 3D,2010,2010-08-04,8,2010s,Drama,Drama|Romance,Jon M. Chu,Rick Malambri,107.0,105-120 min,3.0,30000000.0,159291809.0,30000000.0,159291809.0,129291809.0,5.309726966666667,Profitable,True,6.5,365,6.206414145970434,1.386743,113,5
9266,Blue Crush,2002,2002-08-08,8,2000s,Adventure,Adventure,John Stockwell,Kate Bosworth,104.0,90-105 min,2.0,25000000.0,51842679.0,30306534.8405136,62846878.2935626,26842679.0,2.07370716,Profitable,True,5.6,96,6.092370566400781,0.548844,15,18
1262,Stranger Than Fiction,2006,2006-09-09,9,2000s,Comedy,Comedy|Drama|Fantasy|Romance,Marc Forster,Will Ferrell,113.0,105-120 min,3.0,30000000.0,53653224.0,32450074.7487471,58035037.6437092,23653224.0,1.7884408,Profitable,True,6.9,378,6.295910489196798,0.713697,41,23
4513,30 Days of Night,2007,2007-10-17,10,2000s,Horror,Horror|Thriller,David Slade,Josh Hartnett,113.0,105-120 min,3.0,30000000.0,75505973.0,31550057.4789463,79407259.6051257,45505973.0,2.5168657666666667,Profitable,True,6.1,382,6.121275593766358,1.285301,42,49
22970,The Cabin in the Woods,2012,2012-04-12,4,2010s,Horror,Horror|Thriller,Drew Goddard,Kristen Connolly,95.0,90-105 min,2.0,30000000.0,66486080.0,28492328.4405673,63144774.2695279,36486080.0,2.2162026666666668,Profitable,True,6.5,1403,6.316944092828615,1.832955,48,79
7278,Meet the Spartans,2008,2008-01-24,1,2000s,Comedy,Comedy,"Jason Friedberg, Aaron Seltzer",Sean Maguire,84.0,< 90 min,1.0,30000000.0,84646831.0,30383599.014275,85729179.0311034,54646831.0,2.8215610333333334,Profitable,True,4.0,182,5.8752337467207685,0.68675,10,14
9013,Midnight Run,1988,1988-07-20,7,1980s,Adventure,Adventure|Comedy|Crime,Martin Brest,Robert De Niro,126.0,120-150 min,4.0,30000000.0,38413606.0,55316730.6927092,70830503.267928,8413606.0,1.2804535333333333,Profitable,True,6.9,105,6.1828843522293,0.370575,8,19
865,The Running Man,1987,1987-11-13,11,1980s,Action,Action|Science Fiction,Paul Michael Glaser,Arnold Schwarzenegger,101.0,90-105 min,2.0,27000000.0,38122105.0,51815171.8277456,73159385.9633467,11122105.0,1.4119298148148147,Profitable,True,6.3,352,6.162913403867167,1.354524,16,18
10776,Little Shop of Horrors,1986,1986-12-19,12,1980s,Horror,Horror|Comedy|Music,Frank Oz,Rick Moranis,94.0,90-105 min,2.0,25000000.0,38748395.0,49735160.2715539,77086305.4236192,13748395.0,1.5499358,Profitable,True,6.4,221,6.165542859715429,0.557155,17,15
50456,Hanna,2011,2011-04-07,4,2010s,Action,Action|Thriller|Adventure,Joe Wright,Saoirse Ronan,111.0,105-120 min,3.0,30000000.0,63782078.0,29081941.2777441,61830221.5656166,33782078.0,2.1260692666666667,Profitable,True,6.5,804,6.266135284897722,0.863804,18,21
9823,Mortal Kombat: Annihilation,1997,1997-11-21,11,1990s,Action,Action|Fantasy|Science Fiction,John R. Leonetti,Robin Shou,95.0,90-105 min,2.0,30000000.0,51376861.0,40753809.6321629,69793427.0897364,21376861.0,1.7125620333333333,Profitable,True,3.9,118,5.948744350477394,1.086558,24,6
59861,Larry Crowne,2011,2011-06-30,6,2010s,Comedy,Comedy|Romance|Drama,Tom Hanks,Tom Hanks,98.0,90-105 min,2.0,30000000.0,36160375.0,29081941.2777441,35053796.7443736,6160375.0,1.2053458333333333,Profitable,True,5.6,218,6.0541610319558385,1.21550499999999,17,22
133805,Carrie,2013,2013-10-16,10,2010s,Drama,Drama|Horror,Kimberly Peirce,Chloë Grace Moretz,100.0,90-105 min,2.0,30000000.0,82394288.0,28081000.5822127,77123801.6433001,52394288.0,2.746476266666667,Profitable,True,5.8,897,5.996866668889775,1.412233,19,65
12763,Take the Lead,2006,2006-03-17,3,2000s,Music,Music,Liz Friedlander,Antonio Banderas,108.0,105-120 min,3.0,30000000.0,34742066.0,32450074.7487471,37579421.2875302,4742066.0,1.1580688666666668,Profitable,True,6.4,79,6.142311463497155,0.530814,8,15
9766,Gridiron Gang,2006,2006-09-15,9,2000s,Action,Action|Adventure|Crime|Drama,Phil Joanou,Dwayne Johnson,125.0,120-150 min,4.0,30000000.0,41480851.0,32450074.7487471,44868557.1863881,11480851.0,1.3826950333333334,Profitable,True,6.5,123,6.158314642432992,0.282881,16,12
14034,What's the Worst That Could Happen?,2001,2001-05-31,5,2000s,Action,Action|Comedy,Sam Weisman,Martin Lawrence,94.0,90-105 min,2.0,45000000.0,,55416965.2512229,,,,Unknown,False,5.1,31,6.104286014250071,0.455072,14,3
12244,9,2009,2009-08-19,8,2000s,Action,Action|Adventure|Animation|Science Fiction|Thriller,Shane Acker,Christopher Plummer,79.0,< 90 min,1.0,30000000.0,48428063.0,30492013.0237486,49222304.2570306,18428063.0,1.6142687666666666,Profitable,True,6.5,851,6.271119930315075,2.846465,10,57
109421,Side Effects,2013,2013-02-07,2,2010s,Thriller,Thriller|Crime|Drama,Steven Soderbergh,Jude Law,106.0,105-120 min,3.0,30000000.0,63372757.0,28081000.5822127,59319014.2071142,33372757.0,2.1124252333333335,Profitable,True,6.3,987,6.2000967743102695,0.886993,29,15
11137,The Prince & Me,2004,2004-03-28,3,2000s,Comedy,Comedy|Romance,Martha Coolidge,Julia Stiles,111.0,105-120 min,3.0,,,,,,,Unknown,False,5.8,163,6.092114269552286,0.509946,12,35
51162,Winnie the Pooh,2011,2011-04-13,4,2010s,Animation,Animation|Family,"Stephen Anderson, Don Hall",Jim Cummings,63.0,< 90 min,1.0,30000000.0,14460000.0,29081941.2777441,14017495.6958726,-15540000.0,0.482,Loss-making,True,6.8,174,6.203878383834679,1.425344,10,89
10152,Dumb and Dumberer: When Harry Met Lloyd,2003,2003-06-13,6,2000s,Comedy,Comedy,Troy Miller,Mimi Rogers,85.0,< 90 min,1.0,19000000.0,39267515.0,22521700.250868,46545852.7592875,20267515.0,2.066711315789474,Profitable,True,4.2,110,5.9824783541682764,0.460673,16,11
9452,Bulworth,1998,1998-05-15,5,1990s,Comedy,Comedy|Drama,Warren Beatty,Warren Beatty,108.0,105-120 min,3.0,30000000.0,29202884.0,40130864.0723489,39064565.6108191,-797116.0,0.9734294666666666,Loss-making,True,6.2,27,6.1286992674953105,0.305742,40,24
239566,Get on Up,2014,2014-08-01,8,2010s,Drama,Drama|Music,Tate Taylor,Chadwick Boseman,139.0,120-150 min,4.0,,31911598.0,,29393487.3336164,,,Unknown,False,6.3,105,6.1397070511532945,0.648465,63,46
9271,Virtuosity,1995,1995-08-04,8,1990s,Action,Action|Crime|Science Fiction|Thriller,Brett Leonard,Denzel Washington,106.0,105-120 min,3.0,30000000.0,24048000.0,42929006.0132089,34411891.2201883,-5952000.0,0.8016,Loss-making,True,5.4,79,6.087186210549,0.726743,11,8
4474,My Super Ex-Girlfriend,2006,2006-06-20,6,2000s,Fantasy,Fantasy|Drama|Action|Comedy|Crime,Ivan Reitman,Uma Thurman,95.0,90-105 min,2.0,,60896147.0,,65869484.0686898,,,Unknown,False,4.9,257,5.931504287963362,0.434505,12,15
184346,Deliver Us from Evil,2014,2014-07-01,7,2010s,Thriller,Thriller|Crime|Horror,Scott Derrickson,Eric Bana,118.0,105-120 min,3.0,30000000.0,,27632731.5231437,,,,Unknown,False,6.0,474,6.094276329707222,0.641676,31,76
48340,Sanctum,2011,2011-02-03,2,2010s,Action,Action|Thriller,Alister Grierson,Ioan Gruffudd,108.0,105-120 min,3.0,30000000.0,108609310.0,29081941.2777441,105285652.52121,78609310.0,3.6203103333333333,Profitable,True,5.7,193,6.073974893890358,0.587044999999999,13,14
14846,Little Black Book,2004,2004-08-06,8,2000s,Comedy,Comedy|Romance|Drama,Nick Hurran,Brittany Murphy,111.0,105-120 min,3.0,35000000.0,22034832.0,40405588.9934252,25438010.4380335,-12965168.0,0.6295666285714285,Loss-making,True,5.2,57,6.089821102925217,0.252151,20,25
72207,The Five-Year Engagement,2012,2012-04-27,4,2010s,Comedy,Comedy,Nicholas Stoller,Jason Segel,124.0,120-150 min,4.0,30000000.0,53909751.0,28492328.4405673,51200477.7213735,23909751.0,1.7969917,Profitable,True,5.6,319,6.026744700458892,1.095479,28,13
16232,Mr. 3000,2004,2004-06-15,6,2000s,Comedy,Comedy|Drama,Charles Stone III,Bernie Mac,104.0,90-105 min,2.0,30000000.0,21800302.0,34633361.9943644,25167258.3584155,-8199698.0,0.7266767333333334,Loss-making,True,5.1,33,6.102837977317981,0.286442,11,23
43539,The Next Three Days,2010,2010-11-18,11,2010s,Romance,Romance|Drama|Thriller|Crime,Paul Haggis,Russell Crowe,133.0,120-150 min,4.0,30000000.0,51148651.0,30000000.0,51148651.0,21148651.0,1.7049550333333334,Profitable,True,6.8,570,6.326566476969894,1.078211,42,18
9920,Ultraviolet,2006,2006-03-03,3,2000s,Science Fiction,Science Fiction|Action|Thriller,Kurt Wimmer,Milla Jovovich,88.0,< 90 min,1.0,30000000.0,31070211.0,32450074.7487471,33607688.9803115,1070211.0,1.0356737,Profitable,True,5.0,256,5.9480445676279565,1.1334,21,76
8978,Assault on Precinct 13,2005,2005-01-19,1,2000s,Thriller,Thriller,Jean-François Richet,Ethan Hawke,109.0,105-120 min,3.0,30000000.0,35294470.0,33496898.6896348,39408509.5298118,5294470.0,1.1764823333333334,Profitable,True,5.9,160,6.103260391214433,0.718616,24,104
11702,The Replacement Killers,1998,1998-02-06,2,1990s,Drama,Drama|Action|Crime|Thriller,Antoine Fuqua,Chow Yun-fat,87.0,< 90 min,1.0,30000000.0,19204929.0,40130864.0723489,25690346.5072704,-10795071.0,0.6401643,Loss-making,True,6.2,62,6.1304615199052135,0.469693,13,10
18550,Fled,1996,1996-07-19,7,1990s,Action,Action|Comedy|Thriller,Kevin Hooks,Laurence Fishburne,98.0,90-105 min,2.0,25000000.0,17193231.0,34755418.4740063,23902317.5330103,-7806769.0,0.68772924,Loss-making,True,5.3,20,6.1152365609037,0.529152,15,2
8869,Eight Legged Freaks,2002,2002-07-17,7,2000s,Action,Action|Comedy|Horror|Thriller,Ellory Elkayem,David Arquette,99.0,90-105 min,2.0,,,,,,,Unknown,False,5.4,143,6.057809470534883,0.708516,23,108
43347,Love & Other Drugs,2010,2010-11-22,11,2010s,Drama,Drama|Comedy|Romance,Edward Zwick,Jake Gyllenhaal,112.0,105-120 min,3.0,30000000.0,102820008.0,30000000.0,102820008.0,72820008.0,3.4273336,Profitable,True,6.5,756,6.2608153918476726,1.365279,21,4
3489,88 Minutes,2007,2007-02-14,2,2000s,Crime,Crime|Mystery|Thriller,Jon Avnet,Al Pacino,108.0,105-120 min,3.0,30000000.0,16930884.0,31550057.4789463,17805678.7789791,-13069116.0,0.5643628,Loss-making,True,5.6,164,6.070315893773646,1.210966,15,18
9701,North Country,2005,2005-02-12,2,2000s,Drama,Drama,Niki Caro,Charlize Theron,126.0,120-150 min,4.0,35000000.0,25224242.0,39079715.1379072,28164462.626561,-9775758.0,0.7206926285714286,Loss-making,True,6.8,63,6.157184784657239,0.269437,17,12
2122,The Whole Ten Yards,2004,2004-04-07,4,2000s,Comedy,Comedy|Thriller|Crime,Howard Deutch,Bruce Willis,98.0,90-105 min,2.0,40000000.0,26155781.0,46177815.9924859,30195421.053944,-13844219.0,0.653894525,Loss-making,True,5.5,161,6.060620789609777,0.674089,10,93
37707,Splice,2009,2009-10-06,10,2000s,Thriller,Thriller|Science Fiction,Vincenzo Natali,Adrien Brody,104.0,90-105 min,2.0,26000000.0,,26426411.2872487,,,,Unknown,False,5.3,374,5.948235957605332,1.358965,8,68
10658,Howard the Duck,1986,1986-08-01,8,1980s,Fantasy,Fantasy|Comedy|Science Fiction,Willard Huyck,Lea Thompson,110.0,105-120 min,3.0,37000000.0,37962774.0,73608037.2018998,75523385.9697112,962774.0,1.026020918918919,Profitable,True,4.9,105,6.038960015309281,0.969383,10,11
13150,Pride and Glory,2008,2008-09-09,9,2000s,Thriller,Thriller|Crime|Drama,Gavin O'Connor,Edward Norton,130.0,120-150 min,4.0,30000000.0,31148328.0,30383599.014275,31546610.2639038,1148328.0,1.0382776,Profitable,True,6.3,118,6.141122585651635,0.527397999999999,18,19
9042,The Cave,2005,2005-08-25,8,2000s,Action,Action|Adventure|Horror|Thriller,Bruce Hunt,Cole Hauser,97.0,90-105 min,2.0,30000000.0,15007991.0,33496898.6896348,16757371.802065,-14992009.0,0.5002663666666667,Loss-making,True,5.2,111,6.057024475010424,0.332997,15,69
17813,Alex & Emma,2003,2003-06-16,6,2000s,Comedy,Comedy|Romance,Rob Reiner,Luke Wilson,96.0,90-105 min,2.0,30000000.0,15368897.0,35560579.3434758,18217562.7063402,-14631103.0,0.5122965666666667,Loss-making,True,5.0,43,6.092582176177634,0.143004,22,12
11208,Wicker Park,2004,2004-09-03,9,2000s,Drama,Drama|Mystery|Romance|Thriller,Paul McGuigan,Josh Hartnett,114.0,105-120 min,3.0,30000000.0,13001257.0,34633361.9943644,15009241.3354254,-16998743.0,0.43337523333333333,Loss-making,True,6.6,83,6.15457974973055,0.545686,12,75
58151,Fright Night,2011,2011-08-18,8,2010s,Horror,Horror|Comedy,Craig Gillespie,Anton Yelchin,106.0,105-120 min,3.0,17000000.0,24922237.0,16479766.724055,24159567.7648007,7922237.0,1.4660139411764705,Profitable,True,6.1,328,6.121958598381649,0.93488,16,10
11400,The New World,2005,2005-12-25,12,2000s,Drama,Drama|History|Romance,Terrence Malick,Colin Farrell,135.0,120-150 min,4.0,30000000.0,30536013.0,33496898.6896348,34095391.1282123,536013.0,1.0178671,Profitable,True,6.1,157,6.124443490396249,0.449627,15,18
10350,Wing Commander,1999,1999-03-11,3,1990s,Action,Action|Science Fiction,Christopher Roberts,Freddie Prinze Jr.,100.0,90-105 min,2.0,30000000.0,,39271585.3978296,,,,Unknown,False,4.1,39,6.070523694162496,0.301533,15,22
28902,In Dreams,1999,1999-01-15,1,1990s,Drama,Drama|Thriller,Neil Jordan,Annette Bening,100.0,90-105 min,2.0,,,,,,,Unknown,False,4.7,15,6.111640171161912,0.145004,12,18
14164,Dragonball Evolution,2009,2009-04-01,4,2000s,Action,Action|Adventure|Fantasy|Science Fiction|Thriller,James Wong,Chow Yun-fat,85.0,< 90 min,1.0,100000000.0,,101640043.412495,,,,Unknown,False,3.1,261,5.638069815081278,0.32232,15,6
76640,The Last Stand,2013,2013-01-12,1,2010s,Action,Action|Crime|Thriller,Kim Jee-woon,Arnold Schwarzenegger,107.0,105-120 min,3.0,30000000.0,,28081000.5822127,,,,Unknown,False,5.7,953,5.950780875704466,1.191537,18,11
11058,Godsend,2004,2004-04-30,4,2000s,Drama,Drama|Horror|Science Fiction|Thriller,Nick Hamm,Greg Kinnear,102.0,90-105 min,2.0,25000000.0,30114487.0,28861134.9953037,34765530.9848527,5114487.0,1.20457948,Profitable,True,4.7,60,6.0667184487219945,0.433748,8,24
14844,Chasing Liberty,2004,2004-01-09,1,2000s,Comedy,Comedy|Romance,Andy Cadiff,Mandy Moore,111.0,105-120 min,3.0,23000000.0,12.0,26552244.1956794,13.8533447977457,-22999988.0,5.217391304347826e-07,Loss-making,True,6.2,86,6.131620414094697,0.420568,11,26
57089,Hoodwinked Too! Hood VS. Evil,2011,2011-04-29,4,2010s,Comedy,Comedy|Animation|Family,Mike Disa,Hayden Panettiere,86.0,< 90 min,1.0,30000000.0,13521829.0,29081941.2777441,13108034.5648566,-16478171.0,0.4507276333333333,Loss-making,True,4.9,86,6.053986916420924,0.566856,15,8
1947,An Unfinished Life,2005,2005-09-09,9,2000s,Drama,Drama,Lasse Hallström,Robert Redford,108.0,105-120 min,3.0,30000000.0,18618284.0,33496898.6896348,20788492.4307616,-11381716.0,0.6206094666666667,Loss-making,True,6.9,82,6.171399316438809,0.893879,15,34
8054,The Imaginarium of Doctor Parnassus,2009,2009-10-01,10,2000s,Adventure,Adventure|Fantasy|Mystery,Terry Gilliam,Christopher Plummer,123.0,120-150 min,4.0,30000000.0,61808775.0,30492013.0237486,62822465.7427315,31808775.0,2.0602925,Profitable,True,6.2,502,6.14694604726996,0.643164,24,8
46829,Barney's Version,2010,2010-10-26,10,2010s,Comedy,Comedy|Drama,Richard J. Lewis,Paul Giamatti,134.0,120-150 min,4.0,30000000.0,8454301.0,30000000.0,8454301.0,-21545699.0,0.2818100333333333,Loss-making,True,6.9,70,6.165259854180025,0.328667,10,24
146238,Runner Runner,2013,2013-09-24,9,2010s,Crime,Crime|Thriller|Drama,Brad Furman,Ben Affleck,91.0,90-105 min,2.0,30000000.0,62616646.0,28081000.5822127,58611269.0927403,32616646.0,2.0872215333333335,Profitable,True,5.5,413,5.980672603892124,1.321896,19,14
9989,Antitrust,2001,2001-01-12,1,2000s,Action,Action|Crime|Drama,Peter Howitt,Ryan Phillippe,108.0,105-120 min,3.0,30000000.0,17833000.0,36944643.5008153,21961127.5850013,-12167000.0,0.5944333333333334,Loss-making,True,5.6,82,6.0971705022893765,0.976997,20,21
9665,Glory,1989,1989-12-15,12,1980s,War,War,Edward Zwick,Matthew Broderick,122.0,120-150 min,4.0,18000000.0,26828365.0,31661728.9027786,47190689.9741552,8828365.0,1.4904647222222223,Profitable,True,7.1,207,6.256259405763739,1.836091,17,44
311,Once Upon a Time in America,1984,1984-02-17,2,1980s,Drama,Drama|Crime,Sergio Leone,Robert De Niro,229.0,> 150 min,5.0,30000000.0,,62971261.1758245,,,,Unknown,False,7.9,562,6.6472243402420395,1.689163,38,30
102362,Dead Man Down,2013,2013-03-08,3,2010s,Thriller,Thriller|Action|Crime|Drama,Niels Arden Oplev,Colin Farrell,118.0,105-120 min,3.0,,18074539.0,,16918371.3394075,,,Unknown,False,5.7,480,6.015455295969562,0.475987,36,15
11162,The Merchant of Venice,2004,2004-09-03,9,2000s,Drama,Drama|Romance,Michael Radford,Al Pacino,138.0,120-150 min,4.0,,,,,,,Unknown,False,6.3,72,6.135997867146605,0.424196,15,15
6016,The Good Thief,2003,2003-04-03,4,2000s,Crime,Crime|Drama|Thriller,Neil Jordan,Nick Nolte,108.0,105-120 min,3.0,,,,,,,Unknown,False,6.2,14,6.128021751580859,0.347234,15,30
17186,Supercross,2005,2005-08-16,8,2000s,Action,Action|Adventure|Drama|Romance,Steve Boyum,Steve Howey,80.0,< 90 min,1.0,,3102550.0,,3464193.43431755,,,Unknown,False,4.8,12,6.115618591858409,0.28107,13,9
13967,Miss Potter,2006,2006-12-03,12,2000s,Drama,Drama|Family|Romance,Chris Noonan,Ewan McGregor,92.0,90-105 min,2.0,30000000.0,35078241.0,32450074.7487471,37943051.4168189,5078241.0,1.1692747,Profitable,True,6.2,81,6.13138217429989,0.620633,25,12
9053,DOA: Dead or Alive,2006,2006-09-07,9,2000s,Adventure,Adventure|Action|Thriller,Corey Yuen Kwai,Jaime Pressly,87.0,< 90 min,1.0,21000000.0,480314.0,22715052.324123,519540.840095658,-20519686.0,0.022872095238095237,Loss-making,True,4.9,116,6.030437765007668,0.458112,18,8
4512,The Assassination of Jesse James by the Coward Robert Ford,2007,2007-09-02,9,2000s,Action,Action|Drama|Western,Andrew Dominik,Brad Pitt,160.0,> 150 min,5.0,30000000.0,14711793.0,31550057.4789463,15471930.4922787,-15288207.0,0.4903931,Loss-making,True,6.9,460,6.32321622751655,0.653746,20,15
265208,Wild Card,2015,2015-01-14,1,2010s,Thriller,Thriller|Crime|Drama,Simon West,Jason Statham,92.0,90-105 min,2.0,30000000.0,,27599987.8560053,,,,Unknown,False,5.3,481,5.910438972447155,2.93234,25,53
45610,Machine Gun Preacher,2011,2011-09-23,9,2010s,Action,Action|Thriller|Crime,Marc Forster,Gerard Butler,129.0,120-150 min,4.0,30000000.0,2527904.0,29081941.2777441,2450545.18945915,-27472096.0,0.08426346666666666,Loss-making,True,6.4,166,6.157059771289896,1.128994,33,35
1874,Goodbye Bafana,2007,2007-02-11,2,2000s,Drama,Drama|History|Foreign,Bille August,Joseph Fiennes,140.0,120-150 min,4.0,30000000.0,,31550057.4789463,,,,Unknown,False,7.0,22,6.141229967544345,0.188899,5,17
215211,Grace of Monaco,2014,2014-05-14,5,2010s,Romance,Romance|Drama,Olivier Dahan,Nicole Kidman,103.0,90-105 min,2.0,30000000.0,,27632731.5231437,,,,Unknown,False,5.7,138,6.087759907739276,0.688635,26,45
10955,Ripley's Game,2002,2002-09-02,9,2000s,Mystery,Mystery|Drama|Thriller|Crime,Liliana Cavani,John Malkovich,110.0,105-120 min,3.0,30000000.0,,36367841.8086164,,,,Unknown,False,6.0,29,6.124608891864487,0.325852,7,6
254470,Pitch Perfect 2,2015,2015-05-07,5,2010s,Comedy,Comedy|Music,Elizabeth Banks,Anna Kendrick,115.0,105-120 min,3.0,29000000.0,287506194.0,26679988.2608051,264505582.097543,258506194.0,9.914006689655173,Profitable,True,6.8,1264,6.4520631596721945,3.877764,122,32
69,Walk the Line,2005,2005-09-13,9,2000s,Drama,Drama|Music|Romance,James Mangold,Joaquin Phoenix,136.0,120-150 min,4.0,28000000.0,186438883.0,31263772.1103258,208170812.521989,158438883.0,6.658531535714285,Profitable,True,7.0,415,6.33200302884957,0.681157,45,65
4967,Keeping the Faith,2000,2000-04-14,4,2000s,Comedy,Comedy,Edward Norton,Ben Stiller,127.0,120-150 min,4.0,30000000.0,37036004.0,37988763.4302941,46898399.8119809,7036004.0,1.2345334666666667,Profitable,True,5.7,79,6.103723786433447,0.623706,12,19
9449,The Borrowers,1997,1997-12-05,12,1990s,Adventure,Adventure|Fantasy|Action|Comedy|Family,Peter Hewitt,John Goodman,86.0,< 90 min,1.0,29000000.0,,39395349.3110908,,,,Unknown,False,5.8,78,6.109452243794269,0.386432,15,20
11499,Frost/Nixon,2008,2008-10-15,10,2000s,Drama,Drama,Ron Howard,Michael Sheen,122.0,120-150 min,4.0,,,,,,,Unknown,False,6.8,151,6.194768824887232,1.09445,25,47
4912,Confessions of a Dangerous Mind,2002,2002-12-30,12,2000s,Comedy,Comedy|Crime|Drama|Romance|Thriller,George Clooney,Sam Rockwell,113.0,105-120 min,3.0,30000000.0,33013805.0,36367841.8086164,40021361.2580169,3013805.0,1.1004601666666667,Profitable,True,6.4,137,6.15233489258787,0.482312,26,16
12771,Serving Sara,2002,2002-08-20,8,2000s,Comedy,Comedy|Romance,Reginald Hudlin,Matthew Perry,100.0,90-105 min,2.0,29000000.0,16930185.0,35155580.4149958,20523809.6623536,-12069815.0,0.5837994827586207,Loss-making,True,5.1,44,6.094947828007848,0.294923,7,10
12506,Cry Freedom,1987,1987-11-05,11,1980s,Drama,Drama,Richard Attenborough,Denzel Washington,157.0,> 150 min,5.0,,,,,,,Unknown,False,6.9,26,6.141835054226341,0.184885,30,9
24071,Mumford,1999,1999-09-24,9,1990s,Comedy,Comedy|Drama|Romance,Lawrence Kasdan,Loren Dean,112.0,105-120 min,3.0,,,,,,,Unknown,False,5.6,10,6.123412182638936,0.198477,16,12
11249,Seed of Chucky,2004,2004-11-11,11,2000s,Comedy,Comedy|Drama|Horror,Don Mancini,Brad Dourif,87.0,< 90 min,1.0,12000000.0,24829644.0,13853344.7977457,28664468.2947733,12829644.0,2.069137,Profitable,True,4.9,140,6.01227933761982,0.924363,14,9
9667,The Jacket,2005,2005-03-04,3,2000s,Drama,Drama|Mystery|Thriller|Fantasy,John Maybury,Adrien Brody,103.0,90-105 min,2.0,29000000.0,21126225.0,32380335.3999803,23588767.283981,-7873775.0,0.7284905172413794,Loss-making,True,6.6,219,6.193087889096544,1.200307,22,20
812,Aladdin,1992,1992-11-25,11,1990s,Animation,Animation|Family|Comedy|Adventure|Fantasy,"Ron Clements, John Musker",Scott Weinger,90.0,< 90 min,1.0,28000000.0,504050219.0,43512679.1284907,783306265.856875,476050219.0,18.001793535714285,Profitable,True,7.3,2121,6.843039497665613,3.966538,24,100
277216,Straight Outta Compton,2015,2015-08-13,8,2010s,Drama,Drama|Music,F. Gary Gray,O'Shea Jackson Jr.,147.0,120-150 min,4.0,28000000.0,201634991.0,25759988.6656049,185504110.098191,173634991.0,7.201249678571428,Profitable,True,7.7,918,6.762706992798632,3.202719,60,30
87,Indiana Jones and the Temple of Doom,1984,1984-05-23,5,1980s,Adventure,Adventure|Action,Steven Spielberg,Harrison Ford,118.0,105-120 min,3.0,28000000.0,333000000.0,58773177.0974362,698980999.051652,305000000.0,11.892857142857142,Profitable,True,6.9,1735,6.561278870330443,2.556799,69,27
14444,The Rugrats Movie,1998,1998-11-20,11,1990s,Animation,Animation|Family,"Norton Virgien, Igor Kovalyov",Whoopi Goldberg,79.0,< 90 min,1.0,,100491683.0,,134427269.029152,,,Unknown,False,5.6,79,6.098211261138632,0.301614,13,8
2043,Along Came a Spider,2001,2001-04-06,4,2000s,Crime,Crime|Mystery|Thriller|Action,Lee Tamahori,Morgan Freeman,104.0,90-105 min,2.0,60000000.0,105178561.0,73889287.0016306,129526148.002458,45178561.0,1.7529760166666666,Profitable,True,5.8,215,6.082433597818987,0.844235,11,27
1428,Once Upon a Time in Mexico,2003,2003-09-11,9,2000s,Action,Action,Robert Rodriguez,Antonio Banderas,102.0,90-105 min,2.0,29000000.0,98185582.0,34375226.6986933,116384539.303211,69185582.0,3.3857097241379313,Profitable,True,6.1,320,6.122063531651499,1.318505,11,50
562,Die Hard,1988,1988-07-15,7,1980s,Action,Action|Thriller,John McTiernan,Bruce Willis,131.0,120-150 min,4.0,28000000.0,140767956.0,51628948.6465286,259560770.407171,112767956.0,5.027427,Profitable,True,7.2,2800,6.850327762532865,3.777441,47,75
15373,Role Models,2008,2008-02-03,2,2000s,Comedy,Comedy,David Wain,Seann William Scott,99.0,90-105 min,2.0,28000000.0,92380927.0,28358025.7466566,93562168.0845004,64380927.0,3.2993188214285714,Profitable,True,6.3,328,6.160957468841194,1.103468,29,62
318846,The Big Short,2015,2015-12-11,12,2010s,Comedy,Comedy|Drama,Adam McKay,Christian Bale,130.0,120-150 min,4.0,28000000.0,133346506.0,25759988.6656049,122678731.541358,105346506.0,4.762375214285714,Profitable,True,7.3,1545,6.752249511344132,4.648046,103,75
26320,Taking Woodstock,2009,2009-09-03,9,2000s,Music,Music|Comedy|Drama,Ang Lee,Demetri Martin,120.0,105-120 min,3.0,,,,,,,Unknown,False,5.9,66,6.116714709061173,0.235045,25,33
14292,Miracle,2004,2004-02-06,2,2000s,Drama,Drama|History,Gavin O'Connor,Kurt Russell,135.0,120-150 min,4.0,28000000.0,64445708.0,32324471.1947401,74399051.1382369,36445708.0,2.3016324285714287,Profitable,True,6.8,81,6.165247410171955,0.751446,10,2
924,Dawn of the Dead,2004,2004-03-19,3,2000s,Fantasy,Fantasy|Horror|Action,Zack Snyder,Sarah Polley,101.0,90-105 min,2.0,28000000.0,102356381.0,32324471.1947401,118164853.186869,74356381.0,3.6555850357142856,Profitable,True,6.7,546,6.291851249059404,1.107167,20,120
2018,The Wedding Planner,2001,2001-01-26,1,2000s,Comedy,Comedy,Adam Shankman,Jennifer Lopez,103.0,90-105 min,2.0,35000000.0,94728529.0,43102084.0842845,116657057.775388,59728529.0,2.7065294,Profitable,True,5.4,245,6.0158505148757255,0.798104,17,17
9428,The Royal Tenenbaums,2001,2001-10-05,10,2000s,Comedy,Comedy|Drama,Wes Anderson,Gene Hackman,110.0,105-120 min,3.0,21000000.0,71441250.0,25861250.4505707,87979050.416754,50441250.0,3.4019642857142856,Profitable,True,7.3,679,6.5189349064668605,1.857978,14,35
2832,Identity,2003,2003-04-25,4,2000s,Mystery,Mystery|Thriller,James Mangold,John Cusack,90.0,< 90 min,1.0,30000000.0,90259536.0,35560579.3434758,106989379.714443,60259536.0,3.0086512,Profitable,True,7.0,549,6.379037653479992,1.518131,22,28
137093,Last Vegas,2013,2013-10-31,10,2010s,Comedy,Comedy,Jon Turteltaub,Robert De Niro,105.0,90-105 min,2.0,28000000.0,134402450.0,26208933.8767318,125805175.890027,106402450.0,4.8000875,Profitable,True,6.4,563,6.207368712293451,1.496605,17,10
699,For Your Eyes Only,1981,1981-06-23,6,1980s,Adventure,Adventure|Action|Thriller,John Glen,Roger Moore,127.0,120-150 min,4.0,28000000.0,195312802.0,67149342.5359908,468397365.827219,167312802.0,6.975457214285714,Profitable,True,6.0,268,6.106249034176544,1.771093,40,17
9778,Serendipity,2001,2001-10-05,10,2000s,Comedy,Comedy|Romance,Peter Chelsom,John Cusack,90.0,< 90 min,1.0,28000000.0,77516304.0,34481667.2674276,95460407.2260274,49516304.0,2.7684394285714284,Profitable,True,6.6,310,6.215339557921863,1.195555,19,27
8831,Timecop,1994,1994-09-15,9,1990s,Thriller,Thriller|Science Fiction|Action|Crime,Peter Hyams,Jean-Claude Van Damme,99.0,90-105 min,2.0,27000000.0,101646581.0,39720012.1631503,149533460.506024,74646581.0,3.764688185185185,Profitable,True,5.3,157,6.0413252321737625,0.710052,15,15
9398,Zoolander,2001,2001-09-28,9,2000s,Comedy,Comedy,Ben Stiller,Ben Stiller,89.0,< 90 min,1.0,28000000.0,60780981.0,34481667.2674276,74851055.8224943,32780981.0,2.1707493214285716,Profitable,True,6.1,791,6.117219037964557,1.581446,104,95
112949,Safe Haven,2013,2013-02-07,2,2010s,Romance,Romance,Lasse Hallström,Julianne Hough,115.0,105-120 min,3.0,28000000.0,97594140.0,26208933.8767318,91351370.0720184,69594140.0,3.485505,Profitable,True,6.8,591,6.331677835760513,0.96795,21,15
10439,Hocus Pocus,1993,1993-07-16,7,1990s,Comedy,Comedy|Family|Fantasy,Kenny Ortega,Bette Midler,96.0,90-105 min,2.0,28000000.0,39514713.0,42265158.9275638,59646272.3186454,11514713.0,1.41123975,Profitable,True,6.1,278,6.122631308337585,0.710505,32,13
3638,No Reservations,2007,2007-07-25,7,2000s,Comedy,Comedy,Scott Hicks,Catherine Zeta-Jones,104.0,90-105 min,2.0,28000000.0,92601050.0,29446720.3136832,97385615.0036929,64601050.0,3.3071803571428573,Profitable,True,6.0,202,6.110755451666199,0.947353,17,11
23483,Kick-Ass,2010,2010-03-22,3,2010s,Action,Action|Crime,Matthew Vaughn,Aaron Taylor-Johnson,117.0,105-120 min,3.0,28000000.0,96188903.0,28000000.0,96188903.0,68188903.0,3.4353179642857143,Profitable,True,7.0,3085,6.733785352512396,2.225609,26,42
62206,30 Minutes or Less,2011,2011-08-11,8,2010s,Action,Action|Comedy|Adventure,Ruben Fleischer,Jesse Eisenberg,83.0,< 90 min,1.0,28000000.0,40547440.0,27143145.1925612,39306608.9680951,12547440.0,1.448122857142857,Profitable,True,5.5,337,6.002274589520296,0.570978,15,2
10577,Dracula 2000,2000,2000-12-22,12,2000s,Horror,Horror|Thriller,Patrick Lussier,Gerard Butler,99.0,90-105 min,2.0,28000000.0,33000337.0,35456179.2016078,41788066.5137661,5000337.0,1.1785834642857143,Profitable,True,4.7,73,6.05426848737844,0.481089,13,29
218778,"Alexander and the Terrible, Horrible, No Good, Very Bad Day",2014,2014-10-08,10,2010s,Family,Family|Comedy,Miguel Arteta,Steve Carell,81.0,< 90 min,1.0,28000000.0,100654149.0,25790549.4216008,92711635.866917,72654149.0,3.5947910357142856,Profitable,True,6.2,380,6.143213516139653,0.876513999999999,35,63
4348,Pride & Prejudice,2005,2005-09-16,9,2000s,Drama,Drama|Romance,Joe Wright,Keira Knightley,128.0,120-150 min,4.0,28000000.0,121147947.0,31263772.1103258,135269350.237208,93147947.0,4.326712392857143,Profitable,True,7.6,749,6.651774313317375,1.480854,19,20
78,Blade Runner,1982,1982-06-25,6,1980s,Science Fiction,Science Fiction|Drama|Thriller,Ridley Scott,Harrison Ford,117.0,105-120 min,3.0,28000000.0,32768670.0,63269987.2714343,74045476.2072083,4768670.0,1.170309642857143,Profitable,True,7.7,2110,7.085230379705486,4.215642,19,37
11780,Rob Roy,1995,1995-04-13,4,1990s,Adventure,Adventure,Michael Caton-Jones,Liam Neeson,139.0,120-150 min,4.0,28000000.0,31596911.0,40067072.278995,45214132.7439276,3596911.0,1.1284611071428572,Profitable,True,6.2,72,6.130949132836248,0.640868999999999,24,9
192102,3 Days to Kill,2014,2014-02-14,2,2010s,Action,Action|Drama|Thriller|Crime,McG,Kevin Costner,113.0,105-120 min,3.0,28000000.0,,25790549.4216008,,,,Unknown,False,6.0,668,6.0852314714098075,1.304588,16,48
2001,We Own the Night,2007,2007-05-25,5,2000s,Drama,Drama|Crime|Thriller,James Gray,Joaquin Phoenix,117.0,105-120 min,3.0,21000000.0,54926886.0,22085040.2352624,57764880.3479845,33926886.0,2.615566,Profitable,True,6.4,162,6.156418810327666,0.521559,92,31
10383,Lost Souls,2000,2000-10-13,10,2000s,Horror,Horror|Thriller,Janusz Kamiński,Winona Ryder,97.0,90-105 min,2.0,,,,,,,Unknown,False,4.2,18,6.1019944306812715,0.387039,21,5
10025,Just My Luck,2006,2006-05-12,5,2000s,Comedy,Comedy|Drama|Family|Fantasy|Romance,Donald Petrie,Lindsay Lohan,103.0,90-105 min,2.0,28000000.0,38159905.0,30286736.432164,41276392.3218363,10159905.0,1.36285375,Profitable,True,5.7,271,6.0560252035799484,1.194602,22,22
15198,"Mystery, Alaska",1999,1999-10-01,10,1990s,Comedy,Comedy|Drama,Jay Roach,Russell Crowe,119.0,105-120 min,3.0,28000000.0,8888143.0,36653479.704641,11635048.8950874,-19111857.0,0.31743367857142857,Loss-making,True,5.8,35,6.119031429225954,0.260903,27,3
23172,The Spy Next Door,2010,2010-01-15,1,2010s,Action,Action|Comedy|Family,Brian Levant,Amber Valletta,94.0,90-105 min,2.0,28000000.0,45236543.0,28000000.0,45236543.0,17236543.0,1.6155908214285715,Profitable,True,5.4,210,6.029631454726535,0.618078,16,3
17834,A Simple Wish,1997,1997-07-11,7,1990s,Action,Action|Adventure|Comedy|Family|Fantasy,Michael Ritchie,Martin Short,86.0,< 90 min,1.0,,,,,,,Unknown,False,5.8,24,6.12157793943674,0.23585,9,2
10016,Ghosts of Mars,2001,2001-08-24,8,2000s,Action,Action|Horror|Science Fiction,John Carpenter,Natasha Henstridge,98.0,90-105 min,2.0,28000000.0,14010832.0,34481667.2674276,17254173.1129938,-13989168.0,0.5003868571428571,Loss-making,True,4.6,135,5.988816438343814,0.451722,21,24
10317,Our Brand Is Crisis,2015,2015-09-11,9,2010s,Drama,Drama|Comedy,David Gordon Green,Sandra Bullock,108.0,105-120 min,3.0,28000000.0,7002261.0,25759988.6656049,6442077.28548599,-20997739.0,0.25008075,Loss-making,True,5.7,122,6.091962982411607,0.795762,14,16
9746,Kundun,1997,1997-12-25,12,1990s,Drama,Drama,Martin Scorsese,Tenzin Thuthob Tsarong,134.0,120-150 min,4.0,28000000.0,5684789.0,38036888.9900187,7722560.29016712,-22315211.0,0.20302817857142857,Loss-making,True,7.1,34,6.151103348705261,0.660297,5,19
13092,How to Lose Friends & Alienate People,2008,2008-10-02,10,2000s,Comedy,Comedy|Romance|Drama,Robert B. Weide,Kelan Pannell,110.0,105-120 min,3.0,27000000.0,17286299.0,27345239.1128475,17507332.5752287,-9713701.0,0.6402332962962963,Loss-making,True,6.0,106,6.118037503142094,0.659884,27,34
59859,Kick-Ass 2,2013,2013-07-17,7,2010s,Action,Action|Adventure|Crime,Jeff Wadlow,Aaron Taylor-Johnson,103.0,90-105 min,2.0,28000000.0,29000000.0,26208933.8767318,27144967.2294723,1000000.0,1.0357142857142858,Profitable,True,6.3,1479,6.217446104386633,1.251506,22,18
13495,Alatriste,2006,2006-09-01,9,2000s,Action,Action,Agustín Díaz Yanes,Viggo Mortensen,145.0,120-150 min,4.0,24000000.0,23321954.0,25960059.7989977,25226638.3528947,-678046.0,0.9717480833333333,Loss-making,True,5.7,31,6.117714647561745,0.500077,16,11
254473,Brick Mansions,2014,2014-04-22,4,2010s,Action,Action|Crime|Drama,Camille Delamarre,Paul Walker,90.0,< 90 min,1.0,28000000.0,68896829.0,25790549.4216008,63460252.6184315,40896829.0,2.460601035714286,Profitable,True,5.8,476,6.042154285742732,0.979655,12,39
700,Octopussy,1983,1983-06-05,6,1980s,Adventure,Adventure|Action|Thriller,John Glen,Roger Moore,131.0,120-150 min,4.0,27500000.0,183700000.0,60206079.9383489,402176613.988171,156200000.0,6.68,Profitable,True,5.9,289,6.0873023908086985,1.575742,83,18
4964,Knocked Up,2007,2007-06-01,6,2000s,Comedy,Comedy|Romance|Drama,Judd Apatow,Seth Rogen,129.0,120-150 min,4.0,30000000.0,219076518.0,31550057.4789463,230395891.172914,189076518.0,7.3025506,Profitable,True,6.0,746,6.082065881785521,1.640237,37,17
10024,My Sister's Keeper,2009,2009-06-26,6,2000s,Drama,Drama,Nick Cassavetes,Cameron Diaz,109.0,105-120 min,3.0,30000000.0,95714875.0,30492013.0237486,97284640.5022156,65714875.0,3.1904958333333333,Profitable,True,7.0,354,6.3081473908657415,0.457298,16,22
13490,Welcome Home Roscoe Jenkins,2008,2008-02-08,2,2000s,Comedy,Comedy|Drama,Malcolm D. Lee,Martin Lawrence,114.0,105-120 min,3.0,35000000.0,43650785.0,35447532.1833208,44208931.6032777,8650785.0,1.2471652857142856,Profitable,True,6.1,31,6.126667069769527,0.224471,12,2
15927,A Passage to India,1984,1984-12-14,12,1980s,Drama,Drama|Adventure|History,David Lean,Judy Davis,163.0,> 150 min,5.0,8000000.0,27187653.0,16792336.3135532,57068026.594023,19187653.0,3.398456625,Profitable,True,6.7,23,6.13684304577574,0.329484,7,2
1259,Notes on a Scandal,2006,2006-12-25,12,2000s,Drama,Drama|Romance,Richard Eyre,Judi Dench,92.0,90-105 min,2.0,15000000.0,49469904.0,16225037.3743735,53510069.4204449,34469904.0,3.2979936,Profitable,True,6.3,119,6.141230438081442,0.467297,23,15
5125,Rendition,2007,2007-09-07,9,2000s,Drama,Drama|Thriller,Gavin Hood,Omar Metwally,120.0,105-120 min,3.0,27500000.0,24748670.0,28920886.0223675,26027398.7009158,-2751330.0,0.8999516363636364,Loss-making,True,5.7,104,6.096801699703569,0.59846,15,36
174,Star Trek VI: The Undiscovered Country,1991,1991-12-05,12,1990s,Science Fiction,Science Fiction|Action|Adventure|Thriller,Nicholas Meyer,William Shatner,113.0,105-120 min,3.0,27000000.0,96900000.0,43229506.732115,155145896.383035,69900000.0,3.588888888888889,Profitable,True,6.6,237,6.197691256575812,1.28293,24,14
9583,Divine Secrets of the Ya-Ya Sisterhood,2002,2002-06-07,6,2000s,Comedy,Comedy|Drama|Romance,Callie Khouri,Sandra Bullock,116.0,105-120 min,3.0,27000000.0,,32731057.6277547,,,,Unknown,False,5.3,38,6.104695466085607,0.367352,14,21
9437,Kiss the Girls,1997,1997-10-03,10,1990s,Drama,Drama|Mystery|Thriller|Crime,Gary Fleder,Morgan Freeman,115.0,105-120 min,3.0,27000000.0,60527873.0,36678428.6689466,82224713.7893911,33527873.0,2.2417730740740742,Profitable,True,6.1,170,6.124234996612934,0.712173,18,15
525,The Blues Brothers,1980,1980-06-17,6,1980s,Music,Music|Comedy|Action|Crime,John Landis,Dan Aykroyd,133.0,120-150 min,4.0,27000000.0,115229890.0,71442992.3288748,304902523.975077,88229890.0,4.267773703703703,Profitable,True,7.3,614,6.493138843726321,1.607219,54,21
10188,The Sisterhood of the Traveling Pants 2,2008,2008-08-06,8,2000s,Adventure,Adventure|Comedy|Drama|Family,Sanaa Hamri,Alexis Bledel,117.0,105-120 min,3.0,27000000.0,44352417.0,27345239.1128475,44919535.1147304,17352417.0,1.6426821111111112,Profitable,True,6.0,127,6.116363890579821,0.451304,25,3
63574,Joyful Noise,2012,2012-01-13,1,2010s,Comedy,Comedy|Music,Todd Graff,Queen Latifah,117.0,105-120 min,3.0,25.0,30.0,23.7436070338061,28.4923284405673,5.0,1.2,Profitable,True,6.7,25,6.137659747906441,0.316117,11,46
245,About a Boy,2002,2002-04-26,4,2000s,Drama,Drama|Comedy|Romance,"Chris Weitz, Paul Weitz",Hugh Grant,101.0,90-105 min,2.0,27000000.0,129000000.0,32731057.6277547,156381719.77705,102000000.0,4.777777777777778,Profitable,True,6.4,361,6.184681102173502,1.263507,33,17
9825,Lake Placid,1999,1999-07-15,7,1990s,Horror,Horror|Comedy|Action|Science Fiction|Thriller,Steve Miner,Bill Pullman,82.0,< 90 min,1.0,27000000.0,56870414.0,35344426.8580467,74446377.3336976,29870414.0,2.1063116296296296,Profitable,True,5.3,112,6.064079229478053,0.637814,17,38
186,Lucky Number Slevin,2006,2006-02-24,2,2000s,Drama,Drama|Thriller|Crime|Mystery,Paul McGuigan,Josh Hartnett,110.0,105-120 min,3.0,27000000.0,56308881.0,29205067.2738724,60907579.9156103,29308881.0,2.0855141111111113,Profitable,True,7.3,787,6.558332893530322,1.520387,17,16
9549,The Right Stuff,1983,1983-10-21,10,1980s,Drama,Drama|History,Philip Kaufman,Fred Ward,193.0,> 150 min,5.0,27000000.0,21500000.0,59111423.9394698,47070207.9518001,-5500000.0,0.7962962962962963,Loss-making,True,7.2,120,6.214603187258513,0.675752999999999,33,23
34584,The NeverEnding Story,1984,1984-04-05,4,1980s,Drama,Drama|Family|Fantasy|Adventure,Wolfgang Petersen,Barret Oliver,102.0,90-105 min,2.0,27000000.0,20158808.0,56674135.0582421,42314185.4520434,-6841192.0,0.7466225185185185,Loss-making,True,6.8,484,6.304415732733678,2.183891,17,24
2666,Dark City,1998,1998-02-27,2,1990s,Mystery,Mystery|Science Fiction,Alex Proyas,Rufus Sewell,100.0,90-105 min,2.0,27000000.0,27200316.0,36117777.665114,36385739.4706979,200316.0,1.007419111111111,Profitable,True,7.0,466,6.350720596856092,1.422685,18,65
12783,The Duchess,2008,2008-09-05,9,2000s,Drama,Drama|History|Romance,Saul Dibb,Keira Knightley,110.0,105-120 min,3.0,,,,,,,Unknown,False,6.6,223,6.194119940611104,0.857292,13,53
13155,Return to Oz,1985,1985-06-21,6,1980s,Adventure,Adventure|Fantasy|Science Fiction|Family,Walter Murch,Fairuza Balk,113.0,105-120 min,3.0,25000000.0,11137801.0,50679151.3066605,22578172.084099,-13862199.0,0.44551204,Loss-making,True,6.0,50,6.122745216393258,0.229931,13,61
42807,The Newton Boys,1998,1998-03-26,3,1990s,Crime,Crime|Action|Drama,Richard Linklater,Matthew McConaughey,113.0,105-120 min,3.0,27000000.0,76000000.0,36117777.665114,101664855.64995,49000000.0,2.814814814814815,Profitable,True,6.4,16,6.1304624175883315,0.26504,16,4
28355,Case 39,2009,2009-08-13,8,2000s,Horror,Horror|Mystery|Thriller,Christian Alvart,Renée Zellweger,109.0,105-120 min,3.0,27000000.0,29000000.0,27442811.7213737,29475612.5896236,2000000.0,1.0740740740740742,Profitable,True,6.0,298,6.104319689085269,0.999299,38,63
8080,Suspect Zero,2004,2004-08-27,8,2000s,Crime,Crime|Thriller,E. Elias Merhige,Carrie-Anne Moss,99.0,90-105 min,2.0,27000000.0,13000000.0,31170025.794928,15007790.1975579,-14000000.0,0.48148148148148145,Loss-making,True,5.1,42,6.096373152594923,0.308525,6,13
5126,Martian Child,2007,2007-11-02,11,2000s,Drama,Drama,Menno Meyjes,John Cusack,106.0,105-120 min,3.0,,,,,,,Unknown,False,7.0,32,6.147425552512642,0.579121,10,11
56288,Spy Kids: All the Time in the World,2011,2011-08-18,8,2010s,Family,Family|Comedy|Action,Robert Rodriguez,Jessica Alba,89.0,< 90 min,1.0,27000000.0,85564310.0,26173747.1499697,82945874.6296899,58564310.0,3.1690485185185184,Profitable,True,4.5,125,5.989754957972938,0.688697,11,21
1613,The 51st State,2002,2002-07-10,7,2000s,Thriller,Thriller|Action|Comedy|Crime,Ronny Yu,Samuel L. Jackson,93.0,90-105 min,2.0,28.0,,33.9433190213753,,,,Unknown,False,5.8,85,6.107947021289537,0.93789,26,21
31582,Flawless,1999,1999-11-26,11,1990s,Comedy,Comedy|Drama,Joel Schumacher,Robert De Niro,112.0,105-120 min,3.0,,4488529.0,,5875721.66447116,,,Unknown,False,6.2,24,6.128544052200691,0.186474,5,18
16617,Mindhunters,2004,2004-05-07,5,2000s,Mystery,Mystery|Thriller|Crime,Renny Harlin,LL Cool J,106.0,105-120 min,3.0,27000000.0,21148829.0,31170025.794928,24415168.3504637,-5851171.0,0.7832899629629629,Loss-making,True,6.3,173,6.1468447111111075,0.333555,14,135
8944,What Just Happened,2008,2008-10-17,10,2000s,Comedy,Comedy|Drama,Barry Levinson,Bruce Willis,104.0,90-105 min,2.0,25000000.0,6673422.0,25319665.8452291,6758752.60336804,-18326578.0,0.26693688,Loss-making,True,5.1,68,6.078156640417532,0.368391,16,14
41488,The Statement,2003,2003-12-12,12,2000s,Drama,Drama|Thriller,Norman Jewison,Michael Caine,120.0,105-120 min,3.0,,,,,,,Unknown,False,5.5,10,6.122679098554192,0.292143,11,24
14560,Paul Blart: Mall Cop,2009,2009-01-15,1,2000s,Action,Action|Adventure|Comedy|Family,Steve Carr,Kevin James,91.0,90-105 min,2.0,26000000.0,183293131.0,26426411.2872487,186299217.920521,157293131.0,7.049735807692308,Profitable,True,5.4,510,5.9283013563316205,1.64173899999999,122,30
10330,Freaky Friday,2003,2003-08-03,8,2000s,Comedy,Comedy|Family|Fantasy,Mark Waters,Jamie Lee Curtis,97.0,90-105 min,2.0,26000000.0,110230332.0,30819168.7643457,130661815.571456,84230332.0,4.239628153846154,Profitable,True,6.0,473,6.094327928596012,1.096211,34,29
6957,The 40 Year Old Virgin,2005,2005-08-11,8,2000s,Comedy,Comedy|Romance,Judd Apatow,Steve Carell,116.0,105-120 min,3.0,26000000.0,109449237.0,29030645.5310168,122207000.114894,83449237.0,4.209586038461539,Profitable,True,6.2,1236,6.161980834075045,1.78595,67,7
1934,Shakespeare in Love,1998,1998-12-11,12,1990s,History,History,John Madden,Joseph Fiennes,122.0,120-150 min,4.0,25000000.0,289317794.0,33442386.7269574,387019102.157528,264317794.0,11.57271176,Profitable,True,6.7,399,6.257627379121426,1.059234,15,17
169917,A Walk Among the Tombstones,2014,2014-09-18,9,2010s,Crime,Crime|Drama|Mystery|Thriller,Scott Frank,Liam Neeson,113.0,105-120 min,3.0,28000000.0,53181600.0,25790549.4216008,48985095.8257074,25181600.0,1.8993428571428572,Profitable,True,6.2,823,6.154768526176001,2.777996,48,58
951,Kindergarten Cop,1990,1990-12-21,12,1990s,Comedy,Comedy,Ivan Reitman,Arnold Schwarzenegger,111.0,105-120 min,3.0,15000000.0,201957688.0,25033478.1047187,337046890.708507,186957688.0,13.463845866666666,Profitable,True,5.7,304,6.048939483950168,0.386018,85,35
10189,Pineapple Express,2008,2008-08-06,8,2000s,Action,Action|Comedy,David Gordon Green,Seth Rogen,111.0,105-120 min,3.0,27000000.0,101624843.0,27345239.1128475,102924282.653355,74624843.0,3.763883074074074,Profitable,True,6.6,719,6.291228864182997,1.273395,38,32
9454,Ever After: A Cinderella Story,1998,1998-07-31,7,1990s,Drama,Drama|Romance|Comedy,Andy Tennant,Drew Barrymore,121.0,120-150 min,4.0,26000000.0,65705772.0,34780082.1960357,87894313.4966918,39705772.0,2.5271450769230768,Profitable,True,6.8,224,6.222765704542026,0.823963999999999,25,46
2055,Open Range,2003,2003-08-29,8,2000s,Western,Western,Kevin Costner,Kevin Costner,139.0,120-150 min,4.0,22000000.0,68296293.0,26077758.1852156,80955191.5363924,46296293.0,3.1043769545454545,Profitable,True,6.8,125,6.184129915717513,0.680802999999999,15,16
1551,Flatliners,1990,1990-08-09,8,1990s,Drama,Drama|Horror|Science Fiction|Thriller,Joel Schumacher,Kiefer Sutherland,115.0,105-120 min,3.0,26000000.0,61489265.0,43391362.0481791,102619344.603516,35489265.0,2.3649717307692306,Profitable,True,6.0,179,6.112417036291027,0.51308,19,24
5902,A Bridge Too Far,1977,1977-06-15,6,1970s,Drama,Drama|History|War,Richard Attenborough,Dirk Bogarde,175.0,> 150 min,5.0,22000000.0,50750000.0,79151182.7165477,182587387.402945,28750000.0,2.3068181818181817,Profitable,True,6.4,109,6.147595214501929,1.048838,33,12
11460,Red Eye,2005,2005-08-04,8,2000s,Horror,Horror|Thriller,Wes Craven,Rachel McAdams,85.0,< 90 min,1.0,26000000.0,57891803.0,29030645.5310168,64639862.0017099,31891803.0,2.2266078076923077,Profitable,True,6.1,225,6.123390892494315,0.441927,24,35
9358,Final Destination 2,2003,2003-01-31,1,2000s,Horror,Horror|Mystery,David R. Ellis,Ali Larter,90.0,< 90 min,1.0,26000000.0,90426405.0,30819168.7643457,107187178.324926,64426405.0,3.4779386538461536,Profitable,True,5.9,519,6.0643033251496306,0.981031,15,88
134,"O Brother, Where Art Thou?",2000,2000-08-30,8,2000s,Action,Action|Adventure|Comedy,Joel Coen,George Clooney,106.0,105-120 min,3.0,26000000.0,71000000.0,32923594.9729216,89906740.1183628,45000000.0,2.730769230769231,Profitable,True,7.2,662,6.479513197925586,1.161107,23,33
22894,Legion,2010,2010-01-21,1,2010s,Horror,Horror,Scott Stewart,Paul Bettany,100.0,90-105 min,2.0,26000000.0,67918658.0,26000000.0,67918658.0,41918658.0,2.6122560769230767,Profitable,True,5.0,376,5.882288051752948,0.992107,15,22
134374,Pain & Gain,2013,2013-04-18,4,2010s,Thriller,Thriller|Crime|Action,Michael Bay,Mark Wahlberg,130.0,120-150 min,4.0,25000000.0,86175291.0,23400833.8185106,80662946.5581117,61175291.0,3.44701164,Profitable,True,6.1,1143,6.1147917818019994,1.07557,25,18
1901,In Good Company,2004,2004-12-29,12,2000s,Comedy,Comedy|Drama|Romance,Paul Weitz,Topher Grace,109.0,105-120 min,3.0,,,,,,,Unknown,False,5.8,112,6.102275805427851,0.475589,15,13
15028,Clockstoppers,2002,2002-03-17,3,2000s,Adventure,Adventure|Family|Science Fiction|Thriller,Jonathan Frakes,Jesse Bradford,94.0,90-105 min,2.0,26000000.0,38793283.0,31518796.2341342,47027599.3126962,12793283.0,1.4920493461538462,Profitable,True,4.5,47,6.07269042776231,0.440499,12,62
11509,Silverado,1985,1985-07-10,7,1980s,Action,Action|Crime|Drama|Western,Lawrence Kasdan,Kevin Kline,127.0,120-150 min,4.0,26000000.0,,52706317.3589269,,,,Unknown,False,7.1,62,6.1698655167980885,0.184013,39,9
7445,Brothers,2009,2009-01-27,1,2000s,Drama,Drama|Thriller|War,Jim Sheridan,Tobey Maguire,104.0,90-105 min,2.0,26000000.0,43318349.0,26426411.2872487,44028788.7291762,17318349.0,1.666090346153846,Profitable,True,6.7,381,6.253038187042691,1.223786,24,65
17047,Agent Cody Banks 2: Destination London,2004,2004-12-03,12,2000s,Comedy,Comedy,Kevin Allen,Frankie Muniz,100.0,90-105 min,2.0,26000000.0,28818995.0,30015580.3951158,33269956.2049593,2818995.0,1.1084228846153845,Profitable,True,5.3,80,6.081128623065179,0.275919,16,2
62838,New Year's Eve,2011,2011-12-08,12,2010s,Comedy,Comedy|Romance,Garry Marshall,Robert De Niro,118.0,105-120 min,3.0,56000000.0,142044638.0,54286290.3851224,137697794.037814,86044638.0,2.5365113928571428,Profitable,True,5.6,479,5.989496785956997,1.011185,35,3
2057,Original Sin,2001,2001-08-03,8,2000s,Drama,Drama|Thriller|Mystery|Romance,Michael Cristofer,Angelina Jolie,118.0,105-120 min,3.0,42000000.0,35402320.0,51722500.9011414,43597536.3833927,-6597680.0,0.842912380952381,Loss-making,True,5.8,115,6.101658538110254,0.945429,10,11
70436,The Raven,2012,2012-03-09,3,2010s,Thriller,Thriller,James McTeigue,John Cusack,111.0,105-120 min,3.0,26000000.0,29657751.0,24693351.3151583,28167279.4100188,3657751.0,1.1406827307692309,Profitable,True,6.0,224,6.109211430414912,1.169815,11,20
16784,Welcome to Mooseport,2004,2004-02-24,2,2000s,Comedy,Comedy,Donald Petrie,Ray Romano,110.0,105-120 min,3.0,30000000.0,14000000.0,34633361.9943644,16162235.59737,-16000000.0,0.4666666666666667,Loss-making,True,4.8,26,6.102272703672034,0.135381,10,12
8011,Highlander: The Final Dimension,1994,1994-11-29,11,1990s,Action,Action|Fantasy|Science Fiction,Andrew Morahan,Christopher Lambert,99.0,90-105 min,2.0,26000000.0,36800000.0,38248900.6015522,54136905.4668123,10800000.0,1.4153846153846155,Profitable,True,4.3,46,6.06724273861708,0.590148999999999,8,5
31640,Blood and Wine,1996,1996-09-28,9,1990s,Crime,Crime|Drama|Thriller,Bob Rafelson,Jack Nicholson,101.0,90-105 min,2.0,26000000.0,,36145635.2129666,,,,Unknown,False,5.6,17,6.120739959403233,0.44292,8,48
9092,Snow White: A Tale of Terror,1997,1997-07-18,7,1990s,Fantasy,Fantasy|Horror,Michael Cohn,Sigourney Weaver,100.0,90-105 min,2.0,,,,,,,Unknown,False,6.4,25,6.132221418561216,0.402621,9,48
2779,The Curse of the Jade Scorpion,2001,2001-08-05,8,2000s,Comedy,Comedy|Crime|Mystery|Romance|Thriller,Woody Allen,Dan Aykroyd,103.0,90-105 min,2.0,,,,,,,Unknown,False,6.1,77,6.125809907300519,0.446532,47,11
316002,Accidental Love,2015,2015-02-10,2,2010s,Romance,Romance|Comedy,"David O. Russell, Stephen Greene",Jake Gyllenhaal,100.0,90-105 min,2.0,26000000.0,,23919989.4752046,,,,Unknown,False,3.6,64,6.013219489695913,0.813893,17,6
36355,Flipper,1996,1996-05-17,5,1990s,Adventure,Adventure|Family,Alan Shapiro,Elijah Wood,95.0,90-105 min,2.0,25530000.0,20080020.0,35492233.3456552,27915579.9226566,-5449980.0,0.7865264394829612,Loss-making,True,5.5,47,6.106235499491666,0.340804,7,2
238615,Self/less,2015,2015-07-10,7,2010s,Science Fiction,Science Fiction|Mystery|Thriller,Tarsem Singh,Ryan Reynolds,116.0,105-120 min,3.0,26000000.0,30523226.0,23919989.4752046,28081355.5642035,4523226.0,1.1739702307692308,Profitable,True,6.2,719,6.152499425178608,2.578919,43,49
1985,The Constant Gardener,2005,2005-08-31,8,2000s,Drama,Drama|Mystery|Thriller,Fernando Meirelles,Ralph Fiennes,129.0,120-150 min,4.0,25000000.0,82466670.0,27914082.2413623,92079256.3420515,57466670.0,3.2986668,Profitable,True,6.7,206,6.2029014539694725,0.55197,20,72
615,The Passion of the Christ,2004,2004-02-25,2,2000s,Drama,Drama,Mel Gibson,Jim Caviezel,127.0,120-150 min,4.0,30000000.0,611899420.0,34633361.9943644,706404470.566721,581899420.0,20.396647333333334,Profitable,True,6.8,457,6.297027529312447,0.672946,24,119
788,Mrs. Doubtfire,1993,1993-11-24,11,1990s,Comedy,Comedy|Drama|Family,Chris Columbus,Robin Williams,125.0,120-150 min,4.0,25000000.0,441286195.0,37736749.0424677,666108255.864819,416286195.0,17.6514478,Profitable,True,6.9,809,6.416275973527702,1.73212599999999,24,21
380,Rain Man,1988,1988-12-11,12,1980s,Drama,Drama,Barry Levinson,Dustin Hoffman,133.0,120-150 min,4.0,25000000.0,354825435.0,46097275.5772577,654259434.360614,329825435.0,14.1930174,Profitable,True,7.4,934,6.646801520186082,1.45982099999999,39,58
13223,Gran Torino,2008,2008-12-09,12,2000s,Drama,Drama,Clint Eastwood,Clint Eastwood,116.0,105-120 min,3.0,33000000.0,269958228.0,33421958.9157025,273410085.005207,236958228.0,8.180552363636364,Profitable,True,7.6,1809,6.969538287862467,2.245306,51,74
10523,W.,2008,2008-10-17,10,2000s,Drama,Drama|History,Oliver Stone,Josh Brolin,131.0,120-150 min,4.0,25100000.0,29506464.0,25420944.5086101,29883752.3501713,4406464.0,1.1755563346613547,Profitable,True,5.6,71,6.101008040374551,0.282905,18,3
8681,Taken,2008,2008-02-18,2,2000s,Action,Action|Thriller|Crime,Pierre Morel,Liam Neeson,93.0,90-105 min,2.0,25000000.0,226830568.0,25319665.8452291,229730967.409741,201830568.0,9.07322272,Profitable,True,7.2,3075,6.872038689200464,3.647612,35,30
239571,The Best of Me,2014,2014-10-16,10,2010s,Drama,Drama|Romance,Michael Hoffman,Michelle Monaghan,117.0,105-120 min,3.0,26000000.0,35926213.0,23948367.3200579,33091313.2824092,9926213.0,1.381777423076923,Profitable,True,7.2,535,6.431076469396947,1.63015,34,5
619,The Bodyguard,1992,1992-11-25,11,1990s,Thriller,Thriller|Action|Drama|Music|Romance,Mick Jackson,Whitney Houston,129.0,120-150 min,4.0,25000000.0,411006740.0,38850606.3647239,638714442.759536,386006740.0,16.4402696,Profitable,True,6.1,338,6.121828827101101,0.740663,26,56
424,Schindler's List,1993,1993-11-29,11,1990s,Drama,Drama|History|War,Steven Spielberg,Liam Neeson,195.0,> 150 min,5.0,22000000.0,321265768.0,33208339.1573716,484941026.518066,299265768.0,14.602989454545455,Profitable,True,8.1,2632,7.429855387054457,2.377288,29,36
50014,The Help,2011,2011-08-09,8,2010s,Drama,Drama,Tate Taylor,Emma Stone,146.0,120-150 min,4.0,25000000.0,124272124.0,24234951.0647868,120469153.754284,99272124.0,4.97088496,Profitable,True,7.6,1056,6.772559876493828,1.105855,34,60
162903,The Fifth Estate,2013,2013-10-11,10,2010s,Drama,Drama|Thriller,Bill Condon,Benedict Cumberbatch,128.0,120-150 min,4.0,28000000.0,8555008.0,26208933.8767318,8007772.82096115,-19444992.0,0.305536,Loss-making,True,5.6,231,6.050436286882704,0.751379,26,8
11024,Scooby-Doo 2: Monsters Unleashed,2004,2004-03-24,3,2000s,Mystery,Mystery|Fantasy|Adventure|Comedy,Raja Gosnell,Freddie Prinze Jr.,93.0,90-105 min,2.0,,181466833.0,,209493550.575329,,,Unknown,False,5.2,263,5.976468096183151,1.433373,12,135
6466,Freddy vs. Jason,2003,2003-08-15,8,2000s,Horror,Horror,Ronny Yu,Robert Englund,97.0,90-105 min,2.0,30000000.0,114908830.0,35560579.3434758,136207485.549365,84908830.0,3.8302943333333332,Profitable,True,5.7,315,6.046639840835045,0.820611,43,154
254024,The Face of an Angel,2014,2014-09-06,9,2010s,Thriller,Thriller|Drama,Michael Winterbottom,Kate Beckinsale,100.0,90-105 min,2.0,,,,,,,Unknown,False,4.2,28,6.088232803948899,0.409047,16,16
12589,Jimmy Neutron: Boy Genius,2001,2001-12-21,12,2000s,Adventure,Adventure|Fantasy|Animation|Action|Comedy,John A. Davis,Debi Derryberry,83.0,< 90 min,1.0,25000000.0,80936232.0,30787202.917346,99672007.917976,55936232.0,3.23744928,Profitable,True,5.5,139,6.068881225864157,1.213215,23,18
7191,Cloverfield,2008,2008-01-15,1,2000s,Action,Action|Thriller|Science Fiction,Matt Reeves,Lizzy Caplan,85.0,< 90 min,1.0,25000000.0,170764026.0,25319665.8452291,172947523.068241,145764026.0,6.83056104,Profitable,True,6.4,1373,6.264583828366313,1.499784,57,84
1497,Teenage Mutant Ninja Turtles II: The Secret of the Ooze,1991,1991-03-22,3,1990s,Science Fiction,Science Fiction|Adventure|Action|Comedy|Family,Michael Pressman,Paige Turco,88.0,< 90 min,1.0,25000000.0,78.0,40027321.0482546,124.885241670554,-24999922.0,3.12e-06,Loss-making,True,6.0,161,6.113752596091198,0.799449,66,14
117,The Untouchables,1987,1987-06-02,6,1980s,Crime,Crime|Drama|History|Thriller,Brian De Palma,Kevin Costner,119.0,105-120 min,3.0,25000000.0,76270454.0,47977010.9516163,146369136.273709,51270454.0,3.05081816,Profitable,True,7.5,751,6.616999932705227,1.016148,56,31
6977,No Country for Old Men,2007,2007-11-08,11,2000s,Crime,Crime|Drama|Thriller,"Joel Coen, Ethan Coen",Tommy Lee Jones,122.0,120-150 min,4.0,25000000.0,171600000.0,26291714.5657886,180466328.779573,146600000.0,6.864,Profitable,True,7.6,1706,6.948317557706536,2.730114,17,41
168530,Ride Along,2014,2014-01-17,1,2010s,Action,Action|Comedy,Tim Story,Ice Cube,99.0,90-105 min,2.0,25000000.0,153997819.0,23027276.2692864,141846012.919223,128997819.0,6.15991276,Profitable,True,6.1,634,6.118578823166728,2.165462,45,19
634,Bridget Jones's Diary,2001,2001-04-13,4,2000s,Comedy,Comedy|Romance|Drama,Sharon Maguire,Renée Zellweger,97.0,90-105 min,2.0,25000000.0,281929795.0,30787202.917346,347193192.284431,256929795.0,11.2771918,Profitable,True,6.5,751,6.260247284374982,2.717399,23,96
392,Chocolat,2000,2000-12-14,12,2000s,Comedy,Comedy|Drama|Romance,Lasse Hallström,Juliette Binoche,121.0,120-150 min,4.0,25000000.0,152500343.0,31657302.8585784,193109981.775523,127500343.0,6.10001372,Profitable,True,6.6,527,6.25971323073615,0.733654,22,38
10327,"Legally Blonde 2: Red, White & Blonde",2003,2003-07-02,7,2000s,Comedy,Comedy,Charles Herman-Wurmfeld,Reese Witherspoon,95.0,90-105 min,2.0,45000000.0,124914842.0,53340869.0152137,148068138.337291,79914842.0,2.7758853777777777,Profitable,True,5.2,235,5.990149492377933,1.118671,31,8
88042,Parental Guidance,2012,2012-12-25,12,2010s,Comedy,Comedy,Andy Fickman,Billy Crystal,104.0,90-105 min,2.0,25000000.0,119772232.0,23743607.0338061,113752992.406794,94772232.0,4.79088928,Profitable,True,5.9,154,6.104069065935795,0.494391,18,10
41630,No Strings Attached,2011,2011-01-12,1,2010s,Comedy,Comedy|Romance,Ivan Reitman,Natalie Portman,108.0,105-120 min,3.0,25000000.0,147780440.0,24234951.0647868,143258069.269306,122780440.0,5.9112176,Profitable,True,6.1,859,6.11668996355238,2.252505,31,80
11969,Tombstone,1993,1993-12-25,12,1990s,Action,Action|Adventure|Drama|History|Western,George P. Cosmatos,Kurt Russell,130.0,120-150 min,4.0,25000000.0,56505065.0,37736749.0424677,85292698.301333,31505065.0,2.2602026,Profitable,True,7.3,373,6.380549220275475,0.926373,42,57
2085,Romeo Must Die,2000,2000-03-20,3,2000s,Action,Action|Crime|Thriller,Andrzej Bartkowiak,Jet Li,115.0,105-120 min,3.0,25000000.0,91036760.0,31657302.8585784,115279131.303348,66036760.0,3.6414704,Profitable,True,5.8,193,6.086449847028487,1.235745,15,7
794,The Omen,1976,1976-06-06,6,1970s,Horror,Horror|Thriller,Richard Donner,Gregory Peck,111.0,105-120 min,3.0,2800000.0,60922980.0,10728754.4797339,233438462.354907,58122980.0,21.75820714285714,Profitable,True,6.9,203,6.2280178269461,0.999413,32,32
9286,Final Destination 3,2006,2006-02-10,2,2000s,Horror,Horror|Mystery,James Wong,Mary Elizabeth Winstead,93.0,90-105 min,2.0,25000000.0,117719158.0,27041728.9572893,127333182.548652,92719158.0,4.70876632,Profitable,True,5.8,535,6.034591370672687,1.498538,18,89
77877,The Lucky One,2012,2012-04-19,4,2010s,Drama,Drama|Romance,Scott Hicks,Zac Efron,101.0,90-105 min,2.0,25000000.0,99357138.0,23743607.0338061,94363873.6270259,74357138.0,3.97428552,Profitable,True,6.8,569,6.326320294492108,1.272721,11,4
1265,Bridge to Terabithia,2007,2007-02-16,2,2000s,Adventure,Adventure|Drama|Family,Gábor Csupó,Josh Hutcherson,96.0,90-105 min,2.0,60000000.0,137587063.0,63100114.9578927,144695991.533647,77587063.0,2.2931177166666665,Profitable,True,6.9,564,6.35448962949678,2.089502,19,12
866,Finding Neverland,2004,2004-10-17,10,2000s,Drama,Drama,Marc Forster,Johnny Depp,106.0,105-120 min,3.0,25000000.0,116766556.0,28861134.9953037,134800613.426107,91766556.0,4.67066224,Profitable,True,7.1,695,6.457199042671306,1.428313,19,13
175555,A Madea Christmas,2013,2013-12-13,12,2010s,Comedy,Comedy|Drama,Tyler Perry,Tyler Perry,100.0,90-105 min,2.0,,,,,,,Unknown,False,7.1,31,6.149048125288985,0.349655,15,5
75174,The Grey,2011,2011-12-11,12,2010s,Action,Action|Drama|Thriller,Joe Carnahan,Liam Neeson,117.0,105-120 min,3.0,25000000.0,77278331.0,24234951.0647868,74913462.8061359,52278331.0,3.09113324,Profitable,True,6.3,955,6.198712294113626,1.102011,16,56
11096,Hide and Seek,2005,2005-01-27,1,2000s,Horror,Horror|Mystery|Thriller,John Polson,Robert De Niro,101.0,90-105 min,2.0,25000000.0,122644820.0,27914082.2413623,136940703.678283,97644820.0,4.9057928,Profitable,True,6.2,240,6.138226308473604,1.045798,10,34
8699,Anchorman: The Legend of Ron Burgundy,2004,2004-07-09,7,2000s,Comedy,Comedy,Adam McKay,Will Ferrell,94.0,90-105 min,2.0,26000000.0,90574188.0,30015580.3951158,104562954.67832,64574188.0,3.4836226153846153,Profitable,True,6.7,1002,6.370844428648094,1.527154,20,8
769,GoodFellas,1990,1990-09-12,9,1990s,Drama,Drama|Crime,Martin Scorsese,Robert De Niro,146.0,120-150 min,4.0,25000000.0,46836394.0,41722463.5078645,78165189.5801985,21836394.0,1.87345576,Profitable,True,8.0,1798,7.19550349238215,2.659926,137,67
10923,Agent Cody Banks,2003,2003-03-12,3,2000s,Action,Action,Harald Zwart,Frankie Muniz,102.0,90-105 min,2.0,28000000.0,58795814.0,33189874.0539107,69693773.6270415,30795814.0,2.0998505,Profitable,True,4.9,161,5.996862621832073,0.275184,21,50
11283,Nanny McPhee,2005,2005-10-21,10,2000s,Fantasy,Fantasy|Comedy|Family,Kirk Jones,Emma Thompson,97.0,90-105 min,2.0,25000000.0,122489822.0,27914082.2413623,136767638.601513,97489822.0,4.89959288,Profitable,True,6.1,355,6.12161170109284,1.610259,14,12
111,Scarface,1983,1983-12-08,12,1980s,Action,Action|Crime|Drama|Thriller,Brian De Palma,Al Pacino,170.0,> 150 min,5.0,25000000.0,65884703.0,54732799.9439536,144242170.746632,40884703.0,2.63538812,Profitable,True,7.8,1741,7.068187314897022,3.178818,63,42
11676,Nothing to Lose,1997,1997-07-18,7,1990s,Action,Action|Adventure|Comedy,Steve Oedekerk,Tim Robbins,97.0,90-105 min,2.0,25000000.0,,33961508.0268024,,,,Unknown,False,6.1,84,6.12568427671078,0.426675,9,9
746,The Last Emperor,1987,1987-10-21,10,1980s,Drama,Drama|History,Bernardo Bertolucci,John Lone,163.0,> 150 min,5.0,23000000.0,43984230.0,44138850.075487,84409275.3763364,20984230.0,1.9123578260869565,Profitable,True,7.1,165,6.232931708470655,0.97023,28,35
77866,Contraband,2012,2012-01-12,1,2010s,Thriller,Thriller|Action|Drama|Crime,Baltasar Kormákur,Mark Wahlberg,109.0,105-120 min,3.0,25000000.0,63100000.0,23743607.0338061,59928864.1533267,38100000.0,2.524,Profitable,True,6.1,549,6.119408627154523,1.252392,15,17
9416,Money Talks,1997,1997-08-22,8,1990s,Action,Action|Adventure|Comedy,Brett Ratner,Chris Tucker,97.0,90-105 min,2.0,,,,,,,Unknown,False,6.1,36,6.126571151958689,0.378662,5,8
7345,There Will Be Blood,2007,2007-12-28,12,2000s,Drama,Drama,Paul Thomas Anderson,Daniel Day-Lewis,158.0,> 150 min,5.0,25000000.0,76181545.0,26291714.5657886,80117737.4528313,51181545.0,3.0472618,Profitable,True,7.8,830,6.76294426003286,2.04262,24,37
14317,The Wild Thornberrys Movie,2002,2002-12-20,12,2000s,Animation,Animation|Adventure|Family,"Cathy Malkasian, Jeff McGrath",Lacey Chabert,85.0,< 90 min,1.0,35000000.0,,42429148.7767191,,,,Unknown,False,5.9,21,6.123806674669313,0.228316,18,18
20694,Rugrats Go Wild,2003,2003-06-13,6,2000s,Animation,Animation|Family,"Norton Virgien, John Eng",E.G. Daily,84.0,< 90 min,1.0,,,,,,,Unknown,False,5.3,32,6.108178744923002,0.190667,15,21
12277,Undercover Brother,2002,2002-05-31,5,2000s,Action,Action|Comedy,Malcolm D. Lee,Eddie Griffin,86.0,< 90 min,1.0,25000000.0,41604473.0,30306534.8405136,50435496.4198284,16604473.0,1.66417892,Profitable,True,5.4,46,6.103383014311673,0.132296,11,13
9779,The Sisterhood of the Traveling Pants,2005,2005-06-01,6,2000s,Drama,Drama|Comedy,Ken Kwapis,Amber Tamblyn,119.0,105-120 min,3.0,25000000.0,39053061.0,27914082.2413623,43605214.2612376,14053061.0,1.56212244,Profitable,True,6.3,195,6.149019791064342,1.351718,34,15
2140,Kiss of the Dragon,2001,2001-07-06,7,2000s,Action,Action|Crime|Thriller,Chris Nahon,Jet Li,98.0,90-105 min,2.0,25000000.0,64437847.0,30787202.917346,79354442.845836,39437847.0,2.57751388,Profitable,True,6.3,152,6.144709221391523,1.065364,16,17
12620,The House Bunny,2008,2008-08-22,8,2000s,Romance,Romance|Comedy,Fred Wolf,Anna Faris,97.0,90-105 min,2.0,25000000.0,70442940.0,25319665.8452291,71343668.0782211,45442940.0,2.8177176,Profitable,True,5.6,299,6.031907663382598,0.931752,22,33
14177,Beauty Shop,2005,2005-06-02,6,2000s,Comedy,Comedy|Romance,Bille Woodruff,Queen Latifah,105.0,90-105 min,2.0,25000000.0,36351350.0,27914082.2413623,40588582.9393818,11351350.0,1.454054,Profitable,True,5.1,73,6.074729562285595,0.511084,14,6
198185,Million Dollar Arm,2014,2014-05-09,5,2010s,Drama,Drama,Craig Gillespie,Jon Hamm,124.0,120-150 min,4.0,25000000.0,38307627.0,23027276.2692864,35284812.4059911,13307627.0,1.53230508,Profitable,True,6.6,182,6.183286607862621,0.786397999999999,14,2
227156,The Giver,2014,2014-08-11,8,2010s,Drama,Drama|Science Fiction,Phillip Noyce,Jeff Bridges,94.0,90-105 min,2.0,25000000.0,66980456.0,23027276.2692864,61695098.5981915,41980456.0,2.67921824,Profitable,True,6.3,1151,6.206637083684393,2.881991,23,18
10735,What a Girl Wants,2003,2003-03-27,3,2000s,Comedy,Comedy|Drama|Family|Romance,Dennie Gordon,Amanda Bynes,105.0,90-105 min,2.0,,,,,,,Unknown,False,5.7,188,6.075187444613043,0.699833,18,12
11351,Jeepers Creepers 2,2003,2003-08-08,8,2000s,Horror,Horror|Thriller,Victor Salva,Ray Wise,104.0,90-105 min,2.0,17000000.0,63102666.0,20150994.9613029,74798912.0359285,46102666.0,3.711921529411765,Profitable,True,5.4,123,6.066716240158264,0.598372999999999,16,106
10030,Good Luck Chuck,2007,2007-09-21,9,2000s,Comedy,Comedy|Drama|Romance,Mark Helfrich,Dane Cook,101.0,90-105 min,2.0,25000000.0,59192128.0,26291714.5657886,62250501.356705,34192128.0,2.36768512,Profitable,True,5.5,272,6.022351982250645,0.574488,25,24
10623,Cradle 2 the Grave,2003,2003-02-28,2,2000s,Action,Action|Crime|Drama,Andrzej Bartkowiak,Jet Li,101.0,90-105 min,2.0,25000000.0,56489558.0,29633816.1195632,66960046.977896,31489558.0,2.25958232,Profitable,True,5.9,133,6.106950815908663,0.796421,9,9
590,The Hours,2002,2002-12-27,12,2000s,Drama,Drama,Stephen Daldry,Nicole Kidman,114.0,105-120 min,3.0,25000000.0,108846072.0,30306534.8405136,131949890.932842,83846072.0,4.35384288,Profitable,True,6.7,216,6.206067485088703,1.17681,19,18
9655,She's the Man,2006,2006-03-17,3,2000s,Comedy,Comedy|Drama|Family|Romance,Andy Fickman,Amanda Bynes,105.0,90-105 min,2.0,20000000.0,33889159.0,21633383.1658314,36656858.0907392,13889159.0,1.69445795,Profitable,True,6.3,395,6.16628355059046,1.470711,15,9
1268,Mr. Bean's Holiday,2007,2007-03-22,3,2000s,Family,Family|Comedy,Steve Bendelack,Rowan Atkinson,90.0,< 90 min,1.0,25000000.0,229736344.0,26291714.5657886,241606495.273433,204736344.0,9.18945376,Profitable,True,6.1,368,6.121448556029135,1.31484,8,21
11237,Anacondas: The Hunt for the Blood Orchid,2004,2004-08-26,8,2000s,Adventure,Adventure|Action|Horror|Science Fiction|Thriller,Dwight H. Little,Johnny Messner,97.0,90-105 min,2.0,20000000.0,70992898.0,23088907.9962429,81957424.515433,50992898.0,3.5496449,Profitable,True,5.0,109,6.043296123530704,0.652366,12,78
190955,Blood Ties,2013,2013-08-22,8,2010s,Thriller,Thriller|Crime|Drama,Guillaume Canet,Clive Owen,128.0,120-150 min,4.0,25500000.0,2415472.0,23868850.4948808,2260962.35461061,-23084528.0,0.09472439215686275,Loss-making,True,5.8,125,6.099619064524219,0.744185,16,56
5123,August Rush,2007,2007-11-21,11,2000s,Drama,Drama,Kirsten Sheridan,Freddie Highmore,114.0,105-120 min,3.0,25000000.0,66122026.0,26291714.5657886,69538457.3641462,41122026.0,2.64488104,Profitable,True,6.9,495,6.334133664127291,1.145815,59,31
4518,Elizabeth,1998,1998-09-13,9,1990s,Drama,Drama|History,Shekhar Kapur,Cate Blanchett,124.0,120-150 min,4.0,30000000.0,82150642.0,40130864.0723489,109892541.585273,52150642.0,2.7383547333333333,Profitable,True,6.8,173,6.20348802196174,0.893937,18,48
11932,Bride of Chucky,1998,1998-10-16,10,1990s,Comedy,Comedy|Horror,Ronny Yu,Ed Gale,89.0,< 90 min,1.0,25000000.0,50671850.0,33442386.7269574,67783504.1548152,25671850.0,2.026874,Profitable,True,5.4,162,6.0495657003744965,0.640933,19,17
11165,Tora! Tora! Tora!,1970,1970-09-23,9,1970s,History,History|Action|Drama|Adventure|War,"Richard Fleischer, Kinji Fukasaku, Toshio Masuda",Martin Balsam,144.0,120-150 min,4.0,25485000.0,29548291.0,143133147.244328,165954086.188788,4063291.0,1.1594385324700804,Profitable,True,6.6,93,6.157657769565181,0.381352,30,28
6116,Spice World,1997,1997-12-19,12,1990s,Adventure,Adventure|Fantasy|Drama|Comedy|Music,Bob Spiers,Victoria Beckham,93.0,90-105 min,2.0,25000000.0,100000000.0,33961508.0268024,135846032.107209,75000000.0,4.0,Profitable,True,5.2,65,6.084804846971864,0.464907,37,11
57431,The Sitter,2011,2011-12-09,12,2010s,Comedy,Comedy,David Gordon Green,Sam Rockwell,81.0,< 90 min,1.0,25000000.0,34942188.0,24234951.0647868,33872888.6510632,9942188.0,1.39768752,Profitable,True,5.4,213,6.028426110865786,0.656612,31,38
21724,Dance Flick,2009,2009-05-22,5,2000s,Action,Action|Comedy|Music,Damien Dante Wayans,Shoshana Bush,83.0,< 90 min,1.0,,,,,,,Unknown,False,4.8,40,6.0891948628776795,0.394271,10,41
278,The Shawshank Redemption,1994,1994-09-10,9,1990s,Drama,Drama|Crime,Frank Darabont,Tim Robbins,142.0,120-150 min,4.0,25000000.0,28341469.0,36777789.039954,41693462.7185759,3341469.0,1.13365876,Profitable,True,8.4,5754,7.9670441550256434,7.192039,42,90
9290,Crocodile Dundee in Los Angeles,2001,2001-04-12,4,2000s,Adventure,Adventure|Comedy,Simon Wincer,Paul Hogan,92.0,90-105 min,2.0,21150000.0,39438674.0,26045973.6680747,48568258.3691624,18288674.0,1.864712718676123,Profitable,True,4.8,75,6.057621270966184,0.635377,19,14
11543,Kingpin,1996,1996-07-04,7,1990s,Comedy,Comedy,"Bobby Farrelly, Peter Farrelly",Woody Harrelson,113.0,105-120 min,3.0,27000000.0,25023434.0,37535851.9519268,34787996.8130671,-1976566.0,0.9267938518518518,Loss-making,True,6.4,126,6.150494262778037,0.642274,33,31
284536,The Gambler,2014,2014-12-25,12,2010s,Thriller,Thriller|Crime|Drama,Rupert Wyatt,Mark Wahlberg,111.0,105-120 min,3.0,25000000.0,39171130.0,23027276.2692864,36080177.2916054,14171130.0,1.5668452,Profitable,True,5.6,405,6.005881734033184,0.350612,22,21
152737,August: Osage County,2013,2013-12-26,12,2010s,Comedy,Comedy|Drama,John Wells,Meryl Streep,121.0,120-150 min,4.0,25000000.0,74188937.0,23400833.8185106,69443319.4363581,49188937.0,2.96755748,Profitable,True,6.8,307,6.251608306747199,0.687654,20,14
13374,Ice Princess,2005,2005-03-17,3,2000s,Comedy,Comedy,Tim Fywell,Michelle Trachtenberg,98.0,90-105 min,2.0,25000000.0,27645491.0,27914082.2413623,30867940.3750737,2645491.0,1.10581964,Profitable,True,5.8,96,6.105611032575528,0.643145,15,3
8976,A Lot Like Love,2005,2005-04-22,4,2000s,Comedy,Comedy,Nigel Cole,Ashton Kutcher,107.0,105-120 min,3.0,30000000.0,42886719.0,33496898.6896348,47885736.0491278,12886719.0,1.4295573,Profitable,True,6.5,192,6.173563520042541,0.665701,14,33
9469,He Got Game,1998,1998-05-01,5,1990s,Drama,Drama,Spike Lee,Denzel Washington,136.0,120-150 min,4.0,25000000.0,21567853.0,33442386.7269574,28851219.2358468,-3432147.0,0.86271412,Loss-making,True,6.6,79,6.153336514086786,0.496059,29,14
1909,Don Juan DeMarco,1994,1994-10-01,10,1990s,Romance,Romance|Drama|Comedy,Jeremy Leven,Johnny Depp,97.0,90-105 min,2.0,25000000.0,22200000.0,36777789.039954,32658676.6674792,-2800000.0,0.888,Loss-making,True,6.2,88,6.131715247443155,0.282609,13,12
22971,Dear John,2010,2010-02-04,2,2010s,Drama,Drama|Romance|War,Lasse Hallström,Amanda Seyfried,115.0,105-120 min,3.0,25000000.0,114977104.0,25000000.0,114977104.0,89977104.0,4.59908416,Profitable,True,6.5,737,6.258642130140965,1.784073,9,25
34813,The Losers,2010,2010-04-23,4,2010s,Action,Action|Adventure|Crime|Mystery|Thriller,Sylvain White,Jeffrey Dean Morgan,97.0,90-105 min,2.0,25000000.0,23580000.0,25000000.0,23580000.0,-1420000.0,0.9432,Loss-making,True,6.2,298,6.14039498719071,1.065023,16,6
46261,Don't Be Afraid of the Dark,2010,2010-11-06,11,2010s,Fantasy,Fantasy|Horror|Thriller,Troy Nixey,Katie Holmes,99.0,90-105 min,2.0,25000000.0,36993168.0,25000000.0,36993168.0,11993168.0,1.47972672,Profitable,True,5.4,186,6.0394432558520705,1.138389,9,69
10431,War,2007,2007-08-24,8,2000s,Action,Action|Thriller|Crime,Philip G. Atwell,Jet Li,103.0,90-105 min,2.0,25000000.0,40452643.0,26291714.5657886,42542773.7275099,15452643.0,1.61810572,Profitable,True,5.9,251,6.091736688267257,1.13351,21,22
8051,Punch-Drunk Love,2002,2002-10-25,10,2000s,Comedy,Comedy|Drama|Romance,Paul Thomas Anderson,Adam Sandler,95.0,90-105 min,2.0,25000000.0,17000000.0,30306534.8405136,20608443.6915493,-8000000.0,0.68,Loss-making,True,6.9,268,6.254945168816826,0.74198,25,15
9352,EuroTrip,2004,2004-02-20,2,2000s,Comedy,Comedy,Jeff Schaffer,Scott Mechlowicz,93.0,90-105 min,2.0,25000000.0,20796847.0,28861134.9953037,24008824.349747,-4203153.0,0.83187388,Loss-making,True,6.4,376,6.18654792112466,1.279087,22,121
10167,Half Past Dead,2002,2002-11-15,11,2000s,Crime,Crime|Action|Thriller,Don Michael Paul,Steven Seagal,98.0,90-105 min,2.0,13000000.0,,15759398.1170671,,,,Unknown,False,4.5,36,6.085135284035518,0.250824,16,20
18147,Unaccompanied Minors,2006,2006-12-08,12,2000s,Comedy,Comedy|Family,Paul Feig,Lewis Black,90.0,< 90 min,1.0,26000000.0,,28123398.1155808,,,,Unknown,False,5.3,33,6.10759610578745,0.297434,18,3
17170,"Bright Lights, Big City",1988,1988-04-01,4,1980s,Drama,Drama,James Bridges,Michael J. Fox,107.0,105-120 min,3.0,,,,,,,Unknown,False,3.9,12,6.107712874853797,0.238423,24,18
18975,The Adventures of Pinocchio,1996,1996-07-26,7,1990s,Animation,Animation|Family|Fantasy,Steve Barron,Martin Landau,90.0,< 90 min,1.0,,,,,,,Unknown,False,5.0,29,6.103641499774255,0.347013,9,4
15487,The Greatest Game Ever Played,2005,2005-09-30,9,2000s,Drama,Drama|Family,Bill Paxton,Shia LaBeouf,120.0,105-120 min,3.0,25000000.0,15431177.0,27914082.2413623,17229885.7543607,-9568823.0,0.61724708,Loss-making,True,7.0,64,6.166664239713541,0.500883,6,6
22825,The Box,2009,2009-09-17,9,2000s,Thriller,Thriller|Science Fiction,Richard Kelly,Cameron Diaz,115.0,105-120 min,3.0,30000000.0,33333531.0,30492013.0237486,33880215.3793176,3333531.0,1.1111177,Profitable,True,5.3,296,5.978877982145186,1.535278,16,13
11152,The Ruins,2008,2008-04-02,4,2000s,Drama,Drama|Horror,Carter Smith,Shawn Ashmore,91.0,90-105 min,2.0,8000000.0,,8102293.07047334,,,,Unknown,False,5.1,98,6.057948184241976,0.563354,5,18
1831,The Next Best Thing,2000,2000-03-03,3,2000s,Comedy,Comedy|Drama,John Schlesinger,Madonna,108.0,105-120 min,3.0,25000000.0,24362772.0,31657302.8585784,30850386.0671398,-637228.0,0.97451088,Loss-making,True,3.6,17,6.09594235164304,0.285304,11,12
43931,My Soul to Take,2010,2010-10-08,10,2010s,Drama,Drama|Horror|Mystery|Thriller,Wes Craven,Max Thieriot,107.0,105-120 min,3.0,25000000.0,19829957.0,25000000.0,19829957.0,-5170043.0,0.79319828,Loss-making,True,5.2,75,6.078613503840021,0.597254,14,10
10591,The Girl Next Door,2004,2004-04-09,4,2000s,Comedy,Comedy,Luke Greenfield,Emile Hirsch,108.0,105-120 min,3.0,25000000.0,30411183.0,28861134.9953037,35108050.3171954,5411183.0,1.21644732,Profitable,True,6.2,484,6.146426504726497,1.441361,23,102
10861,Maximum Risk,1996,1996-09-13,9,1990s,Action,Action|Adventure|Thriller,Ringo Lam,Jean-Claude Van Damme,100.0,90-105 min,2.0,25000000.0,51702483.0,34755418.4740063,71877657.3124079,26702483.0,2.06809932,Profitable,True,5.1,52,6.0892870765505815,0.537381,38,23
12770,Stealing Harvard,2002,2002-09-13,9,2000s,Action,Action|Comedy|Drama,Bruce McCulloch,Jason Lee,85.0,< 90 min,1.0,,,,,,,Unknown,False,4.1,20,6.097770583172821,0.104804,10,10
276907,Legend,2015,2015-09-09,9,2010s,Crime,Crime|Thriller,Brian Helgeland,Tom Hardy,131.0,120-150 min,4.0,25000000.0,42972994.0,22999989.8800044,39535137.0845396,17972994.0,1.71891976,Profitable,True,6.7,619,6.306951780618202,2.28135,40,49
10074,Hot Rod,2007,2007-08-03,8,2000s,Action,Action|Comedy,Akiva Schaffer,Andy Samberg,88.0,< 90 min,1.0,,14334401.0,,15075039.1825422,,,Unknown,False,6.1,179,6.124092726069906,0.528177,20,21
65055,Shark Night,2011,2011-09-02,9,2010s,Horror,Horror|Thriller,David R. Ellis,Sara Paxton,91.0,90-105 min,2.0,28000000.0,10126458.0,27143145.1925612,9816568.56358475,-17873542.0,0.3616592142857143,Loss-making,True,5.1,74,6.074047026355138,0.339565,12,5
10397,Angela's Ashes,1999,1999-12-25,12,1990s,Drama,Drama,Alan Parker,Emily Watson,145.0,120-150 min,4.0,25.0,13.0,32.726321164858,17.0176870057261,-12.0,0.52,Loss-making,True,7.0,24,6.1424762777285915,0.35206,27,7
200505,Draft Day,2014,2014-04-11,4,2010s,Drama,Drama,Ivan Reitman,Kevin Costner,109.0,105-120 min,3.0,27000000.0,28831145.0,24869458.3708294,26556109.6429943,1831145.0,1.0678201851851852,Profitable,True,6.5,207,6.176700120644272,0.98174,19,29
11954,Lifeforce,1985,1985-06-20,6,1980s,Action,Action|Science Fiction|Thriller|Horror|Fantasy,Tobe Hooper,Steve Railsback,116.0,105-120 min,3.0,25000000.0,,50679151.3066605,,,,Unknown,False,5.8,49,6.11584816359331,0.555541,15,16
60309,The Conspirator,2010,2010-09-10,9,2010s,Crime,Crime|Drama|History,Robert Redford,Evan Rachel Wood,122.0,120-150 min,4.0,25000000.0,15478800.0,25000000.0,15478800.0,-9521200.0,0.619152,Loss-making,True,5.9,78,6.1148987908231085,0.591206,18,75
9787,Lords of Dogtown,2005,2005-06-03,6,2000s,Drama,Drama,Catherine Hardwicke,Emile Hirsch,107.0,105-120 min,3.0,25000000.0,13411957.0,27914082.2413623,14975298.8286246,-11588043.0,0.53647828,Loss-making,True,6.9,118,6.1892171444451956,0.195984,20,9
293646,The 33,2015,2015-08-06,8,2010s,History,History|Drama,Patricia Riggen,Antonio Banderas,120.0,105-120 min,3.0,25000000.0,24902723.0,22999989.8800044,22910495.0793821,-97277.0,0.99610892,Loss-making,True,5.8,262,6.074219762599946,0.906036,26,26
6978,Big Trouble in Little China,1986,1986-05-30,5,1980s,Adventure,Adventure|Fantasy|Action|Comedy,John Carpenter,Kurt Russell,99.0,90-105 min,2.0,25000000.0,11000000.0,49735160.2715539,21883470.5194837,-14000000.0,0.44,Loss-making,True,6.7,347,6.244104731254937,0.960984,46,18
59440,Warrior,2011,2011-09-09,9,2010s,Action,Action|Drama,Gavin O'Connor,Tom Hardy,140.0,120-150 min,4.0,25000000.0,23057115.0,24234951.0647868,22351522.1488064,-1942885.0,0.9222846,Loss-making,True,7.6,768,6.660264152649627,1.246852,28,48
1770,Michael Collins,1996,1996-10-25,10,1990s,Drama,Drama|Thriller,Neil Jordan,Liam Neeson,132.0,120-150 min,4.0,28000000.0,16900000.0,38926068.6908871,23494662.8884282,-11100000.0,0.6035714285714285,Loss-making,True,6.1,47,6.126362542529279,0.317794,22,15
10655,Gettysburg,1993,1993-10-08,10,1990s,War,War|Drama|History,Ronald F. Maxwell,Jeff Daniels,254.0,> 150 min,5.0,,25000000.0,,37736749.0424677,,,Unknown,False,6.4,46,6.136237810397667,0.467083,22,5
8988,Stop-Loss,2008,2008-03-28,3,2000s,Drama,Drama|War,Kimberly Peirce,Ryan Phillippe,113.0,105-120 min,3.0,25000000.0,11207130.0,25319665.8452291,11350431.4673617,-13792870.0,0.4482852,Loss-making,True,6.1,37,6.126552051137785,0.68078,89,19
15992,Abandon,2002,2002-10-14,10,2000s,Drama,Drama|Mystery|Thriller,Stephen Gaghan,Katie Holmes,99.0,90-105 min,2.0,25000000.0,10719357.0,30306534.8405136,12994662.6555361,-14280643.0,0.42877428,Loss-making,True,4.9,20,6.1094145683267405,0.246694,14,3
17707,Brokedown Palace,1999,1999-08-13,8,1990s,Drama,Drama|Thriller,Jonathan Kaplan,Claire Danes,100.0,90-105 min,2.0,25000000.0,13000000.0,32726321.164858,17017687.0057261,-12000000.0,0.52,Loss-making,True,6.3,52,6.133665143544394,0.566661,14,4
77883,The Possession,2012,2012-08-30,8,2010s,Horror,Horror|Thriller,Ole Bornedal,Jeffrey Dean Morgan,92.0,90-105 min,2.0,14000000.0,85446075.0,13296419.9389314,81151921.0952451,71446075.0,6.103291071428571,Profitable,True,5.8,283,6.070702191886735,0.862841,14,77
40001,Mrs. Winterbourne,1996,1996-04-19,4,1990s,Comedy,Comedy|Romance|Drama,Richard Benjamin,Shirley MacLaine,105.0,90-105 min,2.0,25000000.0,10070000.0,34755418.4740063,13999482.5613297,-14930000.0,0.4028,Loss-making,True,5.2,10,6.120479846299959,0.094017,12,12
64639,Straw Dogs,2011,2011-09-16,9,2010s,Thriller,Thriller,Rod Lurie,James Marsden,110.0,105-120 min,3.0,25000000.0,10324441.0,24234951.0647868,10008492.8962511,-14675559.0,0.41297764,Loss-making,True,5.3,75,6.08386156205848,0.897265,20,6
9903,The Hoax,2006,2006-10-14,10,2000s,Comedy,Comedy|Drama,Lasse Hallström,Richard Gere,116.0,105-120 min,3.0,25000000.0,11772461.0,27041728.9572893,12733907.9808903,-13227539.0,0.47089844,Loss-making,True,6.5,22,6.133236362428438,0.589842,27,34
20766,The Road,2009,2009-11-25,11,2000s,Adventure,Adventure|Drama,John Hillcoat,Viggo Mortensen,111.0,105-120 min,3.0,32000000.0,27635305.0,32524813.8919985,28088535.9991754,-4364695.0,0.86360328125,Loss-making,True,6.7,600,6.3031301153153745,1.218657,15,14
24264,Sheena,1984,1984-08-17,8,1980s,Adventure,Adventure|Fantasy|Action|Comedy|Science Fiction,John Guillermin,Tanya Roberts,117.0,105-120 min,3.0,25000000.0,5778353.0,52476050.9798538,12129005.8643036,-19221647.0,0.23113412,Loss-making,True,4.8,10,6.11754750996098,0.539505,8,5
19803,Underclassman,2005,2005-09-02,9,2000s,Action,Action|Comedy,Marcos Siega,Nick Cannon,95.0,90-105 min,2.0,,,,,,,Unknown,False,5.5,18,6.119048581253388,0.28021,7,4
20309,Say It Isn't So,2001,2001-03-12,3,2000s,Comedy,Comedy|Romance,J.B. Rogers,Chris Klein,95.0,90-105 min,2.0,25000000.0,,30787202.917346,,,,Unknown,False,5.1,21,6.1115893813815525,0.173806,17,11
9912,The World's Fastest Indian,2005,2005-10-13,10,2000s,Drama,Drama,Roger Donaldson,Anthony Hopkins,127.0,120-150 min,4.0,25000000.0,,27914082.2413623,,,,Unknown,False,7.1,76,6.17897109176825,0.587776,22,26
9067,Tank Girl,1995,1995-03-31,3,1990s,Action,Action|Fantasy|Comedy|Science Fiction,Rachel Talalay,Lori Petty,98.0,90-105 min,2.0,25000000.0,6600000.0,35774171.6776741,9444381.32290597,-18400000.0,0.264,Loss-making,True,5.5,64,6.0989680264704695,0.807589999999999,76,10
8338,Blindness,2008,2008-05-14,5,2000s,Drama,Drama|Mystery|Science Fiction|Thriller,Fernando Meirelles,Julianne Moore,121.0,120-150 min,4.0,25000000.0,19844979.0,25319665.8452291,20098729.4794236,-5155021.0,0.79379916,Loss-making,True,6.3,187,6.148236038114186,0.666414,17,31
168705,BloodRayne,2005,2005-10-22,10,2000s,Action,Action|Adventure|Fantasy|Horror,Uwe Boll,Kristanna Loken,95.0,90-105 min,2.0,25000000.0,2405420.0,27914082.2413623,2685803.66820071,-22594580.0,0.0962168,Loss-making,True,3.8,62,6.025384194857548,0.592368999999999,11,2
72113,Carnage,2011,2011-09-16,9,2010s,Comedy,Comedy|Drama,Roman Polanski,Kate Winslet,80.0,< 90 min,1.0,25000000.0,27603069.0,24234951.0647868,26758361.0581173,2603069.0,1.10412276,Profitable,True,6.9,382,6.2973023203374074,0.779648,6,17
9729,Where the Truth Lies,2005,2005-10-07,10,2000s,Drama,Drama|Mystery|Thriller,Atom Egoyan,Kevin Bacon,107.0,105-120 min,3.0,25000000.0,,27914082.2413623,,,,Unknown,False,5.8,29,6.120415413446441,0.476555,16,25
94352,Cirque du Soleil: Worlds Away,2012,2012-11-09,11,2010s,Fantasy,Fantasy|Family,Andrew Adamson,Erica Linz,91.0,90-105 min,2.0,,34153101.0,,32436712.3651956,,,Unknown,False,5.9,47,6.119653528183408,0.448325,7,11
22256,Without Limits,1998,1998-09-11,9,1990s,Drama,Drama,Robert Towne,Billy Crudup,117.0,105-120 min,3.0,25000000.0,777423.0,33442386.7269574,1039955.22465725,-24222577.0,0.03109692,Loss-making,True,6.0,11,6.126251965671213,0.245817,12,4
12404,Me and Orson Welles,2009,2009-11-25,11,2000s,Comedy,Comedy|Drama|Romance,Richard Linklater,Zac Efron,114.0,105-120 min,3.0,25000000.0,2336172.0,25410010.8531238,2374486.23499056,-22663828.0,0.09344688,Loss-making,True,6.4,24,6.132027108582666,0.348842,14,25
152742,The Best Offer,2013,2013-01-01,1,2010s,Drama,Drama|Romance|Crime|Mystery,Giuseppe Tornatore,Geoffrey Rush,124.0,120-150 min,4.0,13500000.0,19255873.0,12636450.2619957,18024139.3641338,5755873.0,1.426360962962963,Profitable,True,7.7,389,6.478255153655999,0.873687999999999,16,6
11699,The Bad Lieutenant: Port of Call - New Orleans,2009,2009-09-11,9,2000s,Drama,Drama|Crime,Werner Herzog,Nicolas Cage,122.0,120-150 min,4.0,25000000.0,10589102.0,25410010.8531238,10762767.8697934,-14410898.0,0.42356408,Loss-making,True,5.8,157,6.093274143562817,0.643829,58,56
49953,A Turtle's Tale: Sammy's Adventures,2010,2010-08-03,8,2010s,Animation,Animation|Family,Ben Stassen,Yuri Lowenthal,88.0,< 90 min,1.0,,,,,,,Unknown,False,5.8,91,6.106668437020118,0.669106,10,8
109091,The Counselor,2013,2013-10-25,10,2010s,Thriller,Thriller|Crime|Drama,Ridley Scott,Michael Fassbender,117.0,105-120 min,3.0,25000000.0,71009334.0,23400833.8185106,66467104.9798846,46009334.0,2.84037336,Profitable,True,4.9,497,5.797767034918574,1.388168,30,17
38543,Ironclad,2011,2011-03-03,3,2010s,Romance,Romance|Adventure|Action|History,Jonathan English,James Purefoy,121.0,120-150 min,4.0,25000000.0,,24234951.0647868,,,,Unknown,False,6.0,131,6.116050473596238,0.353745,41,40
33157,Waterloo,1970,1970-10-26,10,1970s,Action,Action|Drama|Foreign|History,Sergey Bondarchuk,Rod Steiger,128.0,120-150 min,4.0,25000000.0,,140409208.597536,,,,Unknown,False,6.2,10,6.127810687147403,0.09215,21,15
242166,Red Sky,2014,2014-03-12,3,2010s,Action,Action|Thriller,Mario Van Peebles,Cam Gigandet,100.0,90-105 min,2.0,25000000.0,,23027276.2692864,,,,Unknown,False,3.8,16,6.100099670343605,0.359568,13,17
859,Dangerous Liaisons,1988,1988-12-16,12,1980s,Drama,Drama|Romance,Stephen Frears,Glenn Close,119.0,105-120 min,3.0,14000000.0,34670720.0,25814474.3232643,63929029.3720776,20670720.0,2.47648,Profitable,True,6.7,124,6.175324104145709,0.481627,14,12
83770,On the Road,2012,2012-05-22,5,2010s,Adventure,Adventure|Drama,Walter Salles,Garrett Hedlund,137.0,120-150 min,4.0,25000000.0,8784318.0,23743607.0338061,8342855.78607959,-16215682.0,0.35137272,Loss-making,True,5.6,205,6.057947891949056,0.552288,17,11
168,Star Trek IV: The Voyage Home,1986,1986-11-25,11,1980s,Science Fiction,Science Fiction|Adventure,Leonard Nimoy,William Shatner,119.0,105-120 min,3.0,24000000.0,133000000.0,47745753.8606918,264591052.644667,109000000.0,5.541666666666667,Profitable,True,6.6,275,6.207075414853461,0.971594,15,17
1246,Rocky Balboa,2006,2006-12-20,12,2000s,Drama,Drama,Sylvester Stallone,Sylvester Stallone,102.0,90-105 min,2.0,24000000.0,155721132.0,25960059.7989977,168438745.77865,131721132.0,6.4883805,Profitable,True,6.4,455,6.195868972603932,1.409773,16,23
4233,Scream 2,1997,1997-12-09,12,1990s,Horror,Horror|Mystery,Wes Craven,David Arquette,120.0,105-120 min,3.0,24000000.0,172363301.0,32603047.7057303,234148705.217506,148363301.0,7.181804208333333,Profitable,True,6.0,442,6.095955992616098,1.109101,75,26
184098,Think Like a Man Too,2014,2014-06-19,6,2010s,Comedy,Comedy|Romance,Tim Story,Adam Brody,106.0,105-120 min,3.0,24000000.0,70181428.0,22106185.218515,64643485.2611615,46181428.0,2.9242261666666667,Profitable,True,6.2,175,6.135600391300616,1.041267,23,18
2069,The Whole Nine Yards,2000,2000-02-18,2,2000s,Comedy,Comedy|Crime,Jonathan Lynn,Bruce Willis,98.0,90-105 min,2.0,41300000.0,106371651.0,52297864.3223716,134697582.85096,65071651.0,2.575584769975787,Profitable,True,6.0,313,6.103381055928121,0.74231,10,88
1788,Footloose,1984,1984-02-17,2,1980s,Drama,Drama|Family|Music|Romance,Herbert Ross,Kevin Bacon,107.0,105-120 min,3.0,8200000.0,80035402.0,17212144.721392,167997673.421803,71835402.0,9.760414878048781,Profitable,True,6.0,282,6.10533986818518,0.791148,13,14
11635,Old School,2003,2003-02-21,2,2000s,Comedy,Comedy,Todd Phillips,Luke Wilson,91.0,90-105 min,2.0,24000000.0,87055349.0,28448463.4747806,103191288.179616,63055349.0,3.627306208333333,Profitable,True,6.6,267,6.20513636317178,1.280654,14,12
177,The Fisher King,1991,1991-09-09,9,1990s,Drama,Drama|Comedy,Terry Gilliam,Jeff Bridges,137.0,120-150 min,4.0,24000000.0,41895491.0,38426228.2063245,67078570.7492506,17895491.0,1.7456454583333334,Profitable,True,6.8,158,6.197570635763357,0.386486,25,12
3600,I Still Know What You Did Last Summer,1998,1998-11-13,11,1990s,Horror,Horror|Mystery|Thriller,Danny Cannon,Jennifer Love Hewitt,100.0,90-105 min,2.0,65000000.0,40002112.0,86950205.4900894,53510643.9759626,-24997888.0,0.6154171076923077,Loss-making,True,4.9,198,5.970714875547821,1.175952,11,78
2621,Return to Me,2000,2000-04-07,4,2000s,Romance,Romance|Comedy|Drama,Bonnie Hunt,David Duchovny,115.0,105-120 min,3.0,24000000.0,36609995.0,30391010.7442353,46358947.9746417,12609995.0,1.5254164583333334,Profitable,True,5.5,32,6.112796016404136,0.249219,15,4
10358,Zack and Miri Make a Porno,2008,2008-09-18,9,2000s,Comedy,Comedy,Kevin Smith,Seth Rogen,102.0,90-105 min,2.0,24000000.0,42105111.0,24306879.21142,42643493.6358513,18105111.0,1.754379625,Profitable,True,6.0,439,6.096116534681709,1.133017,14,13
10480,Nurse Betty,2000,2000-09-08,9,2000s,Comedy,Comedy|Crime|Thriller,Neil LaBute,Renée Zellweger,108.0,105-120 min,3.0,24000000.0,,30391010.7442353,,,,Unknown,False,5.5,44,6.1075363409897525,0.357619,21,6
10313,The Men Who Stare at Goats,2009,2009-10-17,10,2000s,Comedy,Comedy|War,Grant Heslov,George Clooney,93.0,90-105 min,2.0,24000000.0,68729358.0,24393610.4189988,69856549.3083293,44729358.0,2.86372325,Profitable,True,5.8,435,6.047703626593131,0.811236,35,41
18828,Double Take,2001,2001-01-12,1,2000s,Adventure,Adventure|Drama|Action|Comedy|Romance,George Gallo,Orlando Jones,88.0,< 90 min,1.0,,,,,,,Unknown,False,5.8,13,6.124165429257387,0.026783,7,3
3558,"Girl, Interrupted",1999,1999-12-21,12,1990s,Drama,Drama,James Mangold,Winona Ryder,127.0,120-150 min,4.0,40000000.0,,52362113.8637728,,,,Unknown,False,7.5,376,6.425609247059576,0.797082,17,47
13476,Win a Date with Tad Hamilton!,2004,2004-01-23,1,2000s,Comedy,Comedy|Romance,Robert Luketic,Josh Duhamel,95.0,90-105 min,2.0,17000000.0,16980098.0,19625571.7968065,19602596.0244594,-19902.0,0.9988292941176471,Loss-making,True,5.3,78,6.082219508650075,0.804481,11,3
10208,Muppets from Space,1999,1999-07-14,7,1990s,Fantasy,Fantasy|Comedy|Science Fiction|Family,Tim Hill,Steve Whitmire,87.0,< 90 min,1.0,24000000.0,16290976.0,31417268.3182637,21325748.5065997,-7709024.0,0.6787906666666667,Loss-making,True,5.7,50,6.112062216606918,1.104937,18,9
24961,The Wiz,1978,1978-10-24,10,1970s,Adventure,Adventure|Family|Fantasy|Music|Science Fiction,Sidney Lumet,Diana Ross,134.0,120-150 min,4.0,24000000.0,21049053.0,80224816.6779371,70360684.0903826,-2950947.0,0.877043875,Loss-making,True,6.1,30,6.126686336491419,0.277769,10,10
20697,Ready to Rumble,2000,2000-04-07,4,2000s,Action,Action|Comedy|Drama,Brian Robbins,David Arquette,107.0,105-120 min,3.0,24000000.0,12372410.0,30391010.7442353,15667085.2184201,-11627590.0,0.5155170833333333,Loss-making,True,4.4,16,6.107106458169311,0.196668,47,10
20761,Play It to the Bone,1999,1999-12-25,12,1990s,Comedy,Comedy|Drama,Ron Shelton,Antonio Banderas,124.0,120-150 min,4.0,24000000.0,8434146.0,31417268.3182637,11040742.8298921,-15565854.0,0.35142275,Loss-making,True,5.3,20,6.1152365609037,0.212029,24,3
70868,I Don't Know How She Does It,2011,2011-09-16,9,2010s,Comedy,Comedy,Douglas McGrath,Sarah Jessica Parker,89.0,< 90 min,1.0,24000000.0,30551495.0,23265553.0221953,29616559.4512431,6551495.0,1.2729789583333333,Profitable,True,5.2,94,6.067085531619206,0.58425,14,4
43593,Piranha 3D,2010,2010-08-20,8,2010s,Comedy,Comedy|Horror,Alexandre Aja,Elisabeth Shue,88.0,< 90 min,1.0,24000000.0,83188165.0,24000000.0,83188165.0,59188165.0,3.4661735416666666,Profitable,True,5.2,306,5.956355977554227,0.78688,20,22
6478,Beyond the Sea,2004,2004-12-17,12,2000s,Drama,Drama|Music,Kevin Spacey,Kevin Spacey,118.0,105-120 min,3.0,23000000.0,,26552244.1956794,,,,Unknown,False,6.2,29,6.128802370282534,0.43894,8,7
26672,The Thief and the Cobbler,1993,1993-09-23,9,1990s,Fantasy,Fantasy|Animation|Science Fiction|Family,Richard Williams,Vincent Price,72.0,< 90 min,1.0,,,,,,,Unknown,False,6.3,14,6.12904506858985,0.0149919999999999,12,15
41283,Faster,2010,2010-11-23,11,2010s,Crime,Crime|Drama|Action|Thriller,"George Tillman, Jr.",Dwayne Johnson,98.0,90-105 min,2.0,24000000.0,23081726.0,24000000.0,23081726.0,-918274.0,0.9617385833333333,Loss-making,True,6.2,360,6.142550935381701,0.878074,20,74
19908,Zombieland,2009,2009-10-07,10,2000s,Comedy,Comedy|Horror,Ruben Fleischer,Jesse Eisenberg,88.0,< 90 min,1.0,23600000.0,102391382.0,23987050.2453489,104070645.115453,78791382.0,4.338617881355932,Profitable,True,7.1,2165,6.7257101413252744,2.041804,16,9
10663,The Waterboy,1998,1998-11-06,11,1990s,Comedy,Comedy,Frank Coraci,Adam Sandler,90.0,< 90 min,1.0,23000000.0,185991646.0,30766995.7888008,248800182.140615,162991646.0,8.086593304347826,Profitable,True,5.8,292,6.069222136162915,1.053252,15,9
1891,The Empire Strikes Back,1980,1980-01-01,1,1980s,Adventure,Adventure|Action|Science Fiction,Irvin Kershner,Mark Hamill,124.0,120-150 min,4.0,18000000.0,538400000.0,47628661.5525832,1424626187.77282,520400000.0,29.91111111111111,Profitable,True,8.0,3954,7.522267206408654,5.488441,76,51
9737,Bad Boys,1995,1995-04-07,4,1990s,Adventure,Adventure|Drama|Action|Comedy|Thriller,Michael Bay,Will Smith,118.0,105-120 min,3.0,19000000.0,141407024.0,27188370.4750323,202348766.120199,122407024.0,7.442474947368421,Profitable,True,6.4,1134,6.2515761256934095,1.964673,32,20
37137,The Naked Gun 2½: The Smell of Fear,1991,1991-06-28,6,1990s,Action,Action|Comedy|Crime,David Zucker,Leslie Nielsen,85.0,< 90 min,1.0,23000000.0,86930411.0,36825135.3643943,139183658.798149,63930411.0,3.7795830869565217,Profitable,True,6.5,257,6.186733634372647,1.259634,18,8
9532,Final Destination,2000,2000-03-16,3,2000s,Horror,Horror,James Wong,Devon Sawa,98.0,90-105 min,2.0,23000000.0,53302314.0,29124718.6298921,67496299.8944418,30302314.0,2.317491913043478,Profitable,True,6.2,693,6.151896125415355,1.303223,13,72
10316,The Ides of March,2011,2011-09-24,9,2010s,Drama,Drama,George Clooney,Ryan Gosling,101.0,90-105 min,2.0,12500000.0,75993061.0,12117475.5323934,73667524.5839343,63493061.0,6.07944488,Profitable,True,6.4,591,6.210141667954231,0.771868,54,69
2787,Pitch Black,2000,2000-02-18,2,2000s,Thriller,Thriller|Science Fiction|Action,David Twohy,Vin Diesel,109.0,105-120 min,3.0,23000000.0,53187659.0,29124718.6298921,67351113.1720718,30187659.0,2.312506913043478,Profitable,True,6.6,1245,6.3537172707236245,1.144594,15,105
12658,Someone Like You...,2001,2001-03-30,3,2000s,Comedy,Comedy|Romance,Tony Goldwyn,Ashley Judd,97.0,90-105 min,2.0,23000000.0,,28324226.6839584,,,,Unknown,False,6.0,73,6.1207669808266925,0.6649,10,20
152601,Her,2013,2013-12-18,12,2010s,Romance,Romance|Science Fiction|Drama,Spike Jonze,Joaquin Phoenix,126.0,120-150 min,4.0,23000000.0,47351251.0,21528767.1130297,44322350.2299834,24351251.0,2.058750043478261,Profitable,True,7.8,2422,7.200165927368918,3.951582,37,24
10866,Joy Ride,2001,2001-10-05,10,2000s,Mystery,Mystery|Thriller|Drama,John Dahl,Steve Zahn,97.0,90-105 min,2.0,23000000.0,36642838.0,28324226.6839584,45125219.5589376,13642838.0,1.5931668695652175,Profitable,True,6.2,166,6.135219102912816,0.742951,28,15
227707,The Adventurer: The Curse of the Midas Box,2013,2013-12-05,12,2010s,Fantasy,Fantasy|Adventure|Family,Jonathan Newman,Aneurin Barnard,99.0,90-105 min,2.0,25000000.0,6399.0,23400833.8185106,5989.67742418597,-24993601.0,0.00025596,Loss-making,True,5.2,49,6.094894560856513,0.74452,31,32
21349,Anywhere But Here,1999,1999-11-12,11,1990s,Drama,Drama|Comedy|Romance,Wayne Wang,Susan Sarandon,114.0,105-120 min,3.0,23000000.0,18653615.0,30108215.4716694,24418567.8150245,-4346385.0,0.8110267391304348,Loss-making,True,5.9,42,6.120440196502953,0.382872,13,5
70435,Haywire,2012,2012-01-18,1,2010s,Thriller,Thriller,Steven Soderbergh,Gina Carano,93.0,90-105 min,2.0,23000000.0,33372606.0,21844118.4711016,31695441.7023216,10372606.0,1.4509828695652174,Profitable,True,5.5,339,6.001681270059519,1.517201,14,15
580,Jaws: The Revenge,1987,1987-07-17,7,1980s,Adventure,Adventure|Thriller,Joseph Sargent,Lorraine Gary,89.0,< 90 min,1.0,23000000.0,51881013.0,44138850.075487,99563837.1552779,28881013.0,2.2556962173913044,Profitable,True,3.7,111,5.943380355155124,1.285867,30,18
9819,Marvin's Room,1996,1996-12-18,12,1990s,Drama,Drama,Jerry Zaks,Diane Keaton,98.0,90-105 min,2.0,,,,,,,Unknown,False,6.3,66,6.135304949185108,0.451015,18,43
20024,The End of the Affair,1999,1999-12-03,12,1990s,Drama,Drama,Neil Jordan,Ralph Fiennes,102.0,90-105 min,2.0,23000000.0,10827816.0,30108215.4716694,14174183.3571995,-12172184.0,0.4707746086956522,Loss-making,True,6.1,24,6.126802524009704,0.498365,13,16
2453,Harley Davidson and the Marlboro Man,1991,1991-08-23,8,1990s,Action,Action|Thriller,Simon Wincer,Mickey Rourke,98.0,90-105 min,2.0,23000000.0,7434726.0,36825135.3643943,11903686.5803122,-15565274.0,0.32324895652173913,Loss-making,True,6.4,44,6.1358604951990365,0.63395,16,10
6973,In the Valley of Elah,2007,2007-08-31,8,2000s,History,History|Drama|Thriller|Crime|Mystery,Paul Haggis,Tommy Lee Jones,124.0,120-150 min,4.0,23000000.0,29541790.0,24188377.4005255,31068172.4176987,6541790.0,1.284425652173913,Profitable,True,6.2,115,6.13297022553793,0.578112,42,58
354110,Forsaken,2015,2015-09-16,9,2010s,Western,Western|Drama,Jon Cassar,Demi Moore,90.0,< 90 min,1.0,11000000.0,,10119995.5472019,,,,Unknown,False,5.6,53,6.1074170693893635,0.747541,16,38
22215,Cheri,2009,2009-02-10,2,2000s,Drama,Drama|Comedy|Romance,Stephen Frears,Michelle Pfeiffer,86.0,< 90 min,1.0,23000000.0,9366227.0,23377209.9848739,9519837.18891286,-13633773.0,0.40722726086956523,Loss-making,True,5.8,29,6.120415413446441,0.292324,16,12
11632,Vanity Fair,2004,2004-09-01,9,2000s,Drama,Drama|Romance,Mira Nair,Reese Witherspoon,141.0,120-150 min,4.0,23000000.0,16123851.0,26552244.1956794,18614105.6142065,-6876149.0,0.701037,Loss-making,True,5.5,36,6.1110327014875,0.383044,13,14
3021,1408,2007,2007-07-12,7,2000s,Horror,Horror|Thriller,Mikael Håfström,John Cusack,104.0,90-105 min,2.0,25000000.0,94679598.0,26291714.5657886,99571558.6327845,69679598.0,3.78718392,Profitable,True,6.4,746,6.224154353763046,0.917818,40,44
957,Spaceballs,1987,1987-06-24,6,1980s,Comedy,Comedy|Science Fiction,Mel Brooks,Mel Brooks,96.0,90-105 min,2.0,22700000.0,38119483.0,43563125.9440676,73154354.1344381,15419483.0,1.6792723788546255,Profitable,True,6.5,496,6.22720207466503,1.846689,28,22
256917,The Water Diviner,2014,2014-12-25,12,2010s,War,War|Drama,Russell Crowe,Russell Crowe,112.0,105-120 min,3.0,22500000.0,15520023.0,20724548.6423578,14295354.2930672,-6979977.0,0.6897788,Loss-making,True,6.8,287,6.24492508581913,0.893120999999999,24,111
251,Ghost,1990,1990-07-12,7,1990s,Fantasy,Fantasy|Drama|Thriller|Mystery|Romance,Jerry Zucker,Patrick Swayze,127.0,120-150 min,4.0,22000000.0,505000000.0,36715767.8869207,842793762.858863,483000000.0,22.954545454545453,Profitable,True,6.7,714,6.325006797706965,1.513223,14,61
544,There's Something About Mary,1998,1998-07-15,7,1990s,Romance,Romance|Comedy,"Bobby Farrelly, Peter Farrelly",Cameron Diaz,119.0,105-120 min,3.0,23000000.0,369884651.0,30766995.7888008,494793021.724308,346884651.0,16.08194134782609,Profitable,True,6.5,980,6.283769572142484,1.379837,19,90
11395,The Santa Clause,1994,1994-11-10,11,1990s,Fantasy,Fantasy|Drama|Comedy|Family,John Pasquin,Tim Allen,97.0,90-105 min,2.0,22000000.0,189833357.0,32364454.3551595,279266046.259691,167833357.0,8.628788954545454,Profitable,True,6.3,274,6.1563457762654465,1.259399,11,8
14635,The Rookie,2002,2002-03-25,3,2000s,Drama,Drama|Family,John Lee Hancock,Dennis Quaid,127.0,120-150 min,4.0,20000000.0,75597042.0,24245227.8724109,91643375.488511,55597042.0,3.7798521,Profitable,True,6.0,42,6.123448576991456,0.494021,9,2
13680,The Game Plan,2007,2007-09-28,9,2000s,Comedy,Comedy|Family,Andy Fickman,Dwayne Johnson,110.0,105-120 min,3.0,22000000.0,147880543.0,23136708.817894,155521321.055593,125880543.0,6.721842863636364,Profitable,True,6.0,248,6.107575406240418,0.911592,15,9
688,The Bridges of Madison County,1995,1995-05-28,5,1990s,Drama,Drama|Romance,Clint Eastwood,Meryl Streep,135.0,120-150 min,4.0,24000000.0,182016617.0,34343204.8105671,260459748.189898,158016617.0,7.584025708333333,Profitable,True,6.9,189,6.221921170590223,1.173191,12,13
11090,The Animal,2001,2001-06-01,6,2000s,Action,Action|Comedy,Luke Greenfield,Rob Schneider,84.0,< 90 min,1.0,22000000.0,84772742.0,27092738.5672645,104396624.392553,62772742.0,3.8533064545454545,Profitable,True,4.5,145,5.969879633338518,0.380227,14,97
783,Gandhi,1982,1982-11-30,11,1980s,Drama,Drama|History,Richard Attenborough,Ben Kingsley,191.0,> 150 min,5.0,22000000.0,77737889.0,49712132.8561269,175659830.26922,55737889.0,3.533540409090909,Profitable,True,7.1,412,6.354196567769534,0.786388,92,30
228194,The Hundred-Foot Journey,2014,2014-08-06,8,2010s,Drama,Drama,Lasse Hallström,Helen Mirren,122.0,120-150 min,4.0,22000000.0,88880821.0,20264003.1169721,81867328.80832,66880821.0,4.0400373181818185,Profitable,True,7.2,352,6.348600057638927,1.44904599999999,39,5
1642,The Net,1995,1995-07-28,7,1990s,Crime,Crime|Drama|Mystery|Thriller|Action,Irwin Winkler,Sandra Bullock,114.0,105-120 min,3.0,22000000.0,1106279658.0,31481271.0763532,1583049536.35242,1084279658.0,50.285439,Profitable,True,5.6,201,6.059125817206465,1.13661,32,6
10950,I Am Sam,2001,2001-12-28,12,2000s,Drama,Drama,Jessie Nelson,Sean Penn,132.0,120-150 min,4.0,22000000.0,40270895.0,27092738.5672645,49593128.6411255,18270895.0,1.8304952272727273,Profitable,True,7.2,292,6.317566708181626,0.731548,38,42
235260,Son of God,2014,2014-02-28,2,2010s,Drama,Drama,Christopher Spencer,Roma Downey,138.0,120-150 min,4.0,22000000.0,67800064.0,20264003.1169721,62450032.1921322,45800064.0,3.081821090909091,Profitable,True,5.8,61,6.113169781879566,0.740796,35,5
277,Underworld,2003,2003-09-19,9,2000s,Fantasy,Fantasy|Action|Thriller,Len Wiseman,Kate Beckinsale,121.0,120-150 min,4.0,22000000.0,95708457.0,26077758.1852156,113448272.633004,73708457.0,4.350384409090909,Profitable,True,6.5,1708,6.335177348335382,6.887883,32,102
8999,Derailed,2005,2005-11-11,11,2000s,Drama,Drama|Thriller,Mikael Håfström,Clive Owen,108.0,105-120 min,3.0,22000000.0,57479076.0,24564392.3723988,64179026.1848606,35479076.0,2.6126852727272727,Profitable,True,6.2,173,6.135516048940982,0.82677,19,22
11323,The Informant!,2009,2009-09-18,9,2000s,Comedy,Comedy|Crime|Drama|Thriller,Steven Soderbergh,Matt Damon,108.0,105-120 min,3.0,22000000.0,35424826.0,22360809.5507489,36005808.5252009,13424826.0,1.6102193636363635,Profitable,True,6.0,170,6.113080872867773,1.01800499999999,24,19
10445,Shadowlands,1993,1993-12-25,12,1990s,Drama,Drama|Romance,Richard Attenborough,Anthony Hopkins,131.0,120-150 min,4.0,22000000.0,,33208339.1573716,,,,Unknown,False,6.8,33,6.143282069308466,0.483156,14,26
11453,Deuce Bigalow: European Gigolo,2005,2005-08-06,8,2000s,Comedy,Comedy,Mike Bigelow,Rob Schneider,83.0,< 90 min,1.0,22000000.0,22400154.0,24564392.3723988,25011189.6390072,400154.0,1.0181888181818182,Profitable,True,4.8,118,6.020886188667735,0.839023,10,17
146239,Delivery Man,2013,2013-10-10,10,2010s,Comedy,Comedy,Ken Scott,Vince Vaughn,105.0,90-105 min,2.0,26000000.0,51164106.0,24336867.171251,47891309.6791464,25164106.0,1.9678502307692307,Profitable,True,6.1,377,6.121337044848809,1.30454,12,17
10878,Saving Silverman,2001,2001-02-09,2,2000s,Comedy,Comedy|Romance|Crime,Dennis Dugan,Jason Biggs,90.0,< 90 min,1.0,22000000.0,19351569.0,27092738.5672645,23831227.2628809,-2648431.0,0.8796167727272727,Loss-making,True,5.2,75,6.078613503840021,0.447612,13,8
82650,Diary of a Wimpy Kid: Dog Days,2012,2012-08-02,8,2010s,Comedy,Comedy|Family,David Bowers,Zachary Gordon,94.0,90-105 min,2.0,22000000.0,77112176.0,20894374.1897494,73236848.1786279,55112176.0,3.505098909090909,Profitable,True,5.9,134,6.106811745405398,0.63948,19,12
10279,Summer of Sam,1999,1999-07-02,7,1990s,Thriller,Thriller|Drama|Crime|Romance,Spike Lee,John Leguizamo,142.0,120-150 min,4.0,,,,,,,Unknown,False,6.5,49,6.140294033452906,0.258844,19,18
2294,Jay and Silent Bob Strike Back,2001,2001-08-22,8,2000s,Comedy,Comedy,Kevin Smith,Kevin Smith,104.0,90-105 min,2.0,22000000.0,33788161.0,27092738.5672645,41609718.7564383,11788161.0,1.5358255,Profitable,True,6.3,244,6.153649057216552,1.20913,29,117
2176,The Glass House,2001,2001-09-14,9,2000s,Drama,Drama|Thriller,Daniel Sackheim,Leelee Sobieski,106.0,105-120 min,3.0,30000000.0,23619609.0,36944643.5008153,29087267.8044549,-6380391.0,0.7873203,Loss-making,True,5.3,108,6.066169590546319,0.578314999999999,19,49
19366,Josie and the Pussycats,2001,2001-04-06,4,2000s,Comedy,Comedy|Music,"Deborah Kaplan, Harry Elfont",Rachael Leigh Cook,98.0,90-105 min,2.0,22000000.0,,27092738.5672645,,,,Unknown,False,5.2,39,6.101318324842275,0.209579,11,24
204082,Homefront,2013,2013-11-27,11,2010s,Action,Action|Thriller,Gary Fleder,Jason Statham,100.0,90-105 min,2.0,22000000.0,43058898.0,20592733.7602893,40304564.6602479,21058898.0,1.9572226363636365,Profitable,True,6.4,618,6.212741016346926,1.419386,16,30
24100,The Little Vampire,2000,2000-10-27,10,2000s,Horror,Horror|Family|Foreign,Uli Edel,Richard E. Grant,95.0,90-105 min,2.0,22000000.0,13555988.0,27858426.515549,17165840.7065302,-8444012.0,0.6161812727272727,Loss-making,True,6.4,42,6.135482098945471,0.12392,9,1
1599,I Heart Huckabees,2004,2004-09-10,9,2000s,Comedy,Comedy|Romance,David O. Russell,Jason Schwartzman,106.0,105-120 min,3.0,22000000.0,,25397798.7958672,,,,Unknown,False,6.3,125,6.141874490120866,0.809063,17,6
5550,RoboCop 3,1993,1993-11-05,11,1990s,Action,Action|Adventure|Crime|Science Fiction|Thriller,Fred Dekker,Robert John Burke,104.0,90-105 min,2.0,22000000.0,10696210.0,33208339.1573716,16145607.6990213,-11303790.0,0.4861913636363636,Loss-making,True,4.2,169,5.913430870158081,0.789429,22,15
17709,Dudley Do-Right,1999,1999-08-27,8,1990s,Comedy,Comedy|Family|Romance,Hugh Wilson,Brendan Fraser,77.0,< 90 min,1.0,70000000.0,,91633699.2616025,,,,Unknown,False,3.5,19,6.090923136215697,0.129744,73,16
287948,The Transporter Refueled,2015,2015-09-03,9,2010s,Thriller,Thriller|Action|Crime,Camille Delamarre,Ed Skrein,96.0,90-105 min,2.0,25000000.0,72629670.0,22999989.8800044,66819266.9995225,47629670.0,2.9051868,Profitable,True,5.3,407,5.936089125170502,1.355822,27,42
7548,The Libertine,2004,2004-09-16,9,2000s,Drama,Drama|Romance,Laurence Dunmore,Johnny Depp,114.0,105-120 min,3.0,,,,,,,Unknown,False,5.7,59,6.109437802234642,0.482163,17,18
109513,Hit & Run,2012,2012-08-22,8,2010s,Action,Action|Comedy|Romance,"Dax Shepard, David Palmer",Kristen Bell,100.0,90-105 min,2.0,2000000.0,14400000.0,1899488.56270449,13676317.6514723,12400000.0,7.2,Profitable,True,5.4,175,6.044043266194344,0.468552,18,34
12085,Mad Money,2008,2008-01-17,1,2000s,Action,Action|Comedy|Crime,Callie Khouri,Diane Keaton,104.0,90-105 min,2.0,,,,,,,Unknown,False,5.9,78,6.1148987908231085,0.469922,9,7
204922,Before I Go to Sleep,2014,2014-09-03,9,2010s,Mystery,Mystery|Thriller,Rowan Joffe,Nicole Kidman,92.0,90-105 min,2.0,,15060457.0,,13872052.1632283,,,Unknown,False,6.1,470,6.120249195952948,1.7894,10,44
38985,Sorcerer,1977,1977-06-24,6,1970s,Action,Action|Thriller|Adventure,William Friedkin,Roy Scheider,121.0,120-150 min,4.0,22000000.0,12000000.0,79151182.7165477,43173372.3908442,-10000000.0,0.5454545454545454,Loss-making,True,7.4,48,6.170848411909117,0.219941,14,9
44113,Stone,2010,2010-10-07,10,2010s,Drama,Drama,John Curran,Frances Conroy,105.0,90-105 min,2.0,22000000.0,9479718.0,22000000.0,9479718.0,-12520282.0,0.4308962727272727,Loss-making,True,4.9,97,6.0452391691391165,0.791799,11,2
21494,Moliere,2007,2007-01-31,1,2000s,Drama,Drama|Comedy|Romance|Foreign,Laurent Tirard,Romain Duris,115.0,105-120 min,3.0,,,,,,,Unknown,False,6.5,25,6.134034195009624,0.210766,11,3
164457,Out of the Furnace,2013,2013-12-06,12,2010s,Thriller,Thriller|Drama|Crime,Scott Cooper,Christian Bale,116.0,105-120 min,3.0,22000000.0,15400000.0,20592733.7602893,14414913.6322025,-6600000.0,0.7,Loss-making,True,6.4,469,6.197436541241716,0.54416,41,19
4566,Michael Clayton,2007,2007-09-28,9,2000s,Drama,Drama|Mystery|Crime,Tony Gilroy,George Clooney,119.0,105-120 min,3.0,25000000.0,92991835.0,26291714.5657886,97796591.3107566,67991835.0,3.7196734,Profitable,True,6.3,240,6.153281825693353,0.47599,18,16
17795,My Fellow Americans,1996,1996-12-20,12,1990s,Comedy,Comedy|Drama,Peter Segal,Jack Lemmon,101.0,90-105 min,2.0,,,,,,,Unknown,False,6.9,14,6.1351849706437935,0.3383,17,6
1073,Arlington Road,1999,1999-03-19,3,1990s,Drama,Drama|Thriller|Mystery,Mark Pellington,Jeff Bridges,117.0,105-120 min,3.0,21500000.0,,28144636.2017779,,,,Unknown,False,6.9,91,6.175936999749341,0.479263,16,46
81836,To Rome with Love,2012,2012-04-20,4,2010s,Romance,Romance|Comedy,Woody Allen,Ellen Page,111.0,105-120 min,3.0,17000000.0,73244881.0,16145652.7829881,69563906.8680757,56244881.0,4.308522411764706,Profitable,True,5.5,298,6.014131443821665,0.714232,17,3
10724,Firefox,1982,1982-06-13,6,1980s,Science Fiction,Science Fiction|Action|Adventure|Thriller,Clint Eastwood,Clint Eastwood,136.0,120-150 min,4.0,18000000.0,70687344.0,40673563.245922,159728119.826125,52687344.0,3.9270746666666665,Profitable,True,5.1,60,6.083690374328388,0.647107,54,41
9473,"South Park: Bigger, Longer & Uncut",1999,1999-06-30,6,1990s,Animation,Animation|Comedy|Music,Trey Parker,Trey Parker,81.0,< 90 min,1.0,21000000.0,,27490109.7784807,,,,Unknown,False,7.0,579,6.388674439158747,1.076307,19,74
2196,Death at a Funeral,2007,2007-02-09,2,2000s,Comedy,Comedy|Drama,Frank Oz,Matthew Macfadyen,90.0,< 90 min,1.0,9000000.0,46.0,9465017.24368391,48.3767548010511,-8999954.0,5.1111111111111115e-06,Loss-making,True,6.7,262,6.22012657529718,0.642207,14,7
1499,Teenage Mutant Ninja Turtles III,1993,1993-03-17,3,1990s,Action,Action|Adventure|Comedy|Family|Fantasy,Stuart Gillard,Paige Turco,96.0,90-105 min,2.0,21.0,42.0,31.6988691956728,63.3977383913457,21.0,2.0,Profitable,True,5.2,95,6.0664871702006575,1.02495499999999,29,8
20857,Hardball,2001,2001-09-14,9,2000s,Comedy,Comedy|Romance,Brian Robbins,Keanu Reeves,106.0,105-120 min,3.0,32000000.0,40222729.0,39407619.7342029,49533812.7844968,8222729.0,1.25696028125,Profitable,True,6.4,62,6.139217963659186,0.565877,21,11
82693,Silver Linings Playbook,2012,2012-09-08,9,2010s,Drama,Drama|Comedy|Romance,David O. Russell,Bradley Cooper,122.0,120-150 min,4.0,21000000.0,205738714.0,19944629.9083971,195399167.074265,184738714.0,9.797081619047619,Profitable,True,6.9,3317,6.675996351681141,3.931139,62,60
1646,Freedom Writers,2007,2007-01-05,1,2000s,Crime,Crime|Drama,Richard LaGravenese,Hilary Swank,123.0,120-150 min,4.0,21000000.0,41170784.0,22085040.2352624,43298020.0551095,20170784.0,1.9605135238095237,Profitable,True,7.5,183,6.290707539091648,0.54281,28,66
44944,For Colored Girls,2010,2010-11-05,11,2010s,Drama,Drama,Tyler Perry,Kimberly Elise,134.0,120-150 min,4.0,,37000000.0,,37000000.0,,,Unknown,False,7.3,14,6.139278238679756,0.196975,16,3
4108,The Transporter,2002,2002-10-02,10,2000s,Action,Action|Crime|Thriller,"Louis Leterrier, Corey Yuen Kwai",Jason Statham,92.0,90-105 min,2.0,21000000.0,43928932.0,25457489.2660314,53253348.3265822,22928932.0,2.091853904761905,Profitable,True,6.5,1119,6.295922752148224,1.955546,13,24
8456,Never Back Down,2008,2008-03-04,3,2000s,Drama,Drama|Action,Jeff Wadlow,Sean Faris,115.0,105-120 min,3.0,20000000.0,41627431.0,20255732.6761833,42159705.7166133,21627431.0,2.08137155,Profitable,True,6.5,276,6.190384981496701,1.300453,10,10
7341,The Rage: Carrie 2,1999,1999-03-11,3,1990s,Horror,Horror|Thriller|Science Fiction,Katt Shea,Emily Bergl,104.0,90-105 min,2.0,21000000.0,17762705.0,27490109.7784807,23252319.5434652,-3237295.0,0.8458430952380952,Loss-making,True,5.1,33,6.102837977317981,0.480421,42,40
19255,Away We Go,2009,2009-06-05,6,2000s,Drama,Drama|Comedy|Romance,Sam Mendes,John Krasinski,98.0,90-105 min,2.0,17000000.0,14899417.0,17278807.3801242,15143773.9070087,-2100583.0,0.876436294117647,Loss-making,True,6.6,103,6.160693540826142,0.461154,17,43
10187,Swing Vote,2008,2008-08-01,8,2000s,Drama,Drama|Comedy,Joshua Michael Stern,Kevin Costner,120.0,105-120 min,3.0,21000000.0,17600000.0,21268519.3099925,17825044.7550413,-3400000.0,0.8380952380952381,Loss-making,True,5.7,34,6.116811871146008,0.308655,28,30
31005,Moonlight Mile,2002,2002-09-09,9,2000s,Romance,Romance|Drama,Brad Silberling,Jake Gyllenhaal,117.0,105-120 min,3.0,21000000.0,10011050.0,25457489.2660314,12136009.4246049,-10988950.0,0.4767166666666667,Loss-making,True,6.6,23,6.135172869317967,0.560535999999999,16,16
49517,Tinker Tailor Soldier Spy,2011,2011-09-16,9,2010s,Drama,Drama|Thriller|Mystery,Tomas Alfredson,John Hurt,127.0,120-150 min,4.0,30000000.0,,29081941.2777441,,,,Unknown,False,6.5,490,6.226314493974173,1.058691,31,20
50780,The Beaver,2011,2011-02-11,2,2010s,Drama,Drama,Jodie Foster,Jodie Foster,91.0,90-105 min,2.0,21000000.0,970816.0,20357358.8944209,941107.130116482,-20029184.0,0.04622933333333333,Loss-making,True,6.0,144,6.11504342723301,0.903312,7,17
16363,The Best Little Whorehouse in Texas,1982,1982-07-23,7,1980s,Comedy,Comedy,Colin Higgins,Burt Reynolds,114.0,105-120 min,3.0,,,,,,,Unknown,False,6.3,21,6.129915321313193,0.252334,37,18
1946,eXistenZ,1999,1999-04-14,4,1990s,Action,Action|Thriller|Science Fiction|Horror,David Cronenberg,Jennifer Jason Leigh,97.0,90-105 min,2.0,15000000.0,2856712.0,19635792.6989148,3739586.97550016,-12143288.0,0.19044746666666668,Loss-making,True,6.6,229,6.195658239111726,0.501242,17,57
85,Raiders of the Lost Ark,1981,1981-06-12,6,1980s,Adventure,Adventure|Action,Steven Spielberg,Harrison Ford,115.0,105-120 min,3.0,18000000.0,389925971.0,43167434.4874226,935116878.227065,371925971.0,21.662553944444443,Profitable,True,7.5,2506,7.018457179435188,4.5783,50,46
772,Home Alone 2: Lost in New York,1992,1992-11-19,11,1990s,Comedy,Comedy|Family|Adventure|Crime,Chris Columbus,Macaulay Culkin,120.0,105-120 min,3.0,18000000.0,358991681.0,27972436.5826012,557881779.469661,340991681.0,19.943982277777778,Profitable,True,6.2,1426,6.164579172813127,3.822939,18,12
840,Close Encounters of the Third Kind,1977,1977-11-16,11,1970s,Science Fiction,Science Fiction|Drama,Steven Spielberg,Richard Dreyfuss,135.0,120-150 min,4.0,20000000.0,303788635.0,71955620.651407,1092964988.91343,283788635.0,15.18943175,Profitable,True,7.0,600,6.395244131998247,1.104816,59,32
9682,Pulse,2006,2006-08-11,8,2000s,Horror,Horror|Thriller,Jim Sonzero,Kristen Bell,90.0,< 90 min,1.0,38000000.0,29907685.0,41103428.0150797,32350220.4603994,-8092315.0,0.7870443421052632,Loss-making,True,5.1,71,6.076097507780347,0.614854,15,9
96,Beverly Hills Cop II,1987,1987-05-18,5,1980s,Action,Action|Comedy|Crime,Tony Scott,Eddie Murphy,100.0,90-105 min,2.0,20000000.0,299965036.0,38381608.761293,575657032.690959,279965036.0,14.9982518,Profitable,True,6.1,333,6.121893520442044,1.07467,27,26
10678,Bringing Down the House,2003,2003-03-07,3,2000s,Comedy,Comedy,Adam Shankman,Steve Martin,105.0,90-105 min,2.0,20000000.0,132675402.0,23707052.8956505,157267138.658285,112675402.0,6.6337701,Profitable,True,5.3,85,6.078414674684019,0.476487,59,10
274,The Silence of the Lambs,1991,1991-02-14,2,1990s,Crime,Crime|Drama|Thriller,Jonathan Demme,Jodie Foster,118.0,105-120 min,3.0,19000000.0,272742922.0,30420763.9966735,436686740.101323,253742922.0,14.354890631578947,Profitable,True,7.9,2679,7.304814301241669,0.695385,59,83
8872,Wayne's World,1992,1992-02-14,2,1990s,Comedy,Comedy,Penelope Spheeris,Mike Myers,94.0,90-105 min,2.0,20000000.0,121697323.0,31080485.0917791,189120591.660546,101697323.0,6.08486615,Profitable,True,6.5,421,6.215676051116992,1.16983,18,10
16290,Jackass 3D,2010,2010-10-15,10,2010s,Comedy,Comedy|Documentary|Action,Jeff Tremaine,Johnny Knoxville,94.0,90-105 min,2.0,20000000.0,,20000000.0,,,,Unknown,False,6.5,302,6.195245793332391,0.640516,42,15
579,Jaws 2,1978,1978-06-16,6,1970s,Horror,Horror|Thriller,Jeannot Szwarc,Roy Scheider,116.0,105-120 min,3.0,20000000.0,187884007.0,66854013.8982809,628040000.762135,167884007.0,9.39420035,Profitable,True,5.5,179,6.054038587396629,1.5627,20,23
14405,Beverly Hills Chihuahua,2008,2008-10-03,10,2000s,Adventure,Adventure|Comedy|Family,Raja Gosnell,Drew Barrymore,91.0,90-105 min,2.0,20000000.0,149281606.0,20255732.6761833,151190415.230366,129281606.0,7.4640803,Profitable,True,5.1,118,6.044933468064515,0.589940999999999,12,2
138843,The Conjuring,2013,2013-07-18,7,2010s,Horror,Horror|Thriller,James Wan,Patrick Wilson,112.0,105-120 min,3.0,13000000.0,318000141.0,12168433.5856255,297658738.152157,305000141.0,24.46154930769231,Profitable,True,7.4,1910,6.872015734302801,3.472358,23,50
11637,Are We There Yet?,2005,2005-01-20,1,2000s,Comedy,Comedy|Family|Adventure|Romance,Brian Levant,Ice Cube,95.0,90-105 min,2.0,32000000.0,97918663.0,35730025.2689438,109332384.477849,65918663.0,3.05995821875,Profitable,True,5.4,135,6.061343468093327,0.635481,13,14
226486,Tammy,2014,2014-07-02,7,2010s,Comedy,Comedy,Ben Falcone,Melissa McCarthy,97.0,90-105 min,2.0,20000000.0,100525432.0,18421821.0154291,92593075.7901349,80525432.0,5.0262716,Profitable,True,5.1,381,5.901703969994682,0.966048,40,46
1584,School of Rock,2003,2003-10-03,10,2000s,Comedy,Comedy|Music,Richard Linklater,Jack Black,108.0,105-120 min,3.0,35000000.0,131282949.0,41487342.5673884,155616590.811999,96282949.0,3.7509414,Profitable,True,6.6,767,6.2982162832199196,1.622704,75,21
9312,Mortal Kombat,1995,1995-08-18,8,1990s,Action,Action|Fantasy,Paul W.S. Anderson,Christopher Lambert,101.0,90-105 min,2.0,18000000.0,122195920.0,25757403.6079253,174858312.815653,104195920.0,6.788662222222222,Profitable,True,5.4,229,6.022074763652184,0.958991,11,15
12153,White Chicks,2004,2004-06-23,6,2000s,Comedy,Comedy,Keenen Ivory Wayans,Shawn Wayans,109.0,105-120 min,3.0,37000000.0,113086475.0,42714479.7930495,130552160.844721,76086475.0,3.056391216216216,Profitable,True,6.4,370,6.185805091547923,0.802577,15,36
65057,The Descendants,2011,2011-09-09,9,2010s,Comedy,Comedy|Drama,Alexander Payne,George Clooney,115.0,105-120 min,3.0,20000000.0,177243185.0,19387960.8518294,171819196.601678,157243185.0,8.86215925,Profitable,True,6.6,590,6.270740475457936,0.808335999999999,17,14
8326,Holes,2003,2003-04-18,4,2000s,Adventure,Adventure|Family|Drama|Comedy,Andrew Davis,Sigourney Weaver,117.0,105-120 min,3.0,20000000.0,,23707052.8956505,,,,Unknown,False,6.4,205,6.163136782975931,0.853359,23,10
35690,The Last Song,2010,2010-03-31,3,2010s,Drama,Drama|Family|Romance,Julie Anne Robinson,Miley Cyrus,107.0,105-120 min,3.0,,,,,,,Unknown,False,6.8,529,6.3162585939874525,0.518174,14,5
76203,12 Years a Slave,2013,2013-10-18,10,2010s,Drama,Drama|History,Steve McQueen,Chiwetel Ejiofor,134.0,120-150 min,4.0,20000000.0,187000000.0,18720667.0548084,175038236.962459,167000000.0,9.35,Profitable,True,7.9,2241,7.232301343032954,3.625529,93,72
13497,Drumline,2002,2002-12-13,12,2000s,Drama,Drama|Romance|Comedy|Music,Charles Stone III,Nick Cannon,118.0,105-120 min,3.0,20000000.0,57588485.0,24245227.8724109,69812297.0825959,37588485.0,2.87942425,Profitable,True,6.3,61,6.13472302899991,0.278771,15,9
35688,Why Did I Get Married Too?,2010,2010-04-02,4,2010s,Comedy,Comedy|Romance,Tyler Perry,Tyler Perry,121.0,120-150 min,4.0,20000000.0,60072596.0,20000000.0,60072596.0,40072596.0,3.0036298,Profitable,True,6.0,21,6.125333836330283,0.140251,10,2
162,Edward Scissorhands,1990,1990-12-05,12,1990s,Fantasy,Fantasy|Drama|Romance,Tim Burton,Johnny Depp,105.0,90-105 min,2.0,20000000.0,53000000.0,33377970.8062916,88451622.6366727,33000000.0,2.65,Profitable,True,7.4,1939,6.876665317888243,2.285811,28,14
103370,Madea's Witness Protection,2012,2012-06-29,6,2010s,Drama,Drama|Comedy|Crime,Tyler Perry,Tyler Perry,114.0,105-120 min,3.0,,,,,,,Unknown,False,6.1,43,6.126438020426435,0.285321,11,10
1051,The French Connection,1971,1971-10-09,10,1970s,Action,Action|Crime|Thriller,William Friedkin,Gene Hackman,104.0,90-105 min,2.0,1800000.0,41158757.0,9693350.84598719,221647928.880961,39358757.0,22.86597611111111,Profitable,True,7.0,201,6.240078810583097,0.604241,11,22
10073,Date Movie,2006,2006-02-17,2,2000s,Comedy,Comedy,"Jason Friedberg, Aaron Seltzer",Alyson Hannigan,83.0,< 90 min,1.0,20000000.0,48548426.0,21633383.1658314,52513335.0878007,28548426.0,2.4274213,Profitable,True,3.9,103,5.96983498616277,0.698297,22,18
16690,Return to Never Land,2002,2002-02-14,2,2000s,Adventure,Adventure|Fantasy|Animation|Family,"Robin Budd, Donovan Cook",Harriet Owen,72.0,< 90 min,1.0,20000000.0,109862682.0,24245227.8724109,133182287.988211,89862682.0,5.4931341,Profitable,True,6.2,174,6.135558247717933,0.678896,12,9
273895,Selma,2014,2014-12-25,12,2010s,History,History|Drama,Ava DuVernay,David Oyelowo,127.0,120-150 min,4.0,20000000.0,66787908.0,18421821.0154291,61517744.3585475,46787908.0,3.3393954,Profitable,True,7.5,580,6.538931057513972,1.754707,38,18
14873,The Jungle Book 2,2003,2003-02-07,2,2000s,Family,Family|Animation|Adventure,Steve Trenbirth,John Goodman,72.0,< 90 min,1.0,20000000.0,135680000.0,23707052.8956505,160828646.844093,115680000.0,6.784,Profitable,True,5.6,156,6.072807468603253,1.781615,9,10
8968,Boogeyman,2005,2005-02-04,2,2000s,Thriller,Thriller|Horror|Drama|Mystery,Stephen T. Kay,Emily Deschanel,89.0,< 90 min,1.0,20000000.0,67192859.0,22331265.7930898,75025079.6863305,47192859.0,3.35964295,Profitable,True,4.5,91,6.0248055901583095,0.369596,17,47
9963,Premonition,2007,2007-02-08,2,2000s,Fantasy,Fantasy|Drama|Mystery,Mennan Yapo,Sandra Bullock,110.0,105-120 min,3.0,20000000.0,84146832.0,21033371.6526309,88494579.5423748,64146832.0,4.2073416,Profitable,True,5.9,213,6.0963860368437075,1.052831,20,22
15655,The Tigger Movie,2000,2000-02-11,2,2000s,Animation,Animation|Family,Jun Falkenstein,Jim Cummings,77.0,< 90 min,1.0,30000000.0,45554533.0,37988763.4302941,57685345.9104842,15554533.0,1.5184844333333334,Profitable,True,6.5,88,6.150021883598761,0.495241,8,30
21208,Orphan,2009,2009-07-24,7,2000s,Horror,Horror|Thriller|Mystery,Jaume Collet-Serra,Vera Farmiga,123.0,120-150 min,4.0,20000000.0,41596251.0,20328008.682499,42278447.5743705,21596251.0,2.07981255,Profitable,True,6.5,707,6.255129085603694,1.099003,24,32
272878,Max,2015,2015-06-26,6,2010s,Adventure,Adventure|Drama|Family,Boaz Yakin,Thomas Haden Church,111.0,105-120 min,3.0,20000000.0,43967255.0,18399991.9040035,40449856.802063,23967255.0,2.19836275,Profitable,True,7.0,214,6.246378775803693,1.278928,34,15
9760,Epic Movie,2007,2007-01-25,1,2000s,Action,Action|Adventure|Comedy,"Jason Friedberg, Aaron Seltzer",Kal Penn,86.0,< 90 min,1.0,20000000.0,86865564.0,21033371.6526309,91353784.5713698,66865564.0,4.3432782,Profitable,True,3.4,170,5.823073655493585,0.57106,18,15
314365,Spotlight,2015,2015-11-06,11,2010s,Drama,Drama|Thriller|History,Tom McCarthy,Mark Ruffalo,128.0,120-150 min,4.0,20000000.0,88346473.0,18399991.9040035,81278719.3973634,68346473.0,4.41732365,Profitable,True,7.8,1559,7.022466293068474,4.062293,74,98
13279,Lakeview Terrace,2008,2008-09-19,9,2000s,Drama,Drama|Crime|Thriller,Neil LaBute,Samuel L. Jackson,110.0,105-120 min,3.0,20000000.0,27640028.0,20255732.6761833,27993450.9165111,7640028.0,1.3820014,Profitable,True,5.8,147,6.095227871785872,0.417779,17,17
1975,The Grudge 2,2006,2006-10-13,10,2000s,Horror,Horror|Thriller,Takashi Shimizu,Sarah Michelle Gellar,102.0,90-105 min,2.0,20000000.0,39143839.0,21633383.1658314,42340683.3834308,19143839.0,1.95719195,Profitable,True,5.3,151,6.044280485242026,0.405342,21,18
33644,How Stella Got Her Groove Back,1998,1998-08-14,8,1990s,Comedy,Comedy|Drama|Romance,Kevin Rodney Sullivan,Angela Bassett,124.0,120-150 min,4.0,20000000.0,37672350.0,26753909.3815659,50394131.9045318,17672350.0,1.8836175,Profitable,True,6.5,10,6.130009939401637,0.162242,38,9
1649,Bill & Ted's Bogus Journey,1991,1991-07-19,7,1990s,Adventure,Adventure|Fantasy|Comedy|Science Fiction|Family,Peter Hewitt,Keanu Reeves,98.0,90-105 min,2.0,,,,,,,Unknown,False,5.9,161,6.103126234794914,1.222105,33,13
9895,Man of the Year,2006,2006-10-09,10,2000s,Comedy,Comedy|Drama|Romance|Thriller,Barry Levinson,Robin Williams,115.0,105-120 min,3.0,20000000.0,41237648.0,21633383.1658314,44605492.0020841,21237648.0,2.0618824,Profitable,True,5.4,64,6.094454945587598,0.360145,28,17
9570,The Black Hole,1979,1979-12-18,12,1970s,Adventure,Adventure|Family|Science Fiction|Action,Gary Nelson,Maximilian Schell,98.0,90-105 min,2.0,20000000.0,35841901.0,60091080.0500318,107688927.106815,15841901.0,1.79209505,Profitable,True,5.8,54,6.114726623349032,0.516927,9,38
27579,The American,2010,2010-08-31,8,2010s,Crime,Crime|Drama|Thriller,Anton Corbijn,George Clooney,104.0,90-105 min,2.0,20000000.0,65464324.0,20000000.0,65464324.0,45464324.0,3.2732162,Profitable,True,5.6,290,6.034271977579085,0.856221999999999,20,51
16052,Selena,1997,1997-03-21,3,1990s,Documentary,Documentary|Drama,Gregory Nava,Jennifer Lopez,127.0,120-150 min,4.0,20000000.0,60000000.0,27169206.4214419,81507619.2643258,40000000.0,3.0,Profitable,True,6.9,82,6.171399316438809,0.46602,12,19
40264,Vampires Suck,2010,2010-08-18,8,2010s,Horror,Horror|Comedy,"Jason Friedberg, Aaron Seltzer",Chris Riggi,82.0,< 90 min,1.0,20000000.0,80547866.0,20000000.0,80547866.0,60547866.0,4.0273933,Profitable,True,4.3,177,5.916038507176392,1.004446,21,18
1164,Babel,2006,2006-09-08,9,2000s,Drama,Drama,Alejandro González Iñárritu,Brad Pitt,143.0,120-150 min,4.0,25000000.0,135330182.0,27041728.9572893,146382484.055385,110330182.0,5.41320728,Profitable,True,6.7,606,6.304344961143704,2.160936,50,23
239678,This Is Where I Leave You,2014,2014-09-10,9,2010s,Drama,Drama|Comedy,Shawn Levy,Jason Bateman,103.0,90-105 min,2.0,19800000.0,41296320.0,18237602.8052749,38037670.7817944,21496320.0,2.085672727272727,Profitable,True,6.5,377,6.208449285620572,0.876066,33,9
14359,Doubt,2008,2008-11-27,11,2000s,Drama,Drama|Mystery,John Patrick Shanley,Meryl Streep,104.0,90-105 min,2.0,20000000.0,50907234.0,20255732.6761833,51558166.1593956,30907234.0,2.5453617,Profitable,True,6.7,197,6.200017122260185,0.743689,45,26
3989,Team America: World Police,2004,2004-10-11,10,2000s,Music,Music|Adventure|Animation|Action|Comedy,Trey Parker,Trey Parker,98.0,90-105 min,2.0,32000000.0,50907422.0,36942252.7939887,58769839.1441957,18907422.0,1.5908569375,Profitable,True,6.5,391,6.2107882404090144,0.73712,6,28
76617,Texas Chainsaw 3D,2013,2013-01-03,1,2010s,Horror,Horror|Thriller,John Luessenhop,Alexandra Daddario,92.0,90-105 min,2.0,20000000.0,47241945.0,18720667.0548084,44220036.1683287,27241945.0,2.36209725,Profitable,True,5.4,302,5.994654041626576,1.120621,20,27
1710,Copycat,1995,1995-10-27,10,1990s,Drama,Drama|Thriller,Jon Amiel,Sigourney Weaver,124.0,120-150 min,4.0,,,,,,,Unknown,False,6.3,75,6.136342144243072,0.808542,15,21
4258,Scary Movie 5,2013,2013-04-11,4,2010s,Comedy,Comedy,Malcolm D. Lee,Simon Rex,86.0,< 90 min,1.0,20000000.0,78378744.0,18720667.0548084,73365118.5299034,58378744.0,3.9189372,Profitable,True,4.6,532,5.696488287120393,0.723277,19,22
20391,Paint Your Wagon,1969,1969-10-15,10,1960s,Drama,Drama|Action|Comedy|Western|Music,Joshua Logan,Lee Marvin,158.0,> 150 min,5.0,,,,,,,Unknown,False,5.1,28,6.106465927456604,0.411816,13,9
10139,Milk,2008,2008-11-26,11,2000s,History,History|Drama,Gus Van Sant,Sean Penn,128.0,120-150 min,4.0,20000000.0,54586584.0,20255732.6761833,55284562.6605013,34586584.0,2.7293292,Profitable,True,7.1,325,6.3155539028871255,0.759672999999999,13,6
9645,Ghost Ship,2002,2002-10-25,10,2000s,Horror,Horror|Mystery|Thriller,Steve Beck,Gabriel Byrne,91.0,90-105 min,2.0,35000000.0,68349884.0,42429148.7767191,82857925.6316427,33349884.0,1.9528538285714285,Profitable,True,5.2,265,5.975508960742248,1.090465,11,105
55465,A Very Harold & Kumar Christmas,2011,2011-11-04,11,2010s,Comedy,Comedy,Todd Strauss-Schulson,Neil Patrick Harris,108.0,105-120 min,3.0,19000000.0,35387212.0,18418562.8092379,34304294.0455694,16387212.0,1.862484842105263,Profitable,True,6.0,186,6.11190608294122,1.024786,24,24
617,Wild Things,1998,1998-03-20,3,1990s,Crime,Crime|Drama|Mystery,John McNaughton,Matt Dillon,108.0,105-120 min,3.0,20000000.0,67200000.0,26753909.3815659,89893135.5220617,47200000.0,3.36,Profitable,True,6.1,231,6.12330235211518,1.408985,34,9
19904,The Stepfather,2009,2009-10-16,10,2000s,Horror,Horror|Thriller|Mystery,Nelson McCormick,Dylan Walsh,101.0,90-105 min,2.0,,,,,,,Unknown,False,5.6,84,6.0964790754035,0.471412,15,17
48289,The Debt,2010,2010-04-11,4,2010s,Drama,Drama|Thriller,John Madden,Helen Mirren,113.0,105-120 min,3.0,20000000.0,45636368.0,20000000.0,45636368.0,25636368.0,2.2818184,Profitable,True,6.1,147,6.124606327584953,0.670027,9,49
243,High Fidelity,2000,2000-03-17,3,2000s,Comedy,Comedy|Drama|Romance|Music,Stephen Frears,John Cusack,113.0,105-120 min,3.0,30000000.0,47126295.0,37988763.4302941,59675655.7367084,17126295.0,1.5708765,Profitable,True,7.0,379,6.318127377726485,0.697768,49,14
6933,One Missed Call,2008,2008-01-04,1,2000s,Horror,Horror|Mystery|Thriller,Eric Valette,Shannyn Sossamon,87.0,< 90 min,1.0,20000000.0,,20255732.6761833,,,,Unknown,False,4.8,103,6.0334545043838945,0.475129,20,41
17182,Eye for an Eye,1996,1996-01-12,1,1990s,Drama,Drama|Thriller,John Schlesinger,Sally Field,101.0,90-105 min,2.0,20000000.0,,27804334.779205,,,,Unknown,False,6.1,28,6.126724953576278,0.506901,17,28
8848,The Bank Job,2008,2008-02-28,2,2000s,Thriller,Thriller|Crime|Drama,Roger Donaldson,Jason Statham,112.0,105-120 min,3.0,20000000.0,64822796.0,20255732.6761833,65651661.3549383,44822796.0,3.2411398,Profitable,True,6.4,413,6.19101723634077,1.354387,27,56
38,Eternal Sunshine of the Spotless Mind,2004,2004-03-19,3,2000s,Science Fiction,Science Fiction|Drama|Romance,Michel Gondry,Jim Carrey,108.0,105-120 min,3.0,20000000.0,72258126.0,23088907.9962429,83418061.1597466,52258126.0,3.6129063,Profitable,True,7.8,2012,7.127104529971709,3.863377,19,21
38303,You Again,2010,2010-09-24,9,2010s,Comedy,Comedy|Romance,Andy Fickman,Kristen Bell,105.0,90-105 min,2.0,20000000.0,32005248.0,20000000.0,32005248.0,12005248.0,1.6002624,Profitable,True,6.0,213,6.109978022039291,0.982925,15,13
1266,Street Kings,2008,2008-04-10,4,2000s,Action,Action|Crime|Drama|Thriller,David Ayer,Keanu Reeves,109.0,105-120 min,3.0,20000000.0,65569869.0,20255732.6761833,66408286.903818,45569869.0,3.27849345,Profitable,True,6.2,173,6.135516048940982,0.95684,48,16
107985,The World's End,2013,2013-07-18,7,2010s,Comedy,Comedy|Action|Science Fiction,Edgar Wright,Simon Pegg,109.0,105-120 min,3.0,20000000.0,,18720667.0548084,,,,Unknown,False,6.6,1143,6.343657265763394,2.025335,55,11
14043,Nancy Drew,2007,2007-06-15,6,2000s,Action,Action|Adventure|Crime|Family|Mystery,Andrew Fleming,Emma Roberts,99.0,90-105 min,2.0,,,,,,,Unknown,False,5.6,86,6.095789569014494,0.237153,28,45
19901,Daybreakers,2009,2009-01-06,1,2000s,Fantasy,Fantasy|Horror|Action|Thriller|Science Fiction,"Michael Spierig, Peter Spierig",Ethan Hawke,98.0,90-105 min,2.0,20000000.0,51416464.0,20328008.682499,52259716.33077,31416464.0,2.5708232,Profitable,True,5.9,368,6.078710039102127,0.966959,16,67
34016,She's Out of My League,2010,2010-03-11,3,2010s,Comedy,Comedy|Romance,Jim Field Smith,Alice Eve,104.0,90-105 min,2.0,20000000.0,49779728.0,20000000.0,49779728.0,29779728.0,2.4889864,Profitable,True,5.9,318,6.084053919225987,0.61643,14,38
59860,Monte Carlo,2011,2011-07-01,7,2010s,Adventure,Adventure|Comedy|Romance,Thomas Bezucha,Selena Gomez,109.0,105-120 min,3.0,20000000.0,17425000.0,19387960.8518294,16891760.8921564,-2575000.0,0.87125,Loss-making,True,5.9,359,6.079648916197404,0.410616,16,26
10069,Stay Alive,2006,2006-03-24,3,2000s,Horror,Horror|Thriller,William Brent Bell,Jon Foster,100.0,90-105 min,2.0,9000000.0,27105095.0,9735022.42462415,29318745.2940631,18105095.0,3.011677222222222,Profitable,True,5.3,83,6.079497987848982,0.189838,20,28
9588,Quigley Down Under,1990,1990-10-17,10,1990s,Romance,Romance|Action|Adventure|Western|Drama,Simon Wincer,Tom Selleck,119.0,105-120 min,3.0,,,,,,,Unknown,False,6.4,81,6.142670586257245,0.238422,8,7
12819,Alpha and Omega,2010,2010-09-17,9,2010s,Family,Family|Animation,"Ben Gluck, Anthony Bell",Hayden Panettiere,88.0,< 90 min,1.0,20000000.0,39300000.0,20000000.0,39300000.0,19300000.0,1.965,Profitable,True,5.5,84,6.090638035142043,0.495162,12,4
9954,The Covenant,2006,2006-09-08,9,2000s,Action,Action|Adventure|Fantasy|Horror|Science Fiction,Renny Harlin,Steven Strait,97.0,90-105 min,2.0,20000000.0,37597471.0,21633383.1658314,40668024.8104618,17597471.0,1.87987355,Profitable,True,5.2,164,6.027103984149774,0.357462,20,22
10115,Stick It,2006,2006-04-21,4,2000s,Comedy,Comedy|Drama,Jessica Bendinger,Jeff Bridges,105.0,90-105 min,2.0,,,,,,,Unknown,False,6.0,82,6.120010137412279,0.60214,21,20
25132,Shorts,2009,2009-08-21,8,2000s,Comedy,Comedy|Family,Robert Rodriguez,Jimmy Bennett,89.0,< 90 min,1.0,40000000.0,28972508.0,40656017.3649981,29447669.7088886,-11027492.0,0.7243127,Loss-making,True,4.8,20,6.1079590701825,0.347707,29,22
577,To Die For,1995,1995-05-20,5,1990s,Fantasy,Fantasy|Drama|Comedy|Thriller,Gus Van Sant,Nicole Kidman,106.0,105-120 min,3.0,20000000.0,21284514.0,28619337.3421393,30457434.3164743,1284514.0,1.0642257,Profitable,True,6.4,76,6.1417708959777455,1.016022,14,16
12690,Appaloosa,2008,2008-09-26,9,2000s,Drama,Drama|Western|Crime,Ed Harris,Viggo Mortensen,115.0,105-120 min,3.0,20000000.0,20211394.0,20255732.6761833,20469829.6938508,211394.0,1.0105697,Profitable,True,6.2,154,6.1347036392399525,0.646243999999999,14,44
9945,Vampires,1998,1998-10-30,10,1990s,Action,Action|Drama|Fantasy|Horror|Thriller,John Carpenter,James Woods,108.0,105-120 min,3.0,20000000.0,,26753909.3815659,,,,Unknown,False,5.8,109,6.102895604085689,0.62685,12,13
539,Psycho,1960,1960-08-14,8,1960s,Drama,Drama|Horror|Thriller,Alfred Hitchcock,Anthony Perkins,109.0,105-120 min,3.0,806948.0,32000000.0,5949601.34364958,235934958.630279,31193052.0,39.655591190510414,Profitable,True,8.0,1180,6.9993080613779135,2.610362,30,22
13596,My Best Friend's Girl,2008,2008-09-19,9,2000s,Comedy,Comedy,Howard Deutch,Dane Cook,101.0,90-105 min,2.0,20000000.0,36620508.0,20255732.6761833,37088761.0257016,16620508.0,1.8310254,Profitable,True,5.3,127,6.056340934668674,0.335116,33,24
226857,Endless Love,2014,2014-02-12,2,2010s,Drama,Drama|Romance,Shana Feste,Alex Pettyfer,103.0,90-105 min,2.0,20000000.0,34077920.0,18421821.0154291,31388867.1409057,14077920.0,1.703896,Profitable,True,6.6,357,6.225905299712332,1.077877,38,7
13159,Georgia Rule,2007,2007-05-11,5,2000s,Comedy,Comedy|Drama|Romance,Garry Marshall,Jane Fonda,113.0,105-120 min,3.0,20000000.0,,21033371.6526309,,,,Unknown,False,5.4,71,6.09104382733687,0.608302,11,2
526,Ladyhawke,1985,1985-04-03,4,1980s,Adventure,Adventure|Fantasy,Richard Donner,Matthew Broderick,121.0,120-150 min,4.0,20000000.0,18432000.0,40543321.0453284,37364724.6753747,-1568000.0,0.9216,Loss-making,True,6.6,124,6.166934955914872,1.753688,15,19
22796,Simon Birch,1998,1998-09-11,9,1990s,Comedy,Comedy|Drama|Family,Mark Steven Johnson,Jim Carrey,114.0,105-120 min,3.0,20000000.0,18253415.0,26753909.3815659,24417510.5407058,-1746585.0,0.91267075,Loss-making,True,6.9,24,6.140734749537604,0.53388,5,2
2355,Reign Over Me,2007,2007-03-23,3,2000s,Drama,Drama,Mike Binder,Adam Sandler,124.0,120-150 min,4.0,20000000.0,22222308.0,21033371.6526309,23370503.1571616,2222308.0,1.1111154,Profitable,True,7.0,180,6.229676395500797,0.390284,31,15
5915,Into the Wild,2007,2007-09-11,9,2000s,Adventure,Adventure|Drama,Sean Penn,Emile Hirsch,148.0,120-150 min,4.0,15000000.0,56255142.0,15775028.7394731,59161765.4528763,41255142.0,3.7503428,Profitable,True,7.7,1768,7.017887498266479,2.194526,25,50
9842,School for Scoundrels,2006,2006-09-29,9,2000s,Comedy,Comedy|Drama|Romance,Todd Phillips,Billy Bob Thornton,100.0,90-105 min,2.0,20000000.0,17807569.0,21633383.1658314,19261898.1714491,-2192431.0,0.89037845,Loss-making,True,5.5,53,6.103650457208282,0.533965999999999,33,26
61012,Silent Hill: Revelation 3D,2012,2012-10-10,10,2010s,Thriller,Thriller|Horror|Mystery,Michael J. Bassett,Adelaide Clemens,94.0,90-105 min,2.0,20000000.0,52302796.0,18994885.6270449,49674281.3997331,32302796.0,2.6151398,Profitable,True,5.1,262,5.960736686057653,0.843148999999999,22,25
755,From Dusk Till Dawn,1996,1996-01-19,1,1990s,Horror,Horror|Action|Thriller|Crime,Robert Rodriguez,George Clooney,108.0,105-120 min,3.0,19000000.0,25836616.0,26414118.0402448,35918496.0412883,6836616.0,1.3598218947368421,Profitable,True,6.9,863,6.4280576240754925,1.353504,33,75
13682,Pooh's Heffalump Movie,2005,2005-02-11,2,2000s,Animation,Animation|Family,Frank Nissen,Jim Cummings,68.0,< 90 min,1.0,,,,,,,Unknown,False,6.4,48,6.136614049167515,0.401154,8,9
9089,Home for the Holidays,1995,1995-11-02,11,1990s,Comedy,Comedy|Drama|Romance,Jodie Foster,Holly Hunter,103.0,90-105 min,2.0,,17519169.0,,25069350.3782474,,,Unknown,False,6.5,11,6.130280974535032,0.264432,10,17
7979,The Kite Runner,2007,2007-10-14,10,2000s,Drama,Drama,Marc Forster,Khalid Abdalla,128.0,120-150 min,4.0,20000000.0,73276047.0,21033371.6526309,77062116.4893325,53276047.0,3.66380235,Profitable,True,7.3,223,6.293099079536981,0.505809,16,16
470,21 Grams,2003,2003-09-06,9,2000s,Drama,Drama|Crime|Thriller,Alejandro González Iñárritu,Sean Penn,124.0,120-150 min,4.0,20000000.0,60427839.0,23707052.8956505,71628298.7771428,40427839.0,3.02139195,Profitable,True,7.0,520,6.369428823615481,0.995361,27,14
15644,Paparazzi,2004,2004-09-03,9,2000s,Action,Action|Drama|Thriller,Paul Abascal,Cole Hauser,84.0,< 90 min,1.0,20000000.0,16605763.0,23088907.9962429,19170446.7057207,-3394237.0,0.83028815,Loss-making,True,5.9,28,6.122673148352343,0.41942,10,34
9582,A Guy Thing,2003,2003-01-17,1,2000s,Comedy,Comedy|Romance,Chris Koch,Jason Lee,101.0,90-105 min,2.0,20000000.0,17432163.0,23707052.8956505,20663260.5163301,-2567837.0,0.87160815,Loss-making,True,5.3,46,6.100097534703073,0.403468,16,11
10642,Loser,2000,2000-07-21,7,2000s,Drama,Drama|Comedy|Romance|Family,Amy Heckerling,Jason Biggs,98.0,90-105 min,2.0,,,,,,,Unknown,False,5.2,56,6.090452136967429,0.361563,16,8
22074,Capitalism: A Love Story,2009,2009-09-06,9,2000s,Documentary,Documentary,Michael Moore,Michael Moore,120.0,105-120 min,3.0,20000000.0,17436509.0,20328008.682499,17722475.3172236,-2563491.0,0.87182545,Loss-making,True,6.9,78,6.169364261111496,0.576401,9,2
2428,The Greatest Story Ever Told,1965,1965-02-15,2,1960s,Drama,Drama|History,George Stevens,Max von Sydow,199.0,> 150 min,5.0,20000000.0,12000000.0,138411273.875079,83046764.3250478,-8000000.0,0.6,Loss-making,True,5.7,13,6.123214511255777,0.146033,59,19
290751,Secret in Their Eyes,2015,2015-10-14,10,2010s,Crime,Crime|Drama|Mystery,Billy Ray,Chiwetel Ejiofor,111.0,105-120 min,3.0,19500000.0,32189727.0,17939992.1064034,29614535.8096042,12689727.0,1.6507552307692308,Profitable,True,6.2,202,6.136717793418015,1.315266,11,9
13805,Disaster Movie,2008,2008-08-29,8,2000s,Action,Action|Comedy,"Jason Friedberg, Aaron Seltzer",Matt Lanter,87.0,< 90 min,1.0,25000000.0,14109284.0,25319665.8452291,14289694.2478175,-10890716.0,0.56437136,Loss-making,True,3.3,130,5.879621695531146,0.812489,15,13
4597,Armored,2009,2009-12-04,12,2000s,Action,Action|Crime|Drama|Thriller,Nimród Antal,Columbus Short,88.0,< 90 min,1.0,20000000.0,22942221.0,20328008.682499,23318483.3841906,2942221.0,1.14711105,Profitable,True,5.6,117,6.085341960667373,0.630068,16,13
9414,The Man Who Knew Too Little,1997,1997-11-14,11,1990s,Comedy,Comedy|Thriller|Crime|Action,Jon Amiel,Bill Murray,97.0,90-105 min,2.0,20000000.0,13801755.0,27169206.4214419,18749136.5286584,-6198245.0,0.69008775,Loss-making,True,6.5,64,6.144098835299184,0.37438,31,18
63492,What's Your Number?,2011,2011-09-30,9,2010s,Comedy,Comedy|Romance,Mark Mylod,Chris Evans,106.0,105-120 min,3.0,20000000.0,30426096.0,19387960.8518294,29494997.9061002,10426096.0,1.5213048,Profitable,True,6.2,390,6.143539108042987,1.120851,37,7
81796,Lockout,2012,2012-04-12,4,2010s,Action,Action|Thriller|Science Fiction,"Stephen St. Leger, James Mather",Guy Pearce,95.0,90-105 min,2.0,20000000.0,32204030.0,18994885.6270449,30585593.3289961,12204030.0,1.6102015,Profitable,True,5.8,488,6.040576819031417,1.068764,13,19
10710,Envy,2004,2004-04-30,4,2000s,Comedy,Comedy,Barry Levinson,Ben Stiller,99.0,90-105 min,2.0,40000000.0,,46177815.9924859,,,,Unknown,False,4.9,76,6.062056190712379,0.287114,42,23
15092,Crank: High Voltage,2009,2009-04-16,4,2000s,Action,Action|Thriller|Crime,"Brian Taylor, Mark Neveldine",Jason Statham,96.0,90-105 min,2.0,20000000.0,34560577.0,20328008.682499,35127385.4664088,14560577.0,1.72802885,Profitable,True,5.9,560,6.06078394981337,1.487114,27,86
11382,Bullets Over Broadway,1994,1994-10-14,10,1990s,Action,Action|Comedy|Thriller,Woody Allen,John Cusack,98.0,90-105 min,2.0,,,,,,,Unknown,False,6.7,59,6.151189978301446,0.493082,11,8
8198,The Quiet American,2002,2002-11-22,11,2000s,Drama,Drama|Action|Thriller|Romance,Phillip Noyce,Michael Caine,101.0,90-105 min,2.0,30000000.0,27674124.0,36367841.8086164,33548272.1274678,-2325876.0,0.9224708,Loss-making,True,5.6,34,6.114362479891775,0.53098,42,15
6963,The Weather Man,2005,2005-10-20,10,2000s,Comedy,Comedy|Drama,Gore Verbinski,Nicolas Cage,101.0,90-105 min,2.0,20000000.0,12482775.0,22331265.7930898,13937808.3180168,-7517225.0,0.62413875,Loss-making,True,5.7,147,6.0854350531861785,0.707056,11,20
15070,Undisputed,2002,2002-08-23,8,2000s,Action,Action|Adventure|Drama|Thriller,Walter Hill,Wesley Snipes,96.0,90-105 min,2.0,20000000.0,12398628.0,24245227.8724109,15030378.0582627,-7601372.0,0.6199314,Loss-making,True,6.3,60,6.134606151147565,0.872571999999999,21,3
12797,Ghost Town,2008,2008-09-19,9,2000s,Comedy,Comedy|Fantasy|Romance,David Koepp,Ricky Gervais,102.0,90-105 min,2.0,,,,,,,Unknown,False,6.1,127,6.124938598567128,0.555690999999999,24,14
17134,12 Rounds,2009,2009-03-19,3,2000s,Action,Action|Adventure|Drama|Thriller,Renny Harlin,John Cena,108.0,105-120 min,3.0,20000000.0,17280326.0,20328008.682499,17563730.8482207,-2719674.0,0.8640163,Loss-making,True,5.9,130,6.10736915190201,0.826039,61,44
41402,Let Me In,2010,2010-10-01,10,2010s,Drama,Drama|Horror|Mystery,Matt Reeves,Kodi Smit-McPhee,116.0,105-120 min,3.0,20000000.0,24145613.0,20000000.0,24145613.0,4145613.0,1.20728065,Profitable,True,6.6,353,6.225028737823076,0.919635,24,21
18885,3 Ninjas Kick Back,1994,1994-05-06,5,1990s,Adventure,Adventure|Action|Comedy|Family,Charles T. Kanganis,Victor Wong,93.0,90-105 min,2.0,,,,,,,Unknown,False,4.5,24,6.098938072953902,0.353898,50,2
4953,Be Kind Rewind,2008,2008-01-20,1,2000s,Drama,Drama|Comedy,Michel Gondry,Jack Black,102.0,90-105 min,2.0,,,,,,,Unknown,False,6.1,214,6.123554976301111,0.578298,9,12
10773,Mrs Henderson Presents,2005,2005-09-09,9,2000s,Comedy,Comedy|Drama,Stephen Frears,Judi Dench,103.0,90-105 min,2.0,,,,,,,Unknown,False,6.3,28,6.130776758800212,0.190708,16,14
2639,Deconstructing Harry,1997,1997-08-26,8,1990s,Comedy,Comedy|Drama,Woody Allen,Woody Allen,96.0,90-105 min,2.0,,,,,,,Unknown,False,6.9,73,6.1668043993677895,0.56776,22,9
10563,Three to Tango,1999,1999-10-22,10,1990s,Comedy,Comedy|Romance,Damon Santostefano,Matthew Perry,98.0,90-105 min,2.0,20000000.0,,26181056.9318864,,,,Unknown,False,5.0,29,6.103641499774255,0.45956,14,24
295964,Burnt,2015,2015-10-02,10,2010s,Drama,Drama,John Wells,Bradley Cooper,100.0,90-105 min,2.0,20000000.0,36606743.0,18399991.9040035,33678188.7415969,16606743.0,1.83033715,Profitable,True,6.3,631,6.182180524073232,2.584264,15,24
5971,We're No Angels,1989,1989-12-15,12,1980s,Comedy,Comedy|Crime|Drama,Neil Jordan,Robert De Niro,106.0,105-120 min,3.0,20000000.0,,35179698.7808651,,,,Unknown,False,5.3,36,6.105853217997104,0.580577999999999,11,12
9716,Everyone Says I Love You,1996,1996-12-06,12,1990s,Drama,Drama|Comedy|Romance,Woody Allen,Drew Barrymore,101.0,90-105 min,2.0,20000000.0,,27804334.779205,,,,Unknown,False,6.3,69,6.135652138526999,0.737518999999999,117,104
11835,Death Sentence,2007,2007-08-31,8,2000s,Action,Action|Crime|Drama|Thriller,James Wan,Kevin Bacon,105.0,90-105 min,2.0,20000000.0,16974459.0,21033371.6526309,17851505.2374672,-3025541.0,0.84872295,Loss-making,True,6.5,148,6.164001436880215,0.470629,14,63
26171,Everybody's Fine,2009,2009-12-04,12,2000s,Drama,Drama,Kirk Jones,Robert De Niro,99.0,90-105 min,2.0,21000000.0,,21344409.116624,,,,Unknown,False,6.5,148,6.164001436880215,0.230953,16,25
31117,Superbabies: Baby Geniuses 2,2004,2004-08-27,8,2000s,Family,Family|Comedy,Bob Clark,Jon Voight,88.0,< 90 min,1.0,,9109322.0,,10516214.8783076,,,Unknown,False,2.1,11,6.09482569653342,0.157959,8,4
9074,The Man,2005,2005-09-08,9,2000s,Action,Action|Comedy|Crime,Les Mayfield,Samuel L. Jackson,83.0,< 90 min,1.0,,12382362.0,,13825690.8484127,,,Unknown,False,5.2,77,6.077385618292064,0.510683,23,9
14396,Code Name: The Cleaner,2007,2007-01-05,1,2000s,Action,Action|Comedy|Crime,Les Mayfield,Cedric the Entertainer,84.0,< 90 min,1.0,20000000.0,10337477.0,21033371.6526309,10871599.7845762,-9662523.0,0.51687385,Loss-making,True,4.9,45,6.08780398709011,0.080562,13,2
15673,Connie and Carla,2004,2004-04-16,4,2000s,Comedy,Comedy,Michael Lembeck,Nia Vardalos,98.0,90-105 min,2.0,20000000.0,11341016.0,23088907.9962429,13092583.7503959,-8658984.0,0.5670508,Loss-making,True,6.8,16,6.135133609472136,0.283606,14,3
171274,Inherent Vice,2014,2014-12-25,12,2010s,Comedy,Comedy|Romance|Crime|Drama|Mystery,Paul Thomas Anderson,Joaquin Phoenix,148.0,120-150 min,4.0,20000000.0,11110975.0,18421821.0154291,10234219.6378454,-8889025.0,0.55554875,Loss-making,True,6.3,552,6.177297391709654,2.160156,101,24
24432,Doogal,2006,2006-02-24,2,2000s,Family,Family,"Frank Passingham, Dave Borthwick, Jean Duval",Daniel Tay,85.0,< 90 min,1.0,,,,,,,Unknown,False,3.6,14,6.101415509347104,0.062503,14,3
109417,Battle of the Year,2013,2013-09-21,9,2010s,Music,Music|Drama,Benson Lee,Josh Holloway,110.0,105-120 min,3.0,20000000.0,16549477.0,18720667.0548084,15490862.4424105,-3450523.0,0.82747385,Loss-making,True,5.9,62,6.117326854274255,0.506169,13,16
106747,Machete Kills,2013,2013-09-12,9,2010s,Action,Action|Crime|Thriller,Robert Rodriguez,Danny Trejo,107.0,105-120 min,3.0,12000000.0,15008161.0,11232400.232885,14048139.259298,3008161.0,1.2506800833333334,Profitable,True,5.2,399,5.916232136408518,0.968034,22,42
10929,Willard,2003,2003-03-14,3,2000s,Horror,Horror,Glen Morgan,Crispin Glover,100.0,90-105 min,2.0,22000000.0,,26077758.1852156,,,,Unknown,False,5.3,30,6.109346548903817,0.309252,6,61
14220,Strange Wilderness,2008,2008-02-01,2,2000s,Comedy,Comedy,Fred Wolf,Steve Zahn,87.0,< 90 min,1.0,,6575282.0,,6659357.72312601,,,Unknown,False,4.6,32,6.092018294739033,0.44086,16,5
46435,Topsy-Turvy,1999,1999-09-03,9,1990s,Comedy,Comedy|Drama|Music,Mike Leigh,Allan Corduner,160.0,> 150 min,5.0,,,,,,,Unknown,False,6.5,14,6.131091702607831,0.187628,44,10
256962,Little Boy,2015,2015-04-23,4,2010s,Comedy,Comedy|Drama|War,Alejandro Monteverde,Jakob Salvati,106.0,105-120 min,3.0,20000000.0,6420319.0,18399991.9040035,5906690.88105601,-13579681.0,0.32101595,Loss-making,True,7.1,113,6.202199276353195,0.829111,81,40
48231,A Dangerous Method,2011,2011-09-30,9,2010s,Drama,Drama|Thriller,David Cronenberg,Keira Knightley,99.0,90-105 min,2.0,15000000.0,27462041.0,14540970.638872,26621648.7909667,12462041.0,1.8308027333333334,Profitable,True,5.9,308,6.085161276901374,0.580693999999999,34,59
3509,A Scanner Darkly,2006,2006-05-25,5,2000s,Animation,Animation|Science Fiction|Thriller,Richard Linklater,Keanu Reeves,100.0,90-105 min,2.0,8500000.0,5480996.0,9194187.84547836,5928624.32991947,-3019004.0,0.6448230588235294,Loss-making,True,6.7,282,6.2259926400206425,0.715451,16,26
82684,Chasing Mavericks,2012,2012-10-25,10,2010s,Drama,Drama,"Curtis Hanson, Michael Apted",Gerard Butler,117.0,105-120 min,3.0,,,,,,,Unknown,False,7.0,159,6.218985234510457,1.119628,13,28
12142,Alone in the Dark,2005,2005-01-28,1,2000s,Action,Action|Fantasy|Horror|Thriller,Uwe Boll,Christian Slater,96.0,90-105 min,2.0,20000000.0,10442808.0,22331265.7930898,11660056.0537102,-9557192.0,0.5221404,Loss-making,True,3.5,74,5.991139666926527,0.370396,29,13
23367,Bandslam,2009,2009-08-06,8,2000s,Comedy,Comedy|Drama|Family|Music,Todd Graff,Vanessa Hudgens,111.0,105-120 min,3.0,20000000.0,5210988.0,20328008.682499,5296450.46541992,-14789012.0,0.2605494,Loss-making,True,5.5,75,6.094357678495398,0.790326,52,17
10740,Birth,2004,2004-09-08,9,2000s,Drama,Drama|Mystery|Thriller,Jonathan Glazer,Nicole Kidman,100.0,90-105 min,2.0,20000000.0,,23088907.9962429,,,,Unknown,False,5.8,84,6.108161155926411,0.622281,10,31
241239,A Most Violent Year,2014,2014-12-30,12,2010s,Action,Action|Thriller|Crime|Drama,J.C. Chandor,Oscar Isaac,125.0,120-150 min,4.0,20000000.0,12007070.0,18421821.0154291,11059604.7229864,-7992930.0,0.6003535,Loss-making,True,6.4,384,6.187530382796026,2.576396,22,78
14582,Passchendaele,2008,2008-10-17,10,2000s,Drama,Drama|Romance|War|History,Paul Gross,Paul Gross,114.0,105-120 min,3.0,,,,,,,Unknown,False,5.5,11,6.122222956807393,0.044583,11,29
14914,Flash of Genius,2008,2008-09-07,9,2000s,Drama,Drama,Marc Abraham,Aaron Abrams,119.0,105-120 min,3.0,,,,,,,Unknown,False,5.7,27,6.118924450320595,0.296576,7,15
3902,I'm Not There.,2007,2007-10-01,10,2000s,Drama,Drama|Music,Todd Haynes,Cate Blanchett,135.0,120-150 min,4.0,20000000.0,4001121.0,21033371.6526309,4207853.25100731,-15998879.0,0.20005605,Loss-making,True,6.5,96,6.1519526641871405,0.373385,18,16
77948,The Cold Light of Day,2012,2012-04-04,4,2010s,Action,Action|Thriller,Mabrouk El Mechri,Henry Cavill,93.0,90-105 min,2.0,20000000.0,16863583.0,18994885.6270449,16016091.5173589,-3136417.0,0.84317915,Loss-making,True,4.8,193,5.961700315647193,0.828573,22,20
21755,The Brothers Bloom,2008,2008-09-09,9,2000s,Adventure,Adventure|Comedy|Drama|Romance,Rian Johnson,Rachel Weisz,114.0,105-120 min,3.0,20000000.0,5530764.0,20255732.6761833,5601483.85395292,-14469236.0,0.2765382,Loss-making,True,6.8,110,6.177820202402686,0.499165,25,20
4960,"Synecdoche, New York",2008,2008-10-24,10,2000s,Drama,Drama,Charlie Kaufman,Philip Seymour Hoffman,124.0,120-150 min,4.0,21000000.0,,21268519.3099925,,,,Unknown,False,7.4,141,6.247305570421894,0.674834,17,12
16608,The Proposition,2005,2005-10-06,10,2000s,Action,Action|Adventure|Crime|Drama|Thriller,John Hillcoat,Guy Pearce,104.0,90-105 min,2.0,2000000.0,5048693.0,2233126.57930898,5637185.26453561,3048693.0,2.5243465,Profitable,True,7.0,103,6.188968882257753,0.191177,24,34
334531,My All American,2015,2015-11-13,11,2010s,Drama,Drama,Angelo Pizzo,Aaron Eckhart,118.0,105-120 min,3.0,20000000.0,,18399991.9040035,,,,Unknown,False,6.9,19,6.137969964560319,0.261717,16,26
7299,Equilibrium,2002,2002-12-06,12,2000s,Action,Action|Science Fiction|Thriller,Kurt Wimmer,Christian Bale,107.0,105-120 min,3.0,20000000.0,5359645.0,24245227.8724109,6497290.71701139,-14640355.0,0.26798225,Loss-making,True,6.9,927,6.441298741106385,1.191235,19,81
19457,The Yards,2000,2000-04-27,4,2000s,Drama,Drama|Action|Thriller|Crime,James Gray,Mark Wahlberg,115.0,105-120 min,3.0,,,,,,,Unknown,False,5.8,41,6.117659349392712,0.558581,16,19
314385,By the Sea,2015,2015-11-12,11,2010s,Drama,Drama|Romance,Angelina Jolie,Angelina Jolie,122.0,120-150 min,4.0,10000000.0,3334927.0,9199995.95200178,3068131.49002214,-6665073.0,0.3334927,Loss-making,True,5.4,82,6.085750684727925,0.524315,20,51
46503,All Good Things,2010,2010-12-03,12,2010s,Drama,Drama|Mystery|Thriller|Crime|Romance,Andrew Jarecki,Kirsten Dunst,101.0,90-105 min,2.0,,,,,,,Unknown,False,5.9,192,6.099053462478348,0.608691,13,3
10448,Rapa Nui,1994,1994-09-09,9,1990s,Adventure,Adventure,Kevin Reynolds,Jason Scott Lee,107.0,105-120 min,3.0,20000000.0,305070.0,29422231.2319632,448792.004096751,-19694930.0,0.0152535,Loss-making,True,6.2,16,6.128126821646429,0.129344,15,10
43935,Dylan Dog: Dead of Night,2010,2010-10-26,10,2010s,Action,Action|Comedy|Horror|Mystery|Science Fiction,Kevin Munroe,Brandon Routh,107.0,105-120 min,3.0,20000000.0,4634062.0,20000000.0,4634062.0,-15365938.0,0.2317031,Loss-making,True,4.9,69,6.067772158202356,0.283241,14,7
11458,People I Know,2002,2002-11-21,11,2000s,Drama,Drama|Thriller,Daniel Algrant,Al Pacino,100.0,90-105 min,2.0,20000000.0,,24245227.8724109,,,,Unknown,False,5.8,23,6.121811457655778,0.211695,16,6
44638,The Tempest,2010,2010-12-10,12,2010s,Fantasy,Fantasy|Drama,Julie Taymor,Helen Mirren,110.0,105-120 min,3.0,20000000.0,346594.0,20000000.0,346594.0,-19653406.0,0.0173297,Loss-making,True,6.1,16,6.126959023675479,0.443807,12,19
241257,Regression,2015,2015-10-01,10,2010s,Horror,Horror|Mystery|Thriller,Alejandro Amenábar,Ethan Hawke,106.0,105-120 min,3.0,,17671101.0,,16257405.7667414,,,Unknown,False,5.2,310,5.954537923404707,1.065888,25,44
14538,Three Kingdoms: Resurrection of the Dragon,2008,2008-04-03,4,2000s,Action,Action|History|Drama,Daniel Lee,Sammo Hung,102.0,90-105 min,2.0,,,,,,,Unknown,False,6.5,22,6.133236362428438,0.318796,6,1
13250,Butterfly on a Wheel,2007,2007-07-27,7,2000s,Crime,Crime|Drama|Thriller,Mike Barker,Pierce Brosnan,95.0,90-105 min,2.0,20000000.0,,21033371.6526309,,,,Unknown,False,6.1,59,6.126138672661363,0.482885,15,19
133931,Zambezia,2012,2012-06-05,6,2010s,Animation,Animation,Wayne Thornley,Jeremy Suarez,83.0,< 90 min,1.0,20000000.0,,18994885.6270449,,,,Unknown,False,5.1,49,6.091402293733713,0.438105,19,5
334074,Survivor,2015,2015-05-21,5,2010s,Crime,Crime|Thriller|Action,James McTeigue,Pierce Brosnan,96.0,90-105 min,2.0,20000000.0,,18399991.9040035,,,,Unknown,False,5.4,280,6.002659909636971,2.331636,20,75
199373,The Frozen Ground,2013,2013-07-18,7,2010s,Thriller,Thriller|Crime,Scott Walker,Nicolas Cage,105.0,90-105 min,2.0,27220000.0,5496951.0,25478827.8615943,5145329.47437983,-21723049.0,0.20194529757531227,Loss-making,True,6.2,304,6.140610673866337,0.784571,19,12
14202,The Painted Veil,2006,2006-12-09,12,2000s,Drama,Drama|Romance,John Curran,Edward Norton,125.0,120-150 min,4.0,19400000.0,,20984381.6708565,,,,Unknown,False,6.9,159,6.208477006369555,0.703833,12,22
581,Dances with Wolves,1990,1990-11-09,11,1990s,Adventure,Adventure|Drama|Western,Kevin Costner,Kevin Costner,181.0,> 150 min,5.0,22000000.0,424208848.0,36715767.8869207,707961527.215729,402208848.0,19.282220363636362,Profitable,True,7.3,585,6.481071919105654,1.695911,57,67
52449,Bad Teacher,2011,2011-05-16,5,2010s,Comedy,Comedy,Jake Kasdan,Cameron Diaz,92.0,90-105 min,2.0,20000000.0,216197492.0,19387960.8518294,209581425.557985,196197492.0,10.8098746,Profitable,True,5.4,953,5.82685906910744,2.604249,45,45
12150,Sea of Love,1989,1989-09-15,9,1980s,Drama,Drama|Crime|Mystery,Harold Becker,Al Pacino,113.0,105-120 min,3.0,19000000.0,110879513.0,33420713.8418218,195035393.41545,91879513.0,5.835763842105263,Profitable,True,6.7,60,6.1515780767539585,0.448357,12,7
11247,A Cinderella Story,2004,2004-07-10,7,2000s,Comedy,Comedy,Mark Rosman,Hilary Duff,95.0,90-105 min,2.0,19000000.0,70067909.0,21934462.5964308,80889575.2195062,51067909.0,3.687784684210526,Profitable,True,5.9,379,6.07757576500939,1.408588,67,31
4232,Scream,1996,1996-12-19,12,1990s,Crime,Crime|Horror|Mystery,Wes Craven,David Arquette,111.0,105-120 min,3.0,14000000.0,173046663.0,19463034.3454435,240572367.523814,159046663.0,12.360475928571429,Profitable,True,6.9,779,6.409472860314928,1.286189,19,81
9378,Thir13en Ghosts,2001,2001-10-26,10,2000s,Horror,Horror|Thriller,Steve Beck,Tony Shalhoub,91.0,90-105 min,2.0,,,,,,,Unknown,False,5.2,221,5.997172597509855,0.648659,25,139
694,The Shining,1980,1980-05-22,5,1980s,Horror,Horror|Thriller,Stanley Kubrick,Jack Nicholson,144.0,120-150 min,4.0,19000000.0,44017374.0,50274698.3055045,116471589.371082,25017374.0,2.316703894736842,Profitable,True,7.9,1894,7.160969969624633,2.432001,12,17
105,Back to the Future,1985,1985-07-03,7,1980s,Adventure,Adventure|Comedy|Science Fiction|Family,Robert Zemeckis,Michael J. Fox,116.0,105-120 min,3.0,19000000.0,381109762.0,38516154.993062,772572771.713735,362109762.0,20.05840852631579,Profitable,True,7.8,3785,7.3592548419641135,6.095293,51,40
11377,House on Haunted Hill,1999,1999-10-29,10,1990s,Horror,Horror|Mystery|Thriller,William Malone,Geoffrey Rush,93.0,90-105 min,2.0,19000000.0,40846082.0,24872004.0852921,53469679.9143251,21846082.0,2.149793789473684,Profitable,True,5.6,84,6.0964790754035,0.548097,15,95
26367,I Can Do Bad All By Myself,2009,2009-09-11,9,2000s,Drama,Drama|Comedy,Tyler Perry,Tyler Perry,113.0,105-120 min,3.0,,,,,,,Unknown,False,6.1,32,6.1266478308475385,0.109178,6,2
41210,The Switch,2010,2010-05-11,5,2010s,Comedy,Comedy|Romance|Drama,"Josh Gordon, Will Speck",Jason Bateman,101.0,90-105 min,2.0,19000000.0,49830607.0,19000000.0,49830607.0,30830607.0,2.6226635263157894,Profitable,True,5.8,388,6.054386406255538,1.147365,20,19
12090,Just Married,2003,2003-01-09,1,2000s,Comedy,Comedy,Shawn Levy,Ashton Kutcher,95.0,90-105 min,2.0,18000000.0,101564935.0,21336347.6060855,120390264.319415,83564935.0,5.642496388888889,Profitable,True,5.3,242,6.001846098826999,0.648946,10,30
62630,The Devil's Double,2011,2011-02-11,2,2010s,Drama,Drama|Action|Thriller|Crime|War,Lee Tamahori,Dominic Cooper,109.0,105-120 min,3.0,19100000.0,5728213.0,18515502.6134971,5552918.46974702,-13371787.0,0.2999064397905759,Loss-making,True,6.3,126,6.1419813244630586,0.363036,18,50
29427,The Crazies,2010,2010-02-26,2,2010s,Mystery,Mystery|Horror|Action,Breck Eisner,Timothy Olyphant,101.0,90-105 min,2.0,20000000.0,54956140.0,20000000.0,54956140.0,34956140.0,2.747807,Profitable,True,6.1,320,6.122063531651499,0.512957,39,76
2669,The Bounty,1984,1984-05-04,5,1980s,Action,Action|Drama|History,Roger Donaldson,Mel Gibson,132.0,120-150 min,4.0,8600000.0,,18051761.5370697,,,,Unknown,False,6.0,50,6.122745216393258,0.493364,28,17
203833,The Book Thief,2013,2013-11-08,11,2010s,Drama,Drama,Brian Percival,Geoffrey Rush,131.0,120-150 min,4.0,,76586316.0,,71687346.1395176,,,Unknown,False,7.3,872,6.586652243087809,1.470189,35,67
13523,Sex Drive,2008,2008-10-16,10,2000s,Comedy,Comedy|Adventure|Romance,Sean Anders,Josh Zuckerman,109.0,105-120 min,3.0,19000000.0,18755936.0,19242946.0423741,18995761.2853801,-244064.0,0.9871545263157895,Loss-making,True,5.9,167,6.102325000550768,2.90047,11,33
25195,Leap Year,2010,2010-01-08,1,2010s,Romance,Romance|Comedy,Anand Tucker,Amy Adams,100.0,90-105 min,2.0,19000000.0,29922472.0,19000000.0,29922472.0,10922472.0,1.5748669473684211,Profitable,True,6.3,283,6.157135519111705,1.2347,15,4
50725,Take Me Home Tonight,2011,2011-03-04,3,2010s,Comedy,Comedy|Drama|Romance,Michael Dowse,Topher Grace,97.0,90-105 min,2.0,19000000.0,6928068.0,18418562.8092379,6716055.55814061,-12071932.0,0.3646351578947368,Loss-making,True,6.3,120,6.141338144181381,0.734516,28,45
82631,Won't Back Down,2012,2012-09-28,9,2010s,Drama,Drama,Daniel Barnz,Viola Davis,121.0,120-150 min,4.0,,5310554.0,,5043668.29231229,,,Unknown,False,5.2,21,6.113116543042522,0.582429,20,11
10065,The Amityville Horror,2005,2005-04-15,4,2000s,Horror,Horror|Thriller|Drama,Andrew Douglas,Ryan Reynolds,90.0,< 90 min,1.0,19000000.0,108047131.0,21214702.5034353,120641460.02709,89047131.0,5.686691105263158,Profitable,True,6.0,293,6.104636365938784,0.773231,18,26
2757,Adaptation.,2002,2002-12-06,12,2000s,Comedy,Comedy|Crime|Drama,Spike Jonze,Nicolas Cage,114.0,105-120 min,3.0,19000000.0,32801173.0,23032966.4787903,39763595.6933686,13801173.0,1.7263775263157894,Profitable,True,7.2,319,6.331807159367505,0.898884,25,18
11683,Land of the Dead,2005,2005-06-24,6,2000s,Horror,Horror,George A. Romero,Simon Baker,93.0,90-105 min,2.0,15000000.0,46770602.0,16748449.3448174,52222337.228241,31770602.0,3.1180401333333334,Profitable,True,5.8,171,6.090581967305601,0.694404,32,77
1878,Fear and Loathing in Las Vegas,1998,1998-05-22,5,1990s,Adventure,Adventure|Drama|Comedy,Terry Gilliam,Johnny Depp,118.0,105-120 min,3.0,18500000.0,10680275.0,24747366.1779485,14286955.4760102,-7819725.0,0.5773121621621622,Loss-making,True,7.1,714,6.4631045686077915,1.090942,28,100
23082,The Invention of Lying,2009,2009-09-13,9,2000s,Comedy,Comedy|Romance|Fantasy,"Ricky Gervais, Matthew Robinson",Ricky Gervais,100.0,90-105 min,2.0,18500000.0,31912793.0,18803408.0313116,32436176.6593397,13412793.0,1.7250158378378377,Profitable,True,5.8,305,6.067112626326185,1.297769,23,36
195589,Neighbors,2014,2014-05-08,5,2010s,Comedy,Comedy,Nicholas Stoller,Seth Rogen,96.0,90-105 min,2.0,18000000.0,268157400.0,16579638.9138862,246997381.338142,250157400.0,14.897633333333333,Profitable,True,6.2,1829,6.1690636669717485,2.376309,51,36
854,The Mask,1994,1994-07-29,7,1990s,Romance,Romance|Comedy|Crime|Fantasy,Chuck Russell,Jim Carrey,101.0,90-105 min,2.0,23000000.0,351583407.0,33835565.9167577,517218414.903772,328583407.0,15.286235086956522,Profitable,True,6.5,1307,6.310340294741939,1.627278,16,14
2280,Big,1988,1988-06-03,6,1980s,Fantasy,Fantasy|Drama|Comedy|Romance|Family,Penny Marshall,Tom Hanks,104.0,90-105 min,2.0,18000000.0,151668774.0,33190038.4156255,279660690.861712,133668774.0,8.426043,Profitable,True,6.7,564,6.295681433886541,2.150682,15,11
496,Borat: Cultural Learnings of America for Make Benefit Glorious Nation of Kazakhstan,2006,2006-11-02,11,2000s,Comedy,Comedy,Larry Charles,Sacha Baron Cohen,82.0,< 90 min,1.0,18000000.0,261572744.0,19470044.8492483,282935169.834497,243572744.0,14.531819111111112,Profitable,True,6.4,979,6.24171555370013,1.930735,12,23
8835,Legally Blonde,2001,2001-07-13,7,2000s,Comedy,Comedy,Robert Luketic,Reese Witherspoon,96.0,90-105 min,2.0,18000000.0,141774679.0,22166786.1004891,174593832.436584,123774679.0,7.8763710555555555,Profitable,True,6.1,480,6.120138791962146,1.69775299999999,21,24
157,Star Trek III: The Search for Spock,1984,1984-05-31,5,1980s,Science Fiction,Science Fiction|Action|Adventure|Thriller,Leonard Nimoy,William Shatner,105.0,90-105 min,2.0,18000000.0,87000000.0,37782756.7054947,182616657.409891,69000000.0,4.833333333333333,Profitable,True,6.1,239,6.1231853357214066,0.82288,18,12
8643,The Exorcism of Emily Rose,2005,2005-09-09,9,2000s,Crime,Crime|Drama|Horror|Thriller,Scott Derrickson,Laura Linney,122.0,120-150 min,4.0,19000000.0,144216468.0,21214702.5034353,161026813.932432,125216468.0,7.590340421052631,Profitable,True,6.2,323,6.141283500290844,0.857834,19,62
10402,Deuce Bigalow: Male Gigolo,1999,1999-12-10,12,1990s,Comedy,Comedy,Mike Mitchell,Rob Schneider,88.0,< 90 min,1.0,17000000.0,65535067.0,22253898.3921034,85788866.0080996,48535067.0,3.8550039411764705,Profitable,True,5.3,154,6.04279991932748,0.328409,16,7
218043,Left Behind,2014,2014-10-03,10,2010s,Thriller,Thriller|Action|Science Fiction,Vic Armstrong,Nicolas Cage,110.0,105-120 min,3.0,16000000.0,19682924.0,14737456.8123433,18129765.1494147,3682924.0,1.23018275,Profitable,True,3.8,253,5.760902593701557,2.601775,27,53
9043,The Family Stone,2005,2005-12-14,12,2000s,Comedy,Comedy|Drama|Romance,Thomas Bezucha,Claire Danes,103.0,90-105 min,2.0,,,,,,,Unknown,False,6.2,164,6.135133758209454,0.67686,10,7
21301,Barbershop 2:  Back in Business,2004,2004-01-20,1,2000s,Comedy,Comedy|Drama,Kevin Rodney Sullivan,Ice Cube,106.0,105-120 min,3.0,18000000.0,65070412.0,20780017.1966186,75120237.7972812,47070412.0,3.615022888888889,Profitable,True,5.7,35,6.116511812207741,0.520891,20,3
10147,Bad Santa,2003,2003-11-25,11,2000s,Drama,Drama|Comedy|Crime,Terry Zwigoff,Billy Bob Thornton,91.0,90-105 min,2.0,23000000.0,76488889.0,27263110.8299981,90666306.8726272,53488889.0,3.3256038695652173,Profitable,True,6.2,353,6.142315364265581,1.70302999999999,19,11
816,Austin Powers: International Man of Mystery,1997,1997-05-02,5,1990s,Science Fiction,Science Fiction|Comedy|Crime,Jay Roach,Mike Myers,94.0,90-105 min,2.0,16500000.0,67683989.0,22414595.2976895,91946013.4283802,51183989.0,4.102059939393939,Profitable,True,6.3,581,6.179136250497531,1.616191,27,22
60307,Diary of a Wimpy Kid: Rodrick Rules,2011,2011-03-25,3,2010s,Family,Family|Comedy,David Bowers,Zachary Gordon,99.0,90-105 min,2.0,21000000.0,72417394.0,20357358.8944209,70201279.9931754,51417394.0,3.448447333333333,Profitable,True,6.4,127,6.150662722529048,0.917718,19,4
106,Predator,1987,1987-06-11,6,1980s,Science Fiction,Science Fiction|Action|Adventure|Thriller,John McTiernan,Arnold Schwarzenegger,107.0,105-120 min,3.0,18000000.0,98235548.0,34543447.8851637,188521918.489361,80235548.0,5.457530444444444,Profitable,True,7.1,1250,6.594196289826725,3.474728,11,66
279,Amadeus,1984,1984-10-26,10,1980s,Drama,Drama|History|Music,Miloš Forman,F. Murray Abraham,160.0,> 150 min,5.0,18000000.0,51973029.0,37782756.7054947,109093572.775256,33973029.0,2.8873905,Profitable,True,7.5,560,6.528889064488674,1.682283,60,28
8617,Prom Night,2008,2008-04-10,4,2000s,Crime,Crime|Horror,Nelson McCormick,Brittany Snow,88.0,< 90 min,1.0,,14796236.0,,14985430.051486,,,Unknown,False,5.1,78,6.071326414592398,0.388417,23,34
10625,Mean Girls,2004,2004-04-30,4,2000s,Comedy,Comedy,Mark Waters,Lindsay Lohan,97.0,90-105 min,2.0,17000000.0,129042871.0,19625571.7968065,148972948.804502,112042871.0,7.590757117647059,Profitable,True,6.8,1357,6.463998582987633,2.629934,38,43
10934,Under the Tuscan Sun,2003,2003-04-30,4,2000s,Comedy,Comedy|Romance|Drama,Audrey Wells,Diane Lane,113.0,105-120 min,3.0,,,,,,,Unknown,False,6.4,96,6.145332431099767,0.640416,18,20
5279,Gosford Park,2001,2001-11-07,11,2000s,Drama,Drama|Mystery|Thriller,Robert Altman,Helen Mirren,137.0,120-150 min,4.0,19800000.0,87754044.0,24383464.7105381,108068062.377828,67954044.0,4.432022424242424,Profitable,True,6.6,107,6.161896214042689,0.781747,30,21
10013,Peggy Sue Got Married,1986,1986-10-05,10,1980s,Comedy,Comedy|Drama|Fantasy|Romance,Francis Ford Coppola,Kathleen Turner,103.0,90-105 min,2.0,18000000.0,41382841.0,35809315.3955188,82327289.1850894,23382841.0,2.299046722222222,Profitable,True,5.7,57,6.110018112350488,0.389778,17,8
194662,Birdman,2014,2014-10-17,10,2010s,Drama,Drama|Comedy,Alejandro González Iñárritu,Michael Keaton,119.0,105-120 min,3.0,18000000.0,103215094.0,16579638.9138862,95070499.387935,85215094.0,5.734171888888889,Profitable,True,7.3,2801,6.9178230507900595,6.90714799999999,50,77
160588,Blue Jasmine,2013,2013-07-25,7,2010s,Comedy,Comedy|Drama,Woody Allen,Cate Blanchett,98.0,90-105 min,2.0,18000000.0,97505481.0,16848600.3493276,91268382.2909977,79505481.0,5.4169711666666664,Profitable,True,6.9,680,6.385598819299825,0.92639,16,13
9829,United 93,2006,2006-04-28,4,2000s,Drama,Drama|History|Crime|Thriller|Action,Paul Greengrass,J.J. Johnson,111.0,105-120 min,3.0,15000000.0,76286096.0,16225037.3743735,82516317.2496701,61286096.0,5.085739733333333,Profitable,True,6.6,180,6.182743340289273,0.463155,24,58
10028,Honey,2003,2003-11-24,11,2000s,Music,Music,Bille Woodruff,Jessica Alba,94.0,90-105 min,2.0,18000000.0,62646763.0,21336347.6060855,74258506.2091142,44646763.0,3.480375722222222,Profitable,True,6.0,156,6.1141292353736665,1.635524,21,17
10535,Spy Hard,1996,1996-05-24,5,1990s,Action,Action|Comedy,Rick Friedberg,Leslie Nielsen,81.0,< 90 min,1.0,18000000.0,,25023901.3012845,,,,Unknown,False,5.1,59,6.0843864965945595,0.354768,38,13
790,The Fog,1980,1980-02-08,2,1980s,Horror,Horror,John Carpenter,Adrienne Barbeau,89.0,< 90 min,1.0,1000000.0,21378361.0,2646036.75292129,56567928.9232191,20378361.0,21.378361,Profitable,True,6.2,128,6.133558166343548,0.659181999999999,15,33
43959,Soul Surfer,2011,2011-04-08,4,2010s,Action,Action|Drama,Sean McNamara,AnnaSophia Robb,106.0,105-120 min,3.0,18000000.0,47088990.0,17449164.7666465,45647974.7336094,29088990.0,2.616055,Profitable,True,6.9,225,6.237379873559479,0.578282,16,3
10364,Catch-22,1970,1970-06-24,6,1970s,War,War|Comedy|Drama,Mike Nichols,Alan Arkin,121.0,120-150 min,4.0,,,,,,,Unknown,False,6.7,30,6.1396911771821205,0.299819,20,21
16991,Observe and Report,2009,2009-04-10,4,2000s,Comedy,Comedy|Crime|Drama,Jody Hill,Seth Rogen,86.0,< 90 min,1.0,,24007324.0,,24401054.5357784,,,Unknown,False,5.5,112,6.079357859857972,0.554339,24,4
9610,Conan the Destroyer,1984,1984-06-29,6,1980s,Adventure,Adventure|Fantasy|Action,Richard Fleischer,Arnold Schwarzenegger,103.0,90-105 min,2.0,18000000.0,31042035.0,37782756.7054947,65158536.4471362,13042035.0,1.7245575,Profitable,True,5.9,193,6.098924800166617,1.247659,11,64
1578,Raging Bull,1980,1980-11-14,11,1980s,Drama,Drama,Martin Scorsese,Robert De Niro,129.0,120-150 min,4.0,18000000.0,23000000.0,47628661.5525832,60858845.3171896,5000000.0,1.2777777777777777,Profitable,True,7.4,437,6.437801662853985,1.328578,47,50
25643,Love Happens,2009,2009-09-18,9,2000s,Drama,Drama|Romance,Brandon Camp,Aaron Eckhart,109.0,105-120 min,3.0,18000000.0,36133014.0,18295207.8142491,36725611.115843,18133014.0,2.0073896666666666,Profitable,True,5.5,117,6.077388728392205,0.908112,16,17
11904,Young Sherlock Holmes,1985,1985-12-04,12,1980s,Action,Action|Adventure|Crime|Drama|Family,Barry Levinson,Nicholas Rowe,109.0,105-120 min,3.0,18000000.0,,36488988.9407956,,,,Unknown,False,6.4,85,6.143385837216157,0.284856,7,11
28665,Fame,2009,2009-01-01,1,2000s,Music,Music|Comedy|Drama|Romance,Kevin Tancharoen,Kay Panabaker,107.0,105-120 min,3.0,,,,,,,Unknown,False,5.3,88,6.076795338976336,0.333551,8,16
44115,127 Hours,2010,2010-11-05,11,2010s,Adventure,Adventure|Drama|Thriller,Danny Boyle,James Franco,94.0,90-105 min,2.0,18000000.0,35692920.0,18000000.0,35692920.0,17692920.0,1.98294,Profitable,True,6.9,1645,6.551114187035369,2.440611,29,68
10569,Small Time Crooks,2000,2000-05-19,5,2000s,Action,Action|Comedy|Crime,Woody Allen,Woody Allen,94.0,90-105 min,2.0,,,,,,,Unknown,False,6.2,78,6.131238431909624,0.498771,21,17
10560,Center Stage,2000,2000-05-12,5,2000s,Drama,Drama|Music,Nicholas Hytner,Amanda Schull,115.0,105-120 min,3.0,18000000.0,17200925.0,22793258.0581765,21781395.6869077,-799075.0,0.9556069444444445,Loss-making,True,7.0,49,6.157755369066904,0.253319,5,4
333348,Love the Coopers,2015,2015-11-12,11,2010s,Family,Family|Comedy,Jessie Nelson,Steve Martin,107.0,105-120 min,3.0,17000000.0,24000000.0,15639993.118403,22079990.2848042,7000000.0,1.411764705882353,Profitable,True,5.3,111,6.064600749667444,2.055572,15,3
20483,Catch That Kid,2004,2004-02-06,2,2000s,Family,Family|Action|Adventure,"Bart Freundlich, James Sbardellati, Peter Merwin",Kristen Stewart,92.0,90-105 min,2.0,18000000.0,16702864.0,20780017.1966186,19282544.5084879,-1297136.0,0.9279368888888889,Loss-making,True,5.2,45,6.097453047200181,0.274886,34,21
11457,Life as a House,2001,2001-10-25,10,2000s,Drama,Drama,Irwin Winkler,Kevin Kline,125.0,120-150 min,4.0,18000000.0,,22166786.1004891,,,,Unknown,False,7.0,60,6.164307020958753,0.605248,9,7
321697,Steve Jobs,2015,2015-10-09,10,2010s,History,History|Drama,Danny Boyle,Michael Fassbender,122.0,120-150 min,4.0,30000000.0,34441873.0,27599987.8560053,31686509.2179359,4441873.0,1.1480624333333334,Profitable,True,6.9,1035,6.4620344725368435,3.079522,19,64
19840,"I Love You, Beth Cooper",2009,2009-07-10,7,2000s,Comedy,Comedy|Romance,Chris Columbus,Hayden Panettiere,102.0,90-105 min,2.0,18000000.0,,18295207.8142491,,,,Unknown,False,4.9,106,6.03817995913826,0.767264,17,13
22327,Youth in Revolt,2009,2009-09-11,9,2000s,Drama,Drama|Comedy|Romance,Miguel Arteta,Michael Cera,87.0,< 90 min,1.0,18000000.0,,18295207.8142491,,,,Unknown,False,5.8,194,6.086264813860716,0.767143999999999,16,6
2575,The Tailor of Panama,2001,2001-02-11,2,2000s,Drama,Drama|Thriller,John Boorman,Pierce Brosnan,109.0,105-120 min,3.0,21000000.0,28008462.0,25861250.4505707,34492088.119871,7008462.0,1.3337362857142858,Profitable,True,5.7,45,6.113534814050299,0.509877999999999,14,35
11644,Blow Out,1981,1981-07-24,7,1980s,Drama,Drama|Mystery|Thriller,Brian De Palma,John Travolta,108.0,105-120 min,3.0,18000000.0,12000000.0,43167434.4874226,28778289.6582817,-6000000.0,0.6666666666666666,Loss-making,True,7.4,90,6.206596882721261,0.308408,17,8
146227,Getaway,2013,2013-08-29,8,2010s,Action,Action|Crime,Courtney Solomon,Ethan Hawke,90.0,< 90 min,1.0,18000000.0,10501938.0,16848600.3493276,9830164.23641207,-7498062.0,0.583441,Loss-making,True,5.0,174,5.99891797548444,0.367908,12,15
68924,The Ice Storm,1997,1997-09-27,9,1990s,Drama,Drama,Ang Lee,Kevin Kline,112.0,105-120 min,3.0,18000000.0,8038061.0,24452285.7792977,10919386.926857,-9961939.0,0.44655894444444444,Loss-making,True,6.3,67,6.13542084183926,0.463524,16,16
253235,And So It Goes,2014,2014-07-20,7,2010s,Comedy,Comedy|Drama|Romance,Rob Reiner,Michael Douglas,94.0,90-105 min,2.0,30000000.0,25312387.0,27632731.5231437,23315013.1393638,-4687613.0,0.8437462333333333,Loss-making,True,5.7,111,6.094905848295524,0.485296,33,16
22102,Troop Beverly Hills,1989,1989-03-22,3,1980s,Adventure,Adventure|Comedy|Family,Jeff Kanew,Shelley Long,105.0,90-105 min,2.0,,,,,,,Unknown,False,5.9,29,6.122512152655465,0.254386,12,26
10068,Nine 1/2 Weeks,1986,1986-02-14,2,1980s,Drama,Drama|Romance,Adrian Lyne,Mickey Rourke,117.0,105-120 min,3.0,17000000.0,6735922.0,33819908.9846567,13400486.4098674,-10264078.0,0.39623070588235293,Loss-making,True,5.9,90,6.113113051961618,1.161139,10,16
848,Dragonslayer,1981,1981-06-26,6,1980s,Fantasy,Fantasy,Matthew Robbins,Peter MacNicol,108.0,105-120 min,3.0,18000000.0,6000000.0,43167434.4874226,14389144.8291408,-12000000.0,0.3333333333333333,Loss-making,True,6.7,21,6.136023967957074,0.29368,15,17
36811,The Last Station,2009,2009-09-04,9,2000s,Drama,Drama|Romance,Michael Hoffman,James McAvoy,112.0,105-120 min,3.0,,,,,,,Unknown,False,6.5,22,6.133236362428438,0.403188,10,1
522,Ed Wood,1994,1994-09-27,9,1990s,Comedy,Comedy|Drama|History,Tim Burton,Johnny Depp,127.0,120-150 min,4.0,18000000.0,5887457.0,26480008.1087669,8661106.06111203,-12112543.0,0.32708094444444447,Loss-making,True,7.1,326,6.316020807295859,0.729837,68,52
130150,Labor Day,2013,2013-12-27,12,2010s,Drama,Drama,Jason Reitman,Josh Brolin,111.0,105-120 min,3.0,18000000.0,20275812.0,16848600.3493276,18978836.2858945,2275812.0,1.126434,Profitable,True,6.6,189,6.1851769544020305,1.055997,19,46
13809,RockNRolla,2008,2008-09-04,9,2000s,Action,Action|Crime|Thriller,Guy Ritchie,Mark Strong,114.0,105-120 min,3.0,18000000.0,25739015.0,18230159.408565,26068130.3594136,7739015.0,1.4299452777777777,Profitable,True,6.8,508,6.310803156832486,0.714882,17,17
27380,Megaforce,1982,1982-06-25,6,1980s,Adventure,Adventure|Action|Science Fiction,Hal Needham,Barry Bostwick,99.0,90-105 min,2.0,,,,,,,Unknown,False,3.0,10,6.104351996435579,0.063324,13,16
10549,Hamlet,1996,1996-12-25,12,1990s,Drama,Drama,Kenneth Branagh,Kenneth Branagh,242.0,> 150 min,5.0,,,,,,,Unknown,False,6.7,51,6.148065303777506,0.383469,29,13
33870,Mao's Last Dancer,2009,2009-10-01,10,2000s,Drama,Drama|Romance,Bruce Beresford,Chi Cao,117.0,105-120 min,3.0,25000000.0,20719451.0,25410010.8531238,21059258.9912307,-4280549.0,0.82877804,Loss-making,True,6.7,16,6.133965811501184,0.166371,13,1
10739,Anything Else,2003,2003-08-27,8,2000s,Comedy,Comedy|Romance,Woody Allen,Woody Allen,108.0,105-120 min,3.0,,,,,,,Unknown,False,6.1,70,6.12593677293573,0.427767,23,23
127560,The Railway Man,2013,2013-12-26,12,2010s,Drama,Drama|History,Jonathan Teplitzky,Jeremy Irvine,116.0,105-120 min,3.0,18000000.0,22309223.0,16848600.3493276,20882176.8017238,4309223.0,1.2394012777777779,Profitable,True,6.6,181,6.183015151024541,0.859276,34,17
10017,The Wraith,1986,1986-11-21,11,1980s,Romance,Romance|Science Fiction|Horror|Action|Crime,Mike Marvin,Charlie Sheen,93.0,90-105 min,2.0,2700000.0,3500000.0,5371397.30932783,6962922.43801755,800000.0,1.2962962962962963,Profitable,True,5.9,48,6.119496867796714,0.3478,15,13
11468,Salton Sea,2002,2002-01-01,1,2000s,Drama,Drama|Mystery|Thriller,D.J. Caruso,Val Kilmer,103.0,90-105 min,2.0,18000000.0,676698.0,21820705.0851698,820334.860540237,-17323302.0,0.037594333333333334,Loss-making,True,6.8,35,6.144227599408087,0.427389,18,20
193613,Metallica: Through the Never,2013,2013-09-25,9,2010s,Music,Music,Nimród Antal,Dane DeHaan,93.0,90-105 min,2.0,18000000.0,7972967.0,16848600.3493276,7462963.03229876,-10027033.0,0.4429426111111111,Loss-making,True,6.6,53,6.14508319120018,0.359864,7,8
17436,The Informers,2008,2008-11-05,11,2000s,Action,Action|Adventure|Crime|Drama|Thriller,Gregor Jordan,Billy Bob Thornton,98.0,90-105 min,2.0,18000000.0,382174.0,18230159.408565,387060.718989384,-17617826.0,0.02123188888888889,Loss-making,True,4.3,29,6.088964325311093,0.645064,23,5
43434,Carlos,2010,2010-05-19,5,2010s,Crime,Crime|Drama|Thriller|History,Olivier Assayas,Edgar Ramírez,338.0,> 150 min,5.0,18000000.0,871279.0,18000000.0,871279.0,-17128721.0,0.048404388888888886,Loss-making,True,6.2,35,6.129109897298807,0.534192,23,17
8408,Day of the Dead,1985,1985-07-19,7,1980s,Horror,Horror|Science Fiction,George A. Romero,Lori Cardille,102.0,90-105 min,2.0,3500000.0,34000000.0,7095081.18293247,68923645.7770583,30500000.0,9.714285714285714,Profitable,True,6.7,91,6.163342715616755,0.689416,39,8
9626,Red Sonja,1985,1985-04-09,4,1980s,Adventure,Adventure|Fantasy|Action,Richard Fleischer,Arnold Schwarzenegger,89.0,< 90 min,1.0,17900000.0,6948633.0,36286272.3355689,14086032.9272581,-10951367.0,0.3881917877094972,Loss-making,True,5.2,100,6.063507708092822,0.70478,17,8
75638,Red Lights,2012,2012-03-02,3,2010s,Thriller,Thriller,Rodrigo Cortés,Sigourney Weaver,119.0,105-120 min,3.0,14000000.0,13551174.0,13296419.9389314,12870150.0121092,-448826.0,0.967941,Loss-making,True,6.1,206,6.123675763308617,0.79128,18,8
8363,Superbad,2007,2007-08-17,8,2000s,Comedy,Comedy,Greg Mottola,Jonah Hill,113.0,105-120 min,3.0,20000000.0,169860655.0,21033371.6526309,178637114.288716,149860655.0,8.49303275,Profitable,True,7.0,1325,6.558899092358543,1.776713,53,16
15670,Madea Goes to Jail,2009,2009-02-16,2,2000s,Comedy,Comedy|Crime|Drama,Tyler Perry,Tyler Perry,103.0,90-105 min,2.0,,90508336.0,,91992712.0023271,,,Unknown,False,6.9,35,6.1467472164262995,0.0734929999999999,14,3
290555,Wolves,2014,2014-08-28,8,2010s,Horror,Horror|Action,David Hayter,Jason Momoa,90.0,< 90 min,1.0,18000000.0,,16579638.9138862,,,,Unknown,False,5.3,42,6.102389913571931,0.480194,8,3
8328,Step Up 2: The Streets,2008,2008-02-14,2,2000s,Music,Music|Drama|Romance,Jon M. Chu,Briana Evigan,98.0,90-105 min,2.0,23000000.0,150816700.0,23294092.5776108,152745137.915207,127816700.0,6.557247826086956,Profitable,True,6.4,369,6.185680783667676,1.561177,13,38
10982,Hoodwinked!,2005,2005-12-16,12,2000s,Animation,Animation|Comedy|Family,"Cory Edwards, Todd Edwards, Tony Leech",Anne Hathaway,80.0,< 90 min,1.0,15000000.0,51053787.0,16748449.3448174,57004784.3620398,36053787.0,3.4035858,Profitable,True,6.0,288,6.10495497127932,1.048193,15,13
205,Hotel Rwanda,2004,2004-09-11,9,2000s,Drama,Drama|History|War,Terry George,Don Cheadle,121.0,120-150 min,4.0,17500000.0,38000000.0,20202794.4967126,43868925.1928616,20500000.0,2.1714285714285713,Profitable,True,7.2,456,6.39751757269641,0.787185,28,41
1620,Hitman,2007,2007-11-21,11,2000s,Action,Action|Crime|Drama|Thriller,Xavier Gens,Timothy Olyphant,89.0,< 90 min,1.0,24000000.0,99965753.0,25240045.9831571,105130841.769205,75965753.0,4.165239708333333,Profitable,True,5.9,615,6.0562930061133375,0.915514,11,17
175541,Black Nativity,2013,2013-11-27,11,2010s,Drama,Drama|Music,Kasi Lemmons,Forest Whitaker,93.0,90-105 min,2.0,17500000.0,7018189.0,16380583.6729574,6569258.97983596,-10481811.0,0.40103937142857143,Loss-making,True,6.2,10,6.127810687147403,0.442256,9,14
241254,The Prince,2014,2014-08-22,8,2010s,Thriller,Thriller|Action,Brian A Miller,Bruce Willis,93.0,90-105 min,2.0,18000000.0,266586800.0,16579638.9138862,245550715.733801,248586800.0,14.810377777777777,Profitable,True,4.6,165,5.961389347862401,1.394382,25,49
1933,The Others,2001,2001-08-02,8,2000s,Horror,Horror|Drama|Mystery|Thriller,Alejandro Amenábar,Nicole Kidman,101.0,90-105 min,2.0,17000000.0,209947037.0,20935297.9837953,258547281.200582,192947037.0,12.349825705882353,Profitable,True,7.1,872,6.5083089521305295,1.406682,13,67
679,Aliens,1986,1986-07-18,7,1980s,Horror,Horror|Action|Thriller|Science Fiction,James Cameron,Sigourney Weaver,137.0,120-150 min,4.0,18500000.0,131060248.0,36804018.6009499,260732097.580384,112560248.0,7.08433772972973,Profitable,True,7.6,2027,7.010187973836258,2.485419,26,37
11113,My Fair Lady,1964,1964-10-21,10,1960s,Drama,Drama|Family|Music|Romance,George Cukor,Audrey Hepburn,170.0,> 150 min,5.0,17000000.0,72000000.0,119514545.974785,506179253.540266,55000000.0,4.235294117647059,Profitable,True,7.1,184,6.243642518911497,0.633882,10,9
3597,I Know What You Did Last Summer,1997,1997-10-17,10,1990s,Horror,Horror|Thriller|Mystery,Jim Gillespie,Jennifer Love Hewitt,100.0,90-105 min,2.0,17000000.0,125586134.0,23093825.4582256,170603779.915843,108586134.0,7.387419647058824,Profitable,True,5.5,348,5.999028587237984,1.307058,11,76
193893,Let's Be Cops,2014,2014-08-13,8,2010s,Comedy,Comedy,Luke Greenfield,Jake Johnson,104.0,90-105 min,2.0,17000000.0,136621271.0,15658547.8631148,125840630.063122,119621271.0,8.036545352941177,Profitable,True,6.4,912,6.237035681716506,3.14993,74,71
9675,Sideways,2004,2004-10-22,10,2000s,Comedy,Comedy|Drama|Romance,Alexander Payne,Paul Giamatti,126.0,120-150 min,4.0,16000000.0,109502303.0,18471126.3969943,126414429.967186,93502303.0,6.8438939375,Profitable,True,6.6,238,6.19794394720041,0.702631999999999,18,28
9988,Beerfest,2006,2006-08-25,8,2000s,Comedy,Comedy,Jay Chandrasekhar,Erik Stolhanske,110.0,105-120 min,3.0,17500000.0,19179969.0,18929210.2701025,20746380.9242884,1679969.0,1.0959982285714285,Profitable,True,5.8,88,6.1073063992356795,0.941481,26,23
948,Halloween,1978,1978-10-25,10,1970s,Horror,Horror|Thriller,John Carpenter,Donald Pleasence,91.0,90-105 min,2.0,300000.0,70000000.0,1002810.20847421,233989048.643983,69700000.0,233.33333333333334,Profitable,True,7.3,522,6.453572068833097,1.198849,25,17
21765,Good Boy!,2003,2003-10-10,10,2000s,Comedy,Comedy|Family|Science Fiction,John Robert Hoffman,Molly Shannon,87.0,< 90 min,1.0,17000000.0,,20150994.9613029,,,,Unknown,False,4.9,18,6.111177434835488,0.194862,12,12
146304,The Best Man Holiday,2013,2013-11-15,11,2010s,Comedy,Comedy,Malcolm D. Lee,Terrence Howard,123.0,120-150 min,4.0,17000000.0,71625195.0,15912566.9965872,67043571.4165367,54625195.0,4.213246764705882,Profitable,True,7.0,78,6.174810808140334,0.332741,12,6
7516,Smokin' Aces,2006,2006-12-09,12,2000s,Action,Action|Comedy|Crime|Thriller,Joe Carnahan,Ryan Reynolds,109.0,105-120 min,3.0,17000000.0,57103895.0,18388375.6909567,61767522.0398203,40103895.0,3.3590526470588236,Profitable,True,6.3,306,6.1591148475018205,1.027989,30,19
41439,Saw: The Final Chapter,2010,2010-10-21,10,2010s,Horror,Horror|Crime,Kevin Greutert,Tobin Bell,90.0,< 90 min,1.0,20000000.0,136150434.0,20000000.0,136150434.0,116150434.0,6.8075217,Profitable,True,5.8,397,6.053078955135499,1.134397,10,15
2752,40 Days and 40 Nights,2002,2002-03-01,3,2000s,Comedy,Comedy|Romance,Michael Lehmann,Josh Hartnett,94.0,90-105 min,2.0,17000000.0,,20608443.6915493,,,,Unknown,False,5.3,168,6.035967780262645,0.771164,12,12
9429,A Night at the Roxbury,1998,1998-10-01,10,1990s,Comedy,Comedy,John Fortenberry,Will Ferrell,81.0,< 90 min,1.0,17000000.0,30331165.0,22740822.974331,40573861.9923663,13331165.0,1.7841861764705882,Profitable,True,6.2,96,6.132091964925021,0.669113,15,8
38117,Beastly,2011,2011-01-21,1,2010s,Drama,Drama|Fantasy|Romance,Daniel Barnz,Alex Pettyfer,86.0,< 90 min,1.0,17000000.0,43165571.0,16479766.724055,41844620.0347432,26165571.0,2.5391512352941175,Profitable,True,6.0,507,6.092604673761631,1.029084,21,7
9792,The Hills Have Eyes,2006,2006-03-10,3,2000s,Horror,Horror|Thriller,Alexandre Aja,Aaron Stanford,107.0,105-120 min,3.0,15000000.0,69623713.0,16225037.3743735,75309823.037844,54623713.0,4.641580866666667,Profitable,True,6.0,359,6.100605077542334,1.20839,15,15
13778,Dickie Roberts: Former Child Star,2003,2003-09-05,9,2000s,Comedy,Comedy,Sam Weisman,David Spade,98.0,90-105 min,2.0,,,,,,,Unknown,False,5.4,27,6.113059560015765,0.169652,89,34
228203,"McFarland, USA",2015,2015-02-20,2,2010s,Drama,Drama,Niki Caro,Kevin Costner,128.0,120-150 min,4.0,,45710059.0,,42053235.7765762,,,Unknown,False,7.4,139,6.245761541984979,0.553238,55,10
41382,Lottery Ticket,2010,2010-08-20,8,2010s,Comedy,Comedy,Erik White,Shad Moss,99.0,90-105 min,2.0,,,,,,,Unknown,False,5.8,30,6.120183916146068,0.379104,18,2
13960,ATL,2006,2006-03-31,3,2000s,Drama,Drama,Christian Robinson,T.I.,105.0,90-105 min,2.0,20000000.0,21170563.0,21633383.1658314,22899545.0607687,1170563.0,1.05852815,Profitable,True,5.3,14,6.118811898499945,0.303573999999999,14,3
114150,Pitch Perfect,2012,2012-09-28,9,2010s,Comedy,Comedy|Music|Romance,Jason Moore,Anna Kendrick,112.0,105-120 min,3.0,17000000.0,115350426.0,16145652.7829881,109553407.445045,98350426.0,6.785319176470588,Profitable,True,7.2,1540,6.698091482097292,2.623143,125,29
26602,Summer Catch,2001,2001-08-22,8,2000s,Drama,Drama|Comedy|Romance,Mike Tollin,Freddie Prinze Jr.,108.0,105-120 min,3.0,34000000.0,19693891.0,41870595.9675906,24252792.7379638,-14306109.0,0.5792320882352942,Loss-making,True,4.8,35,6.093835259043822,0.299969,9,2
10223,A Simple Plan,1998,1998-12-11,12,1990s,Thriller,Thriller,Sam Raimi,Bill Paxton,121.0,120-150 min,4.0,,,,,,,Unknown,False,6.5,69,6.145349278573376,0.375026,9,31
16028,They,2002,2002-11-01,11,2000s,Horror,Horror|Thriller,Robert Harmon,Laura Regan,89.0,< 90 min,1.0,17000000.0,,20608443.6915493,,,,Unknown,False,4.4,22,6.099663220941627,0.381369,15,86
26390,Brooklyn's Finest,2009,2009-01-16,1,2000s,Crime,Crime|Drama|Thriller,Antoine Fuqua,Richard Gere,133.0,120-150 min,4.0,17000000.0,29536299.0,17278807.3801242,30020707.1260444,12536299.0,1.7374293529411764,Profitable,True,6.1,161,6.124378957387481,0.905416,21,77
27759,55 Days at Peking,1963,1963-05-06,5,1960s,Action,Action|Drama|History,"Nicholas Ray, Guy Green",Charlton Heston,154.0,> 150 min,5.0,17000000.0,10000000.0,121043049.316498,71201793.7155872,-7000000.0,0.5882352941176471,Loss-making,True,5.6,18,6.120360438989704,0.207161,17,13
109428,Evil Dead,2013,2013-04-05,4,2010s,Horror,Horror,Fede Alvarez,Jane Levy,91.0,90-105 min,2.0,17000000.0,97542952.0,15912566.9965872,91303456.3967583,80542952.0,5.737820705882353,Profitable,True,6.3,1254,6.210324204722891,1.526466,14,51
23049,My Life in Ruins,2009,2009-02-06,2,2000s,Comedy,Comedy|Romance,Donald Petrie,Nia Vardalos,95.0,90-105 min,2.0,17000000.0,20455276.0,17278807.3801242,20790751.4065457,3455276.0,1.2032515294117647,Profitable,True,5.7,56,6.110308884715816,0.458932,15,2
9310,American Dreamz,2006,2006-03-04,3,2000s,Comedy,Comedy|Drama|Family,Paul Weitz,Hugh Grant,107.0,105-120 min,3.0,17000000.0,7314027.0,18388375.6909567,7911357.42881183,-9685973.0,0.43023688235294116,Loss-making,True,4.6,43,6.080270960087161,0.793804,48,40
11411,Superman IV: The Quest for Peace,1987,1987-07-23,7,1980s,Action,Action|Adventure|Fantasy|Science Fiction|Thriller,Sidney J. Furie,Christopher Reeve,90.0,< 90 min,1.0,17000000.0,19300000.0,32624367.4470991,37038252.4546478,2300000.0,1.1352941176470588,Profitable,True,4.3,149,5.946142344712776,1.065222,18,18
7304,Running Scared,2006,2006-01-06,1,2000s,Action,Action|Crime|Drama|Thriller,Wayne Kramer,Paul Walker,122.0,120-150 min,4.0,15000000.0,9500000.0,16225037.3743735,10275857.0037699,-5500000.0,0.6333333333333333,Loss-making,True,6.8,174,6.203878383834679,0.433874,15,14
24747,Bobby Jones: Stroke of Genius,2004,2004-04-30,4,2000s,Drama,Drama,Rowdy Herrington,Jim Caviezel,120.0,105-120 min,3.0,,,,,,,Unknown,False,5.9,14,6.124951800553887,0.0533,8,17
1491,The Illusionist,2006,2006-08-18,8,2000s,Fantasy,Fantasy|Drama|Thriller|Romance,Neil Burger,Edward Norton,110.0,105-120 min,3.0,40000000.0,86915017.0,43266766.3316629,94013293.2812877,46915017.0,2.172875425,Profitable,True,7.0,967,6.490864916779877,0.965931,35,41
10629,Veronica Guerin,2003,2003-07-11,7,2000s,Drama,Drama|Crime|Thriller,Joel Schumacher,Cate Blanchett,98.0,90-105 min,2.0,17000000.0,1569918.0,20150994.9613029,1860906.45339169,-15430082.0,0.09234811764705882,Loss-making,True,6.7,26,6.1380672113164065,0.193661,28,23
255343,Escobar: Paradise Lost,2014,2014-10-11,10,2010s,Thriller,Thriller|Romance,Andrea Di Stefano,Benicio del Toro,120.0,105-120 min,3.0,17000000.0,,15658547.8631148,,,,Unknown,False,6.2,180,6.135810285077748,1.655717,9,33
4723,Southland Tales,2006,2006-05-15,5,2000s,Action,Action|Adventure|Comedy|Drama|Science Fiction,Richard Kelly,Dwayne Johnson,144.0,120-150 min,4.0,17000000.0,374743.0,18388375.6909567,405347.945385658,-16625257.0,0.02204370588235294,Loss-making,True,4.9,79,6.059623584074924,0.631574,62,36
79694,The Apparition,2012,2012-08-23,8,2010s,Horror,Horror|Thriller,Todd Lincoln ,Ashley Greene,82.0,< 90 min,1.0,17000000.0,9627492.0,16145652.7829881,9143655.47076449,-7372508.0,0.5663230588235294,Loss-making,True,4.4,76,6.035484622290591,0.398497,11,10
4032,My Girl,1991,1991-11-27,11,1990s,Comedy,Comedy|Drama|Family,Howard Zieff,Anna Chlumsky,102.0,90-105 min,2.0,16500000.0,,26418031.8918481,,,,Unknown,False,6.9,218,6.23442946271724,0.691822,9,13
18615,Fur: An Imaginary Portrait of Diane Arbus,2006,2006-08-30,8,2000s,Drama,Drama|Mystery|Romance,Steven Shainberg,Nicole Kidman,122.0,120-150 min,4.0,16800000.0,2281089.0,18172041.8592984,2467383.61861816,-14518911.0,0.13577910714285715,Loss-making,True,6.3,33,6.131386748134794,0.788266,15,31
10673,Wall Street,1987,1987-12-10,12,1980s,Crime,Crime|Drama,Oliver Stone,Charlie Sheen,126.0,120-150 min,4.0,15000000.0,43848069.0,28786206.5709698,84147971.4648091,28848069.0,2.9232046,Profitable,True,6.7,294,6.229443940499832,1.082108,95,17
4584,Sense and Sensibility,1995,1995-12-13,12,1990s,Drama,Drama|Romance,Ang Lee,Kate Winslet,136.0,120-150 min,4.0,16500000.0,135000000.0,23610953.3072649,193180527.05944,118500000.0,8.181818181818182,Profitable,True,7.1,185,6.2441989203676,0.947883,17,8
2977,Becoming Jane,2007,2007-03-02,3,2000s,Drama,Drama|Romance,Julian Jarrold,Anne Hathaway,120.0,105-120 min,3.0,16500000.0,37311672.0,17352531.6134205,39239513.2078531,20811672.0,2.2613134545454545,Profitable,True,6.9,175,6.215712875768604,0.7944,18,15
10760,Sydney White,2007,2007-09-21,9,2000s,Comedy,Comedy,Joe Nussbaum,Amanda Bynes,108.0,105-120 min,3.0,16500000.0,13620075.0,17352531.6134205,14323804.9705853,-2879925.0,0.8254590909090909,Loss-making,True,5.9,112,6.109915120617812,0.500174,22,16
11093,House of Sand and Fog,2003,2003-12-19,12,2000s,Drama,Drama,Vadim Perelman,Jennifer Connelly,126.0,120-150 min,4.0,16500000.0,16942795.0,19558318.6389117,20083186.8632581,442795.0,1.0268360606060607,Profitable,True,6.5,76,6.147085209662103,0.537976,9,38
207,Dead Poets Society,1989,1989-06-02,6,1980s,Drama,Drama,Peter Weir,Robin Williams,129.0,120-150 min,4.0,16400000.0,235860116.0,28847353.0003094,414874391.764995,219460116.0,14.381714390243902,Profitable,True,7.9,1426,7.036562195006573,2.470407,15,11
8467,Dumb and Dumber,1994,1994-12-16,12,1990s,Comedy,Comedy,"Bobby Farrelly, Peter Farrelly",Jim Carrey,107.0,105-120 min,3.0,17000000.0,247275374.0,25008896.5471687,363769661.589909,230275374.0,14.545610235294118,Profitable,True,6.5,1060,6.290935155270192,2.360701,80,85
639,When Harry Met Sally...,1989,1989-07-12,7,1980s,Comedy,Comedy|Romance|Drama,Rob Reiner,Meg Ryan,96.0,90-105 min,2.0,16000000.0,92823546.0,28143759.0246921,163275219.402588,76823546.0,5.801471625,Profitable,True,7.1,532,6.401647080397526,2.719764,16,18
24226,The Verdict,1982,1982-12-08,12,1980s,Drama,Drama,Sidney Lumet,Paul Newman,129.0,120-150 min,4.0,16000000.0,53977250.0,36154278.4408196,121969282.873108,37977250.0,3.373578125,Profitable,True,7.0,47,6.156553107085698,0.304359,17,12
9285,Road Trip,2000,2000-05-19,5,2000s,Comedy,Comedy|Adventure,Todd Phillips,Breckin Meyer,93.0,90-105 min,2.0,16000000.0,119754278.0,20260673.8294902,151643897.890256,103754278.0,7.484642375,Profitable,True,5.7,299,6.049994893435226,0.976664,17,20
14709,Varsity Blues,1999,1999-01-15,1,1990s,Comedy,Comedy|Drama|Romance,Brian Robbins,James Van Der Beek,106.0,105-120 min,3.0,,,,,,,Unknown,False,5.7,62,6.108570410520283,0.301845,14,3
74643,The Artist,2011,2011-05-15,5,2010s,Drama,Drama|Comedy|Romance,Michel Hazanavicius,Jean Dujardin,100.0,90-105 min,2.0,15000000.0,133432856.0,14540970.638872,129349549.423789,118432856.0,8.895523733333333,Profitable,True,7.2,651,6.475560599639805,1.644472,69,135
13788,The Unborn,2009,2009-01-09,1,2000s,Horror,Horror|Thriller|Mystery,David S. Goyer,Odette Annable,87.0,< 90 min,1.0,16000000.0,76514050.0,16262406.9459992,77768913.6366584,60514050.0,4.782128125,Profitable,True,4.9,186,5.979057566611112,1.039442,13,17
83666,Moonrise Kingdom,2012,2012-05-16,5,2010s,Comedy,Comedy|Drama|Romance,Wes Anderson,Bruce Willis,94.0,90-105 min,2.0,16000000.0,68263166.0,15195908.5016359,64832551.535499,52263166.0,4.266447875,Profitable,True,7.6,976,6.744151134431043,1.661091,15,18
10781,The Texas Chainsaw Massacre: The Beginning,2006,2006-10-06,10,2000s,Horror,Horror,Jonathan Liebesman,Jordana Brewster,91.0,90-105 min,2.0,16000000.0,,17306706.5326651,,,,Unknown,False,5.7,207,6.070621073818316,0.402934,12,32
13908,The Master of Disguise,2002,2002-08-02,8,2000s,Comedy,Comedy|Family,Perry Andelin Blake,Dana Carvey,80.0,< 90 min,1.0,,,,,,,Unknown,False,4.1,43,6.06488193997407,0.02912,16,3
39180,See Spot Run,2001,2001-03-02,3,2000s,Action,Action|Comedy|Family,John Whitesell,Michael Clarke Duncan,94.0,90-105 min,2.0,,,,,,,Unknown,False,4.8,26,6.102272703672034,0.258176,9,10
16161,Baby Boy,2001,2001-06-27,6,2000s,Drama,Drama|Comedy|Crime,John Singleton,Tyrese Gibson,130.0,120-150 min,4.0,16000000.0,29381649.0,19703809.8671014,36183151.5923695,13381649.0,1.8363530625,Profitable,True,7.4,29,6.153963240790812,0.089976,11,7
49950,The Roommate,2011,2011-02-04,2,2010s,Thriller,Thriller|Drama|Horror,Christian E. Christiansen,Minka Kelly,91.0,90-105 min,2.0,16000000.0,40492759.0,15510368.6814635,39253601.3137282,24492759.0,2.5307974375,Profitable,True,5.5,133,6.071176490039521,1.074793,15,20
10956,Joe Dirt,2001,2001-04-10,4,2000s,Mystery,Mystery|Adventure|Comedy|Romance|Drama,Dennie Gordon,David Spade,91.0,90-105 min,2.0,17700000.0,30987695.0,21797339.665481,38160978.1562332,13287695.0,1.750717231638418,Profitable,True,5.5,122,6.075432937021728,0.521071,18,7
9594,Double Impact,1991,1991-08-10,8,1990s,Thriller,Thriller|Action|Crime|Drama,Sheldon Lettich,Jean-Claude Van Damme,110.0,105-120 min,3.0,15000000.0,30102717.0,24016392.6289528,48197244.7113501,15102717.0,2.0068478,Profitable,True,5.1,113,6.048153880674646,0.627123,13,12
4638,Hot Fuzz,2007,2007-02-14,2,2000s,Crime,Crime|Action|Comedy,Edgar Wright,Simon Pegg,121.0,120-150 min,4.0,,80573774.0,,84736906.6998545,,,Unknown,False,7.2,1329,6.658621206193498,1.901256,45,25
13972,The Women,2008,2008-09-12,9,2000s,Comedy,Comedy|Drama|Romance,Diane English,Cloris Leachman,114.0,105-120 min,3.0,16000000.0,50007546.0,16204586.1409466,50646974.1783971,34007546.0,3.125471625,Profitable,True,4.6,60,6.062475467320397,0.436406,11,1
5038,Vicky Cristina Barcelona,2008,2008-08-15,8,2000s,Drama,Drama|Romance,Woody Allen,Scarlett Johansson,96.0,90-105 min,2.0,15000000.0,96408652.0,15191799.5071375,97641394.1291594,81408652.0,6.427243466666667,Profitable,True,6.7,563,6.295470532751434,0.866771,23,8
13491,Arn: The Knight Templar,2007,2007-12-17,12,2000s,Action,Action|Adventure|Drama|Romance,Peter Flinth,Joakim Nätterqvist,139.0,120-150 min,4.0,25000000.0,,26291714.5657886,,,,Unknown,False,6.3,42,6.132473718456968,0.215628,17,57
10571,Boys and Girls,2000,2000-06-16,6,2000s,Comedy,Comedy|Drama|Romance,Robert Iscove,Freddie Prinze Jr.,94.0,90-105 min,2.0,16000000.0,20627372.0,20260673.8294902,26120278.5032224,4627372.0,1.28921075,Profitable,True,5.3,53,6.096117232846119,0.417675,73,32
10994,White Oleander,2002,2002-10-11,10,2000s,Drama,Drama,Peter Kosminsky,Alison Lohman,109.0,105-120 min,3.0,,,,,,,Unknown,False,7.4,45,6.1682128213407,0.34303,35,16
19994,Jennifer's Body,2009,2009-09-18,9,2000s,Comedy,Comedy|Horror,Karyn Kusama,Megan Fox,100.0,90-105 min,2.0,16000000.0,31556061.0,16262406.9459992,32073594.0996735,15556061.0,1.9722538125,Profitable,True,5.2,441,5.899474435038591,1.104112,20,15
25166,Drowning Mona,2000,2000-03-03,3,2000s,Comedy,Comedy|Crime|Mystery,Nick Gomez,Danny DeVito,96.0,90-105 min,2.0,16000000.0,15427192.0,20260673.8294902,19535331.5760575,-572808.0,0.9641995,Loss-making,True,4.5,21,6.102426411415731,0.207785,17,2
30890,Radio Days,1987,1987-01-30,1,1980s,Comedy,Comedy|Drama,Woody Allen,Woody Allen,90.0,< 90 min,1.0,16000000.0,,30705287.0090344,,,,Unknown,False,6.2,48,6.129767176619195,0.4205,23,9
23169,Remember Me,2010,2010-03-12,3,2010s,Drama,Drama|Romance,Allen Coulter,Robert Pattinson,113.0,105-120 min,3.0,20000000.0,,20000000.0,,,,Unknown,False,6.8,568,6.326073855854416,1.57937,17,14
17403,How to Deal,2003,2003-07-18,7,2000s,Drama,Drama|Comedy|Romance,Clare Kilner,Mandy Moore,99.0,90-105 min,2.0,,,,,,,Unknown,False,5.3,26,6.111692310946869,0.331169,14,16
12120,My Stepmother is an Alien,1988,1988-12-09,12,1980s,Comedy,Comedy|Science Fiction,Richard Benjamin,Dan Aykroyd,108.0,105-120 min,3.0,20000000.0,13854000.0,36877820.4618061,25545266.2338931,-6146000.0,0.6927,Loss-making,True,5.6,65,6.103126318326948,0.480782,11,12
9800,Philadelphia,1993,1993-12-22,12,1990s,Drama,Drama|Mystery,Jonathan Demme,Tom Hanks,125.0,120-150 min,4.0,26000000.0,206678440.0,39246219.0041664,311974896.910748,180678440.0,7.949170769230769,Profitable,True,7.5,514,6.504976477885431,1.294131,61,36
1090,The Thirteenth Floor,1999,1999-04-16,4,1990s,Thriller,Thriller|Science Fiction|Mystery,Josef Rusnak,Craig Bierko,100.0,90-105 min,2.0,16000000.0,18564088.0,20944845.5455091,24301372.2408275,2564088.0,1.1602555,Profitable,True,6.5,189,6.172928882339299,0.907305,31,22
40160,Meteor,1979,1979-10-19,10,1970s,Action,Action|Science Fiction|Thriller,Ronald Neame,Sean Connery,107.0,105-120 min,3.0,,,,,,,Unknown,False,4.5,14,6.11062536242802,0.189906,22,22
18074,Duets,2000,2000-09-09,9,2000s,Comedy,Comedy|Drama|Music,Bruce Paltrow,Gwyneth Paltrow,112.0,105-120 min,3.0,,,,,,,Unknown,False,5.3,17,6.117020318239204,0.210654,6,4
9689,Hollywood Ending,2002,2002-05-03,5,2000s,Comedy,Comedy|Drama,Woody Allen,Woody Allen,112.0,105-120 min,3.0,16000000.0,,19396182.2979287,,,,Unknown,False,6.2,54,6.130066442964116,0.444428,23,7
9781,Detroit Rock City,1999,1999-08-13,8,1990s,Comedy,Comedy,Adam Rifkin,Giuseppe Andrews,95.0,90-105 min,2.0,34000000.0,4217115.0,44507796.7842069,5520426.39516561,-29782885.0,0.12403279411764706,Loss-making,True,6.4,38,6.134722044635998,0.63765,24,9
8009,Highlander,1986,1986-03-07,3,1980s,Adventure,Adventure|Action|Fantasy,Russell Mulcahy,Christopher Lambert,116.0,105-120 min,3.0,16000000.0,5900000.0,31830502.5737945,11737497.8240867,-10100000.0,0.36875,Loss-making,True,6.5,312,6.197074940482428,1.528427,16,22
3877,Things We Lost in the Fire,2007,2007-09-26,9,2000s,Drama,Drama,Susanne Bier,Halle Berry,113.0,105-120 min,3.0,16000000.0,2849142.0,16826697.3221047,2996353.128856,-13150858.0,0.178071375,Loss-making,True,6.5,40,6.137971851615934,0.408767,10,37
8854,Steel,1997,1997-08-15,8,1990s,Science Fiction,Science Fiction|Action|Adventure,Kenneth Johnson,Shaquille O'Neal,97.0,90-105 min,2.0,16000000.0,1686429.0,21735365.1371535,2290946.88080529,-14313571.0,0.1054018125,Loss-making,True,4.3,19,6.101992978179138,0.345909,30,10
152599,The Immigrant,2013,2013-07-03,7,2010s,Drama,Drama|Romance,James Gray,Marion Cotillard,120.0,105-120 min,3.0,16000000.0,5867686.0,14976533.6438467,5492349.79940805,-10132314.0,0.366730375,Loss-making,True,6.0,163,6.11360263551366,0.779447999999999,9,16
68727,Trance,2013,2013-03-27,3,2010s,Thriller,Thriller|Crime|Drama|Mystery,Danny Boyle,James McAvoy,101.0,90-105 min,2.0,20000000.0,24261569.0,18720667.0548084,22709637.7738131,4261569.0,1.21307845,Profitable,True,6.4,666,6.21719051449818,1.114792,15,20
12657,Soul Plane,2004,2004-05-28,5,2000s,Comedy,Comedy,Jessy Terrero,Tom Arnold,86.0,< 90 min,1.0,16000000.0,14822346.0,18471126.3969943,17111589.154124,-1177654.0,0.926396625,Loss-making,True,4.8,66,6.065591548720352,0.322152,33,13
12410,Good,2008,2008-12-11,12,2000s,Drama,Drama,Vicente Amorim,Viggo Mortensen,96.0,90-105 min,2.0,,,,,,,Unknown,False,6.4,17,6.1306590025073096,0.092364,5,1
34647,Enter the Void,2009,2009-05-05,5,2000s,Fantasy,Fantasy|Drama,Gaspar Noé,Nathaniel Brown,161.0,> 150 min,5.0,13000000.0,754249.0,13213205.6436243,766619.011038312,-12245751.0,0.058019153846153845,Loss-making,True,7.1,195,6.249723425432685,0.830596999999999,8,20
73935,Vamps,2012,2012-08-25,8,2010s,Comedy,Comedy|Romance|Horror,Amy Heckerling,Alicia Silverstone,93.0,90-105 min,2.0,16000000.0,,15195908.5016359,,,,Unknown,False,4.7,48,6.078415632506792,0.10568,20,4
28178,Hachi: A Dog's Tale,2009,2009-06-13,6,2000s,Drama,Drama|Family,Lasse Hallström,Richard Gere,93.0,90-105 min,2.0,16000000.0,47801389.0,16262406.9459992,48585352.5313757,31801389.0,2.9875868125,Profitable,True,7.7,976,6.786037748739442,1.575231,18,52
185567,Zulu,2013,2013-12-04,12,2010s,Crime,Crime|Drama|Thriller,Jérôme Salle,Orlando Bloom,110.0,105-120 min,3.0,16000000.0,,14976533.6438467,,,,Unknown,False,6.8,122,6.1828782320559394,0.926614,18,36
264656,The Homesman,2014,2014-05-18,5,2010s,Western,Western|Drama,Tommy Lee Jones,Hilary Swank,122.0,120-150 min,4.0,16000000.0,2429989.0,14737456.8123433,2238241.12137308,-13570011.0,0.1518743125,Loss-making,True,6.2,150,6.134529990251827,0.870104,22,63
35696,Juwanna Mann,2002,2002-06-21,6,2000s,Comedy,Comedy|Drama,Jesse Vaughan,"Miguel A. Núñez, Jr.",91.0,90-105 min,2.0,15600000.0,,18911277.7404805,,,,Unknown,False,4.4,10,6.114615173622002,0.030121,16,2
9035,Slither,2006,2006-03-31,3,2000s,Comedy,Comedy|Horror|Science Fiction,James Gunn,Nathan Fillion,95.0,90-105 min,2.0,15500000.0,,16765871.9535193,,,,Unknown,False,6.1,133,6.124837978843233,0.921035,14,10
90,Beverly Hills Cop,1984,1984-11-30,11,1980s,Action,Action|Comedy|Crime,Martin Brest,Eddie Murphy,105.0,90-105 min,2.0,15000000.0,316360478.0,31485630.5879122,664053942.861556,301360478.0,21.090698533333335,Profitable,True,6.5,535,6.2328339200348175,2.108338,18,17
771,Home Alone,1990,1990-11-09,11,1990s,Comedy,Comedy|Family,Chris Columbus,Macaulay Culkin,103.0,90-105 min,2.0,18000000.0,476684675.0,30040173.7256624,795538358.29783,458684675.0,26.482481944444444,Profitable,True,7.0,1393,6.569817829106247,0.142486,31,44
12154,Three Men and a Baby,1987,1987-11-27,11,1980s,Family,Family|Comedy|Drama,Leonard Nimoy,Tom Selleck,102.0,90-105 min,2.0,11000000.0,168000000.0,21109884.8187111,322405513.594861,157000000.0,15.272727272727273,Profitable,True,6.1,103,6.125349364036629,0.380326,8,10
9576,Tootsie,1982,1982-12-16,12,1980s,Comedy,Comedy|Romance,Sydney Pollack,Dustin Hoffman,116.0,105-120 min,3.0,21000000.0,177200000.0,47452490.4535757,400408633.732077,156200000.0,8.438095238095238,Profitable,True,6.7,176,6.193155060674317,0.689094,45,33
744,Top Gun,1986,1986-05-16,5,1980s,Drama,Drama|Action|Romance,Tony Scott,Tom Cruise,110.0,105-120 min,3.0,15000000.0,356830601.0,29841096.1629323,709881085.221197,341830601.0,23.788706733333335,Profitable,True,6.6,1046,6.33329717859163,1.469796,15,38
14,American Beauty,1999,1999-09-15,9,1990s,Drama,Drama,Sam Mendes,Kevin Spacey,122.0,120-150 min,4.0,15000000.0,356296601.0,19635792.6989148,466411079.770931,341296601.0,23.753106733333333,Profitable,True,7.7,1756,7.015255637547915,3.55571999999999,40,109
45269,The King's Speech,2010,2010-09-06,9,2010s,Drama,Drama|History,Tom Hooper,Colin Firth,118.0,105-120 min,3.0,15000000.0,414211549.0,15000000.0,414211549.0,399211549.0,27.614103266666667,Profitable,True,7.4,1688,6.83348560479201,1.385499,40,93
9493,Twins,1988,1988-12-09,12,1980s,Comedy,Comedy|Drama,Ivan Reitman,Arnold Schwarzenegger,107.0,105-120 min,3.0,15000000.0,216614388.0,27658365.3463546,399413325.505401,201614388.0,14.4409592,Profitable,True,5.5,287,6.017577575003213,1.144528,52,18
22556,The Yellow Handkerchief,2008,2008-12-17,12,2000s,Drama,Drama|Romance,Udayan Prasad,William Hurt,102.0,90-105 min,2.0,15000000.0,317000.0,15191799.5071375,321053.362917506,-14683000.0,0.021133333333333334,Loss-making,True,6.6,30,6.13752370373367,0.127309999999999,5,3
873,The Color Purple,1985,1985-12-18,12,1980s,Drama,Drama,Steven Spielberg,Whoopi Goldberg,154.0,> 150 min,5.0,15000000.0,146292009.0,30407490.7839963,296558194.362654,131292009.0,9.7528006,Profitable,True,7.5,168,6.278790196661042,1.012186,21,18
205596,The Imitation Game,2014,2014-11-14,11,2010s,History,History|Drama|Thriller|War,Morten Tyldum,Benedict Cumberbatch,113.0,105-120 min,3.0,14000000.0,233555708.0,12895274.7108004,215126072.495392,219555708.0,16.68255057142857,Profitable,True,8.0,3478,7.475206754483097,8.110711,68,43
10765,Private Benjamin,1980,1980-10-06,10,1980s,Comedy,Comedy,Howard Zieff,Goldie Hawn,109.0,105-120 min,3.0,,,,,,,Unknown,False,6.2,40,6.129364147720948,0.707581999999999,8,11
16769,Coal Miner's Daughter,1980,1980-03-07,3,1980s,Drama,Drama|Music,Michael Apted,Sissy Spacek,125.0,120-150 min,4.0,,,,,,,Unknown,False,7.1,21,6.142132614600954,0.113611,21,17
33217,Diary of a Wimpy Kid,2010,2010-03-19,3,2010s,Comedy,Comedy|Family,Thor Freudenthal,Zachary Gordon,94.0,90-105 min,2.0,15000000.0,75700498.0,15000000.0,75700498.0,60700498.0,5.046699866666667,Profitable,True,5.8,190,6.0870063845202855,0.789582,38,79
132232,Mama,2013,2013-01-17,1,2010s,Horror,Horror,Andy Muschietti,Jessica Chastain,100.0,90-105 min,2.0,15000000.0,146497771.0,14040500.2911063,137126799.758128,131497771.0,9.766518066666666,Profitable,True,6.0,931,6.075421888905419,1.054366,7,14
11153,National Lampoon's Vacation,1983,1983-07-28,7,1980s,Comedy,Comedy|Adventure|Romance,Harold Ramis,Chevy Chase,98.0,90-105 min,2.0,15000000.0,61399552.0,32839679.9663721,134422775.850575,46399552.0,4.093303466666667,Profitable,True,6.9,201,6.2271535967704805,1.0684,24,6
208134,Bad Grandpa,2013,2013-10-22,10,2010s,Comedy,Comedy,Jeff Tremaine,Johnny Knoxville,92.0,90-105 min,2.0,15000000.0,151831537.0,14040500.2911063,142119382.629841,136831537.0,10.122102466666666,Profitable,True,6.1,496,6.119964628040523,1.291008,9,16
1165,The Queen,2006,2006-09-15,9,2000s,Drama,Drama,Stephen Frears,Helen Mirren,103.0,90-105 min,2.0,15000000.0,123384128.0,16225037.3743735,133460805.880299,108384128.0,8.225608533333334,Profitable,True,6.6,159,6.176952321946846,0.451217,29,38
4011,Beetlejuice,1988,1988-02-29,2,1980s,Fantasy,Fantasy|Comedy,Tim Burton,Geena Davis,92.0,90-105 min,2.0,15000000.0,73326666.0,27658365.3463546,135206381.190541,58326666.0,4.8884444,Profitable,True,7.0,739,6.435405168571866,1.628865,28,30
17202,Why Did I Get Married?,2007,2007-10-12,10,2000s,Comedy,Comedy|Drama,Tyler Perry,Tyler Perry,113.0,105-120 min,3.0,15000000.0,55184721.0,15775028.7394731,58036037.3169873,40184721.0,3.6789814,Profitable,True,6.3,20,6.129791542346098,0.172467,9,2
9587,Little Women,1994,1994-12-21,12,1990s,Drama,Drama|Romance,Gillian Armstrong,Winona Ryder,115.0,105-120 min,3.0,18000000.0,,26480008.1087669,,,,Unknown,False,6.8,106,6.176115716963066,0.468802,10,32
65086,The Woman in Black,2012,2012-02-01,2,2010s,Drama,Drama|Horror|Thriller,James Watkins,Daniel Radcliffe,95.0,90-105 min,2.0,17000000.0,127730736.0,16145652.7829881,121311536.068913,110730736.0,7.513572705882353,Profitable,True,6.1,695,6.118025747078119,1.049943,26,28
10053,When a Stranger Calls,2006,2006-02-03,2,2000s,Horror,Horror|Thriller,Simon West,Camilla Belle,87.0,< 90 min,1.0,15000000.0,66966987.0,16225037.3743735,72436124.4616127,51966987.0,4.4644658,Profitable,True,5.4,123,6.066716240158264,0.337268,20,20
11870,Big Fat Liar,2002,2002-02-08,2,2000s,Comedy,Comedy|Family,Shawn Levy,Frankie Muniz,88.0,< 90 min,1.0,15000000.0,52970014.0,18183920.9043082,64213502.9917398,37970014.0,3.5313342666666667,Profitable,True,5.7,95,6.099266136455574,0.416292,19,7
11778,The Deer Hunter,1978,1978-12-08,12,1970s,Drama,Drama|War,Michael Cimino,Robert De Niro,183.0,> 150 min,5.0,15000000.0,50000000.0,50140510.4237107,167135034.745702,35000000.0,3.3333333333333335,Profitable,True,7.4,464,6.452090951178579,0.959754,50,47
586,Wag the Dog,1997,1997-12-25,12,1990s,Comedy,Comedy|Drama,Barry Levinson,Dustin Hoffman,97.0,90-105 min,2.0,15000000.0,64256513.0,20376904.8160814,87289923.2809533,49256513.0,4.283767533333333,Profitable,True,6.6,120,6.1657598252070915,0.855982,16,29
18736,The Lizzie McGuire Movie,2003,2003-04-25,4,2000s,Comedy,Comedy|Adventure|Family,Jim Fall,Hilary Duff,94.0,90-105 min,2.0,17000000.0,55534455.0,20150994.9613029,65827913.1108062,38534455.0,3.2667326470588236,Profitable,True,5.8,158,6.093080192009638,0.595052,24,8
134411,Snitch,2013,2013-02-21,2,2010s,Thriller,Thriller|Drama,Ric Roman Waugh,Dwayne Johnson,112.0,105-120 min,3.0,35000000.0,42930462.0,32761167.3459148,40184344.2805554,7930462.0,1.2265846285714286,Profitable,True,5.7,917,5.954756091029797,0.733975,22,25
287903,Krampus,2015,2015-11-26,11,2010s,Horror,Horror|Comedy|Fantasy,Michael Dougherty,Adam Scott,98.0,90-105 min,2.0,15000000.0,61548707.0,13799993.9280026,56624785.5250943,46548707.0,4.103247133333333,Profitable,True,5.9,342,6.081449536193487,1.448002,21,62
9276,The Faculty,1998,1998-12-25,12,1990s,Horror,Horror|Mystery|Science Fiction,Robert Rodriguez,Jordana Brewster,104.0,90-105 min,2.0,15000000.0,40283321.0,20065432.0361744,53886815.9811267,25283321.0,2.6855547333333334,Profitable,True,6.1,237,6.123214479503346,0.433845,33,64
15765,What's Love Got to Do with It,1993,1993-06-09,6,1990s,Drama,Drama|Music,Brian Gibson,Angela Bassett,118.0,105-120 min,3.0,,,,,,,Unknown,False,7.3,33,6.155177390482137,0.175158999999999,11,3
2142,Cop Land,1997,1997-08-15,8,1990s,Action,Action|Crime|Drama,James Mangold,Sylvester Stallone,104.0,90-105 min,2.0,15000000.0,44862187.0,20376904.8160814,60943500.9560164,29862187.0,2.9908124666666667,Profitable,True,6.5,185,6.172078850196721,0.473762,21,20
11397,Not Another Teen Movie,2001,2001-12-07,12,2000s,Comedy,Comedy,Joel Gallen,Chyler Leigh,89.0,< 90 min,1.0,16000000.0,66468332.0,19703809.8671014,81854960.9944611,50468332.0,4.15427075,Profitable,True,5.3,223,6.010301539748762,1.456526,96,29
77016,End of Watch,2012,2012-09-20,9,2010s,Crime,Crime|Drama|Thriller,David Ayer,Jake Gyllenhaal,109.0,105-120 min,3.0,7000000.0,48126384.0,6648209.96946572,45707757.9861622,41126384.0,6.875197714285714,Profitable,True,7.1,784,6.483956109788023,1.345091,28,65
11478,The Skulls,2000,2000-03-31,3,2000s,Crime,Crime|Drama|Thriller,Rob Cohen,Joshua Jackson,106.0,105-120 min,3.0,15000000.0,35007180.0,18994381.715147,44329315.9793908,20007180.0,2.333812,Profitable,True,5.9,88,6.113408611287548,0.848261,17,7
266856,The Theory of Everything,2014,2014-11-26,11,2010s,Drama,Drama|Romance,James Marsh,Eddie Redmayne,123.0,120-150 min,4.0,15000000.0,121201940.0,13816365.7615718,111638022.270139,106201940.0,8.080129333333334,Profitable,True,7.8,1960,7.116546440462802,3.170271,45,86
13411,Malibu's Most Wanted,2003,2003-04-10,4,2000s,Comedy,Comedy|Crime,John Whitesell,Jamie Kennedy,86.0,< 90 min,1.0,,,,,,,Unknown,False,4.7,34,6.092317958603684,0.446522,16,12
10564,Where the Heart Is,2000,2000-04-27,4,2000s,Comedy,Comedy|Drama|Romance,Matt Williams,Natalie Portman,120.0,105-120 min,3.0,,,,,,,Unknown,False,6.6,78,6.153024620024979,0.358934,65,6
947,Lawrence of Arabia,1962,1962-12-10,12,1960s,Adventure,Adventure|Drama|History|War,David Lean,Peter O'Toole,216.0,> 150 min,5.0,15000000.0,70000000.0,108126733.181427,504591421.513327,55000000.0,4.666666666666667,Profitable,True,7.5,517,6.506571833861243,1.168767,53,45
24150,Halloween II,2009,2009-08-28,8,2000s,Horror,Horror,Rob Zombie,Scout Taylor-Compton,105.0,90-105 min,2.0,15000000.0,39421467.0,15246006.5118743,40067996.1726425,24421467.0,2.6280978,Profitable,True,5.2,131,6.045482835053379,0.565345,39,17
228970,Wild,2014,2014-12-05,12,2010s,Drama,Drama,Jean-Marc Vallée,Reese Witherspoon,115.0,105-120 min,3.0,15000000.0,52501541.0,13816365.7615718,48358699.5668108,37501541.0,3.500102733333333,Profitable,True,6.9,677,6.384839032217897,1.64932099999999,57,69
18405,The Last House on the Left,2009,2009-03-13,3,2000s,Crime,Crime|Thriller|Horror|Drama,Dennis Iliadis,Garret Dillahunt,110.0,105-120 min,3.0,,,,,,,Unknown,False,6.1,210,6.123615215355651,0.43466,11,51
6961,The Wedding Date,2005,2005-02-04,2,2000s,Comedy,Comedy|Romance,Clare Kilner,Debra Messing,88.0,< 90 min,1.0,15000000.0,47175038.0,16748449.3448174,52673915.6188557,32175038.0,3.1450025333333333,Profitable,True,6.2,133,6.133781560310519,0.600522,10,12
11442,Halloween: Resurrection,2002,2002-07-01,7,2000s,Horror,Horror|Thriller,Rick Rosenthal,Jamie Lee Curtis,94.0,90-105 min,2.0,13000000.0,37664855.0,15759398.1170671,45659649.6128158,24664855.0,2.8972965384615383,Profitable,True,4.6,106,6.016400628955395,0.431515,30,6
2493,The Princess Bride,1987,1987-09-18,9,1980s,Adventure,Adventure|Family|Fantasy|Comedy|Romance,Rob Reiner,Cary Elwes,98.0,90-105 min,2.0,16000000.0,30857814.0,30705287.0090344,59218627.2088375,14857814.0,1.928613375,Profitable,True,7.5,1000,6.710397416565895,1.186793,27,18
14047,The Great Debaters,2007,2007-12-27,12,2000s,Drama,Drama,Denzel Washington,Denzel Washington,126.0,120-150 min,4.0,15000000.0,30226144.0,15775028.7394731,31787886.018897,15226144.0,2.0150762666666666,Profitable,True,6.6,74,6.151772675819461,0.54498,49,24
64690,Drive,2011,2011-01-10,1,2010s,Drama,Drama|Action|Thriller|Crime,Nicolas Winding Refn,Ryan Gosling,100.0,90-105 min,2.0,15000000.0,76175166.0,14540970.638872,73844056.8144804,61175166.0,5.0783444,Profitable,True,7.3,2347,6.870942843570228,5.903353,25,74
11132,Confessions of a Teenage Drama Queen,2004,2004-02-17,2,2000s,Music,Music|Comedy|Family|Romance,Sara Sugarman,Lindsay Lohan,89.0,< 90 min,1.0,15000000.0,29331068.0,17316680.9971822,33861116.5241773,14331068.0,1.9554045333333334,Profitable,True,5.1,134,6.034773575927541,0.678708,8,8
17127,The Object of My Affection,1998,1998-04-17,4,1990s,Comedy,Comedy|Drama|Romance,Nicholas Hytner,Jennifer Aniston,111.0,105-120 min,3.0,15000000.0,46905889.0,20065432.0361744,62745795.1883896,31905889.0,3.1270592666666666,Profitable,True,5.1,38,6.099236088167354,0.18358,15,9
1562,28 Weeks Later,2007,2007-04-26,4,2000s,Horror,Horror|Thriller|Science Fiction,Juan Carlos Fresnadillo,Imogen Poots,100.0,90-105 min,2.0,15000000.0,64238440.0,15775028.7394731,67557549.1452616,49238440.0,4.282562666666666,Profitable,True,6.3,702,6.1862489948629795,1.368087,52,61
232679,When the Game Stands Tall,2014,2014-08-22,8,2010s,Drama,Drama,Thomas Carter,Jim Caviezel,115.0,105-120 min,3.0,15000000.0,30127963.0,13816365.7615718,27750597.0972736,15127963.0,2.008530866666667,Profitable,True,6.2,94,6.1319981757736155,0.714661,65,6
17880,Because of Winn-Dixie,2005,2005-02-18,2,2000s,Comedy,Comedy|Drama|Family,Wayne Wang,Jeff Daniels,106.0,105-120 min,3.0,14000000.0,32645546.0,15631886.0551629,36450818.2343271,18645546.0,2.3318247142857143,Profitable,True,6.1,35,6.126590280280594,0.198611,15,3
14736,Love & Basketball,2000,2000-04-21,4,2000s,Action,Action|Comedy|Drama|Romance,Gina Prince-Bythewood,"Chris Warren, Jr.",124.0,120-150 min,4.0,20000000.0,27728118.0,25325842.2868627,35111897.168976,7728118.0,1.3864059,Profitable,True,7.3,54,6.172250946905598,0.324003,20,38
9434,Grosse Pointe Blank,1997,1997-04-11,4,1990s,Action,Action|Comedy|Thriller|Romance,George Armitage,John Cusack,107.0,105-120 min,3.0,,28084357.0,,38151484.6273233,,,Unknown,False,6.9,132,6.195913167578072,0.978042,18,10
23706,All About Steve,2009,2009-09-04,9,2000s,Comedy,Comedy,Phil Traill,Sandra Bullock,99.0,90-105 min,2.0,15000000.0,40105542.0,15246006.5118743,40763290.2996165,25105542.0,2.6737028,Profitable,True,4.6,192,5.937615004422595,1.085541,18,15
11531,Book of Shadows: Blair Witch 2,2000,2000-10-27,10,2000s,Horror,Horror|Mystery|Thriller,Joe Berlinger,Kim Director,90.0,< 90 min,1.0,,,,,,,Unknown,False,4.3,100,6.001613753069096,0.234155,5,10
9100,The Craft,1996,1996-05-03,5,1990s,Fantasy,Fantasy|Drama|Horror|Thriller,Andrew Fleming,Robin Tunney,101.0,90-105 min,2.0,15000000.0,24769466.0,20853251.0844038,34434926.2483068,9769466.0,1.6512977333333334,Profitable,True,6.2,184,6.135977217565681,0.690292,15,7
116,Match Point,2005,2005-05-12,5,2000s,Drama,Drama|Thriller|Crime|Romance,Woody Allen,Jonathan Rhys Meyers,124.0,120-150 min,4.0,15000000.0,85306374.0,16748449.3448174,95249965.5819366,70306374.0,5.6870916,Profitable,True,7.1,620,6.4327777510449184,1.051177,30,39
38843,Ramona and Beezus,2010,2010-07-23,7,2010s,Comedy,Comedy|Family,Elizabeth Allen Rosenbaum,Joey King,103.0,90-105 min,2.0,,,,,,,Unknown,False,6.2,158,6.134876369511126,0.648081,15,53
1245,The Remains of the Day,1993,1993-11-05,11,1990s,Drama,Drama|Romance,James Ivory,Anthony Hopkins,134.0,120-150 min,4.0,11500000.0,23237911.0,17358904.5595351,35076928.627128,11737911.0,2.0206879130434783,Profitable,True,7.1,96,6.19167406271138,0.574693,33,41
4995,Boogie Nights,1997,1997-09-11,9,1990s,Drama,Drama,Paul Thomas Anderson,Mark Wahlberg,155.0,> 150 min,5.0,15000000.0,43101594.0,20376904.8160814,58551805.2239591,28101594.0,2.8734396,Profitable,True,7.3,438,6.41389797351586,0.778274,94,19
10413,Nowhere to Run,1993,1993-01-15,1,1990s,Action,Action|Adventure|Drama|Thriller,Robert Harmon,Jean-Claude Van Damme,94.0,90-105 min,2.0,,,,,,,Unknown,False,5.6,60,6.104905281336379,0.711412,11,11
14012,Flicka,2006,2006-10-20,10,2000s,Drama,Drama|Family,Michael Mayer,Tim McGraw,95.0,90-105 min,2.0,15000000.0,21000000.0,16225037.3743735,22715052.324123,6000000.0,1.4,Profitable,True,6.1,37,6.126552051137785,0.200545,8,3
9793,The Hills Have Eyes 2,2007,2007-03-22,3,2000s,Horror,Horror|Thriller,Martin Weisz,Michael Bailey Smith,89.0,< 90 min,1.0,15000000.0,,15775028.7394731,,,,Unknown,False,5.1,178,6.00792804538723,1.017441,15,13
12212,Urban Legends: Final Cut,2000,2000-09-19,9,2000s,Horror,Horror,John Ottman,Jennifer Morrison,97.0,90-105 min,2.0,14000000.0,38574362.0,17728089.6008039,48846410.4164176,24574362.0,2.7553115714285714,Profitable,True,4.3,48,6.064721887410151,0.468129,19,6
13768,Tuck Everlasting,2002,2002-10-11,10,2000s,Fantasy,Fantasy|Drama|Science Fiction|Romance|Family,Jay Russell,Alexis Bledel,90.0,< 90 min,1.0,,,,,,,Unknown,False,6.5,87,6.149779028754266,0.128012,8,1
8975,The Marine,2006,2006-10-13,10,2000s,Action,Action|Adventure|Drama|Thriller,John Bonito,John Cena,92.0,90-105 min,2.0,20000000.0,22165608.0,21633383.1658314,23975854.5483809,2165608.0,1.1082804,Profitable,True,5.0,94,6.054103002788324,0.582876,10,57
45272,Country Strong,2010,2010-12-22,12,2010s,Drama,Drama|Romance,Shana Feste,Gwyneth Paltrow,117.0,105-120 min,3.0,15000000.0,20529194.0,15000000.0,20529194.0,5529194.0,1.3686129333333332,Profitable,True,5.9,49,6.119340430716109,0.406941,7,10
9424,Disturbing Behavior,1998,1998-07-24,7,1990s,Horror,Horror|Thriller|Science Fiction,David Nutter,James Marsden,82.0,< 90 min,1.0,15000000.0,17507368.0,20065432.0361744,23419526.8490864,2507368.0,1.1671578666666667,Profitable,True,5.6,45,6.110318460680276,0.722411999999999,15,27
97367,The Place Beyond the Pines,2013,2013-03-20,3,2010s,Drama,Drama|Crime,Derek Cianfrance,Ryan Gosling,140.0,120-150 min,4.0,15000000.0,35485608.0,14040500.2911063,33215712.6302724,20485608.0,2.3657072,Profitable,True,6.7,1116,6.3860356092213975,1.454579,33,22
254904,The November Man,2014,2014-08-27,8,2010s,Crime,Crime|Action|Thriller,Roger Donaldson,Pierce Brosnan,108.0,105-120 min,3.0,15000000.0,32556119.0,13816365.7615718,29987149.8587506,17556119.0,2.1704079333333333,Profitable,True,6.0,481,6.093916712079872,3.573028,38,16
18681,Eye of the Beholder,1999,1999-09-04,9,1990s,Drama,Drama|Mystery|Thriller,Stephan Elliott,Ewan McGregor,109.0,105-120 min,3.0,15000000.0,,19635792.6989148,,,,Unknown,False,5.3,25,6.112280877628724,0.238749,25,4
12162,The Hurt Locker,2008,2008-10-10,10,2000s,Drama,Drama|Thriller|War,Kathryn Bigelow,Jeremy Renner,131.0,120-150 min,4.0,15000000.0,42000000.0,15191799.5071375,42537038.619985,27000000.0,2.8,Profitable,True,7.2,1207,6.6328322042629235,1.742288,11,28
11495,Firestarter,1984,1984-05-11,5,1980s,Fantasy,Fantasy|Drama|Horror|Action|Thriller,Mark L. Lester,David Keith,114.0,105-120 min,3.0,,,,,,,Unknown,False,5.9,68,6.116409927809418,0.21068,15,15
64689,Killing Them Softly,2012,2012-09-20,9,2010s,Crime,Crime|Thriller,Andrew Dominik,Brad Pitt,97.0,90-105 min,2.0,15000000.0,37930465.0,14246164.2202836,36024242.2227815,22930465.0,2.5286976666666665,Profitable,True,5.7,480,6.015455295969562,0.836457,20,21
157849,A Most Wanted Man,2014,2014-07-25,7,2010s,Thriller,Thriller,Anton Corbijn,Philip Seymour Hoffman,121.0,120-150 min,4.0,15000000.0,31554855.0,13816365.7615718,29064894.548891,16554855.0,2.103657,Profitable,True,6.3,393,6.166130478128197,0.660405,28,42
13166,Freddy Got Fingered,2001,2001-04-18,4,2000s,Comedy,Comedy,Tom Green,Tom Green,87.0,< 90 min,1.0,,,,,,,Unknown,False,4.3,48,6.064721887410151,0.202684,45,23
15511,VeggieTales: The Pirates Who Don't Do Anything,2008,2008-01-11,1,2000s,Adventure,Adventure|Animation|Comedy|Science Fiction|Family,Mike Nawrocki,Phil Vischer,85.0,< 90 min,1.0,,,,,,,Unknown,False,5.8,20,6.122514051624899,0.376053,15,3
12211,Highlander: Endgame,2000,2000-09-01,9,2000s,Action,Action|Fantasy|Science Fiction,Douglas Aarniokoski,Christopher Lambert,87.0,< 90 min,1.0,25000000.0,15843608.0,31657302.8585784,20062635.8731438,-9156392.0,0.63374432,Loss-making,True,4.3,49,6.0634641567513174,0.332267,6,13
13816,Idlewild,2006,2006-08-25,8,2000s,Action,Action|Crime|Drama|Music|Thriller,Bryan Barber,André Benjamin,121.0,120-150 min,4.0,,,,,,,Unknown,False,5.5,11,6.122222956807393,0.03626,25,37
51828,One Day,2011,2011-03-02,3,2010s,Drama,Drama|Romance,Lone Scherfig,Anne Hathaway,107.0,105-120 min,3.0,15000000.0,59389433.0,14540970.638872,57572000.1008174,44389433.0,3.9592955333333335,Profitable,True,6.9,591,6.362061877712083,1.470363,31,6
22798,Whip It,2009,2009-09-13,9,2000s,Drama,Drama,Drew Barrymore,Ellen Page,111.0,105-120 min,3.0,15000000.0,16633035.0,15246006.5118743,16905823.9948155,1633035.0,1.108869,Profitable,True,6.6,214,6.1917904204692125,0.409005,20,2
7501,Knockaround Guys,2001,2001-09-07,9,2000s,Crime,Crime|Thriller,"Brian Koppelman, David Levien",Barry Pepper,92.0,90-105 min,2.0,15000000.0,12000000.0,18472321.7504076,14777857.4003261,-3000000.0,0.8,Loss-making,True,5.7,46,6.113239453137471,0.379856,32,5
10743,Confidence,2003,2003-04-25,4,2000s,Action,Action|Comedy|Thriller|Crime,James Foley,Edward Burns,97.0,90-105 min,2.0,,,,,,,Unknown,False,6.3,68,6.1355365715053605,0.709596,21,22
15237,De-Lovely,2004,2004-07-02,7,2000s,Drama,Drama|Music,Irwin Winkler,Kevin Kline,125.0,120-150 min,4.0,20000000.0,,23088907.9962429,,,,Unknown,False,6.1,18,6.126919727671287,0.139783,21,18
9686,New York Stories,1989,1989-03-10,3,1980s,Comedy,Comedy|Drama|Romance,"Francis Ford Coppola, Martin Scorsese, Woody Allen",Woody Allen,124.0,120-150 min,4.0,15000000.0,,26384774.0856488,,,,Unknown,False,5.8,25,6.121344759870766,0.363923,22,16
97430,The Man with the Iron Fists,2012,2012-11-02,11,2010s,Action,Action,RZA,Russell Crowe,96.0,90-105 min,2.0,15000000.0,15608545.0,14246164.2202836,14824126.3539791,608545.0,1.0405696666666666,Profitable,True,5.1,244,5.970431486351149,0.767413,21,12
12257,Home Fries,1998,1998-11-25,11,1990s,Drama,Drama|Comedy|Romance,Dean Parisot,Drew Barrymore,93.0,90-105 min,2.0,15000000.0,10443316.0,20065432.0361744,13969976.4953529,-4556684.0,0.6962210666666667,Loss-making,True,4.7,18,6.108553719362855,0.194358,8,23
13539,Here On Earth,2000,2000-03-23,3,2000s,Drama,Drama|Romance|Family,Mark Piznarski,Leelee Sobieski,96.0,90-105 min,2.0,,,,,,,Unknown,False,6.1,27,6.1267443040603675,0.266997,8,6
68,Brazil,1985,1985-02-20,2,1980s,Comedy,Comedy|Science Fiction,Terry Gilliam,Jonathan Pryce,132.0,120-150 min,4.0,15000000.0,,30407490.7839963,,,,Unknown,False,7.4,434,6.436187326401081,1.105634,22,30
14024,Raise Your Voice,2004,2004-08-10,8,2000s,Music,Music|Drama|Romance,Sean McNamara,Hilary Duff,103.0,90-105 min,2.0,15000000.0,14867514.0,17316680.9971822,17163733.1439427,-132486.0,0.9911676,Loss-making,True,5.9,110,6.110201870321545,0.405459,12,13
115,The Big Lebowski,1998,1998-02-15,2,1990s,Comedy,Comedy|Crime,Joel Coen,Jeff Bridges,117.0,105-120 min,3.0,15000000.0,27739163.0,20065432.0361744,37106552.6611244,12739163.0,1.8492775333333333,Profitable,True,7.6,1696,6.946180964013564,2.556082,41,98
7874,Black Snake Moan,2006,2006-12-08,12,2000s,Drama,Drama,Craig Brewer,Samuel L. Jackson,116.0,105-120 min,3.0,15000000.0,10903846.0,16225037.3743735,11794353.9249609,-4096154.0,0.7269230666666666,Loss-making,True,6.3,110,6.140254462357607,0.609408,15,8
4911,Dark Blue,2002,2002-12-14,12,2000s,Action,Action|Crime|Drama|Thriller,Ron Shelton,Kurt Russell,118.0,105-120 min,3.0,15000000.0,9237470.0,18183920.9043082,11198228.2557279,-5762530.0,0.6158313333333333,Loss-making,True,6.7,33,6.140903005073731,0.8757,17,22
1988,A Mighty Heart,2007,2007-01-01,1,2000s,Drama,Drama|Thriller,Michael Winterbottom,Angelina Jolie,100.0,90-105 min,2.0,16000000.0,18928871.0,16826697.3221047,19906898.9353853,2928871.0,1.1830544375,Profitable,True,6.7,54,6.149241217482972,0.643102,15,16
16222,Whatever It Takes,2000,2000-03-31,3,2000s,Drama,Drama|Comedy|Romance,David Raynr,Jodi Lyn O'Keefe,94.0,90-105 min,2.0,15000000.0,9902115.0,18994381.715147,12538970.1398189,-5097885.0,0.660141,Loss-making,True,5.0,22,6.109255547080716,0.350814,20,32
9557,Boat Trip,2002,2002-10-01,10,2000s,Comedy,Comedy,Mort Nathan,Cuba Gooding Jr.,94.0,90-105 min,2.0,20000000.0,8586376.0,24245227.8724109,10408932.13591,-11413624.0,0.4293188,Loss-making,True,4.5,64,6.053837217641755,0.346465,13,30
9026,The Importance of Being Earnest,2002,2002-05-17,5,2000s,Comedy,Comedy|Drama|History|Romance,Oliver Parker,Rupert Everett,97.0,90-105 min,2.0,,,,,,,Unknown,False,6.8,70,6.160344469024488,0.276574,11,8
18276,Hoot,2006,2006-05-05,5,2000s,Drama,Drama|Family,Wil Shriner,Luke Wilson,91.0,90-105 min,2.0,,,,,,,Unknown,False,5.4,31,6.111000330905908,0.08987,10,20
8321,In Bruges,2008,2008-02-08,2,2000s,Comedy,Comedy|Drama|Crime,Martin McDonagh,Colin Farrell,107.0,105-120 min,3.0,15000000.0,32002538.0,15191799.5071375,32411742.7343699,17002538.0,2.1335025333333335,Profitable,True,7.3,794,6.5607497594794335,1.054819,24,25
72359,Peeples,2013,2013-05-09,5,2010s,Comedy,Comedy,Tina Gordon Chism,Craig Robinson,95.0,90-105 min,2.0,15.0,,14.0405002911063,,,,Unknown,False,6.1,18,6.126919727671287,0.135633,10,16
10186,The Rocker,2008,2008-08-20,8,2000s,Comedy,Comedy|Music,Peter Cattaneo,Rainn Wilson,102.0,90-105 min,2.0,15000000.0,8762890.0,15191799.5071375,8874937.86554001,-6237110.0,0.5841926666666667,Loss-making,True,5.4,78,6.087666055678914,0.615524,22,5
25704,Post Grad,2009,2009-08-21,8,2000s,Comedy,Comedy,Vicky Jenson,Alexis Bledel,89.0,< 90 min,1.0,15000000.0,6405245.0,15246006.5118743,6510293.79867668,-8594755.0,0.42701633333333333,Loss-making,True,5.1,63,6.081607902291844,0.249295,31,56
133694,Promised Land,2012,2012-09-23,9,2010s,Drama,Drama,Gus Van Sant,Matt Damon,106.0,105-120 min,3.0,15000000.0,8138788.0,14246164.2202836,7729767.36013828,-6861212.0,0.5425858666666666,Loss-making,True,5.7,160,6.082125723755216,0.644806,15,16
19265,Whatever Works,2009,2009-06-19,6,2000s,Comedy,Comedy|Romance,Woody Allen,Larry David,92.0,90-105 min,2.0,15000000.0,,15246006.5118743,,,,Unknown,False,6.7,174,6.1924916944818875,0.804856999999999,20,6
36047,The In Crowd,2000,2000-07-19,7,2000s,Thriller,Thriller,Mary Lambert,Susan Ward,105.0,90-105 min,2.0,15000000.0,5217498.0,18994381.715147,6606876.57400109,-9782502.0,0.3478332,Loss-making,True,5.2,12,6.1191322438604585,0.015997,11,2
8053,The Three Burials of Melquiades Estrada,2005,2005-11-17,11,2000s,Adventure,Adventure|Crime|Drama|Mystery|Western,Tommy Lee Jones,Tommy Lee Jones,121.0,120-150 min,4.0,15000000.0,12036149.0,16748449.3448174,13439122.1222116,-2963851.0,0.8024099333333333,Loss-making,True,6.7,75,6.157334377116909,0.484314,16,49
2290,Jakob the Liar,1999,1999-09-16,9,1990s,Comedy,Comedy|Drama|History,Peter Kassovitz,Robin Williams,120.0,105-120 min,3.0,,,,,,,Unknown,False,6.1,39,6.126513931762093,0.330491,12,18
5236,Kiss Kiss Bang Bang,2005,2005-02-12,2,2000s,Action,Action|Comedy|Crime|Mystery,Shane Black,Robert Downey Jr.,103.0,90-105 min,2.0,15000000.0,15785148.0,16748449.3448174,17625116.778563,785148.0,1.0523432,Profitable,True,7.1,527,6.399790844898076,1.05364,22,22
6552,Idle Hands,1999,1999-04-30,4,1990s,Thriller,Thriller|Comedy|Horror,Rodman Flender,Devon Sawa,92.0,90-105 min,2.0,25000000.0,4152230.0,32726321.164858,5435488.50121434,-20847770.0,0.1660892,Loss-making,True,6.1,83,6.1257021490068695,0.323791,25,13
1018,Mulholland Drive,2001,2001-05-16,5,2000s,Thriller,Thriller|Drama|Mystery,David Lynch,Naomi Watts,147.0,120-150 min,4.0,15000000.0,20117339.0,18472321.7504076,24774263.9180016,5117339.0,1.3411559333333334,Profitable,True,7.4,709,6.5646583095040345,4.436367,71,17
10075,Blood and Chocolate,2007,2007-01-26,1,2000s,Drama,Drama|Fantasy|Horror|Romance,Katja von Garnier,Agnes Bruckner,98.0,90-105 min,2.0,,,,,,,Unknown,False,5.6,47,6.109590006664601,0.467559,20,38
38031,You Will Meet a Tall Dark Stranger,2010,2010-05-23,5,2010s,Comedy,Comedy|Drama|Romance,Woody Allen,Gemma Jones,98.0,90-105 min,2.0,22000000.0,,22000000.0,,,,Unknown,False,5.8,131,6.098408563960524,0.493121,29,11
42188,Never Let Me Go,2010,2010-09-15,9,2010s,Drama,Drama|Romance|Science Fiction,Mark Romanek,Carey Mulligan,104.0,90-105 min,2.0,15000000.0,9455232.0,15000000.0,9455232.0,-5544768.0,0.6303488,Loss-making,True,6.7,414,6.261380328226782,0.856916,24,33
6687,Transsiberian,2008,2008-01-18,1,2000s,Thriller,Thriller|Crime|Mystery,Brad Anderson,Woody Harrelson,111.0,105-120 min,3.0,15000000.0,5926410.0,15191799.5071375,6002188.83447298,-9073590.0,0.395094,Loss-making,True,6.3,71,6.135882786006436,0.802785,16,23
13853,The Clan of the Cave Bear,1986,1986-01-17,1,1980s,Adventure,Adventure|Drama,Michael Chapman,Daryl Hannah,98.0,90-105 min,2.0,15000000.0,,29841096.1629323,,,,Unknown,False,4.7,10,6.116814425876235,0.217599,9,12
8461,Funny Games,2007,2007-10-20,10,2000s,Horror,Horror|Thriller|Crime,Michael Haneke,Naomi Watts,112.0,105-120 min,3.0,15000000.0,7938872.0,15775028.7394731,8349062.26393326,-7061128.0,0.5292581333333334,Loss-making,True,6.2,240,6.138226308473604,0.773934,10,19
331592,Listening,2015,2015-09-11,9,2010s,Drama,Drama|Thriller|Science Fiction,Khalil Sullins,Thomas Stroppel,100.0,90-105 min,2.0,,,,,,,Unknown,False,5.3,18,6.116424865780754,0.19254,6,28
10045,District B13,2004,2004-11-09,11,2000s,Action,Action|Thriller|Science Fiction,Pierre Morel,David Belle,84.0,< 90 min,1.0,12000000.0,9584131.0,13853344.7977457,11064355.944147,-2415869.0,0.7986775833333334,Loss-making,True,6.5,351,6.204003611716482,1.327137,25,18
400,Things to Do in Denver When You're Dead,1995,1995-12-01,12,1990s,Drama,Drama|Crime,Gary Fleder,Andy García,116.0,105-120 min,3.0,8000000.0,529766.0,11447734.9368557,758077.593319788,-7470234.0,0.06622075,Loss-making,True,6.3,26,6.130531525496539,0.360204,14,8
9104,Buffalo Soldiers,2001,2001-09-08,9,2000s,Drama,Drama|Comedy|War|Crime|Thriller,Gregor Jordan,Joaquin Phoenix,98.0,90-105 min,2.0,15000000.0,,18472321.7504076,,,,Unknown,False,6.6,45,6.142481994380511,0.427146,16,13
16353,Ong Bak 2,2008,2008-12-04,12,2000s,Adventure,Adventure|Action|Thriller,"Tony Jaa, Panna Rittikrai",Tony Jaa,98.0,90-105 min,2.0,8500000.0,8936663.0,8608686.38737792,9050932.83725693,436663.0,1.0513721176470587,Profitable,True,6.2,88,6.131715247443155,0.531905,4,5
23759,Centurion,2010,2010-02-15,2,2010s,Drama,Drama|Action|Thriller,Neil Marshall,Michael Fassbender,97.0,90-105 min,2.0,12000000.0,6814789.0,12000000.0,6814789.0,-5185211.0,0.5678990833333334,Loss-making,True,5.7,198,6.072770155491123,0.804348,22,62
24206,Silent Trigger,1996,1996-06-26,6,1990s,Drama,Drama|Action|Thriller,Russell Mulcahy,Dolph Lundgren,93.0,90-105 min,2.0,15000000.0,76382.0,20853251.0844038,106187.534955262,-14923618.0,0.005092133333333334,Loss-making,True,4.6,11,6.1149707408525185,0.221598,4,2
10185,The Midnight Meat Train,2008,2008-08-07,8,2000s,Mystery,Mystery|Drama|Crime|Thriller|Horror,Ryûhei Kitamura,Bradley Cooper,98.0,90-105 min,2.0,15000000.0,3533227.0,15191799.5071375,3578405.07981366,-11466773.0,0.23554846666666668,Loss-making,True,5.7,130,6.089850116796559,0.326352,11,11
74536,The Son of No One,2011,2011-11-04,11,2010s,Drama,Drama|Thriller|Crime,Dito Montiel,Channing Tatum,90.0,< 90 min,1.0,15000000.0,,14540970.638872,,,,Unknown,False,4.8,57,6.073663495385,0.685977,19,3
13501,The Good Night,2007,2007-01-25,1,2000s,Comedy,Comedy|Drama|Romance|Fantasy|Music,Jake Paltrow,Penélope Cruz,93.0,90-105 min,2.0,15000000.0,20380.0,15775028.7394731,21433.0057140309,-14979620.0,0.0013586666666666667,Loss-making,True,5.5,16,6.119952235849772,0.32337,10,2
15208,Bathory: Countess of Blood,2008,2008-07-04,7,2000s,Drama,Drama|Fantasy,Juraj Jakubisko,Anna Friel,141.0,120-150 min,4.0,,,,,,,Unknown,False,5.7,19,6.121365201615158,0.400485,43,18
172391,Khumba,2013,2013-07-18,7,2010s,Animation,Animation|Adventure|Family,Anthony Silverston,Jake T. Austin,85.0,< 90 min,1.0,20000000.0,27187375.0,18720667.0548084,25448289.7734612,7187375.0,1.35936875,Profitable,True,5.8,51,6.115398589664632,0.457857,22,3
262543,Automata,2014,2014-10-09,10,2010s,Thriller,Thriller|Science Fiction,Gabe Ibáñez,Antonio Banderas,110.0,105-120 min,3.0,7000000.0,,6447637.35540021,,,,Unknown,False,5.4,436,5.950140527533531,2.103532,21,56
9288,Dungeons & Dragons: Wrath of the Dragon God,2005,2005-01-01,1,2000s,Action,Action|Adventure|Fantasy,Gerry Lively,Bruce Payne,105.0,90-105 min,2.0,,,,,,,Unknown,False,5.1,12,6.118253830859946,0.138467,7,34
137,Groundhog Day,1993,1993-02-11,2,1990s,Romance,Romance|Fantasy|Drama|Comedy,Harold Ramis,Bill Murray,101.0,90-105 min,2.0,14600000.0,70906973.0,22038261.4408011,107031945.818481,56306973.0,4.85664198630137,Profitable,True,7.2,1339,6.660631450127278,2.571339,30,44
264999,Magic Mike XXL,2015,2015-07-01,7,2010s,Comedy,Comedy|Drama|Music,Gregory Jacobs,Channing Tatum,115.0,105-120 min,3.0,14800000.0,122413057.0,13615994.0089626,112619962.887216,107613057.0,8.2711525,Profitable,True,6.3,501,6.173924078668413,1.338481,54,21
454,Romeo + Juliet,1996,1996-10-31,10,1990s,Drama,Drama|Romance,Baz Luhrmann,Leonardo DiCaprio,120.0,105-120 min,3.0,14500000.0,147298761.0,20158142.7149236,204777203.170305,132798761.0,10.15853524137931,Profitable,True,6.6,754,6.296355276475392,1.920156,15,18
33,Unforgiven,1992,1992-08-07,8,1990s,Western,Western,Clint Eastwood,Clint Eastwood,131.0,120-150 min,4.0,14000000.0,159157447.0,21756339.5642453,247334532.936456,145157447.0,11.368389071428572,Profitable,True,7.5,602,6.549740073788545,0.841579999999999,33,43
1951,Manderlay,2005,2005-05-16,5,2000s,Drama,Drama,Lars von Trier,Bryce Dallas Howard,139.0,120-150 min,4.0,14200000.0,674918.0,15855198.7130938,753588.662327031,-13525082.0,0.04752943661971831,Loss-making,True,6.9,33,6.1456611335432,0.449064,12,14
12405,Slumdog Millionaire,2008,2008-05-12,5,2000s,Drama,Drama|Romance,Danny Boyle,Dev Patel,120.0,105-120 min,3.0,15000000.0,377910544.0,15191799.5071375,382742747.738751,362910544.0,25.194036266666668,Profitable,True,7.5,1547,6.859276329095092,1.929591,15,59
10998,Fatal Attraction,1987,1987-09-11,9,1980s,Horror,Horror|Drama|Romance|Thriller,Adrian Lyne,Michael Douglas,119.0,105-120 min,3.0,14000000.0,320145693.0,26867126.1329051,614385336.766952,306145693.0,22.8675495,Profitable,True,6.4,131,6.151334292867668,0.865812999999999,14,7
114,Pretty Woman,1990,1990-03-23,3,1990s,Romance,Romance|Comedy,Garry Marshall,Julia Roberts,119.0,105-120 min,3.0,14000000.0,463000000.0,23364579.5644041,772700024.16565,449000000.0,33.07142857142857,Profitable,True,6.9,963,6.448425427619772,2.212092,17,10
9396,Crocodile Dundee II,1988,1988-05-19,5,1980s,Adventure,Adventure|Comedy,John Cornell,Paul Hogan,110.0,105-120 min,3.0,,239606210.0,,441807739.695691,,,Unknown,False,5.5,159,6.061361812396916,0.83832,10,10
2604,Born on the Fourth of July,1989,1989-12-20,12,1980s,Drama,Drama|War,Oliver Stone,Tom Cruise,145.0,120-150 min,4.0,14000000.0,161001698.0,24625789.1466055,283199561.94239,147001698.0,11.500121285714286,Profitable,True,6.3,190,6.148530897181383,0.724013,95,34
864,Cool Runnings,1993,1993-09-30,9,1990s,Comedy,Comedy,Jon Turteltaub,Leon Robinson,98.0,90-105 min,2.0,14000000.0,154864401.0,21132579.4637819,233763161.445963,140864401.0,11.061742928571428,Profitable,True,6.8,289,6.24560072931518,0.980554,15,13
14435,My Bloody Valentine,2009,2009-01-16,1,2000s,Mystery,Mystery|Horror,Patrick Lussier,Jensen Ackles,101.0,90-105 min,2.0,15000000.0,100734718.0,15246006.5118743,102386811.106654,85734718.0,6.715647866666667,Profitable,True,5.3,151,6.044280485242026,0.694443,16,18
1931,Stomp the Yard,2007,2007-05-16,5,2000s,Drama,Drama|Music,Sylvain White,Columbus Short,114.0,105-120 min,3.0,13000000.0,75511123.0,13671691.5742101,79412675.6983263,62511123.0,5.808547923076923,Profitable,True,6.1,57,6.126175719890705,0.266045,12,13
691,The Spy Who Loved Me,1977,1977-07-07,7,1970s,Adventure,Adventure|Action|Thriller,Lewis Gilbert,Roger Moore,125.0,120-150 min,4.0,14000000.0,185438673.0,50368934.4559849,667167740.424415,171438673.0,13.2456195,Profitable,True,6.2,279,6.139701523689776,2.379469,29,19
9877,Urban Legend,1998,1998-09-25,9,1990s,Horror,Horror|Thriller,Jamie Blanks,Alicia Witt,99.0,90-105 min,2.0,14000000.0,72527595.0,18727736.5670961,97019835.2146459,58527595.0,5.1805425,Profitable,True,5.4,144,6.0573703746998016,0.783938,26,28
62008,Good Deeds,2012,2012-02-23,2,2010s,Comedy,Comedy|Drama|Romance,Tyler Perry,Tyler Perry,111.0,105-120 min,3.0,,,,,,,Unknown,False,6.2,38,6.129262666717746,0.318408,10,10
12227,White Fang,1991,1991-01-18,1,1990s,Action,Action|Adventure|Drama|Family,Randal Kleiser,Klaus Maria Brandauer,107.0,105-120 min,3.0,14000000.0,34793160.0,22415299.7870226,55707079.4241317,20793160.0,2.4852257142857144,Profitable,True,6.5,59,6.142839543088085,0.191606,12,18
13824,Superstar,1999,1999-10-08,10,1990s,Comedy,Comedy|Family,Bruce McCulloch,Molly Shannon,81.0,< 90 min,1.0,,,,,,,Unknown,False,4.8,46,6.083670136660077,0.296655,31,3
71688,The Iron Lady,2011,2011-12-30,12,2010s,History,History|Drama,Phyllida Lloyd,Meryl Streep,105.0,90-105 min,2.0,13000000.0,114956699.0,12602174.5536891,111438798.993377,101956699.0,8.842823,Profitable,True,6.2,333,6.141631532415253,0.37054,31,15
15173,Jonah: A VeggieTales Movie,2002,2002-10-04,10,2000s,Action,Action|Adventure|Animation|Comedy|Family,"Phil Vischer, Mike Nawrocki",Phil Vischer,82.0,< 90 min,1.0,,,,,,,Unknown,False,6.1,17,6.126939361343281,0.063246,15,4
8291,Poetic Justice,1993,1993-07-23,7,1990s,Drama,Drama|Romance,John Singleton,Janet Jackson,109.0,105-120 min,3.0,14000000.0,27515786.0,21132579.4637819,41534252.4395298,13515786.0,1.9654132857142856,Profitable,True,6.8,24,6.138993221346617,0.313792,28,12
13950,All About the Benjamins,2002,2002-03-08,3,2000s,Action,Action|Adventure|Comedy,Kevin Bray,Ice Cube,95.0,90-105 min,2.0,14000000.0,25482931.0,16971659.5106876,30891973.4475962,11482931.0,1.8202093571428573,Profitable,True,6.4,22,6.1316376414052565,0.23421,7,1
12158,Vampire in Brooklyn,1995,1995-10-27,10,1990s,Comedy,Comedy|Horror|Romance,Wes Craven,Eddie Murphy,100.0,90-105 min,2.0,14000000.0,19800000.0,20033536.1394975,28333143.9687179,5800000.0,1.4142857142857144,Profitable,True,4.5,45,6.074938573610016,0.378093,9,11
11586,Exorcist II: The Heretic,1977,1977-06-17,6,1970s,Horror,Horror|Thriller|Fantasy,John Boorman,Linda Blair,118.0,105-120 min,3.0,14000000.0,30749142.0,50368934.4559849,110628679.855412,16749142.0,2.1963672857142855,Profitable,True,4.6,56,6.066624039669366,0.375967,24,9
10008,An American Haunting,2005,2005-05-05,5,2000s,Horror,Horror|Thriller,Courtney Solomon,Donald Sutherland,83.0,< 90 min,1.0,,,,,,,Unknown,False,5.6,72,6.1006567269741065,0.429125,19,51
2830,My Boss's Daughter,2003,2003-08-21,8,2000s,Comedy,Comedy|Romance,David Zucker,Ashton Kutcher,83.0,< 90 min,1.0,14000000.0,,16594937.0269553,,,,Unknown,False,4.4,100,6.008490859182843,0.939084,11,9
12403,A Perfect Getaway,2009,2009-06-08,6,2000s,Thriller,Thriller|Mystery|Adventure,David Twohy,Milla Jovovich,98.0,90-105 min,2.0,14000000.0,22852638.0,14229606.0777493,23227431.1841004,8852638.0,1.6323312857142858,Profitable,True,6.1,185,6.123998803416135,0.883984,12,25
34563,Our Family Wedding,2010,2010-03-12,3,2010s,Comedy,Comedy,Rick Famuyiwa,Forest Whitaker,103.0,90-105 min,2.0,14000000.0,21409028.0,14000000.0,21409028.0,7409028.0,1.5292162857142857,Profitable,True,5.9,26,6.122995839676671,0.312595,27,1
14557,Dead Man on Campus,1998,1998-08-21,8,1990s,Comedy,Comedy,Alan Cohn,Tom Everett Scott,96.0,90-105 min,2.0,,,,,,,Unknown,False,5.1,22,6.110854268103898,0.315454,15,5
10368,Tea with Mussolini,1999,1999-03-25,3,1990s,Comedy,Comedy|Drama|War,Franco Zeffirelli,Cher,117.0,105-120 min,3.0,12000000.0,21001563.0,15708634.1591318,27492155.82808,9001563.0,1.75013025,Profitable,True,5.7,17,6.121979839791242,0.079104,16,9
10280,Thinner,1996,1996-10-25,10,1990s,Horror,Horror|Thriller,Tom Holland,Robert John Burke,92.0,90-105 min,2.0,,,,,,,Unknown,False,5.1,55,6.087180866040574,0.708074,10,8
12637,"New York, New York",1977,1977-06-21,6,1970s,Drama,Drama|Music|Romance,Martin Scorsese,Liza Minnelli,155.0,> 150 min,5.0,,,,,,,Unknown,False,5.6,32,6.115104652144703,0.434509,9,9
34152,Crooklyn,1994,1994-05-13,5,1990s,Comedy,Comedy|Drama,Spike Lee,Alfre Woodard,115.0,105-120 min,3.0,,,,,,,Unknown,False,5.6,11,6.1230287585801575,0.13863,16,3
14434,I Think I Love My Wife,2007,2007-03-16,3,2000s,Comedy,Comedy|Romance,Chris Rock,Chris Rock,90.0,< 90 min,1.0,11000000.0,13196245.0,11568354.408947,13878076.2752086,2196245.0,1.1996586363636363,Profitable,True,5.3,22,6.11405171015026,0.216287,10,14
11470,Jason X,2001,2001-07-24,7,2000s,Horror,Horror|Science Fiction,James Isaac,Kane Hodder,91.0,90-105 min,2.0,11000000.0,16000000.0,13546369.2836322,19703809.8671014,5000000.0,1.4545454545454546,Profitable,True,4.3,138,5.95827796953138,0.774598,11,9
10741,Bobby,2006,2006-09-05,9,2000s,History,History|Drama,Emilio Estevez,Anthony Hopkins,120.0,105-120 min,3.0,,,,,,,Unknown,False,5.8,58,6.113835109650713,0.654177999999999,19,13
24940,Head Over Heels,2001,2001-02-02,2,2000s,Comedy,Comedy|Romance,Mark Waters,Monica Potter,86.0,< 90 min,1.0,14000000.0,10424470.0,17240833.6337138,12837610.9278314,-3575530.0,0.744605,Loss-making,True,5.3,43,6.101815588245489,0.421293,20,4
82679,Fun Size,2012,2012-10-25,10,2010s,Comedy,Comedy,Josh Schwartz,Victoria Justice,87.0,< 90 min,1.0,14000000.0,11417362.0,13296419.9389314,10843574.2676284,-2582638.0,0.8155258571428572,Loss-making,True,5.4,83,6.085273507993718,0.615971,13,10
1440,Little Children,2006,2006-10-06,10,2000s,Romance,Romance|Drama,Todd Field,Kate Winslet,136.0,120-150 min,4.0,26000000.0,,28123398.1155808,,,,Unknown,False,6.3,111,6.1403634962376445,0.544793,24,36
18041,Gossip,2000,2000-04-21,4,2000s,Drama,Drama|Mystery|Thriller,Davis Guggenheim,Joshua Jackson,90.0,< 90 min,1.0,14000000.0,5108820.0,17728089.6008039,6469258.47959851,-8891180.0,0.3649157142857143,Loss-making,True,5.3,34,6.107014306129078,0.310295,9,11
28029,A Walk on the Moon,1999,1999-01-29,1,1990s,Drama,Drama|Romance,Tony Goldwyn,Diane Lane,107.0,105-120 min,3.0,14000000.0,,18326739.8523205,,,,Unknown,False,6.4,11,6.129475172762269,0.167869,16,26
1123,Catch a Fire,2006,2006-10-27,10,2000s,Action,Action|Drama|Thriller,Phillip Noyce,Tim Robbins,101.0,90-105 min,2.0,,4291965.0,,4642486.16896689,,,Unknown,False,6.3,11,6.128669370989504,0.537204,13,13
14033,Soul Survivors,2001,2001-09-06,9,2000s,Drama,Drama|Horror|Mystery|Thriller,Stephen Carpenter,Eliza Dushku,84.0,< 90 min,1.0,,,,,,,Unknown,False,4.5,21,6.102426411415731,0.116784,19,2
16899,Easy Virtue,2008,2008-01-01,1,2000s,Comedy,Comedy|Romance,Stephan Elliott,Jessica Biel,93.0,90-105 min,2.0,,,,,,,Unknown,False,6.2,55,6.130116072910208,0.394209,14,14
245700,Mr. Turner,2014,2014-10-31,10,2010s,History,History|Drama,Mike Leigh,Timothy Spall,150.0,120-150 min,4.0,,5405500.0,,4978957.67494512,,,Unknown,False,6.1,143,6.1246720715635385,0.484272,72,43
9045,Amen.,2002,2002-02-13,2,2000s,Drama,Drama|History,Costa-Gavras,Ulrich Tukur,132.0,120-150 min,4.0,,,,,,,Unknown,False,7.1,45,6.15856376123063,0.24455,19,18
16005,The Lucky Ones,2008,2008-09-26,9,2000s,Comedy,Comedy|Drama|History,Neil Burger,Tim Robbins,113.0,105-120 min,3.0,,,,,,,Unknown,False,6.1,31,6.126667069769527,0.287248,12,19
44754,Margaret,2011,2011-09-30,9,2010s,Drama,Drama,Kenneth Lonergan,Anna Paquin,149.0,120-150 min,4.0,14000000.0,46495.0,13571572.5962806,45072.1619902905,-13953505.0,0.0033210714285714284,Loss-making,True,5.9,35,6.121551046244168,0.395082,22,25
23988,Stan Helsing,2009,2009-10-27,10,2000s,Comedy,Comedy|Horror,Bo Zenga,Diora Baird,90.0,< 90 min,1.0,108.0,,109.771246885494,,,,Unknown,False,4.1,51,6.053694796340313,0.11886,27,2
43949,Flipped,2010,2010-08-06,8,2010s,Comedy,Comedy|Drama|Romance,Rob Reiner,Madeline Carroll,90.0,< 90 min,1.0,14000000.0,1755212.0,14000000.0,1755212.0,-12244788.0,0.12537228571428571,Loss-making,True,7.2,259,6.299514325421717,0.918093,20,71
142,Brokeback Mountain,2005,2005-09-02,9,2000s,Drama,Drama|Romance,Ang Lee,Heath Ledger,134.0,120-150 min,4.0,14000000.0,178043761.0,15631886.0551629,198797127.484618,164043761.0,12.7174115,Profitable,True,7.2,780,6.519350807524377,1.475604,15,34
9603,Clueless,1995,1995-07-19,7,1990s,Drama,Drama|Comedy|Romance,Amy Heckerling,Alicia Silverstone,97.0,90-105 min,2.0,12000000.0,,17171602.4052835,,,,Unknown,False,6.9,443,6.317760034687982,1.441055,14,11
10712,Far from Heaven,2002,2002-09-01,9,2000s,Drama,Drama|Romance,Todd Haynes,Julianne Moore,107.0,105-120 min,3.0,13500000.0,29027914.0,16365528.8138773,35189419.4795373,15527914.0,2.150215851851852,Profitable,True,6.4,57,6.1382939255458675,0.49789,10,14
243938,Hot Tub Time Machine 2,2015,2015-02-20,2,2010s,Comedy,Comedy,Steve Pink,Rob Corddry,93.0,90-105 min,2.0,14000000.0,12314651.0,12879994.3328024,11329473.9350314,-1685349.0,0.8796179285714286,Loss-making,True,5.0,244,5.955163355445699,0.661163,24,72
10876,Quills,2000,2000-11-22,11,2000s,Drama,Drama,Philip Kaufman,Geoffrey Rush,124.0,120-150 min,4.0,13500000.0,7060876.0,17094943.5436323,8941131.59915472,-6439124.0,0.5230278518518519,Loss-making,True,6.4,52,6.137363315793879,0.309754,17,13
86838,Seven Psychopaths,2012,2012-09-07,9,2010s,Comedy,Comedy|Crime|Thriller,Martin McDonagh,Colin Farrell,110.0,105-120 min,3.0,15000000.0,19422261.0,14246164.2202836,18446181.3156807,4422261.0,1.2948174,Profitable,True,6.6,773,6.299067537181032,0.958518,33,11
97370,Under the Skin,2014,2014-03-14,3,2010s,Thriller,Thriller|Science Fiction|Drama,Jonathan Glazer,Scarlett Johansson,108.0,105-120 min,3.0,13300000.0,5380251.0,12250510.9752604,4955701.04700419,-7919749.0,0.40453015037593987,Loss-making,True,6.0,704,6.083740614322808,0.757089,24,62
801,"Good Morning, Vietnam",1987,1987-12-23,12,1980s,Comedy,Comedy|Drama|War,Barry Levinson,Robin Williams,121.0,120-150 min,4.0,13000000.0,123922370.0,24948045.6948404,237816996.10561,110922370.0,9.53249,Profitable,True,7.0,363,6.31177366393208,1.011111,15,14
54518,Justin Bieber: Never Say Never,2011,2011-02-11,2,2010s,Documentary,Documentary|Music|Family,Jon M. Chu,Justin Bieber,105.0,90-105 min,2.0,13000000.0,98441954.0,12602174.5536891,95429437.5164797,85441954.0,7.572458,Profitable,True,5.3,90,6.075719519657762,0.226575,5,2
44214,Black Swan,2010,2010-12-02,12,2010s,Drama,Drama|Mystery|Thriller,Darren Aronofsky,Natalie Portman,108.0,105-120 min,3.0,13000000.0,327803731.0,13000000.0,327803731.0,314803731.0,25.215671615384615,Profitable,True,7.1,2597,6.766633737019506,5.29318,29,101
240,The Godfather: Part II,1974,1974-12-20,12,1970s,Drama,Drama|Crime,Francis Ford Coppola,Al Pacino,200.0,> 150 min,5.0,13000000.0,47542841.0,57489690.5506849,210247939.768493,34542841.0,3.6571416153846155,Profitable,True,8.1,2131,7.333518854075284,3.264571,84,53
9816,Save the Last Dance,2001,2001-01-12,1,2000s,Drama,Drama|Family|Romance|Music,Thomas Carter,Julia Stiles,112.0,105-120 min,3.0,13000000.0,91038276.0,16009345.5170199,112112555.058294,78038276.0,7.0029443076923075,Profitable,True,6.4,194,6.161453755143579,0.405522,21,21
10131,A Nightmare on Elm Street 4: The Dream Master,1988,1988-08-19,8,1980s,Horror,Horror|Thriller,Renny Harlin,Robert Englund,99.0,90-105 min,2.0,7000000.0,72500000.0,12907237.1616321,133682099.174047,65500000.0,10.357142857142858,Profitable,True,5.9,135,6.106672861686772,0.78304,29,15
8859,"Dude, Where’s My Car?",2000,2000-12-15,12,2000s,Comedy,Comedy,Danny Leiner,Ashton Kutcher,83.0,< 90 min,1.0,13000000.0,73180723.0,16461797.4864608,92668172.4568295,60180723.0,5.629286384615384,Profitable,True,5.1,287,5.947624494752162,0.91232,15,122
239563,St. Vincent,2014,2014-10-09,10,2010s,Comedy,Comedy,Theodore Melfi,Bill Murray,102.0,90-105 min,2.0,13000000.0,54837234.0,11974183.6600289,50510085.4864604,41837234.0,4.218248769230769,Profitable,True,7.1,531,6.401276621048099,1.542392,28,12
222899,About Last Night,2014,2014-02-14,2,2010s,Comedy,Comedy|Romance,Steve Pink,Kevin Hart,100.0,90-105 min,2.0,12500000.0,49002684.0,11513638.1346432,45135933.6961818,36502684.0,3.92021472,Profitable,True,5.8,165,6.091729680954363,0.796721,12,5
4951,10 Things I Hate About You,1999,1999-03-30,3,1990s,Comedy,Comedy|Romance|Drama,Gil Junger,Heath Ledger,97.0,90-105 min,2.0,16000000.0,53478166.0,20944845.5455091,70005745.4329437,37478166.0,3.342385375,Profitable,True,7.2,947,6.5687482327312035,1.769152,44,37
10985,The New Guy,2002,2002-05-10,5,2000s,Comedy,Comedy|Family,Ed Decter,DJ Qualls,88.0,< 90 min,1.0,13000000.0,,15759398.1170671,,,,Unknown,False,5.8,67,6.1118475535414625,0.507987,19,23
9644,National Lampoon's Loaded Weapon 1,1993,1993-02-04,2,1990s,Comedy,Comedy,Gene Quintano,Emilio Estevez,84.0,< 90 min,1.0,8.0,27.0,12.0757596935896,40.7556889658651,19.0,3.375,Profitable,True,5.5,72,6.09560799266375,0.490013,24,11
1954,The Butterfly Effect,2004,2004-01-22,1,2000s,Science Fiction,Science Fiction|Thriller,"Eric Bress, J. Mackye Gruber",Ashton Kutcher,113.0,105-120 min,3.0,13000000.0,96060858.0,15007790.1975579,110897015.620108,83060858.0,7.38929676923077,Profitable,True,7.1,1126,6.568907124042488,2.186534,28,125
15489,Snow Day,2000,2000-02-11,2,2000s,Comedy,Comedy|Family,Chris Koch,Chevy Chase,89.0,< 90 min,1.0,,,,,,,Unknown,False,4.6,20,6.105048073894021,0.136160999999999,21,3
15250,This Christmas,2007,2007-11-27,11,2000s,Comedy,Comedy|Drama,Preston A. Whitmore II,Loretta Devine,117.0,105-120 min,3.0,13000000.0,,13671691.5742101,,,,Unknown,False,7.0,22,6.141229967544345,0.105736999999999,7,2
22345,Baby Geniuses,1999,1999-03-12,3,1990s,Comedy,Comedy|Family|Science Fiction,Bob Clark,Kathleen Turner,97.0,90-105 min,2.0,12000000.0,36450736.0,15708634.1591318,47715939.7212581,24450736.0,3.037561333333333,Profitable,True,3.8,34,6.070273437315592,0.116694,6,3
9448,The Big Hit,1998,1998-04-24,4,1990s,Action,Action|Adventure|Comedy|Thriller,Kirk Wong,Mark Wahlberg,91.0,90-105 min,2.0,13000000.0,27007143.0,17390041.0980178,36127332.8238497,14007143.0,2.0774725384615387,Profitable,True,6.1,59,6.126138672661363,0.521096,10,11
38223,Harriet the Spy,1996,1996-07-10,7,1990s,Comedy,Comedy|Drama|Family,Bronwen Hughes,Michelle Trachtenberg,100.0,90-105 min,2.0,12000000.0,,16682600.867523,,,,Unknown,False,5.5,22,6.1172491521966235,0.176222,7,3
11186,Child's Play 2,1990,1990-11-09,11,1990s,Drama,Drama|Horror,John Lafia,Alex Vincent,84.0,< 90 min,1.0,13000000.0,35763605.0,21695681.0240895,59685828.1808872,22763605.0,2.7510465384615386,Profitable,True,5.9,140,6.1059812317366795,1.19834699999999,10,7
136835,No Good Deed,2014,2014-09-12,9,2010s,Thriller,Thriller,Sam Miller,Idris Elba,84.0,< 90 min,1.0,13200000.0,53830415.0,12158401.8701832,49582713.5158137,40630415.0,4.078061742424242,Profitable,True,5.8,105,6.10372596692329,1.146492,18,62
5876,The Mist,2007,2007-11-21,11,2000s,Science Fiction,Science Fiction|Horror|Thriller,Frank Darabont,Thomas Jane,126.0,120-150 min,4.0,18000000.0,57096190.0,18930034.4873678,60046269.2109614,39096190.0,3.1720105555555556,Profitable,True,6.6,714,6.290482354981758,2.510571,44,59
264660,Ex Machina,2015,2015-01-21,1,2010s,Drama,Drama|Science Fiction,Alex Garland,Domhnall Gleeson,108.0,105-120 min,3.0,15000000.0,36869414.0,13799993.9280026,33919845.9552677,21869414.0,2.457960933333333,Profitable,True,7.6,2854,7.126101223435225,6.118847,11,60
492,Being John Malkovich,1999,1999-09-30,9,1990s,Fantasy,Fantasy|Drama|Comedy,Spike Jonze,John Cusack,112.0,105-120 min,3.0,13000000.0,22863596.0,17017687.0057261,29929655.4271825,9863596.0,1.758738153846154,Profitable,True,7.1,607,6.428354779632744,1.328465,17,23
238603,Earth to Echo,2014,2014-07-02,7,2010s,Family,Family|Adventure|Science Fiction,Dave Green,Teo Halm,89.0,< 90 min,1.0,13000000.0,45300000.0,11974183.6600289,41725424.5999471,32300000.0,3.4846153846153847,Profitable,True,5.7,223,6.066861047706405,0.382434,27,59
10691,Crazy/Beautiful,2001,2001-06-29,6,2000s,Drama,Drama|Romance,John Stockwell,Kirsten Dunst,99.0,90-105 min,2.0,13000000.0,16929123.0,16009345.5170199,20848013.8005484,3929123.0,1.3022402307692307,Profitable,True,6.6,57,6.146372729315976,0.541416,15,22
1251,Letters from Iwo Jima,2006,2006-12-19,12,2000s,Action,Action|Adventure|Drama|War,Clint Eastwood,Ken Watanabe,141.0,120-150 min,4.0,19000000.0,68673228.0,20551714.0075398,74281712.7279252,49673228.0,3.6143804210526316,Profitable,True,6.9,292,6.264350014177616,0.723825,18,49
5172,The Astronaut Farmer,2006,2006-10-15,10,2000s,Adventure,Adventure|Comedy|Drama|Science Fiction,Michael Polish,Billy Bob Thornton,104.0,90-105 min,2.0,13000000.0,11130889.0,14061699.0577904,12039939.3356669,-1869111.0,0.8562222307692308,Loss-making,True,6.2,49,6.129817232084508,0.312609,60,16
264644,Room,2015,2015-10-16,10,2010s,Drama,Drama|Thriller,Lenny Abrahamson,Brie Larson,117.0,105-120 min,3.0,6000000.0,35401758.0,5519997.57120106,32569603.0293746,29401758.0,5.900293,Profitable,True,8.0,1520,7.117687818217101,3.557846,24,24
14577,Dirty Work,1998,1998-06-12,6,1990s,Comedy,Comedy,Bob Saget,Norm Macdonald,82.0,< 90 min,1.0,,,,,,,Unknown,False,6.4,22,6.1316376414052565,0.209832,73,3
11592,Serial Mom,1994,1994-04-13,4,1990s,Crime,Crime|Comedy|Thriller,John Waters,Kathleen Turner,95.0,90-105 min,2.0,13000000.0,7820688.0,19124450.3007761,11505104.536452,-5179312.0,0.6015913846153846,Loss-making,True,5.8,53,6.1149502937515265,0.170254,67,6
16406,Dick,1999,1999-08-04,8,1990s,Comedy,Comedy,Andrew Fleming,Kirsten Dunst,94.0,90-105 min,2.0,13000000.0,27500000.0,17017687.0057261,35998953.2813438,14500000.0,2.1153846153846154,Profitable,True,5.7,33,6.117112362726387,0.187319,15,16
3682,54,1998,1998-08-28,8,1990s,Music,Music|Drama,Mark Christopher,Ryan Phillippe,93.0,90-105 min,2.0,13000000.0,16757163.0,17390041.0980178,22415981.0197065,3757163.0,1.2890125384615385,Profitable,True,5.5,71,6.09602593385571,0.616116,34,45
9683,Bubble Boy,2001,2001-08-24,8,2000s,Adventure,Adventure|Comedy|Drama|Romance,Blair Hayes,Jake Gyllenhaal,84.0,< 90 min,1.0,,,,,,,Unknown,False,4.6,73,6.049153218651652,0.169845,18,8
2084,Birthday Girl,2001,2001-09-06,9,2000s,Comedy,Comedy|Crime|Thriller,Jez Butterworth,Nicole Kidman,93.0,90-105 min,2.0,13000000.0,,16009345.5170199,,,,Unknown,False,6.1,51,6.126287494368923,0.318495,20,26
107811,21 & Over,2013,2013-03-01,3,2010s,Comedy,Comedy,"Jon Lucas, Scott Moore",Miles Teller,93.0,90-105 min,2.0,13000000.0,48065672.0,12168433.5856255,44991072.1138815,35065672.0,3.6973593846153845,Profitable,True,5.7,594,5.9969953073958076,1.010837,13,26
13074,Resurrecting the Champ,2007,2007-06-14,6,2000s,Drama,Drama,Rod Lurie,Samuel L. Jackson,112.0,105-120 min,3.0,,,,,,,Unknown,False,5.4,26,6.113576232401836,0.369633,9,19
144340,Admission,2013,2013-03-21,3,2010s,Comedy,Comedy|Drama|Romance,Paul Weitz,Tina Fey,107.0,105-120 min,3.0,13000000.0,18000000.0,12168433.5856255,16848600.3493276,5000000.0,1.3846153846153846,Profitable,True,5.4,230,6.021682064476847,1.047374,29,5
28211,Chloe,2009,2009-03-25,3,2000s,Drama,Drama|Thriller|Mystery,Atom Egoyan,Julianne Moore,96.0,90-105 min,2.0,15000000.0,8459458.0,15246006.5118743,8598196.78366181,-6540542.0,0.5639638666666666,Loss-making,True,5.9,297,6.086394863023301,1.145724,19,25
9950,Find Me Guilty,2006,2006-03-16,3,2000s,Drama,Drama|Action|Comedy|Crime,Sidney Lumet,Vin Diesel,125.0,120-150 min,4.0,,,,,,,Unknown,False,6.3,61,6.13472302899991,0.35187,20,29
84892,The Perks of Being a Wallflower,2012,2012-09-20,9,2010s,Drama,Drama|Romance,Stephen Chbosky,Logan Lerman,102.0,90-105 min,2.0,13000000.0,33400000.0,12346675.6575791,31721458.997165,20400000.0,2.5692307692307694,Profitable,True,7.6,1727,6.9527592607632895,2.046884,19,16
9672,Infamous,2006,2006-11-16,11,2000s,Drama,Drama,Douglas McGrath,Sigourney Weaver,110.0,105-120 min,3.0,13000000.0,1151330.0,14061699.0577904,1245358.15201583,-11848670.0,0.08856384615384616,Loss-making,True,5.5,24,6.116353354863778,0.330582,13,45
157544,The Vatican Tapes,2015,2015-07-24,7,2010s,Thriller,Thriller|Horror,Mark Neveldine,Olivia Taylor Dudley,91.0,90-105 min,2.0,13000000.0,1784763.0,11959994.7376023,1641981.23752825,-11215237.0,0.13728946153846153,Loss-making,True,4.5,164,5.951483142307998,0.669351,9,20
59678,Attack the Block,2011,2011-05-12,5,2010s,Action,Action|Comedy|Science Fiction,Joe Cornish,Nick Frost,88.0,< 90 min,1.0,14350531.0,3964682.0,13911376.6615482,3843354.97029764,-10385849.0,0.2762742368209232,Loss-making,True,6.4,427,6.19265990586591,0.91973,32,28
79777,In the Land of Blood and Honey,2011,2011-12-23,12,2010s,Drama,Drama|Romance|War,Angelina Jolie,Zana Marjanović,127.0,120-150 min,4.0,10000000.0,303877.0,9693980.42591472,294577.768988568,-9696123.0,0.0303877,Loss-making,True,6.6,31,6.137857597529257,0.43132,11,19
158011,The Call,2013,2013-03-14,3,2010s,Thriller,Thriller,Brad Anderson,Halle Berry,94.0,90-105 min,2.0,13000000.0,68572378.0,12168433.5856255,64186032.8847237,55572378.0,5.274798307692308,Profitable,True,6.6,960,6.323385574667375,1.559076,11,15
17043,The Crocodile Hunter: Collision Course,2002,2002-07-26,7,2000s,Action,Action|Adventure|Family|Foreign,John Stainton,Steve Irwin,90.0,< 90 min,1.0,,33082548.0,,40104695.7429986,,,Unknown,False,5.2,21,6.113116543042522,0.188713,14,12
8952,I Love You Phillip Morris,2009,2009-01-18,1,2000s,Comedy,Comedy|Drama|Romance,"Glenn Ficarra, John Requa",Jim Carrey,98.0,90-105 min,2.0,13000000.0,10652035.0,13213205.6436243,10826732.9983141,-2347965.0,0.8193873076923077,Loss-making,True,6.3,311,6.159537900629256,0.8342,34,22
13435,Antwone Fisher,2002,2002-12-19,12,2000s,Drama,Drama|Romance,Denzel Washington,Derek Luke,120.0,105-120 min,3.0,12500000.0,23367586.0,15153267.4202568,28327622.3699079,10867586.0,1.86940688,Profitable,True,6.6,76,6.15239952334646,0.364807,10,9
17187,The Emperor's Club,2002,2002-11-22,11,2000s,Drama,Drama|Romance,Michael Hoffman,Kevin Kline,108.0,105-120 min,3.0,,,,,,,Unknown,False,6.5,44,6.139007623444512,0.159585999999999,9,3
319,True Romance,1993,1993-09-09,9,1990s,Action,Action|Thriller|Crime|Romance,Tony Scott,Christian Slater,120.0,105-120 min,3.0,12500000.0,12281551.0,18868374.5212338,18538632.3175707,-218449.0,0.98252408,Loss-making,True,7.3,402,6.395732907202194,0.853733,40,39
59457,Womb,2010,2010-07-15,7,2010s,Romance,Romance|Science Fiction,Benedek Fliegauf,Eva Green,111.0,105-120 min,3.0,3100000.0,,3100000.0,,,,Unknown,False,5.6,40,6.1121487399309755,0.424197,15,5
9504,Glengarry Glen Ross,1992,1992-09-15,9,1990s,Crime,Crime|Drama|Mystery,James Foley,Al Pacino,100.0,90-105 min,2.0,12500000.0,10725228.0,19425303.1823619,16667264.4479966,-1774772.0,0.85801824,Loss-making,True,7.2,148,6.232971545394962,0.980566,19,40
37414,The Killer Inside Me,2010,2010-02-19,2,2010s,Crime,Crime|Drama|Thriller,Michael Winterbottom,Casey Affleck,109.0,105-120 min,3.0,13000000.0,,13000000.0,,,,Unknown,False,6.1,88,6.125613035391286,0.602017,9,4
6217,Cat People,1982,1982-04-02,4,1980s,Drama,Drama|Fantasy|Horror|Thriller,Paul Schrader,Nastassja Kinski,118.0,105-120 min,3.0,,,,,,,Unknown,False,6.0,34,6.124160044908705,1.381187,10,14
26688,Sorority Row,2009,2009-09-09,9,2000s,Horror,Horror|Mystery|Thriller,Stewart Hendler,Rumer Willis,101.0,90-105 min,2.0,12500000.0,27206120.0,12705005.4265619,27652312.1788555,14706120.0,2.1764896,Profitable,True,5.3,92,6.074646676120443,0.319532,37,13
6615,Lars and the Real Girl,2007,2007-10-12,10,2000s,Comedy,Comedy|Romance|Drama,Craig Gillespie,Ryan Gosling,106.0,105-120 min,3.0,12000000.0,11293663.0,12620022.9915785,11877190.5599283,-706337.0,0.9411385833333333,Loss-making,True,7.0,280,6.27681693797061,0.475818,15,14
14574,The Boy in the Striped Pyjamas,2008,2008-05-07,5,2000s,War,War|Drama,Mark Herman,Asa Butterfield,94.0,90-105 min,2.0,12500000.0,20416563.0,12659832.9226145,20677622.1147228,7916563.0,1.63332504,Profitable,True,7.6,746,6.65041976969562,1.61062,19,55
16,Dancer in the Dark,2000,2000-05-17,5,2000s,Drama,Drama|Crime|Music,Lars von Trier,Björk,140.0,120-150 min,4.0,12800000.0,40031879.0,16208539.0635921,50692052.7000386,27231879.0,3.127490546875,Profitable,True,7.4,190,6.283884825035797,0.97741,29,62
36691,Solitary Man,2009,2009-09-07,9,2000s,Comedy,Comedy|Drama|Romance,"Brian Koppelman, David Levien",Michael Douglas,90.0,< 90 min,1.0,15000000.0,5024782.0,15246006.5118743,5107190.60618325,-9975218.0,0.3349854666666667,Loss-making,True,5.7,42,6.1144234355259455,0.520419,27,7
23631,Machete,2010,2010-09-01,9,2010s,Action,Action|Comedy|Thriller,"Robert Rodriguez, Ethan Maniquis",Danny Trejo,105.0,90-105 min,2.0,20000000.0,31327899.0,20000000.0,31327899.0,11327899.0,1.56639495,Profitable,True,6.2,753,6.153265890720789,1.71986,29,18
45324,Casino Jack,2010,2010-09-16,9,2010s,Crime,Crime|Comedy|Drama,George Hickenlooper,Kevin Spacey,108.0,105-120 min,3.0,12500000.0,1083683.0,12500000.0,1083683.0,-11416317.0,0.08669464,Loss-making,True,6.0,43,6.123360216403817,0.301054,16,2
12144,The Land Before Time,1988,1988-11-18,11,1980s,Animation,Animation|Adventure|Family,Don Bluth,Gabriel Damon,69.0,< 90 min,1.0,12300000.0,84460846.0,22679859.5840108,155736595.742013,72160846.0,6.866735447154472,Profitable,True,6.9,340,6.282360284716234,1.101103,8,22
56601,The Perfect Game,2010,2010-04-01,4,2010s,Drama,Drama|Family,William Dear,Clifton Collins Jr,118.0,105-120 min,3.0,12500000.0,3878993.0,12500000.0,3878993.0,-8621007.0,0.31031944,Loss-making,True,5.7,12,6.12352430886302,0.271381,18,14
9552,The Exorcist,1973,1973-12-26,12,1970s,Drama,Drama|Horror|Thriller,William Friedkin,Linda Blair,122.0,120-150 min,4.0,8000000.0,441306145.0,39289276.6303944,2167324901.19974,433306145.0,55.163268125,Profitable,True,7.2,1113,6.611222308920503,2.010733,17,24
578,Jaws,1975,1975-06-18,6,1970s,Horror,Horror|Thriller|Adventure,Steven Spielberg,Roy Scheider,124.0,120-150 min,4.0,7000000.0,470654000.0,28362748.2044354,1907005841.91576,463654000.0,67.23628571428571,Profitable,True,7.3,1415,6.726534454637887,2.563191,28,28
2105,American Pie,1999,1999-07-09,7,1990s,Comedy,Comedy|Romance,"Chris Weitz, Paul Weitz",Jason Biggs,95.0,90-105 min,2.0,11000000.0,235483004.0,14399581.3125375,308259696.710782,224483004.0,21.40754581818182,Profitable,True,6.4,1405,6.266154383073384,1.825695,43,86
10136,The Golden Child,1986,1986-12-12,12,1980s,Action,Action|Adventure|Comedy,Michael Ritchie,Eddie Murphy,94.0,90-105 min,2.0,25000000.0,79817939.0,49735160.2715539,158790319.548404,54817939.0,3.19271756,Profitable,True,5.4,152,6.053878599254879,0.642842,8,10
67660,Think Like a Man,2012,2012-04-16,4,2010s,Comedy,Comedy|Romance,Tim Story,Michael Ealy,123.0,120-150 min,4.0,12000000.0,96070507.0,11396931.3762269,91242414.6298609,84070507.0,8.005875583333333,Profitable,True,6.6,201,6.188377955332631,0.473381,19,62
10611,Barbershop,2002,2002-04-01,4,2000s,Comedy,Comedy|Drama,Tim Story,Ice Cube,102.0,90-105 min,2.0,12000000.0,75781642.0,14547136.7234465,91867158.9417733,63781642.0,6.315136833333334,Profitable,True,6.2,75,6.131094086024612,0.880807,12,12
154,Star Trek II: The Wrath of Khan,1982,1982-06-03,6,1980s,Science Fiction,Science Fiction|Action|Adventure|Drama|Thriller,Nicholas Meyer,William Shatner,113.0,105-120 min,3.0,12000000.0,96800000.0,27115708.8306147,218733384.566958,84800000.0,8.066666666666666,Profitable,True,7.0,406,6.328587329320932,0.946056,16,14
3049,Ace Ventura: Pet Detective,1994,1994-02-04,2,1990s,Comedy,Comedy|Mystery,Tom Shadyac,Jim Carrey,86.0,< 90 min,1.0,15000000.0,107217396.0,22066673.4239724,157728750.860048,92217396.0,7.1478264,Profitable,True,6.3,988,6.2001394297159695,0.943815,19,10
860,WarGames,1983,1983-06-03,6,1980s,Thriller,Thriller|Science Fiction,John Badham,Matthew Broderick,114.0,105-120 min,3.0,12000000.0,79567667.0,26271743.9730977,174198447.996724,67567667.0,6.630638916666666,Profitable,True,6.8,257,6.234589136824389,1.106471,33,15
9281,Witness,1985,1985-02-08,2,1980s,Crime,Crime|Drama|Romance|Thriller,Peter Weir,Harrison Ford,113.0,105-120 min,3.0,12000000.0,68706993.0,24325992.627197,139280483.762906,56706993.0,5.72558275,Profitable,True,6.7,176,6.193155060674317,0.873551,18,7
75674,Act of Valor,2012,2012-02-24,2,2010s,Action,Action|Thriller|War,"Mike McCoy, Scott Waugh",Roselyn Sánchez,110.0,105-120 min,3.0,12000000.0,81272766.0,11396931.3762269,77188344.7381792,69272766.0,6.7727305,Profitable,True,6.3,328,6.160957468841194,1.436895,19,44
9762,Step Up,2006,2006-08-11,8,2000s,Music,Music|Drama|Romance|Crime,Anne Fletcher,Channing Tatum,104.0,90-105 min,2.0,12000000.0,114194847.0,12980029.8994988,123521044.035724,102194847.0,9.51623725,Profitable,True,6.7,619,6.306951780618202,3.206696,114,30
3179,Beavis and Butt-Head Do America,1996,1996-12-15,12,1990s,Animation,Animation|Comedy,Mike Judge,Mike Judge,81.0,< 90 min,1.0,12000000.0,,16682600.867523,,,,Unknown,False,6.2,99,6.132232164570762,0.49394,15,44
184,Jackie Brown,1997,1997-12-24,12,1990s,Action,Action|Crime|Drama|Thriller,Quentin Tarantino,Pam Grier,154.0,> 150 min,5.0,12000000.0,39673162.0,16301523.8528651,53894416.3884653,27673162.0,3.306096833333333,Profitable,True,7.1,763,6.47784542928429,2.113737,32,9
13335,Harold & Kumar Escape from Guantanamo Bay,2008,2008-04-25,4,2000s,Comedy,Comedy|Adventure,"Jon Hurwitz, Hayden Schlossberg",John Cho,107.0,105-120 min,3.0,12000000.0,43493123.0,12153439.60571,44049253.637018,31493123.0,3.6244269166666667,Profitable,True,6.0,317,6.103133599627654,1.01377,19,7
76726,Chronicle,2012,2012-02-01,2,2010s,Science Fiction,Science Fiction|Drama|Thriller,Josh Trank,Dane DeHaan,84.0,< 90 min,1.0,15000000.0,145000000.0,14246164.2202836,137712920.796075,130000000.0,9.666666666666666,Profitable,True,6.5,1165,6.299649302662766,1.459325,9,71
10269,Yentl,1983,1983-11-18,11,1980s,Music,Music|Drama|Romance,Barbra Streisand,Barbra Streisand,132.0,120-150 min,4.0,12000000.0,30400000.0,26271743.9730977,66555084.7318475,18400000.0,2.533333333333333,Profitable,True,6.2,28,6.128750856188245,0.478476,7,9
36819,Time Bandits,1981,1981-07-13,7,1980s,Family,Family|Fantasy|Science Fiction|Adventure|Comedy,Terry Gilliam,Sean Connery,116.0,105-120 min,3.0,5000000.0,42365581.0,11990954.024284,101600746.796616,37365581.0,8.4731162,Profitable,True,6.1,112,6.125193750997731,0.41618,37,16
17130,Crossroads,2002,2002-02-15,2,2000s,Action,Action|Adventure|Comedy|Drama|Family,Tamra Davis,Britney Spears,93.0,90-105 min,2.0,12000000.0,61141030.0,14547136.7234465,74118910.2351956,49141030.0,5.095085833333333,Profitable,True,5.1,99,6.0572889397410865,0.462287,9,3
57214,Project X,2012,2012-03-01,3,2010s,Comedy,Comedy|Crime,Nima Nourizadeh,Oliver Cooper,88.0,< 90 min,1.0,12000000.0,100000000.0,11396931.3762269,94974428.1352245,88000000.0,8.333333333333334,Profitable,True,6.5,960,6.281900764157889,1.270174,28,17
11202,Patton,1970,1970-01-25,1,1970s,Drama,Drama|History|War,Franklin J. Schaffner,George C. Scott,172.0,> 150 min,5.0,12000000.0,89800000.0,67396420.1268176,504349877.282351,77800000.0,7.483333333333333,Profitable,True,6.9,188,6.221481459268383,0.467344,42,51
9357,One Hour Photo,2002,2002-08-21,8,2000s,Horror,Horror|Thriller,Mark Romanek,Robin Williams,96.0,90-105 min,2.0,12000000.0,52223306.0,14547136.7234465,63308297.7110322,40223306.0,4.3519421666666664,Profitable,True,6.4,195,6.161607745360385,0.600563,24,39
13812,Quarantine,2008,2008-10-10,10,2000s,Horror,Horror|Science Fiction|Thriller,John Erick Dowdle,Jennifer Carpenter,89.0,< 90 min,1.0,12000000.0,40855419.0,12153439.60571,41377822.2818731,28855419.0,3.40461825,Profitable,True,5.3,165,6.037421208832712,0.481188,16,11
9030,The Eye,2008,2008-02-01,2,2000s,Drama,Drama|Horror|Thriller,"David Moreau, Xavier Palud",Jessica Alba,98.0,90-105 min,2.0,12000000.0,56309766.0,12153439.60571,57029778.3577219,44309766.0,4.6924805,Profitable,True,5.6,171,6.068157208273407,0.709809,12,21
19084,Johnson Family Vacation,2004,2004-04-07,4,2000s,Comedy,Comedy|Family,Christopher Erskin,Cedric the Entertainer,97.0,90-105 min,2.0,12000000.0,31179516.0,13853344.7977457,35995048.8145692,19179516.0,2.598293,Profitable,True,5.3,16,6.11761663990787,0.269855,11,6
8386,How High,2001,2001-12-21,12,2000s,Comedy,Comedy,Jesse Dylan,Method Man,93.0,90-105 min,2.0,12000000.0,31155435.0,14777857.4003261,38367547.9729274,19155435.0,2.59628625,Profitable,True,6.5,126,6.159007201093016,0.499301,10,70
10437,The Muppet Christmas Carol,1992,1992-12-10,12,1990s,Comedy,Comedy|Family|Fantasy|Drama,Brian Henson,Michael Caine,85.0,< 90 min,1.0,,27281507.0,,42396123.5797383,,,Unknown,False,7.1,96,6.19167406271138,0.687197,19,10
1360,Frida,2002,2002-08-29,8,2000s,Drama,Drama|Romance,Julie Taymor,Salma Hayek,123.0,120-150 min,4.0,12000000.0,56298474.0,14547136.7234465,68248466.5499501,44298474.0,4.6915395,Profitable,True,7.3,201,6.278854452020946,0.91537,14,27
101267,Katy Perry: Part of Me,2012,2012-06-28,6,2010s,Documentary,Documentary|Music,"Dan Cutforth, Jane Lipsitz",Katy Perry,93.0,90-105 min,2.0,12000000.0,32726956.0,11396931.3762269,31082239.3070665,20726956.0,2.7272463333333334,Profitable,True,6.5,63,6.143847687769227,0.050524,11,13
222935,The Fault in Our Stars,2014,2014-05-16,5,2010s,Romance,Romance|Drama,Josh Boone,Shailene Woodley,125.0,120-150 min,4.0,12000000.0,305151265.0,11053092.6092575,281072099.32309,293151265.0,25.429272083333334,Profitable,True,7.8,2389,7.194877657112492,2.293859,49,65
10220,Rounders,1998,1998-09-11,9,1990s,Drama,Drama|Crime,John Dahl,Matt Damon,121.0,120-150 min,4.0,12000000.0,22921898.0,16052345.6289395,30662519.0972749,10921898.0,1.9101581666666667,Profitable,True,6.6,213,6.191529933212797,0.760447,59,14
284296,Top Five,2014,2014-12-12,12,2010s,Drama,Drama|Comedy,Chris Rock,Chris Rock,102.0,90-105 min,2.0,,25434291.0,,23427297.822817,,,Unknown,False,6.2,152,6.134616930043007,0.649574,24,18
11601,Stir of Echoes,1999,1999-09-10,9,1990s,Horror,Horror|Mystery|Thriller,David Koepp,Kevin Bacon,99.0,90-105 min,2.0,12000000.0,21133087.0,15708634.1591318,27664327.6946754,9133087.0,1.7610905833333332,Profitable,True,6.3,155,6.145017930115813,0.716336,12,8
205220,Philomena,2013,2013-11-01,11,2010s,Drama,Drama,Stephen Frears,Judi Dench,98.0,90-105 min,2.0,12000000.0,100129872.0,11232400.232885,93724899.7976296,88129872.0,8.344156,Profitable,True,7.4,360,6.394578238339521,0.227851,39,21
11354,The Upside of Anger,2005,2005-01-23,1,2000s,Comedy,Comedy|Drama,Mike Binder,Joan Allen,118.0,105-120 min,3.0,,,,,,,Unknown,False,5.9,28,6.122673148352343,0.1311,12,14
16241,The Boys from Brazil,1978,1978-10-05,10,1970s,Horror,Horror|Drama|Thriller|Science Fiction,Franklin J. Schaffner,Gregory Peck,125.0,120-150 min,4.0,,,,,,,Unknown,False,6.4,40,6.1351026169842715,0.138860999999999,18,18
14191,Aquamarine,2006,2006-03-03,3,2000s,Fantasy,Fantasy|Romance|Family|Comedy,Elizabeth Allen Rosenbaum,Emma Roberts,104.0,90-105 min,2.0,12000000.0,23006849.0,12980029.8994988,24885798.9927713,11006849.0,1.9172374166666666,Profitable,True,5.9,216,6.0960108008010785,0.514836,23,15
286565,Paper Towns,2015,2015-07-09,7,2010s,Drama,Drama|Mystery|Romance,Jake Schreier,Nat Wolff,109.0,105-120 min,3.0,12000000.0,85512300.0,11039995.1424021,78671281.3846362,73512300.0,7.126025,Profitable,True,6.2,1252,6.162214250542103,2.968254,25,13
129670,Nebraska,2013,2013-09-21,9,2010s,Drama,Drama|Adventure,Alexander Payne,Bruce Dern,115.0,105-120 min,3.0,12000000.0,17654912.0,11232400.232885,16525586.4716971,5654912.0,1.4712426666666667,Profitable,True,7.3,400,6.394701874658099,0.724877,14,69
9059,Tales from the Crypt: Demon Knight,1995,1995-01-13,1,1990s,Horror,Horror|Comedy|Thriller,Ernest R. Dickerson,Billy Zane,92.0,90-105 min,2.0,,,,,,,Unknown,False,6.6,41,6.141170208829312,0.397516,18,21
34549,Max Keeble's Big Move,2001,2001-10-05,10,2000s,Comedy,Comedy|Family|Fantasy|Science Fiction,Tim Hill,Alex D. Linz,86.0,< 90 min,1.0,12000000.0,17292381.0,14777857.4003261,21295361.7108424,5292381.0,1.44103175,Profitable,True,5.3,18,6.116424865780754,0.269944,27,4
57157,Young Adult,2011,2011-12-16,12,2010s,Comedy,Comedy|Drama|Romance,Jason Reitman,Charlize Theron,94.0,90-105 min,2.0,12000000.0,22939027.0,11632776.5110976,22237047.8727529,10939027.0,1.9115855833333333,Profitable,True,5.2,219,5.99818610281468,1.285106,18,41
1948,Crank,2006,2006-08-31,8,2000s,Action,Action|Thriller|Crime,"Brian Taylor, Mark Neveldine",Jason Statham,88.0,< 90 min,1.0,12000000.0,42931041.0,12980029.8994988,46437182.983051,30931041.0,3.57758675,Profitable,True,6.5,732,6.25806363948889,1.526073,48,73
38093,Just Wright,2010,2010-05-14,5,2010s,Comedy,Comedy|Drama|Romance,Sanaa Hamri,Queen Latifah,100.0,90-105 min,2.0,,21520719.0,,21520719.0,,,Unknown,False,6.0,70,6.121021387780194,0.44737,10,15
14976,Rachel Getting Married,2008,2008-10-03,10,2000s,Drama,Drama,Jonathan Demme,Anne Hathaway,113.0,105-120 min,3.0,,,,,,,Unknown,False,6.1,79,6.125773887612708,0.73292,35,20
11027,The Postman Always Rings Twice,1981,1981-03-20,3,1980s,Romance,Romance|Crime|Drama,Bob Rafelson,Jack Nicholson,122.0,120-150 min,4.0,12000000.0,,28778289.6582817,,,,Unknown,False,6.3,36,6.131750635449086,0.521554,28,9
3635,Girl with a Pearl Earring,2003,2003-08-31,8,2000s,Drama,Drama|Romance,Peter Webber,Scarlett Johansson,101.0,90-105 min,2.0,,31466789.0,,37299241.5639637,,,Unknown,False,6.3,197,6.149214466080699,0.457918,13,13
6020,Sorority Boys,2002,2002-03-22,3,2000s,Comedy,Comedy,Wallace Wolodarsky,Barry Watson,93.0,90-105 min,2.0,12000000.0,,14547136.7234465,,,,Unknown,False,5.4,23,6.115130751824684,0.622035,9,8
122906,About Time,2013,2013-08-16,8,2010s,Comedy,Comedy|Drama|Science Fiction,Richard Curtis,Domhnall Gleeson,123.0,120-150 min,4.0,,87100449.0,,81528925.3026663,,,Unknown,False,7.7,1329,6.906282493510407,2.195536,28,12
60599,Arbitrage,2012,2012-09-14,9,2010s,Drama,Drama|Thriller,Nicholas Jarecki,Richard Gere,100.0,90-105 min,2.0,12000000.0,35485056.0,11396931.3762269,33701729.0094642,23485056.0,2.957088,Profitable,True,5.9,184,6.100088783783742,0.821987999999999,18,56
227719,Project Almanac,2015,2015-01-30,1,2010s,Science Fiction,Science Fiction|Thriller,Dean Israelite,Jonny Weston,106.0,105-120 min,3.0,12000000.0,32248241.0,11039995.1424021,29668368.6659177,20248241.0,2.687353416666667,Profitable,True,6.3,637,6.182535562421663,1.360926,16,28
14299,Cadillac Records,2008,2008-12-05,12,2000s,Drama,Drama|History|Music,Darnell Martin,Adrien Brody,109.0,105-120 min,3.0,12000000.0,,12153439.60571,,,,Unknown,False,6.9,36,6.147289085920274,0.349203,27,6
12088,Fortress,1992,1992-09-30,9,1990s,Action,Action|Thriller|Science Fiction,Stuart Gordon,Christopher Lambert,95.0,90-105 min,2.0,8000000.0,6739141.0,12432194.0367116,10472788.5690948,-1260859.0,0.842392625,Loss-making,True,5.4,78,6.087666055678914,0.751681,15,49
14799,For Your Consideration,2006,2006-11-22,11,2000s,Comedy,Comedy|Drama,Christopher Guest,Catherine O'Hara,86.0,< 90 min,1.0,12000000.0,5542025.0,12980029.8994988,5994637.51698085,-6457975.0,0.46183541666666666,Loss-making,True,5.4,18,6.117736723517071,0.078983,28,3
9466,Celebrity,1998,1998-09-07,9,1990s,Drama,Drama|Comedy,Woody Allen,Kenneth Branagh,113.0,105-120 min,3.0,,,,,,,Unknown,False,5.9,53,6.118716905932609,0.419482,32,6
7510,Running with Scissors,2006,2006-10-27,10,2000s,Drama,Drama|Comedy,Ryan Murphy,Annette Bening,116.0,105-120 min,3.0,12000000.0,6754898.0,12980029.8994988,7306564.83400542,-5245102.0,0.5629081666666667,Loss-making,True,5.6,35,6.113992195189528,0.569422999999999,16,28
31246,From Justin to Kelly,2003,2003-06-20,6,2000s,Comedy,Comedy|Romance,Robert Iscove,Kelly Clarkson,90.0,< 90 min,1.0,12000000.0,4922166.0,14224231.7373903,5834502.48615863,-7077834.0,0.4101805,Loss-making,True,3.5,12,6.104199222851747,0.135161999999999,52,30
10944,In the Cut,2003,2003-09-09,9,2000s,Thriller,Thriller|Mystery,Jane Campion,Meg Ryan,119.0,105-120 min,3.0,12000000.0,23.0,14224231.7373903,27.2631108299981,-11999977.0,1.916666666666667e-06,Loss-making,True,4.7,36,6.090314767525914,0.481708,6,25
10362,Two Lovers,2008,2008-11-19,11,2000s,Drama,Drama|Romance,James Gray,Joaquin Phoenix,110.0,105-120 min,3.0,12000000.0,3148182.0,12153439.60571,3188436.65039861,-8851818.0,0.2623485,Loss-making,True,6.5,76,6.147085209662103,0.45518,47,14
10212,Ravenous,1999,1999-03-16,3,1990s,Horror,Horror|Thriller,Antonia Bird,Guy Pearce,100.0,90-105 min,2.0,12000000.0,,15708634.1591318,,,,Unknown,False,6.6,48,6.143460921715835,0.323477,11,20
8669,Charlie Bartlett,2008,2008-02-22,2,2000s,Comedy,Comedy|Drama,Jon Poll,Anton Yelchin,97.0,90-105 min,2.0,12000000.0,,12153439.60571,,,,Unknown,False,6.4,110,6.147767610366623,0.274362,39,41
16857,The Dangerous Lives of Altar Boys,2002,2002-06-14,6,2000s,Comedy,Comedy|Drama,Peter Care,Emile Hirsch,104.0,90-105 min,2.0,,,,,,,Unknown,False,6.1,26,6.1267636825866045,0.260167,7,4
86825,Stoker,2013,2013-02-28,2,2010s,Drama,Drama|Horror|Thriller,Park Chan-wook,Mia Wasikowska,99.0,90-105 min,2.0,12000000.0,12077441.0,11232400.232885,11304887.5917546,77441.0,1.0064534166666668,Profitable,True,6.3,594,6.179942794691121,1.188033,19,14
8060,Married Life,2007,2007-09-12,9,2000s,Crime,Crime|Drama|Romance,Ira Sachs,Chris Cooper,90.0,< 90 min,1.0,12000000.0,,12620022.9915785,,,,Unknown,False,6.2,17,6.12817924173129,0.402771,14,17
15907,Duma,2005,2005-04-22,4,2000s,Adventure,Adventure|Drama|Family,Carroll Ballard,Alex Michaeletos,100.0,90-105 min,2.0,12000000.0,,13398759.4758539,,,,Unknown,False,7.0,22,6.141229967544345,0.062064,9,10
38448,Ondine,2009,2009-09-14,9,2000s,Drama,Drama|Romance,Neil Jordan,Colin Farrell,111.0,105-120 min,3.0,12000000.0,1644755.0,12196805.2094994,1671729.69602918,-10355245.0,0.13706291666666667,Loss-making,True,6.2,36,6.1291608937038875,0.710966,10,17
9260,Welcome to Collinwood,2002,2002-05-24,5,2000s,Comedy,Comedy|Crime,"Anthony Russo, Joe Russo",William H. Macy,86.0,< 90 min,1.0,1200000.0,,1454713.67234465,,,,Unknown,False,6.2,22,6.128440199358893,0.249411,10,15
13079,The Life Before Her Eyes,2007,2007-09-08,9,2000s,Thriller,Thriller|Drama|Mystery,Vadim Perelman,Uma Thurman,90.0,< 90 min,1.0,8000000.0,,8413348.66105236,,,,Unknown,False,6.2,33,6.12900768390006,0.594693,7,3
89325,Darling Companion,2012,2012-04-20,4,2010s,Drama,Drama|Romance,Lawrence Kasdan,Diane Keaton,103.0,90-105 min,2.0,,,,,,,Unknown,False,5.2,12,6.1191322438604585,0.153301,9,14
4170,Trade,2007,2007-01-23,1,2000s,Drama,Drama|Thriller,Marco Kreuzpaintner,Kevin Kline,120.0,105-120 min,3.0,12000000.0,,12620022.9915785,,,,Unknown,False,7.2,29,6.149769762372766,0.439124,15,10
41508,Fateless,2005,2005-02-10,2,2000s,Drama,Drama|Foreign|War,Lajos Koltai,Marcell Nagy,140.0,120-150 min,4.0,,,,,,,Unknown,False,6.2,11,6.127863569216741,0.207288,13,3
12479,Breakfast of Champions,1999,1999-02-13,2,1990s,Comedy,Comedy,Alan Rudolph,Bruce Willis,110.0,105-120 min,3.0,12000000.0,,15708634.1591318,,,,Unknown,False,4.8,15,6.1127357814168235,0.175782,13,7
10133,Cypher,2003,2003-01-18,1,2000s,Thriller,Thriller|Science Fiction|Mystery,Vincenzo Natali,Jeremy Northam,95.0,90-105 min,2.0,7500000.0,,8890144.83586896,,,,Unknown,False,6.6,84,6.1548894780180605,0.361703,39,11
50601,5 Days of War,2011,2011-04-14,4,2010s,War,War|Drama,Renny Harlin,Rupert Friend,113.0,105-120 min,3.0,20000000.0,17479.0,19387960.8518294,16944.1083864563,-19982521.0,0.00087395,Loss-making,True,5.9,29,6.122512152655465,0.539108,13,17
26466,Triangle,2009,2009-10-16,10,2000s,Horror,Horror,Christopher Smith,Melissa George,99.0,90-105 min,2.0,12000000.0,,12196805.2094994,,,,Unknown,False,7.0,269,6.27191581439084,0.589183,9,34
236751,Heaven is for Real,2014,2014-04-16,4,2010s,Drama,Drama,Randall Wallace,Greg Kinnear,99.0,90-105 min,2.0,12000000.0,101332962.0,11053092.6092575,93336884.4463644,89332962.0,8.4444135,Profitable,True,6.1,159,6.1244111812423325,0.540852,10,15
107,Snatch,2000,2000-09-01,9,2000s,Thriller,Thriller|Crime,Guy Ritchie,Jason Statham,103.0,90-105 min,2.0,10000000.0,83557872.0,12662921.1434313,105808674.404893,73557872.0,8.3557872,Profitable,True,7.5,1943,6.936230796256641,2.153361,24,65
8913,Pet Sematary,1989,1989-04-21,4,1980s,Drama,Drama|Horror,Mary Lambert,Dale Midkiff,103.0,90-105 min,2.0,11500000.0,57469467.0,20228326.7989974,101087926.907843,45969467.0,4.997344956521739,Profitable,True,6.4,176,6.158647512148077,0.836515,14,9
927,Gremlins,1984,1984-06-07,6,1980s,Fantasy,Fantasy|Horror|Comedy,Joe Dante,Zach Galligan,106.0,105-120 min,3.0,11000000.0,153083102.0,23089462.4311356,321327866.588246,142083102.0,13.916645636363636,Profitable,True,6.8,844,6.385581437758871,2.464803,18,18
11,Star Wars,1977,1977-03-20,3,1970s,Adventure,Adventure|Action|Science Fiction,George Lucas,Mark Hamill,121.0,120-150 min,4.0,11000000.0,775398007.0,39575591.3582738,2789712242.27745,764398007.0,70.49072790909091,Profitable,True,7.9,4428,7.484849199830127,12.037933,106,20
907,Doctor Zhivago,1965,1965-12-22,12,1960s,Drama,Drama|Romance|War,David Lean,Omar Sharif,197.0,> 150 min,5.0,14000000.0,111721910.0,96887891.7125557,773178594.14285,97721910.0,7.980136428571429,Profitable,True,6.9,126,6.193058954352931,1.282053,39,34
11887,High School Musical 3: Senior Year,2008,2008-10-22,10,2000s,Comedy,Comedy|Drama|Family|Music|Romance,Kenny Ortega,Zac Efron,116.0,105-120 min,3.0,,,,,,,Unknown,False,6.1,453,6.120439686977905,1.091878,15,7
45317,The Fighter,2010,2010-12-17,12,2010s,Drama,Drama,David O. Russell,Mark Wahlberg,116.0,105-120 min,3.0,25000000.0,9190869.0,25000000.0,9190869.0,-15809131.0,0.36763476,Loss-making,True,7.1,965,6.532036806665419,1.054685,72,61
12094,Jackass Number Two,2006,2006-09-22,9,2000s,Action,Action|Comedy|Documentary,Jeff Tremaine,Johnny Knoxville,95.0,90-105 min,2.0,11000000.0,72778712.0,11898360.7412073,78722488.1505847,61778712.0,6.616246545454546,Profitable,True,6.4,180,6.15927681268351,0.638444,31,15
10377,My Cousin Vinny,1992,1992-03-13,3,1990s,Comedy,Comedy|Drama,Jonathan Lynn,Joe Pesci,120.0,105-120 min,3.0,11000000.0,64088552.0,17094266.8004785,99595164.2494855,53088552.0,5.826232,Profitable,True,7.0,182,6.230679355730599,0.440854,11,13
249164,If I Stay,2014,2014-08-21,8,2010s,Drama,Drama,R.J. Cutler,Chloë Grace Moretz,106.0,105-120 min,3.0,11000000.0,78874843.0,10132001.558486,72650912.0183039,67874843.0,7.170440272727273,Profitable,True,7.2,856,6.5427566889904405,2.361267,43,22
256092,Drive Hard,2014,2014-05-26,5,2010s,Action,Action|Comedy|Crime,Brian Trenchard-Smith,Thomas Jane,96.0,90-105 min,2.0,12000000.0,,11053092.6092575,,,,Unknown,False,4.0,52,6.048607181806253,2.493306,17,25
9942,Major League,1989,1989-04-06,4,1980s,Comedy,Comedy,David S. Ward,Tom Berenger,107.0,105-120 min,3.0,11000000.0,49797148.0,19348834.3294758,87592433.339308,38797148.0,4.527013454545455,Profitable,True,6.5,110,6.155280758375639,0.602613,19,12
10748,St. Trinian's,2007,2007-12-21,12,2000s,Comedy,Comedy|Family|Science Fiction,"Barnaby Thompson, Oliver Parker",Talulah Riley,101.0,90-105 min,2.0,,,,,,,Unknown,False,5.4,99,6.07772800105827,0.480147,32,16
1817,Phone Booth,2002,2002-09-09,9,2000s,Thriller,Thriller|Drama,Joel Schumacher,Colin Farrell,81.0,< 90 min,1.0,13000000.0,97837138.0,15759398.1170671,118604185.259725,84837138.0,7.525933692307692,Profitable,True,6.5,529,6.231982665996375,1.20464,9,12
10229,A Walk to Remember,2002,2002-01-25,1,2000s,Drama,Drama|Family|Romance,Adam Shankman,Mandy Moore,101.0,90-105 min,2.0,11000000.0,41227069.0,13334875.329826,49977984.1208304,30227069.0,3.7479153636363636,Profitable,True,7.3,582,6.479802984524443,1.297822,31,14
687,Dead Man Walking,1995,1995-12-29,12,1990s,Drama,Drama,Tim Robbins,Susan Sarandon,122.0,120-150 min,4.0,11000000.0,39363635.0,15740635.5381766,56328057.4538921,28363635.0,3.5785122727272727,Profitable,True,7.1,144,6.220777356877226,0.804711,42,95
796,Cruel Intentions,1999,1999-03-05,3,1990s,Drama,Drama|Romance|Thriller,Roger Kumble,Sarah Michelle Gellar,97.0,90-105 min,2.0,10500000.0,75902208.0,13745054.8892403,99360001.4451943,65402208.0,7.228781714285715,Profitable,True,6.5,505,6.228522703640349,2.069357,20,10
22804,Saw VI,2009,2009-10-22,10,2000s,Horror,Horror|Mystery,Kevin Greutert,Tobin Bell,90.0,< 90 min,1.0,11000000.0,68233629.0,11180404.7753744,69352690.137521,57233629.0,6.203057181818182,Profitable,True,5.9,379,6.07757576500939,0.90173,34,12
10156,History of the World: Part I,1981,1981-06-12,6,1980s,Comedy,Comedy,Mel Brooks,Mel Brooks,92.0,90-105 min,2.0,11000000.0,31672907.0,26380098.8534249,75957674.330485,20672907.0,2.8793551818181817,Profitable,True,6.3,91,6.1381541473515835,1.114068,40,12
12837,The Secret Life of Bees,2008,2008-09-17,9,2000s,Adventure,Adventure|Drama,Gina Prince-Bythewood,Dakota Fanning,114.0,105-120 min,3.0,11000000.0,38105395.0,11140652.9719008,38592634.7320186,27105395.0,3.464126818181818,Profitable,True,7.2,80,6.187118442464105,0.595488,11,26
17708,Corky Romano,2001,2001-10-12,10,2000s,Action,Action|Comedy|Crime,Rob Pritts,Chris Kattan,86.0,< 90 min,1.0,11000000.0,23978402.0,13546369.2836322,29529117.1203078,12978402.0,2.179854727272727,Profitable,True,4.4,20,6.102137077605541,0.239869,15,3
13937,Raising Cain,1992,1992-08-07,8,1990s,Drama,Drama|Horror|Thriller|Crime,Brian De Palma,John Lithgow,91.0,90-105 min,2.0,12000000.0,37170057.0,18648291.0550674,57763170.122454,25170057.0,3.09750475,Profitable,True,5.5,16,6.119952235849772,0.47175,22,23
28932,F.I.S.T.,1978,1978-04-26,4,1970s,Drama,Drama|Action,Norman Jewison,Sylvester Stallone,145.0,120-150 min,4.0,11.0,11.0,36.7697076440545,36.7697076440545,0.0,1.0,Loss-making,True,6.7,13,6.1327236912718694,0.43921,14,2
31909,Invaders from Mars,1986,1986-01-01,1,1980s,Science Fiction,Science Fiction,Tobe Hooper,Karen Black,100.0,90-105 min,2.0,12000000.0,4884663.0,23872876.9303459,9717579.88710118,-7115337.0,0.40705525,Loss-making,True,5.1,20,6.11232556461522,0.207606,28,76
167073,Brooklyn,2015,2015-11-04,11,2010s,Drama,Drama|Romance,John Crowley,Saoirse Ronan,111.0,105-120 min,3.0,11000000.0,62076141.0,10119995.5472019,57110024.5915891,51076141.0,5.643285545454545,Profitable,True,7.3,754,6.54672290609448,3.227329,46,72
3175,Barry Lyndon,1975,1975-12-18,12,1970s,Drama,Drama|Romance|War,Stanley Kubrick,Ryan O'Neal,184.0,> 150 min,5.0,11000000.0,20000000.0,44570032.8926842,81036423.4412441,9000000.0,1.8181818181818181,Profitable,True,7.2,240,6.288781480671083,1.019569,17,14
14369,Out Cold,2001,2001-11-21,11,2000s,Comedy,Comedy,"Brendan Malloy, Emmett Malloy",Jason London,89.0,< 90 min,1.0,24000000.0,14782676.0,29555714.8006522,18204689.8269352,-9217324.0,0.6159448333333334,Loss-making,True,6.1,28,6.126724953576278,0.348262,11,5
16888,The Ladies Man,2000,2000-10-13,10,2000s,Comedy,Comedy,Reginald Hudlin,Tim Meadows,84.0,< 90 min,1.0,24000000.0,13700000.0,30391010.7442353,17348201.966501,-10300000.0,0.5708333333333333,Loss-making,True,5.4,14,6.119835215508935,0.279624,23,18
121826,Quartet,2012,2012-09-08,9,2010s,Drama,Drama|Comedy|Romance,Dustin Hoffman,Maggie Smith,98.0,90-105 min,2.0,11000000.0,59520298.0,10447187.0948747,56529062.6498815,48520298.0,5.410936181818182,Profitable,True,6.2,97,6.132138762551011,0.668285,14,20
10646,Tomcats,2001,2001-03-30,3,2000s,Comedy,Comedy|Romance,Gregory Poirier,Jerry O'Connell,95.0,90-105 min,2.0,11000000.0,23430766.0,13546369.2836322,28854709.8940341,12430766.0,2.130069636363636,Profitable,True,4.8,37,6.091975097647741,0.493288,9,7
12149,Frailty,2001,2001-11-17,11,2000s,Drama,Drama|Thriller|Crime,Bill Paxton,Bill Paxton,100.0,90-105 min,2.0,11000000.0,13110448.0,13546369.2836322,16145360.9165325,2110448.0,1.191858909090909,Profitable,True,6.8,136,6.188676302488272,0.625438,13,12
304357,Woman in Gold,2015,2015-04-10,4,2010s,Drama,Drama,Simon Curtis,Helen Mirren,120.0,105-120 min,3.0,11000000.0,61619773.0,10119995.5472019,56690166.2163268,50619773.0,5.601797545454546,Profitable,True,7.3,277,6.326434037359924,1.388032,33,31
11184,Kinsey,2004,2004-09-04,9,2000s,Drama,Drama,Bill Condon,Liam Neeson,118.0,105-120 min,3.0,,,,,,,Unknown,False,6.3,57,6.134254523660814,0.373497,20,24
766,Army of Darkness,1992,1992-10-09,10,1990s,Fantasy,Fantasy|Horror|Comedy,Sam Raimi,Bruce Campbell,81.0,< 90 min,1.0,11000000.0,,17094266.8004785,,,,Unknown,False,7.2,446,6.393059584655171,1.375348,11,18
20009,Slackers,2002,2002-02-01,2,2000s,Comedy,Comedy|Romance,Dewey Nicks,Jason Segel,86.0,< 90 min,1.0,14000000.0,6413915.0,16971659.5106876,7775341.53646373,-7586085.0,0.45813678571428573,Loss-making,True,5.7,29,6.118318674237418,0.645437,12,3
1587,What's Eating Gilbert Grape,1993,1993-12-17,12,1990s,Romance,Romance|Drama,Lasse Hallström,Johnny Depp,118.0,105-120 min,3.0,11000000.0,30000000.0,16604169.5786858,45284098.8509612,19000000.0,2.727272727272727,Profitable,True,7.4,495,6.467982563591896,0.787932,25,3
11109,Vera Drake,2004,2004-10-22,10,2000s,Crime,Crime|Drama,Mike Leigh,Imelda Staunton,125.0,120-150 min,4.0,11000000.0,,12698899.3979336,,,,Unknown,False,6.1,28,6.126724953576278,0.459724,61,37
9027,The Guru,2002,2002-08-21,8,2000s,Comedy,Comedy|Romance,Daisy von Scherler Mayer,Jimi Mistry,91.0,90-105 min,2.0,,,,,,,Unknown,False,5.1,34,6.102115523620613,0.817886,11,12
86829,Inside Llewyn Davis,2013,2013-10-06,10,2010s,Drama,Drama|Music,"Joel Coen, Ethan Coen",Oscar Isaac,105.0,90-105 min,2.0,11000000.0,32935319.0,10296366.8801446,30828557.0671454,21935319.0,2.994119909090909,Profitable,True,7.1,550,6.408248809588662,2.070019,15,32
11065,O,2001,2001-08-31,8,2000s,Drama,Drama|Romance|Thriller,Tim Blake Nelson,Mekhi Phifer,95.0,90-105 min,2.0,,16017403.0,,19725241.4547963,,,Unknown,False,5.8,37,6.118572754178544,0.56968,10,17
13888,Return to the Blue Lagoon,1991,1991-08-02,8,1990s,Drama,Drama|Adventure|Romance,William A. Graham,Milla Jovovich,98.0,90-105 min,2.0,11000000.0,2807854.0,17612021.261232,4495634.94058504,-8192146.0,0.25525945454545457,Loss-making,True,5.0,78,6.0658798675635595,0.483931,15,14
13994,Romance & Cigarettes,2005,2005-09-13,9,2000s,Comedy,Comedy|Music|Romance,John Turturro,James Gandolfini,105.0,90-105 min,2.0,,2945242.0,,3288549.09634858,,,Unknown,False,5.8,17,6.123219720179252,0.425202,11,6
1590,Copying Beethoven,2006,2006-11-10,11,2000s,Drama,Drama,Agnieszka Holland,Ed Harris,104.0,90-105 min,2.0,11000000.0,,11898360.7412073,,,,Unknown,False,5.9,24,6.123319467627728,0.381198,9,21
62728,Brighton Rock,2010,2010-09-13,9,2010s,Drama,Drama|Thriller|Crime,Rowan Joffe,Andy Serkis,111.0,105-120 min,3.0,,,,,,,Unknown,False,5.4,22,6.115650431173442,0.408233,21,3
11917,Saw V,2008,2008-10-23,10,2000s,Horror,Horror|Thriller|Crime,David Hackl,Tobin Bell,92.0,90-105 min,2.0,10800000.0,113857533.0,10938095.645139,115313387.580886,103057533.0,10.542364166666667,Profitable,True,5.9,437,6.071825447120638,0.892309,12,13
80271,LOL,2012,2012-02-10,2,2010s,Drama,Drama|Comedy|Romance,Lisa Azuelos,Miley Cyrus,97.0,90-105 min,2.0,11000000.0,,10447187.0948747,,,,Unknown,False,5.8,500,6.039019771499796,1.618259,76,19
24137,An Ideal Husband,1999,1999-04-15,4,1990s,Drama,Drama|Comedy|Romance,Oliver Parker,Cate Blanchett,97.0,90-105 min,2.0,14000000.0,18535191.0,18326739.8523205,24263544.5407194,4535191.0,1.3239422142857142,Profitable,True,6.4,23,6.13183251640242,0.333245,6,3
190847,The Last Days on Mars,2013,2013-08-11,8,2010s,Science Fiction,Science Fiction|Thriller|Horror,Ruairi Robinson,Liev Schreiber,98.0,90-105 min,2.0,,,,,,,Unknown,False,5.1,167,6.014493825743063,0.916811,11,38
11056,Darkness,2002,2002-10-02,10,2000s,Horror,Horror,Jaume Balagueró,Anna Paquin,102.0,90-105 min,2.0,,,,,,,Unknown,False,5.5,49,6.105371362224911,0.577778,7,45
62,2001: A Space Odyssey,1968,1968-04-05,4,1960s,Science Fiction,Science Fiction|Mystery|Adventure,Stanley Kubrick,Keir Dullea,149.0,120-150 min,4.0,12000000.0,56715371.0,75227563.3792221,355546597.206549,44715371.0,4.726280916666667,Profitable,True,7.7,1708,7.0045219157890894,3.309196,60,19
601,E.T. the Extra-Terrestrial,1982,1982-04-03,4,1980s,Science Fiction,Science Fiction|Adventure|Family|Fantasy,Steven Spielberg,Henry Thomas,115.0,105-120 min,3.0,10500000.0,792910554.0,23726245.2267878,1791694309.24878,782410554.0,75.51529085714286,Profitable,True,7.2,1830,6.743804075983094,2.900556,13,21
13067,In the Land of Women,2007,2007-04-16,4,2000s,Romance,Romance|Comedy|Drama,Jon Kasdan,Meg Ryan,97.0,90-105 min,2.0,10000000.0,17500000.0,10516685.8263154,18404200.196052,7500000.0,1.75,Profitable,True,6.0,82,6.120010137412279,0.569416,25,10
14877,September Dawn,2007,2007-05-17,5,2000s,Drama,Drama|Action|History|Western|Romance,Christopher Cain,Jon Voight,110.0,105-120 min,3.0,11000000.0,,11568354.408947,,,,Unknown,False,5.7,11,6.123834560352921,0.114909999999999,13,40
96399,For Greater Glory - The True Story of Cristiada,2012,2012-06-01,6,2010s,Drama,Drama,Dean Wright,Eva Longoria,145.0,120-150 min,4.0,12000000.0,9622846.0,11396931.3762269,9139242.95883333,-2377154.0,0.8019038333333334,Loss-making,True,6.8,20,6.137069033067298,0.628612,5,2
489,Good Will Hunting,1997,1997-12-05,12,1990s,Drama,Drama,Gus Van Sant,Robin Williams,126.0,120-150 min,4.0,10000000.0,225933435.0,13584603.2107209,306921606.651021,215933435.0,22.5933435,Profitable,True,7.7,1592,6.977138100654347,2.202087,51,65
214,Saw III,2006,2006-10-27,10,2000s,Horror,Horror|Thriller|Crime,Darren Lynn Bousman,Tobin Bell,108.0,105-120 min,3.0,10000000.0,163876815.0,10816691.5829157,177260496.544553,153876815.0,16.3876815,Profitable,True,6.0,538,6.091087446930803,0.849096,13,13
10890,Stripes,1981,1981-06-25,6,1980s,Action,Action|Comedy,Ivan Reitman,Bill Murray,106.0,105-120 min,3.0,10000000.0,85300000.0,23981908.0485681,204565675.654286,75300000.0,8.53,Profitable,True,6.5,108,6.154809218478745,0.435412,16,11
1588,Bring It On,2000,2000-08-25,8,2000s,Comedy,Comedy,Peyton Reed,Kirsten Dunst,98.0,90-105 min,2.0,28000000.0,90449929.0,35456179.2016078,114536031.835596,62449929.0,3.230354607142857,Profitable,True,5.7,409,6.028158674118186,0.736173,60,14
10314,She's All That,1999,1999-01-29,1,1990s,Comedy,Comedy|Romance,Robert Iscove,Freddie Prinze Jr.,95.0,90-105 min,2.0,10000000.0,103166989.0,13090528.4659432,135051040.625015,93166989.0,10.3166989,Profitable,True,5.6,248,6.045656674575728,1.022028,23,8
663,Saw IV,2007,2007-10-25,10,2000s,Horror,Horror|Thriller|Crime,Darren Lynn Bousman,Tobin Bell,93.0,90-105 min,2.0,10000000.0,139352633.0,10516685.8263154,146552786.033084,129352633.0,13.9352633,Profitable,True,5.8,469,6.043084064690786,1.049862,21,21
11804,White Noise,2005,2005-01-07,1,2000s,Drama,Drama|Horror|Thriller,Geoffrey Sax,Michael Keaton,101.0,90-105 min,2.0,10000000.0,91196419.0,11165632.8965449,101826573.603349,81196419.0,9.1196419,Profitable,True,5.5,125,6.074265809166231,0.463596,20,84
16781,Madea's Family Reunion,2006,2006-02-24,2,2000s,Drama,Drama|Comedy|Romance,Tyler Perry,Tyler Perry,110.0,105-120 min,3.0,6000000.0,57231524.0,6490014.94974943,61905574.3928239,51231524.0,9.538587333333334,Profitable,True,6.0,63,6.121619192955876,0.552267,37,74
11873,The Color of Money,1986,1986-10-07,10,1980s,Drama,Drama,Martin Scorsese,Paul Newman,119.0,105-120 min,3.0,13800000.0,52293982.0,27453808.4698977,104033983.04031,38493982.0,3.7894189855072464,Profitable,True,6.5,130,6.1599262572183635,0.91418,49,7
9289,The Longest Day,1962,1962-09-25,9,1960s,Action,Action|Drama|History|War,"Bernhard Wicki, Ken Annakin, Andrew Marton",Eddie Albert,178.0,> 150 min,5.0,10000000.0,,72084488.7876181,,,,Unknown,False,6.9,132,6.195913167578072,0.232756,73,17
10414,The Mighty Ducks,1992,1992-10-01,10,1990s,Comedy,Comedy|Family,Stephen Herek,Emilio Estevez,101.0,90-105 min,2.0,10000000.0,50752337.0,15540242.5458895,78870362.6750724,40752337.0,5.0752337,Profitable,True,6.5,101,6.153148620945482,0.682353,12,8
1970,The Grudge,2004,2004-10-22,10,2000s,Horror,Horror|Thriller|Mystery,Takashi Shimizu,Sarah Michelle Gellar,92.0,90-105 min,2.0,10000000.0,183474602.0,11544453.9981214,211811410.261264,173474602.0,18.3474602,Profitable,True,5.8,462,6.044021011143534,0.935831,15,73
9614,Happy Gilmore,1996,1996-02-16,2,1990s,Comedy,Comedy,Dennis Dugan,Adam Sandler,92.0,90-105 min,2.0,12000000.0,41205099.0,16682600.867523,57284018.3603144,29205099.0,3.43375825,Profitable,True,6.4,435,6.193587031657131,1.303236,17,10
8922,Jeepers Creepers,2001,2001-07-01,7,2000s,Horror,Horror|Thriller,Victor Salva,Gina Philips,90.0,< 90 min,1.0,10000000.0,59217789.0,12314881.1669384,72926003.4503834,49217789.0,5.9217789,Profitable,True,6.0,384,6.0991580221723565,0.899763999999999,16,87
1648,Bill & Ted's Excellent Adventure,1989,1989-02-17,2,1980s,Adventure,Adventure|Comedy|Science Fiction,Stephen Herek,Keanu Reeves,90.0,< 90 min,1.0,10000000.0,40485039.0,17589849.3904325,71212573.8575788,30485039.0,4.0485039,Profitable,True,6.6,225,6.194634005660042,1.280429,22,12
17917,Oliver!,1968,1968-09-26,9,1960s,Drama,Drama|Family|Music,Carol Reed,Ron Moody,153.0,> 150 min,5.0,10000000.0,16800000.0,62689636.1493517,105318588.730911,6800000.0,1.68,Profitable,True,6.2,42,6.129465337968464,0.633128999999999,13,5
74534,The Best Exotic Marigold Hotel,2011,2011-11-28,11,2010s,Drama,Drama|Comedy,John Madden,Bill Nighy,124.0,120-150 min,4.0,10000000.0,136836156.0,9693980.42591472,132648701.782141,126836156.0,13.6836156,Profitable,True,6.8,310,6.252596934281456,0.895829,19,4
19405,Recess: School's Out,2001,2001-01-27,1,2000s,Animation,Animation|Comedy|Family,Chuck Sheetz,Rickey D'Shon Collins,83.0,< 90 min,1.0,10000000.0,44460850.0,12314881.1669384,54753008.4331074,34460850.0,4.446085,Profitable,True,6.5,42,6.138490479433974,0.501163,10,3
9355,Mad Max Beyond Thunderdome,1985,1985-06-29,6,1980s,Action,Action|Adventure|Drama|Science Fiction,"George Miller, George Ogilvie",Mel Gibson,107.0,105-120 min,3.0,12305523.0,36230219.0,24945338.4809836,73444670.0229779,23924696.0,2.9442242316722336,Profitable,True,5.8,428,6.048676594095602,1.746063,16,15
10999,Commando,1985,1985-10-03,10,1980s,Action,Action|Adventure|Thriller,Mark L. Lester,Arnold Schwarzenegger,90.0,< 90 min,1.0,10000000.0,57500000.0,20271660.5226642,116562048.005319,47500000.0,5.75,Profitable,True,6.3,391,6.165977054803605,0.898411,19,45
44040,Devil,2010,2010-01-13,1,2010s,Horror,Horror|Mystery|Thriller,John Erick Dowdle,Chris Messina,80.0,< 90 min,1.0,10000000.0,33583175.0,10000000.0,33583175.0,23583175.0,3.3583175,Profitable,True,5.6,433,5.999522443253188,0.368927,16,43
10426,Friday After Next,2002,2002-11-22,11,2000s,Comedy,Comedy|Drama,Marcus Raboy,Ice Cube,85.0,< 90 min,1.0,20000000.0,33526835.0,24245227.8724109,40643287.7207861,13526835.0,1.67634175,Profitable,True,6.5,51,6.140806033974645,0.68142,12,12
280092,Insidious: Chapter 3,2015,2015-06-04,6,2010s,Drama,Drama|Horror|Thriller,Leigh Whannell,Dermot Mulroney,97.0,90-105 min,2.0,10000000.0,104303851.0,9199995.95200178,95959500.6978197,94303851.0,10.4303851,Profitable,True,6.3,610,6.1809208076665,1.164724,28,54
13938,The Last Dragon,1985,1985-03-22,3,1980s,Action,Action|Adventure|Comedy|Drama,Michael Schultz,Taimak,108.0,105-120 min,3.0,10000000.0,25754284.0,20271660.5226642,52208210.2252282,15754284.0,2.5754284,Profitable,True,6.8,31,6.142333808633148,0.592905,11,4
10163,The Lawnmower Man,1992,1992-03-05,3,1990s,Horror,Horror|Thriller|Science Fiction,Brett Leonard,Jeff Fahey,108.0,105-120 min,3.0,10000000.0,32101000.0,15540242.5458895,49885732.59656,22101000.0,3.2101,Profitable,True,5.2,82,6.074330867166474,0.382463,11,11
12182,Nick and Norah's Infinite Playlist,2008,2008-10-03,10,2000s,Comedy,Comedy|Drama|Music|Romance,Peter Sollett,Michael Cera,89.0,< 90 min,1.0,9000000.0,32973937.0,9115079.7042825,33395562.6576655,23973937.0,3.6637707777777777,Profitable,True,6.4,213,6.164345962821628,0.951793,23,19
1832,Dogma,1999,1999-11-12,11,1990s,Fantasy,Fantasy|Comedy|Adventure,Kevin Smith,Ben Affleck,130.0,120-150 min,4.0,10000000.0,30652890.0,13090528.4659432,40126252.9108426,20652890.0,3.065289,Profitable,True,6.6,472,6.249464190535991,0.82073,25,38
9034,The Banger Sisters,2002,2002-09-20,9,2000s,Comedy,Comedy|Drama,Bob Dolman,Goldie Hawn,98.0,90-105 min,2.0,10000000.0,,12122613.9362054,,,,Unknown,False,5.3,32,6.108178744923002,0.535827,8,8
15301,Twilight Zone: The Movie,1983,1983-06-24,6,1980s,Drama,Drama|Fantasy|Horror|Science Fiction|Thriller,"Steven Spielberg, Joe Dante, John Landis, George Miller",Albert Brooks,101.0,90-105 min,2.0,10000000.0,29450919.0,21893119.9775814,64477250.3117032,19450919.0,2.9450919,Profitable,True,6.0,63,6.121619192955876,0.323585,19,8
10135,Road House,1989,1989-05-19,5,1980s,Action,Action|Thriller,Rowdy Herrington,Patrick Swayze,114.0,105-120 min,3.0,15000000.0,30050028.0,26384774.0856488,52857546.6698281,15050028.0,2.0033352,Profitable,True,6.3,121,6.141445704249049,0.240681,28,10
26352,A Low Down Dirty Shame,1994,1994-11-23,11,1990s,Action,Action|Comedy|Crime,Keenen Ivory Wayans,Keenen Ivory Wayans,100.0,90-105 min,2.0,10000000.0,29392418.0,14711115.6159816,43239525.9431259,19392418.0,2.9392418,Profitable,True,7.3,15,6.140126037789623,0.544269,40,2
20616,Swimfan,2002,2002-09-06,9,2000s,Comedy,Comedy|Drama|Thriller,John Polson,Jesse Bradford,84.0,< 90 min,1.0,8500000.0,,10304221.8457746,,,,Unknown,False,5.1,35,6.101394110098462,0.173889,32,110
9794,Employee of the Month,2006,2006-10-06,10,2000s,Comedy,Comedy|Romance,Greg Coolidge,Dane Cook,103.0,90-105 min,2.0,12000000.0,38368909.0,12980029.8994988,41502465.5025959,26368909.0,3.1974090833333335,Profitable,True,5.4,82,6.085750684727925,0.743703,15,10
15037,Can't Hardly Wait,1998,1998-06-12,6,1990s,Comedy,Comedy|Drama|Romance,"Deborah Kaplan, Harry Elfont",Jennifer Love Hewitt,100.0,90-105 min,2.0,10000000.0,25605015.0,13376954.6907829,34251712.5511819,15605015.0,2.5605015,Profitable,True,6.2,74,6.131045835962309,0.396129,22,8
227,The Outsiders,1983,1983-03-25,3,1980s,Crime,Crime|Drama,Francis Ford Coppola,Matt Dillon,91.0,90-105 min,2.0,10000000.0,25697647.0,21893119.9775814,56260166.8912535,15697647.0,2.5697647,Profitable,True,6.8,134,6.187854686067988,0.554917,16,11
11336,The Dead Zone,1983,1983-10-21,10,1980s,Thriller,Thriller|Horror|Science Fiction,David Cronenberg,Christopher Walken,103.0,90-105 min,2.0,10000000.0,20766616.0,21893119.9775814,45464601.5616362,10766616.0,2.0766616,Profitable,True,6.5,128,6.15946734925968,0.449475,20,16
283445,Sinister 2,2015,2015-08-19,8,2010s,Horror,Horror,Ciaran Foy,Shannyn Sossamon,97.0,90-105 min,2.0,10000000.0,52882018.0,9199995.95200178,48651435.1533685,42882018.0,5.2882018,Profitable,True,5.5,331,6.004062998242107,1.742286,22,71
88036,Sparkle,2012,2012-08-17,8,2010s,Drama,Drama|Music,Salim Akil,Whitney Houston,116.0,105-120 min,3.0,14000000.0,24637469.0,13296419.9389314,23399295.2897432,10637469.0,1.7598192142857143,Profitable,True,5.9,21,6.123806674669313,0.308684,10,11
10984,Valentine,2001,2001-02-01,2,2000s,Horror,Horror|Thriller,Jamie Blanks,Denise Richards,96.0,90-105 min,2.0,,,,,,,Unknown,False,4.9,51,6.082731875551757,0.274027,21,28
22824,The Fourth Kind,2009,2009-11-06,11,2000s,Science Fiction,Science Fiction|Thriller,Olatunde Osunsanmi,Milla Jovovich,98.0,90-105 min,2.0,10000000.0,42333295.0,10164004.3412495,43027579.4159397,32333295.0,4.2333295,Profitable,True,5.6,244,6.046772140878401,0.52916,22,19
9526,A Prairie Home Companion,2006,2006-06-09,6,2000s,Drama,Drama|Comedy|Music,Robert Altman,Meryl Streep,105.0,90-105 min,2.0,,,,,,,Unknown,False,6.2,38,6.129262666717746,0.178655,15,38
15983,Invasion U.S.A.,1985,1985-09-27,9,1980s,Action,Action|Thriller,Joseph Zito,Chuck Norris,107.0,105-120 min,3.0,,,,,,,Unknown,False,4.5,18,6.105930003890221,0.355653,22,34
14544,Roll Bounce,2005,2005-09-23,9,2000s,Comedy,Comedy|Drama|Family,Malcolm D. Lee,Nick Cannon,112.0,105-120 min,3.0,,,,,,,Unknown,False,5.8,17,6.123219720179252,0.46379,14,2
11545,Rushmore,1998,1998-09-17,9,1990s,Comedy,Comedy|Drama,Wes Anderson,Jason Schwartzman,93.0,90-105 min,2.0,,,,,,,Unknown,False,7.5,357,6.413679246296401,0.870429,13,9
42684,Skyline,2010,2010-11-11,11,2010s,Science Fiction,Science Fiction,"Colin Strause, Greg Strause",Eric Balfour,100.0,90-105 min,2.0,10000000.0,66821036.0,10000000.0,66821036.0,56821036.0,6.6821036,Profitable,True,4.7,304,5.865597104117829,0.671484,13,22
268238,The Second Best Exotic Marigold Hotel,2015,2015-02-26,2,2010s,Drama,Drama|Comedy,John Madden,Dev Patel,122.0,120-150 min,4.0,10000000.0,85978266.0,9199995.95200178,79099969.9160132,75978266.0,8.5978266,Profitable,True,6.4,196,6.161761536892958,0.832487,14,4
8359,Kit Kittredge: An American Girl,2008,2008-07-02,7,2000s,Comedy,Comedy|Drama|Family,Patricia Rozema,Abigail Breslin,101.0,90-105 min,2.0,,,,,,,Unknown,False,6.4,21,6.131442482974164,0.219277,12,23
15648,The Perfect Man,2005,2005-06-17,6,2000s,Comedy,Comedy|Drama|Family|Romance,Mark Rosman,Hilary Duff,100.0,90-105 min,2.0,,,,,,,Unknown,False,5.7,118,6.093028026858075,0.709751,12,6
41823,Mo' Better Blues,1990,1990-08-03,8,1990s,Drama,Drama|Romance,Spike Lee,Denzel Washington,129.0,120-150 min,4.0,10000000.0,16153593.0,16688985.4031458,26958707.7785358,6153593.0,1.6153593,Profitable,True,6.0,24,6.125060995818716,0.465917,14,6
11891,Kung Pow: Enter the Fist,2002,2002-01-25,1,2000s,Action,Action|Comedy,Steve Oedekerk,Hui Lou Chen,81.0,< 90 min,1.0,,,,,,,Unknown,False,5.9,71,6.115954359931074,0.177630999999999,7,66
9362,Tremors,1990,1990-01-19,1,1990s,Action,Action|Horror,Ron Underwood,Kevin Bacon,96.0,90-105 min,2.0,11000000.0,48572000.0,18357883.9434603,81061739.9001598,37572000.0,4.415636363636364,Profitable,True,6.3,485,6.172827229806847,0.85552,15,26
9902,Wrong Turn,2003,2003-05-30,5,2000s,Horror,Horror|Thriller,Rob Schmidt,Desmond Harrington,84.0,< 90 min,1.0,12600000.0,28650575.0,14935443.3242598,33961034.8507901,16050575.0,2.2738551587301585,Profitable,True,5.9,347,6.080916206182924,1.565393,10,100
14729,The Long Riders,1980,1980-05-12,5,1980s,Western,Western|History,Walter Hill,David Carradine,99.0,90-105 min,2.0,10000000.0,15795189.0,26460367.5292129,41794650.613338,5795189.0,1.5795189,Profitable,True,6.0,17,6.125699480955271,0.128234,15,30
9455,The Corruptor,1999,1999-03-12,3,1990s,Action,Action|Crime|Mystery|Thriller,James Foley,Mark Wahlberg,110.0,105-120 min,3.0,25000000.0,15156200.0,32726321.164858,19840266.7535528,-9843800.0,0.606248,Loss-making,True,6.1,30,6.126686336491419,0.454992,12,7
103731,Mud,2013,2013-05-01,5,2010s,Drama,Drama,Jeff Nichols,Matthew McConaughey,130.0,120-150 min,4.0,10000000.0,21587700.0,9360333.52740424,20206807.2089544,11587700.0,2.15877,Profitable,True,6.9,739,6.40009868536514,0.864696999999999,13,17
10090,Reno 911!: Miami,2007,2007-02-23,2,2000s,Action,Action|Adventure|Comedy|Crime,Ben Garant,Lennie Loftin,84.0,< 90 min,1.0,10000000.0,20342161.0,10516685.8263154,21393211.6265327,10342161.0,2.0342161,Profitable,True,5.8,34,6.11926126240024,0.104735,28,20
164558,One Direction: This Is Us,2013,2013-08-28,8,2010s,Documentary,Documentary|Music,Morgan Spurlock,Harry Styles,92.0,90-105 min,2.0,10000000.0,,9360333.52740424,,,,Unknown,False,8.0,137,6.299340458948275,0.168549,7,5
19905,"The Goods: Live Hard, Sell Hard",2009,2009-08-14,8,2000s,Comedy,Comedy,Neal Brennan,Jeremy Piven,90.0,< 90 min,1.0,10000000.0,,10164004.3412495,,,,Unknown,False,5.3,35,6.106433344134888,0.196421,18,4
17710,Hey Arnold! The Movie,2002,2002-06-28,6,2000s,Animation,Animation|Family,Tuck Tucker,Spencer Klein,76.0,< 90 min,1.0,,,,,,,Unknown,False,5.5,30,6.1136814958007175,0.258401,8,8
75900,My Week with Marilyn,2011,2011-10-17,10,2010s,Drama,Drama,Simon Curtis,Michelle Williams,99.0,90-105 min,2.0,6400000.0,35057696.0,6204147.47258542,33984861.8801668,28657696.0,5.477765,Profitable,True,6.7,212,6.204805924486159,1.116674,16,11
9515,The Matador,2005,2005-05-12,5,2000s,Action,Action|Comedy|Crime|Drama|Thriller,Richard Shepard,Pierce Brosnan,96.0,90-105 min,2.0,10000000.0,17297244.0,11165632.8965449,19313467.6625964,7297244.0,1.7297244,Profitable,True,6.0,70,6.121021387780194,0.564298,20,32
328425,The Gift,2015,2015-07-30,7,2010s,Thriller,Thriller|Mystery,Joel Edgerton,Jason Bateman,108.0,105-120 min,3.0,5000000.0,58978653.0,4599997.97600089,54260336.8854517,53978653.0,11.7957306,Profitable,True,6.6,631,6.27754095931579,1.926739,19,44
10050,Get Over It,2001,2001-03-08,3,2000s,Comedy,Comedy|Romance,Tommy O'Haver,Kirsten Dunst,87.0,< 90 min,1.0,10000000.0,,12314881.1669384,,,,Unknown,False,5.6,39,6.112516372362194,0.560135,20,20
1542,Office Space,1999,1999-02-19,2,1990s,Comedy,Comedy|Crime,Mike Judge,Ron Livingston,89.0,< 90 min,1.0,10000000.0,12827813.0,13090528.4659432,16792285.1232296,2827813.0,1.2827813,Profitable,True,7.3,669,6.51507417247678,0.968204,31,16
10490,Drop Dead Gorgeous,1999,1999-07-23,7,1990s,Comedy,Comedy,Michael Patrick Jann,Kirsten Dunst,98.0,90-105 min,2.0,10000000.0,10571408.0,13090528.4659432,13838531.7349099,571408.0,1.0571408,Profitable,True,6.2,41,6.129414779111012,0.285902,19,6
87093,Big Eyes,2014,2014-12-24,12,2010s,Drama,Drama,Tim Burton,Amy Adams,105.0,90-105 min,2.0,10000000.0,28883511.0,9210910.50771459,26604343.496959,18883511.0,2.8883511,Profitable,True,6.8,710,6.358677660160735,1.398713,38,14
10029,Very Bad Things,1998,1998-09-11,9,1990s,Comedy,Comedy|Crime|Thriller,Peter Berg,Jon Favreau,100.0,90-105 min,2.0,30000000.0,9898412.0,40130864.0723489,13241060.8834702,-20101588.0,0.3299470666666667,Loss-making,True,6.2,83,6.1314776691516055,0.366598,20,19
9893,Sleepover,2004,2004-07-09,7,2000s,Comedy,Comedy|Family,Joe Nussbaum,Alexa PenaVega,89.0,< 90 min,1.0,,,,,,,Unknown,False,5.4,70,6.091529076846973,0.558402,21,30
11507,Body Double,1984,1984-10-26,10,1980s,Mystery,Mystery|Thriller,Brian De Palma,Craig Wasson,114.0,105-120 min,3.0,10000000.0,8801940.0,20990420.3919415,18475642.0864645,-1198060.0,0.880194,Loss-making,True,6.1,58,6.126157183158256,0.517691,17,24
37931,MacGruber,2010,2010-05-21,5,2010s,Action,Action|Adventure|Comedy,Jorma Taccone,Will Forte,90.0,< 90 min,1.0,10000000.0,6110000.0,10000000.0,6110000.0,-3890000.0,0.611,Loss-making,True,5.2,95,6.0664871702006575,0.649289999999999,23,3
3472,Dirty Pretty Things,2002,2002-09-05,9,2000s,Crime,Crime|Drama|Thriller,Stephen Frears,Chiwetel Ejiofor,97.0,90-105 min,2.0,,,,,,,Unknown,False,6.7,66,6.1538951893090434,0.247926,13,32
87818,Movie 43,2013,2013-01-01,1,2010s,Comedy,Comedy,"Griffin Dunne, Peter Farrelly, Elizabeth Banks, James Gunn, Steven Brill, Brett Ratner, Steve Carr, Rusty Cundieff, James Duffy, Patrik Forsberg, Jonathan van Tulleken, Will Graham",Anna Faris,90.0,< 90 min,1.0,6000000.0,32438988.0,5616200.11644254,30363974.6971464,26438988.0,5.406498,Profitable,True,4.4,564,5.619387184368789,1.020237,105,111
13160,Over Her Dead Body,2008,2008-02-01,2,2000s,Comedy,Comedy|Fantasy|Romance,Jeff Lowell,Eva Longoria,95.0,90-105 min,2.0,10000000.0,,10127866.3380916,,,,Unknown,False,5.2,82,6.074330867166474,0.421657,28,3
88005,Seeking a Friend for the End of the World,2012,2012-06-22,6,2010s,Drama,Drama|Comedy|Romance|Science Fiction,Lorene Scafaria,Steve Carell,101.0,90-105 min,2.0,10000000.0,9636289.0,9497442.81352245,9152010.37120755,-363711.0,0.9636289,Loss-making,True,6.2,425,6.144649855734794,0.58808,37,15
52067,Cedar Rapids,2011,2011-02-11,2,2010s,Comedy,Comedy,Miguel Arteta,Anne Heche,87.0,< 90 min,1.0,,6861102.0,,6651138.84882043,,,Unknown,False,5.7,71,6.105990146893392,0.812252,14,3
73,American History X,1998,1998-10-30,10,1990s,Drama,Drama,Tony Kaye,Edward Norton,119.0,105-120 min,3.0,20000000.0,23875127.0,26753909.3815659,31937649.2115689,3875127.0,1.19375635,Profitable,True,8.0,1563,7.130693688367821,1.333006,53,100
134597,The Collection,2012,2012-09-21,9,2010s,Horror,Horror|Thriller,Marcus Dunstan,Josh Stewart,94.0,90-105 min,2.0,,6842058.0,,6498205.45818038,,,Unknown,False,5.8,151,6.094443265123761,0.48631,17,53
14283,The Red Violin,1998,1998-09-10,9,1990s,Drama,Drama|Thriller|Mystery|Music|Romance,François Girard,Carlo Cecchi,131.0,120-150 min,4.0,18000000.0,9495408.0,24078518.4434093,12701964.2586498,-8504592.0,0.5275226666666667,Loss-making,True,6.6,49,6.143786300575706,0.375143,58,3
404,The Straight Story,1999,1999-10-15,10,1990s,Drama,Drama,David Lynch,Richard Farnsworth,112.0,105-120 min,3.0,10000000.0,,13090528.4659432,,,,Unknown,False,7.3,111,6.216126242807844,0.335398,24,18
13201,Deuces Wild,2002,2002-05-03,5,2000s,Action,Action|Crime|Drama|Romance,Scott Kalvert,Stephen Dorff,96.0,90-105 min,2.0,,,,,,,Unknown,False,5.3,16,6.11761663990787,0.079351,16,3
209403,Bad Words,2013,2013-09-06,9,2010s,Comedy,Comedy,Jason Bateman,Jason Bateman,88.0,< 90 min,1.0,9500000.0,7800000.0,8892316.85103403,7301060.15137531,-1700000.0,0.8210526315789474,Loss-making,True,6.2,227,6.1377183975319545,0.941711,11,2
7942,"Run, Fatboy, Run",2007,2007-09-06,9,2000s,Comedy,Comedy|Romance,David Schwimmer,Simon Pegg,100.0,90-105 min,2.0,10000000.0,33000000.0,10516685.8263154,34705063.226841,23000000.0,3.3,Profitable,True,6.2,117,6.133061354318382,0.906039,30,8
253331,Black or White,2015,2015-01-30,1,2010s,Drama,Drama,Mike Binder,Kevin Costner,121.0,120-150 min,4.0,9000000.0,21571189.0,8279996.3568016,19845485.1479865,12571189.0,2.3967987777777777,Profitable,True,6.7,72,6.1561928043880325,0.46209,32,10
9952,Rescue Dawn,2006,2006-09-09,9,2000s,Adventure,Adventure|Drama|War,Werner Herzog,Christian Bale,126.0,120-150 min,4.0,10000000.0,7177143.0,10816691.5829157,7763294.22774825,-2822857.0,0.7177143,Loss-making,True,6.6,158,6.176672547012614,0.508401,20,22
256924,Danny Collins,2015,2015-03-20,3,2010s,Comedy,Comedy|Drama|Music,Dan Fogelman,Al Pacino,107.0,105-120 min,3.0,10000000.0,10835752.0,9199995.95200178,9968887.45368952,835752.0,1.0835752,Profitable,True,6.6,114,6.163985122496951,0.690479,9,3
82532,"Jeff, Who Lives at Home",2011,2011-09-13,9,2010s,Drama,Drama|Comedy,"Jay Duplass, Mark Duplass",Jason Segel,83.0,< 90 min,1.0,10000000.0,4417580.0,9693980.42591472,4282393.40499123,-5582420.0,0.441758,Loss-making,True,5.9,138,6.10625732748326,0.193681,10,20
134371,Atlas Shrugged Part II,2012,2012-10-12,10,2010s,Drama,Drama|Science Fiction|Mystery,John Putch,Samantha Mathis,112.0,105-120 min,3.0,,,,,,,Unknown,False,5.5,27,6.115014523450708,0.323947,19,8
2088,Romeo Is Bleeding,1993,1993-09-13,9,1990s,Action,Action|Crime|Drama|Thriller,Peter Medak,Gary Oldman,100.0,90-105 min,2.0,10000000.0,,15094699.616987,,,,Unknown,False,5.6,18,6.120360438989704,0.406511,17,18
10388,The Limey,1999,1999-05-15,5,1990s,Drama,Drama|Action|Thriller|Crime|Mystery,Steven Soderbergh,Terence Stamp,89.0,< 90 min,1.0,10000000.0,3193102.0,13090528.4659432,4179939.26256602,-6806898.0,0.3193102,Loss-making,True,6.6,38,6.140181422554251,0.274419,14,31
1640,Crash,2004,2004-05-28,5,2000s,Drama,Drama,Paul Haggis,Sandra Bullock,112.0,105-120 min,3.0,6500000.0,98410061.0,7503895.09877896,113609042.216682,91910061.0,15.140009384615384,Profitable,True,7.1,675,6.450863219327669,1.539729,52,40
13689,Peaceful Warrior,2006,2006-03-30,3,2000s,Drama,Drama|Romance,Victor Salva,Scott Mechlowicz,120.0,105-120 min,3.0,,,,,,,Unknown,False,7.3,35,6.156825684499153,0.294825,8,3
67911,Bucky Larson: Born to Be a Star,2011,2011-09-09,9,2010s,Comedy,Comedy,Tom Brady,Nick Swardson,97.0,90-105 min,2.0,10000000.0,,9693980.42591472,,,,Unknown,False,4.3,20,6.100681579461301,0.247245,14,2
252512,While We're Young,2015,2015-03-27,3,2010s,Drama,Drama|Comedy,Noah Baumbach,Ben Stiller,97.0,90-105 min,2.0,10000000.0,7587485.0,9199995.95200178,6980483.12858742,-2412515.0,0.7587485,Loss-making,True,5.9,265,6.090078783483277,0.93762,20,14
55720,A Better Life,2011,2011-06-24,6,2010s,Drama,Drama,Chris Weitz,Demián Bichir,98.0,90-105 min,2.0,10000000.0,1759252.0,9693980.42591472,1705415.44522513,-8240748.0,0.1759252,Loss-making,True,6.6,27,6.136519121235083,0.524684,12,31
9613,Spider,2002,2002-12-13,12,2000s,Drama,Drama|Mystery|Thriller,David Cronenberg,Ralph Fiennes,98.0,90-105 min,2.0,,,,,,,Unknown,False,6.0,61,6.121791080727704,0.306506,19,41
29076,Gun Shy,2000,2000-02-04,2,2000s,Action,Action|Comedy|Romance|Thriller,Eric Blakeney,Sandra Bullock,101.0,90-105 min,2.0,10000000.0,1631839.0,12662921.1434313,2066384.85757759,-8368161.0,0.1631839,Loss-making,True,5.1,10,6.119746762215214,0.203554,16,2
29339,Nicholas Nickleby,2002,2002-12-27,12,2000s,Adventure,Adventure|Drama|Action|Family,Douglas McGrath,Charlie Hunnam,132.0,120-150 min,4.0,,,,,,,Unknown,False,6.3,26,6.130531525496539,0.650275,31,3
68812,The Iceman,2012,2012-09-01,9,2010s,Thriller,Thriller|Crime|Drama,Ariel Vromen,Michael Shannon,105.0,90-105 min,2.0,20000000.0,1969193.0,18994885.6270449,1870229.79062887,-18030807.0,0.09845965,Loss-making,True,6.4,218,6.165095450885932,0.819110999999999,40,9
32740,Krrish,2006,2006-06-23,6,2000s,Action,Action|Science Fiction,Rakesh Roshan,Hrithik Roshan,154.0,> 150 min,5.0,,,,,,,Unknown,False,5.6,27,6.116969486885651,0.272059,10,1
14195,Cecil B. Demented,2000,2000-05-17,5,2000s,Thriller,Thriller|Comedy|Crime,John Waters,Melanie Griffith,87.0,< 90 min,1.0,10000000.0,,12662921.1434313,,,,Unknown,False,5.6,24,6.1180948830547655,0.170017,11,21
73567,Killer Joe,2011,2011-09-10,9,2010s,Drama,Drama|Thriller,William Friedkin,Matthew McConaughey,102.0,90-105 min,2.0,10000000.0,3665069.0,9693980.42591472,3552910.71456268,-6334931.0,0.3665069,Loss-making,True,6.3,196,6.149117191366862,0.482368,13,22
41479,The Joneses,2009,2009-09-13,9,2000s,Comedy,Comedy|Drama,Derrick Borte,David Duchovny,96.0,90-105 min,2.0,10000000.0,7022728.0,10164004.3412495,7137903.78794146,-2977272.0,0.7022728,Loss-making,True,6.0,117,6.117154889768046,0.290674,12,2
15394,Owning Mahowny,2003,2003-05-02,5,2000s,Crime,Crime|Drama|Thriller,Richard Kwietniowski,Philip Seymour Hoffman,104.0,90-105 min,2.0,,,,,,,Unknown,False,6.4,11,6.129475172762269,0.209749,17,18
10071,The Brothers Solomon,2007,2007-09-07,9,2000s,Comedy,Comedy,Bob Odenkirk,Will Arnett,93.0,90-105 min,2.0,,,,,,,Unknown,False,4.9,22,6.107656826057535,0.144703,19,25
1989,My Blueberry Nights,2007,2007-05-16,5,2000s,Drama,Drama|Romance,Wong Kar-wai,Norah Jones,111.0,105-120 min,3.0,10000000.0,21786738.0,10516685.8263154,22912427.8726248,11786738.0,2.1786738,Profitable,True,6.2,110,6.132741314348592,0.291333,14,22
12779,Swept Away,2002,2002-10-11,10,2000s,Comedy,Comedy|Romance,Guy Ritchie,Madonna,89.0,< 90 min,1.0,10000000.0,598645.0,12122613.9362054,725714.221983972,-9401355.0,0.0598645,Loss-making,True,4.7,26,6.100388782217066,0.346921999999999,6,16
13191,"War, Inc.",2008,2008-04-28,4,2000s,Action,Action|Adventure|Comedy|Thriller,Joshua Seftel,John Cusack,106.0,105-120 min,3.0,5000000.0,1296184.0,5063933.16904583,1312757.8301573,-3703816.0,0.2592368,Loss-making,True,5.5,41,6.1088427771039875,0.374034,23,3
12703,The Brown Bunny,2004,2004-08-27,8,2000s,Drama,Drama,Vincent Gallo,Vincent Gallo,93.0,90-105 min,2.0,10000000.0,,11544453.9981214,,,,Unknown,False,5.5,23,6.116800928282458,0.125361,6,9
222649,Rosewater,2014,2014-11-07,11,2010s,Drama,Drama,Jon Stewart,Gael García Bernal,103.0,90-105 min,2.0,,,,,,,Unknown,False,6.6,64,6.148611916182055,0.138246,10,21
101173,Coriolanus,2011,2011-02-14,2,2010s,Drama,Drama|Thriller,Ralph Fiennes,Gerard Butler,123.0,120-150 min,4.0,7700000.0,1072602.0,7464364.92795433,1039778.27927969,-6627398.0,0.13929896103896103,Loss-making,True,5.7,76,6.104570700187241,0.597001,14,55
20178,World's Greatest Dad,2009,2009-08-20,8,2000s,Comedy,Comedy|Romance,Bobcat Goldthwait,Robin Williams,99.0,90-105 min,2.0,10000000.0,295750.0,10164004.3412495,300600.428392455,-9704250.0,0.029575,Loss-making,True,6.3,67,6.13542084183926,0.278321,28,2
5072,Severance,2006,2006-05-19,5,2000s,Horror,Horror|Comedy|Thriller,Christopher Smith,Danny Dyer,96.0,90-105 min,2.0,,,,,,,Unknown,False,6.3,66,6.135304949185108,0.389212,11,17
18191,Edmond,2005,2005-08-31,8,2000s,Drama,Drama|Thriller,Stuart Gordon,William H. Macy,82.0,< 90 min,1.0,10.0,,11.1656328965449,,,,Unknown,False,5.8,16,6.123455629762625,0.204002,13,23
31007,Welcome to the Rileys,2010,2010-10-29,10,2010s,Drama,Drama,Jake Scott,Kristen Stewart,110.0,105-120 min,3.0,,42145.0,,42145.0,,,Unknown,False,6.3,80,6.136912738538298,0.364652,14,12
11546,Police Academy: Mission to Moscow,1994,1994-06-09,6,1990s,Action,Action|Comedy|Crime,Alan Metter,George Gaynes,83.0,< 90 min,1.0,,126247.0,,185723.421317083,,,Unknown,False,4.4,72,6.040071915249823,0.880147999999999,10,8
268171,Elsa & Fred,2014,2014-03-07,3,2010s,Comedy,Comedy|Family|Romance,Michael Radford,Shirley MacLaine,104.0,90-105 min,2.0,10000000.0,,9210910.50771459,,,,Unknown,False,6.5,17,6.131898882895319,0.306919,13,18
39037,The Good Guy,2009,2009-04-25,4,2000s,Comedy,Comedy|Romance,Julio DePietro,Alexis Bledel,90.0,< 90 min,1.0,3200000.0,,3252481.38919985,,,,Unknown,False,5.6,40,6.1121487399309755,0.154563,10,2
22805,Motherhood,2009,2009-01-21,1,2000s,Comedy,Comedy|Drama,Katherine Dieckmann,Uma Thurman,90.0,< 90 min,1.0,,,,,,,Unknown,False,5.1,25,6.108655324731907,0.248559,13,2
245846,Strangerland,2015,2015-07-01,7,2010s,Drama,Drama|Thriller,Kim Farrant,Nicole Kidman,111.0,105-120 min,3.0,10000000.0,17472.0,9199995.95200178,16074.2329273375,-9982528.0,0.0017472,Loss-making,True,5.0,48,6.088685941329273,0.365901,10,13
15017,Blonde Ambition,2007,2007-12-21,12,2000s,Comedy,Comedy|Romance,Scott Marshall Smith,Jessica Simpson,93.0,90-105 min,2.0,10000000.0,,10516685.8263154,,,,Unknown,False,3.8,16,6.100099670343605,0.29679,8,4
12245,The Oxford Murders,2008,2008-01-18,1,2000s,Crime,Crime|Mystery|Thriller,Álex de la Iglesia,Elijah Wood,107.0,105-120 min,3.0,14100000.0,,14280291.5367092,,,,Unknown,False,5.8,99,6.1049800828145155,0.395538,12,12
49787,The Reef,2010,2010-05-15,5,2010s,Drama,Drama|Horror|Thriller,Andrew Traucki,Adrienne Pickering,94.0,90-105 min,2.0,,,,,,,Unknown,False,5.3,59,6.09273693180792,0.321694,5,7
16358,Eulogy,2004,2004-10-15,10,2000s,Comedy,Comedy|Drama,Michael Clancy,Hank Azaria,91.0,90-105 min,2.0,,,,,,,Unknown,False,5.9,12,6.1252811348640455,0.11766,13,20
7006,White Noise 2: The Light,2007,2007-01-05,1,2000s,Thriller,Thriller|Drama|Horror|Fantasy,Patrick Lussier,Nathan Fillion,99.0,90-105 min,2.0,,,,,,,Unknown,False,5.4,37,6.107933691566223,0.316932,9,13
17622,Fifty Dead Men Walking,2008,2008-09-10,9,2000s,Action,Action|Thriller,Kari Skogland,Ben Kingsley,117.0,105-120 min,3.0,,,,,,,Unknown,False,6.0,12,6.126159547864558,0.541117,13,47
217708,Of Horses and Men,2013,2013-08-30,8,2010s,Drama,Drama|Romance|Comedy,Benedikt Erlingsson,Ingvar Eggert Sigurðsson,85.0,< 90 min,1.0,10.0,11.0,9.36033352740424,10.2963668801446,1.0,1.1,Profitable,True,6.5,11,6.130280974535032,0.222776,16,9
17577,The Devil's Tomb,2009,2009-05-26,5,2000s,Action,Action|Horror|Thriller|Science Fiction,Jason Connery,Cuba Gooding Jr.,90.0,< 90 min,1.0,10000000.0,,10164004.3412495,,,,Unknown,False,3.9,24,6.088488903807977,0.393762,15,37
78383,Nurse 3-D,2013,2013-09-28,9,2010s,Horror,Horror|Thriller,Douglas Aarniokoski,Paz de la Huerta,99.0,90-105 min,2.0,,10000000.0,,9360333.52740424,,,Unknown,False,4.7,73,6.05426848737844,0.472278,12,6
16614,Adventureland,2009,2009-04-03,4,2000s,Comedy,Comedy,Greg Mottola,Jesse Eisenberg,107.0,105-120 min,3.0,9500000.0,17164377.0,9655804.12418705,17445880.2342843,7664377.0,1.8067765263157896,Profitable,True,6.3,400,6.16666470459938,0.480074,17,24
9700,The Lost City,2005,2005-09-03,9,2000s,Drama,Drama|Romance,Andy García,Andy García,144.0,120-150 min,4.0,9600000.0,4386236.0,10719007.5806831,4897510.09736096,-5213764.0,0.45689958333333336,Loss-making,True,6.4,13,6.129870937267042,0.183927,15,7
10471,Next Friday,2000,2000-01-12,1,2000s,Comedy,Comedy,Steve Carr,Ice Cube,98.0,90-105 min,2.0,11000000.0,59827328.0,13929213.2577745,75758873.6686204,48827328.0,5.438848,Profitable,True,6.6,70,6.150513698713414,0.49295,17,8
250066,American Heist,2014,2014-09-11,9,2010s,Action,Action,Sarik Andreasyan,Hayden Christensen,94.0,90-105 min,2.0,10000000.0,,9210910.50771459,,,,Unknown,False,4.3,116,5.983094046893254,0.954807,15,52
667,You Only Live Twice,1967,1967-06-12,6,1960s,Action,Action|Thriller|Adventure,Lewis Gilbert,Sean Connery,117.0,105-120 min,3.0,9500000.0,111584787.0,62099255.5279776,729403389.573469,102084787.0,11.74576705263158,Profitable,True,6.2,301,6.140503026003125,1.554808,16,11
208869,Plastic,2014,2014-04-30,4,2010s,Drama,Drama|Action|Comedy|Crime,Julian Gilbey,Ed Speleers,102.0,90-105 min,2.0,10.0,,9.21091050771459,,,,Unknown,False,6.0,69,6.121106428457432,0.34388,8,4
10306,Poltergeist III,1988,1988-06-10,6,1980s,Horror,Horror|Thriller,Gary Sherman,Tom Skerritt,98.0,90-105 min,2.0,10500000.0,14144000.0,19360855.7424482,26079994.6305893,3644000.0,1.347047619047619,Profitable,True,4.4,58,6.056332099948851,0.384618,8,8
106845,Re-Kill,2015,2015-10-16,10,2010s,Horror,Horror|Science Fiction,Valeri Milev,Roger Cross,87.0,< 90 min,1.0,9500000.0,,8739996.15440169,,,,Unknown,False,4.7,17,6.109581035911146,0.13631,19,2
11576,"It's a Mad, Mad, Mad, Mad World",1963,1963-11-07,11,1960s,Comedy,Comedy|Adventure|Action|Crime,Stanley Kramer,Spencer Tracy,163.0,> 150 min,5.0,9400000.0,,66929686.092652,,,,Unknown,False,6.5,63,6.143847687769227,0.78112,53,16
11827,Heavy Metal,1981,1981-08-07,8,1980s,Animation,Animation|Science Fiction,Gerald Potterton,Rodger Bumpass,90.0,< 90 min,1.0,9300000.0,,22303174.4851683,,,,Unknown,False,6.3,73,6.1361127870070575,1.02942199999999,19,14
22820,Gentlemen Broncos,2009,2009-09-30,9,2000s,Action,Action|Comedy|Thriller,Jared Hess,Michael Angarano,89.0,< 90 min,1.0,10000000.0,,10164004.3412495,,,,Unknown,False,5.9,23,6.123481634113552,0.32918,9,4
31174,Richard III,1995,1995-12-29,12,1990s,Drama,Drama|War,Richard Loncraine,Ian McKellen,104.0,90-105 min,2.0,,,,,,,Unknown,False,6.0,23,6.125151810571325,0.392875,18,4
244316,Into the Grizzly Maze,2015,2015-02-27,2,2010s,Action,Action|Horror|Thriller,David Hackl,James Marsden,94.0,90-105 min,2.0,10000000.0,,9199995.95200178,,,,Unknown,False,5.0,35,6.098874493080248,0.429892,21,34
37737,Kites,2010,2010-05-21,5,2010s,Drama,Drama|Action|Romance,Anurag Basu,Hrithik Roshan,131.0,120-150 min,4.0,,,,,,,Unknown,False,5.8,30,6.120183916146068,0.300283,20,2
66125,Red Dog,2011,2011-08-04,8,2010s,Drama,Drama|Comedy|Family,Kriv Stenders,Josh Lucas,92.0,90-105 min,2.0,,,,,,,Unknown,False,7.3,45,6.164996467970677,0.30289,12,21
348,Alien,1979,1979-05-25,5,1970s,Horror,Horror|Action|Thriller|Science Fiction,Ridley Scott,Tom Skerritt,117.0,105-120 min,3.0,11000000.0,104931801.0,33050094.0275175,315273262.68425,93931801.0,9.539254636363637,Profitable,True,7.6,2724,7.110994472508711,4.935897,10,30
30497,The Texas Chain Saw Massacre,1974,1974-10-01,10,1970s,Horror,Horror|Thriller,Tobe Hooper,Marilyn Burns,83.0,< 90 min,1.0,85000.0,30859000.0,375894.130523709,136467258.51566,30774000.0,363.0470588235294,Profitable,True,6.8,249,6.231767549334274,0.906087,17,11
27586,The Runaways,2010,2010-03-19,3,2010s,Drama,Drama|Music,Floria Sigismondi,Dakota Fanning,106.0,105-120 min,3.0,10000000.0,2995811.0,10000000.0,2995811.0,-7004189.0,0.2995811,Loss-making,True,6.3,133,6.142725141777804,1.14644,18,8
14811,Fiddler on the Roof,1971,1971-11-03,11,1970s,Drama,Drama|Music|Romance,Norman Jewison,Chaim Topol,181.0,> 150 min,5.0,9000000.0,10404330.0,48466754.2299359,56029345.0041277,1404330.0,1.1560366666666666,Profitable,True,6.6,68,6.149881554277317,0.291077,41,35
660,Thunderball,1965,1965-12-16,12,1960s,Adventure,Adventure|Action|Thriller,Terence Young,Sean Connery,130.0,120-150 min,4.0,11000000.0,141195658.0,76126200.6312938,977153544.470504,130195658.0,12.835968909090909,Profitable,True,6.3,331,6.161205007618404,1.910465,19,16
68684,Detention,2011,2011-03-16,3,2010s,Horror,Horror|Comedy|Science Fiction,Joseph Kahn,Shanley Caswell,93.0,90-105 min,2.0,10000000.0,,9693980.42591472,,,,Unknown,False,5.9,70,6.116106002624656,0.803764,35,21
9400,Set It Off,1996,1996-11-06,11,1990s,Drama,Drama|Action|Crime,F. Gary Gray,Jada Pinkett Smith,118.0,105-120 min,3.0,9000000.0,41590886.0,12511950.6506422,57820345.9053876,32590886.0,4.621209555555556,Profitable,True,7.0,37,6.150489942015508,0.693264,17,10
16162,The Best Man,1999,1999-10-22,10,1990s,Drama,Drama|Comedy,Malcolm D. Lee,Nia Long,120.0,105-120 min,3.0,9000000.0,34573780.0,11781475.6193489,45258905.1265258,25573780.0,3.8415311111111112,Profitable,True,7.8,22,6.154019735729797,0.066504,8,2
10585,Child's Play,1988,1988-11-08,11,1980s,Horror,Horror|Thriller,Tom Holland,Catherine Hicks,87.0,< 90 min,1.0,9000000.0,44196684.0,16595019.2078127,81493868.8779591,35196684.0,4.910742666666667,Profitable,True,6.2,254,6.138764105676123,0.891508,6,9
2359,Sicko,2007,2007-05-18,5,2000s,Documentary,Documentary,Michael Moore,Michael Moore,123.0,120-150 min,4.0,9000000.0,24538513.0,9465017.24368391,25806383.1865957,15538513.0,2.7265014444444446,Profitable,True,7.0,115,6.195593600393284,0.432926,6,23
238636,The Purge: Anarchy,2014,2014-07-17,7,2010s,Horror,Horror|Thriller,James DeMonaco,Frank Grillo,104.0,90-105 min,2.0,9000000.0,108782847.0,8289819.45694313,100198906.84914,99782847.0,12.086983,Profitable,True,6.6,1126,6.341900148517308,2.611251,41,64
10472,Down to You,2000,2000-01-21,1,2000s,Comedy,Comedy|Drama|Family|Romance,Kris Isacsson,Freddie Prinze Jr.,91.0,90-105 min,2.0,9000000.0,,11396629.0290882,,,,Unknown,False,4.7,38,6.088317332330848,0.225197,11,6
11282,Harold & Kumar Go to White Castle,2004,2004-05-30,5,2000s,Comedy,Comedy|Adventure,Danny Leiner,John Cho,88.0,< 90 min,1.0,9000000.0,23936908.0,10390008.5983093,27633853.3263266,14936908.0,2.6596564444444444,Profitable,True,6.4,414,6.191135432576083,1.318761,16,23
6521,The Contender,2000,2000-10-13,10,2000s,Drama,Drama|Thriller,Rod Lurie,Gary Oldman,126.0,120-150 min,4.0,9000000.0,,11396629.0290882,,,,Unknown,False,6.4,23,6.13183251640242,0.372471,11,10
14181,Boiler Room,2000,2000-02-18,2,2000s,Crime,Crime|Drama|Thriller,Ben Younger,Giovanni Ribisi,118.0,105-120 min,3.0,26000000.0,28780255.0,32923594.9729216,36444209.9552846,2780255.0,1.1069328846153845,Profitable,True,6.5,102,6.153386826686198,1.104427,13,35
1621,Trading Places,1983,1983-06-07,6,1980s,Comedy,Comedy|Drama,John Landis,Eddie Murphy,116.0,105-120 min,3.0,40600000.0,90400000.0,88886067.1089806,197913804.597336,49800000.0,2.226600985221675,Profitable,True,6.9,353,6.287063767991198,1.115139,15,19
9656,Black Christmas,2006,2006-12-25,12,2000s,Horror,Horror|Thriller,Glen Morgan,Katie Cassidy,84.0,< 90 min,1.0,9000000.0,21510851.0,9735022.42462415,23267624.0953054,12510851.0,2.3900945555555557,Profitable,True,5.3,44,6.101242084498801,0.312729,16,7
16428,Breakin' All the Rules,2004,2004-05-14,5,2000s,Comedy,Comedy|Romance,Daniel Taplitz,Jamie Foxx,85.0,< 90 min,1.0,,,,,,,Unknown,False,6.1,14,6.126998434571869,0.283493,7,7
10705,Henry V,1989,1989-10-05,10,1980s,War,War|Drama|History|Action|Romance,Kenneth Branagh,Kenneth Branagh,137.0,120-150 min,4.0,9000000.0,,15830864.4513893,,,,Unknown,False,7.4,27,6.1521588287146285,0.294611,30,8
8272,The Savages,2007,2007-01-19,1,2000s,Drama,Drama,Tamara Jenkins,Laura Linney,114.0,105-120 min,3.0,,,,,,,Unknown,False,6.7,45,6.1456983477505345,0.428296,20,18
1619,The Way of the Gun,2000,2000-09-08,9,2000s,Action,Action|Adventure|Comedy|Thriller,Christopher McQuarrie,Benicio del Toro,119.0,105-120 min,3.0,,19125401.0,,24218344.4699503,,,Unknown,False,6.0,42,6.123448576991456,0.621992,15,17
9685,Igby Goes Down,2002,2002-09-13,9,2000s,Comedy,Comedy|Drama,Burr Steers,Kieran Culkin,97.0,90-105 min,2.0,9000000.0,4777465.0,10910352.5425849,5791536.37887338,-4222535.0,0.5308294444444445,Loss-making,True,6.5,40,6.137971851615934,0.357389,15,13
14425,PCU,1994,1994-04-29,4,1990s,Comedy,Comedy,Hart Bochner,Jeremy Piven,79.0,< 90 min,1.0,9000000.0,4350774.0,13240004.0543834,6400473.93330068,-4649226.0,0.4834193333333333,Loss-making,True,6.7,21,6.136023967957074,0.094568,36,14
14624,The Ultimate Gift,2006,2006-10-20,10,2000s,Romance,Romance|Drama|Family,Michael O. Sajbel,James Garner,114.0,105-120 min,3.0,,,,,,,Unknown,False,6.8,43,6.1479826485847635,0.374486,16,34
10179,The Ice Pirates,1984,1984-03-16,3,1980s,Action,Action|Science Fiction|Comedy,Stewart Raffill,Robert Urich,91.0,90-105 min,2.0,9000000.0,,18891378.3527473,,,,Unknown,False,5.0,22,6.109255547080716,0.202992,20,12
15568,Gracie,2007,2007-06-01,6,2000s,Drama,Drama|Family,Davis Guggenheim,Jesse Lee Soffer,97.0,90-105 min,2.0,9000000.0,2955039.0,9465017.24368391,3107721.67675094,-6044961.0,0.3283376666666667,Loss-making,True,5.8,10,6.124878350808426,0.370331,14,1
14057,Trust the Man,2005,2005-09-01,9,2000s,Comedy,Comedy|Drama|Romance,Bart Freundlich,David Duchovny,103.0,90-105 min,2.0,9000000.0,,10049069.6068904,,,,Unknown,False,4.6,15,6.110544560906999,0.394709,13,2
12621,Hamlet 2,2008,2008-01-21,1,2000s,Comedy,Comedy|Music,Andrew Fleming,Steve Coogan,92.0,90-105 min,2.0,,,,,,,Unknown,False,5.8,24,6.12157793943674,0.161594,15,13
1808,Velvet Goldmine,1998,1998-10-26,10,1990s,Drama,Drama|Music,Todd Haynes,Ewan McGregor,119.0,105-120 min,3.0,,1053788.0,,1409647.43296908,,,Unknown,False,6.7,49,6.147278567698506,0.462677,15,17
67675,Glee: The Concert Movie,2011,2011-08-11,8,2010s,Documentary,Documentary|Music|Family,Kevin Tancharoen,Dianna Agron,84.0,< 90 min,1.0,9000000.0,18663238.0,8724582.38332325,18092106.3856187,9663238.0,2.073693111111111,Profitable,True,6.3,54,6.133901397867888,0.135239,19,12
29514,Two Evil Eyes,1990,1990-01-25,1,1990s,Horror,Horror|Thriller,"George A. Romero, Dario Argento",Adrienne Barbeau,120.0,105-120 min,3.0,9000000.0,,15020086.8628312,,,,Unknown,False,6.3,10,6.128543771232148,0.163319,20,15
12454,All or Nothing,2002,2002-05-17,5,2000s,Comedy,Comedy|Drama,Mike Leigh,James Corden,128.0,120-150 min,4.0,9000000.0,,10910352.5425849,,,,Unknown,False,5.8,11,6.124640362125685,0.376186,29,15
291081,Red Riding: In the Year of Our Lord 1974,2009,2009-02-28,2,2000s,Thriller,Thriller|Mystery|Crime|Drama,Julian Jarrold,Andrew Garfield,102.0,90-105 min,2.0,,,,,,,Unknown,False,6.1,12,6.12703796086507,0.391927,23,3
25968,Veronika Decides to Die,2009,2009-05-16,5,2000s,Drama,Drama|Romance,Emily Young,Sarah Michelle Gellar,103.0,90-105 min,2.0,9000000.0,,9147603.90712458,,,,Unknown,False,5.9,38,6.121073599840366,0.42089,33,25
9671,Crocodile Dundee,1986,1986-09-26,9,1980s,Adventure,Adventure|Comedy,Peter Faiman,Paul Hogan,97.0,90-105 min,2.0,5000000.0,328203506.0,9947032.05431079,652930158.903837,323203506.0,65.6407012,Profitable,True,6.2,248,6.138534772072763,0.680643,10,10
52010,"Ultramarines: A Warhammer 40,000 Movie",2010,2010-12-10,12,2010s,Animation,Animation|Science Fiction,Martyn Pick,Terence Stamp,76.0,< 90 min,1.0,,,,,,,Unknown,False,5.5,15,6.120405053201208,0.335013,9,4
11588,The I Inside,2004,2004-01-15,1,2000s,Thriller,Thriller|Mystery|Science Fiction,Roland Suso Richter,Ryan Phillippe,90.0,< 90 min,1.0,8800000.0,,10159119.5183469,,,,Unknown,False,5.8,23,6.121811457655778,0.04548,14,5
43418,Beneath Hill 60,2010,2010-04-15,4,2010s,Drama,Drama|History|War,Jeremy Sims,Brendan Cowell,122.0,120-150 min,4.0,7347125.0,,7347125.0,,,,Unknown,False,7.6,28,6.157113492755787,0.280412,17,40
13483,Awake,2007,2007-11-28,11,2000s,Thriller,Thriller|Crime|Mystery,Joby Harold,Hayden Christensen,84.0,< 90 min,1.0,86000000.0,14373825.0,90443498.1063129,15116500.1647438,-71626175.0,0.1671375,Loss-making,True,6.3,229,6.15226237024684,1.142781,20,47
327833,Skin Trade,2014,2014-11-07,11,2010s,Thriller,Thriller|Action|Drama,Ekachai Uekrongtham,Dolph Lundgren,96.0,90-105 min,2.0,9000000.0,,8289819.45694313,,,,Unknown,False,5.6,33,6.114733298491653,0.829686,25,49
1547,The Lost Boys,1987,1987-07-31,7,1980s,Comedy,Comedy|Horror,Joel Schumacher,Jason Patric,97.0,90-105 min,2.0,8500000.0,32222567.0,16312183.7235495,61837697.9939276,23722567.0,3.7908902352941176,Profitable,True,6.5,295,6.193952191096824,0.658247999999999,27,61
25196,Crazy Heart,2009,2009-12-16,12,2000s,Drama,Drama|Music|Romance,Scott Cooper,Jeff Bridges,112.0,105-120 min,3.0,7000000.0,39462438.0,7114803.03887467,40109639.114829,32462438.0,5.637491142857143,Profitable,True,6.4,126,6.150494262778037,0.226009,9,24
175528,Baggage Claim,2013,2013-09-27,9,2010s,Comedy,Comedy,David E. Talbert,Paula Patton,96.0,90-105 min,2.0,8500000.0,22456509.0,7956283.49829361,21020041.4101155,13956509.0,2.6419422352941178,Profitable,True,5.8,65,6.112287054004491,0.707197,16,23
8069,Barbarella,1968,1968-10-10,10,1960s,Science Fiction,Science Fiction,Roger Vadim,Jane Fonda,98.0,90-105 min,2.0,,,,,,,Unknown,False,5.4,63,6.094944999179855,0.867192,31,16
9451,Election,1999,1999-04-23,4,1990s,Comedy,Comedy,Alexander Payne,Matthew Broderick,99.0,90-105 min,2.0,,,,,,,Unknown,False,6.5,137,6.161522740485395,0.694437,14,18
16727,The Namesake,2006,2006-09-02,9,2000s,Drama,Drama,Mira Nair,Kal Penn,122.0,120-150 min,4.0,12000000.0,20138836.0,12980029.8994988,21783557.785092,8138836.0,1.6782363333333334,Profitable,True,7.0,23,6.141853575149061,0.254596,9,16
272693,The DUFF,2015,2015-02-20,2,2010s,Romance,Romance|Comedy,Ari Sandel,Mae Whitman,100.0,90-105 min,2.0,8500000.0,43528634.0,7819996.55920151,40046325.6596167,35028634.0,5.1210157647058825,Profitable,True,6.8,753,6.36768381108527,1.758618,16,49
150202,The Haunting in Connecticut 2: Ghosts of Georgia,2013,2013-02-01,2,2010s,Horror,Horror|Drama|Thriller,Tom Elkins,Chad Michael Murray,101.0,90-105 min,2.0,,,,,,,Unknown,False,5.6,108,6.0883294975294255,0.536513,7,2
29963,Bright Star,2009,2009-11-05,11,2000s,Drama,Drama|Romance,Jane Campion,Abbie Cornish,119.0,105-120 min,3.0,8500000.0,4440055.0,8639403.6900621,4512873.82953867,-4059945.0,0.5223594117647059,Loss-making,True,6.3,65,6.135188893198346,0.492366,19,18
26022,My Name Is Khan,2010,2010-02-12,2,2010s,Drama,Drama|Romance,Karan Johar,Shah Rukh Khan,145.0,120-150 min,4.0,22000000.0,,22000000.0,,,,Unknown,False,7.6,140,6.2652744517353405,1.00879599999999,13,14
152747,All Is Lost,2013,2013-10-18,10,2010s,Action,Action|Adventure|Drama,J.C. Chandor,Robert Redford,106.0,105-120 min,3.0,9000000.0,6108720.0,8424300.17466382,5717965.66255248,-2891280.0,0.6787466666666667,Loss-making,True,6.5,463,6.2222478445532845,1.134425,1,48
20360,Namastey London,2007,2007-03-27,3,2000s,Drama,Drama|Foreign|Romance,Vipul Amrutlal Shah,Akshay Kumar,128.0,120-150 min,4.0,,,,,,,Unknown,False,6.6,15,6.132456766005239,0.053597,10,3
1116,The Wind That Shakes the Barley,2006,2006-05-18,5,2000s,Drama,Drama|History|War,Ken Loach,Cillian Murphy,124.0,120-150 min,4.0,6500000.0,22889018.0,7030849.52889522,24758344.8341806,16389018.0,3.5213873846153847,Profitable,True,6.5,71,6.145846999044118,0.501431,11,8
14353,Repo! The Genetic Opera,2008,2008-07-18,7,2000s,Horror,Horror|Comedy|Music|Science Fiction,Darren Lynn Bousman,Alexa PenaVega,98.0,90-105 min,2.0,,188126.0,,190531.498271983,,,Unknown,False,6.5,49,6.140294033452906,0.324091,13,3
680,Pulp Fiction,1994,1994-10-14,10,1990s,Thriller,Thriller|Crime,Quentin Tarantino,John Travolta,154.0,> 150 min,5.0,8000000.0,213928762.0,11768892.4927853,314713075.136581,205928762.0,26.74109525,Profitable,True,8.1,5343,7.7011313192781605,8.09375399999999,54,43
242582,Nightcrawler,2014,2014-10-23,10,2010s,Crime,Crime|Drama|Thriller,Dan Gilroy,Jake Gyllenhaal,117.0,105-120 min,3.0,8500000.0,38697217.0,7829273.9315574,35643660.2684612,30197217.0,4.552613764705883,Profitable,True,7.6,2087,7.020472104367142,5.522641,29,79
11217,Club Dread,2004,2004-02-27,2,2000s,Comedy,Comedy|Horror,Jay Chandrasekhar,Kevin Heffernan,104.0,90-105 min,2.0,8500000.0,5001655.0,9812785.89840326,5774137.60619743,-3498345.0,0.58843,Loss-making,True,5.1,48,6.092109377603433,0.313479,10,94
15121,The Sound of Music,1965,1965-03-02,3,1960s,Drama,Drama|Family|Music|Romance,Robert Wise,Julie Andrews,174.0,> 150 min,5.0,8200000.0,163214286.0,56748622.2887826,1129534861.99357,155014286.0,19.904181219512196,Profitable,True,7.2,620,6.464184468029873,1.313676,21,18
2619,Splash,1984,1984-03-09,3,1980s,Comedy,Comedy|Fantasy|Romance,Ron Howard,Tom Hanks,111.0,105-120 min,3.0,8000000.0,69821334.0,16792336.3135532,146557915.298616,61821334.0,8.72766675,Profitable,True,6.1,147,6.124606327584953,0.524253,13,19
773,Little Miss Sunshine,2006,2006-07-26,7,2000s,Comedy,Comedy|Drama,"Jonathan Dayton, Valerie Faris",Greg Kinnear,102.0,90-105 min,2.0,8000000.0,100523181.0,8653353.26633258,108732824.581061,92523181.0,12.565397625,Profitable,True,7.3,952,6.611398707054235,0.778589,27,62
235,Stand by Me,1986,1986-08-07,8,1980s,Crime,Crime|Drama,Rob Reiner,Wil Wheaton,89.0,< 90 min,1.0,8000000.0,52287000.0,15915251.2868972,104020093.004749,44287000.0,6.535875,Profitable,True,7.5,792,6.633869138594554,1.349043,16,14
170,28 Days Later,2002,2002-10-31,10,2000s,Horror,Horror|Thriller|Science Fiction,Danny Boyle,Cillian Murphy,113.0,105-120 min,3.0,5000000.0,82719885.0,6061306.96810273,100278123.070231,77719885.0,16.543977,Profitable,True,6.9,1015,6.458337156868758,1.839408,22,36
14114,You Got Served,2004,2004-01-30,1,2000s,Drama,Drama,Chris Stokes,Marques Houston,95.0,90-105 min,2.0,,,,,,,Unknown,False,5.1,37,6.099954394606982,0.077303,6,1
10734,Escape from Alcatraz,1979,1979-06-22,6,1970s,Crime,Crime|Drama,Don Siegel,Clint Eastwood,111.0,105-120 min,3.0,8000000.0,43000000.0,24036432.0200127,129195822.107568,35000000.0,5.375,Profitable,True,7.1,273,6.290484025774552,0.567776,45,38
37964,Brown Sugar,2002,2002-10-05,10,2000s,Comedy,Comedy|Romance,Rick Famuyiwa,Sanaa Lathan,109.0,105-120 min,3.0,8000000.0,27362712.0,9698091.14896437,33170759.3823576,19362712.0,3.420339,Profitable,True,7.2,23,6.145193928064608,0.373221,22,2
28121,A Thin Line Between Love and Hate,1996,1996-04-04,4,1990s,Comedy,Comedy|Thriller|Crime|Romance,Martin Lawrence,Lynn Whitfield,108.0,105-120 min,3.0,,,,,,,Unknown,False,6.3,10,6.128543771232148,0.028143,5,13
40807,50/50,2011,2011-09-30,9,2010s,Comedy,Comedy|Drama,Jonathan Levine,Joseph Gordon-Levitt,100.0,90-105 min,2.0,8000000.0,39187783.0,7755184.34073177,37988560.1336993,31187783.0,4.898472875,Profitable,True,6.8,773,6.371748652314312,1.531633,38,46
10885,Shutter,2008,2008-03-21,3,2000s,Horror,Horror|Mystery|Thriller,Masayuki Ochiai,Joshua Jackson,85.0,< 90 min,1.0,,,,,,,Unknown,False,5.4,89,6.082424335345973,0.503798,15,13
225565,That Awkward Moment,2014,2014-01-29,1,2010s,Comedy,Comedy|Romance,Tom Gormican,Zac Efron,94.0,90-105 min,2.0,8000000.0,26049082.0,7368728.40617167,23993576.3110119,18049082.0,3.25613525,Profitable,True,6.0,713,6.083376013902459,0.988081,20,40
11971,Much Ado About Nothing,1993,1993-05-07,5,1990s,Drama,Drama|Comedy|Romance,Kenneth Branagh,Kenneth Branagh,111.0,105-120 min,3.0,8000000.0,,12075759.6935896,,,,Unknown,False,6.9,95,6.177935655467374,0.613093999999999,12,10
668,On Her Majesty's Secret Service,1969,1969-12-12,12,1960s,Adventure,Adventure|Action|Thriller,Peter R. Hunt,George Lazenby,142.0,120-150 min,4.0,7000000.0,81974493.0,41609849.4080107,487278044.146861,74974493.0,11.710641857142857,Profitable,True,6.4,258,6.1709239863146035,1.778746,23,13
11596,New Nightmare,1994,1994-10-14,10,1990s,Horror,Horror|Thriller|Mystery|Fantasy,Wes Craven,Heather Langenkamp,112.0,105-120 min,3.0,14000000.0,18090181.0,20595561.8623742,26612674.4205034,4090181.0,1.2921557857142858,Profitable,True,6.4,159,6.155935865665041,0.848472999999999,42,37
14429,Drive Me Crazy,1999,1999-10-01,10,1990s,Drama,Drama|Comedy|Romance|Family,John Schultz,Melissa Joan Hart,91.0,90-105 min,2.0,8000000.0,17843379.0,10472422.7727545,23357926.0728113,9843379.0,2.230422375,Profitable,True,5.9,34,6.121710653654473,0.257547,12,3
13751,Akeelah and the Bee,2006,2006-04-28,4,2000s,Drama,Drama,Doug Atchison,Keke Palmer,112.0,105-120 min,3.0,8000000.0,18948425.0,8653353.26633258,20495926.9207009,10948425.0,2.368553125,Profitable,True,6.6,46,6.142808769614865,0.133041,29,30
9490,Half Baked,1998,1998-01-16,1,1990s,Comedy,Comedy|Crime,Tamra Davis,Dave Chappelle,82.0,< 90 min,1.0,8000000.0,17460020.0,10701563.7526263,23356189.6440164,9460020.0,2.1825025,Profitable,True,6.3,86,6.137592221608064,0.262171,12,8
14536,New in Town,2009,2009-01-30,1,2000s,Comedy,Comedy|Romance,Jonas Elmer,Renée Zellweger,97.0,90-105 min,2.0,8000000.0,29010817.0,8131203.47299962,29486606.9931195,21010817.0,3.626352125,Profitable,True,5.3,50,6.097818216891798,0.353203,18,19
1359,American Psycho,2000,2000-04-13,4,2000s,Thriller,Thriller|Drama|Crime,Mary Harron,Christian Bale,102.0,90-105 min,2.0,7000000.0,34266564.0,8864044.80040197,43391479.7788344,27266564.0,4.895223428571429,Profitable,True,7.1,1069,6.55641391537195,0.981767,19,59
9962,The Good Girl,2002,2002-01-12,1,2000s,Drama,Drama|Comedy|Romance,Miguel Arteta,Jennifer Aniston,93.0,90-105 min,2.0,8000000.0,16856124.0,9698091.14896437,20434028.3712807,8856124.0,2.1070155,Profitable,True,5.8,98,6.105190109729201,1.182695,20,19
22821,The Boondock Saints II: All Saints Day,2009,2009-11-24,11,2000s,Action,Action|Thriller|Crime,Troy Duffy,Sean Patrick Flanery,118.0,105-120 min,3.0,8000000.0,10629321.0,8131203.47299962,10803646.4788534,2629321.0,1.328665125,Profitable,True,5.9,151,6.104475821100109,0.652939,66,18
209263,Enough Said,2013,2013-09-18,9,2010s,Comedy,Comedy|Drama|Romance,Nicole Holofcener,Julia Louis-Dreyfus,93.0,90-105 min,2.0,,25288872.0,,23671227.6451834,,,Unknown,False,6.5,251,6.185562618115863,0.425018,20,20
37735,Easy A,2010,2010-09-10,9,2010s,Comedy,Comedy,Will Gluck,Emma Stone,92.0,90-105 min,2.0,8000000.0,74952305.0,8000000.0,74952305.0,66952305.0,9.369038125,Profitable,True,6.6,1303,6.3590932062541015,2.332359,55,45
10873,Shadow of the Vampire,2000,2000-05-15,5,2000s,Drama,Drama|Horror,E. Elias Merhige,John Malkovich,92.0,90-105 min,2.0,8000000.0,8279017.0,10130336.9147451,10483653.9416127,279017.0,1.034877125,Profitable,True,5.9,55,6.118406471036671,0.119214,15,5
51588,Prom,2011,2011-04-29,4,2010s,Comedy,Comedy,Joe Nussbaum,Aimee Teegarden,104.0,90-105 min,2.0,8000000.0,10130000.0,7755184.34073177,9820002.17145161,2130000.0,1.26625,Profitable,True,5.8,78,6.109452243794269,0.506031,22,22
23570,The Pallbearer,1996,1996-05-03,5,1990s,Comedy,Comedy|Romance,Matt Reeves,David Schwimmer,97.0,90-105 min,2.0,8000000.0,,11121733.911682,,,,Unknown,False,4.4,14,6.109602045419029,0.219176,12,19
14629,Woman on Top,2000,2000-09-22,9,2000s,Comedy,Comedy|Drama|Romance,Fina Torres,Penélope Cruz,92.0,90-105 min,2.0,8000000.0,,10130336.9147451,,,,Unknown,False,5.3,21,6.114643704703492,0.322196,7,6
8293,Howards End,1992,1992-03-13,3,1990s,Drama,Drama|Romance,James Ivory,Vanessa Redgrave,140.0,120-150 min,4.0,,25966555.0,,40352656.2781181,,,Unknown,False,6.2,44,6.129566238708085,0.596775,13,10
291270,Anomalisa,2015,2015-12-30,12,2010s,Animation,Animation|Comedy|Drama|Romance,"Charlie Kaufman, Duke Johnson",David Thewlis,90.0,< 90 min,1.0,8000000.0,3759286.0,7359996.76160142,3458541.59824169,-4240714.0,0.46991075,Loss-making,True,6.7,259,6.219234119606827,1.125239,3,56
44009,Another Year,2010,2010-11-05,11,2010s,Comedy,Comedy|Drama,Mike Leigh,Jim Broadbent,129.0,120-150 min,4.0,8000000.0,18124262.0,8000000.0,18124262.0,10124262.0,2.26553275,Profitable,True,6.7,46,6.146094249223465,0.514465,14,20
13154,Showdown in Little Tokyo,1991,1991-08-23,8,1990s,Action,Action|Thriller,Mark L. Lester,Dolph Lundgren,79.0,< 90 min,1.0,8000000.0,2275557.0,12808742.7354415,3643378.02410413,-5724443.0,0.284444625,Loss-making,True,5.4,39,6.106917348602234,0.449397,14,65
26618,Clay Pigeons,1998,1998-09-25,9,1990s,Comedy,Comedy|Crime|Drama|Thriller,David Dobkin,Joaquin Phoenix,104.0,90-105 min,2.0,,,,,,,Unknown,False,6.1,15,6.126978714730679,0.117323,8,2
43923,It's Kind of a Funny Story,2010,2010-07-06,7,2010s,Comedy,Comedy|Drama,"Ryan Fleck, Anna Boden",Keir Gilchrist,101.0,90-105 min,2.0,8000000.0,6491240.0,8000000.0,6491240.0,-1508760.0,0.811405,Loss-making,True,6.9,364,6.290988043965877,1.084894,28,28
46138,Made in Dagenham,2010,2010-09-11,9,2010s,Comedy,Comedy|Drama|History,Nigel Cole,Sally Hawkins,113.0,105-120 min,3.0,7200000.0,,7200000.0,,,,Unknown,False,6.7,52,6.148457832542332,0.526537,39,14
26963,The Secret of Kells,2009,2009-02-09,2,2000s,Animation,Animation|Family|Fantasy,"Tomm Moore, Nora Twomey",Evan McGuire,75.0,< 90 min,1.0,,,,,,,Unknown,False,7.1,108,6.199129032444958,0.374157,8,10
198277,Begin Again,2013,2013-09-07,9,2010s,Comedy,Comedy|Music|Romance|Drama,John Carney,Mark Ruffalo,104.0,90-105 min,2.0,8000000.0,63464861.0,7488266.82192339,59405226.623035,55464861.0,7.933107625,Profitable,True,7.2,880,6.549817178433273,1.366699,47,11
7870,Down in the Valley,2005,2005-05-13,5,2000s,Drama,Drama|Romance,David Jacobson,Edward Norton,112.0,105-120 min,3.0,8000000.0,852872.0,8932506.31723595,952285.565974207,-7147128.0,0.106609,Loss-making,True,5.8,33,6.119491426961122,0.252383,15,13
30141,The Singing Detective,2003,2003-10-24,10,2000s,Comedy,Comedy|Music|Mystery|Crime,Keith Gordon,Robert Downey Jr.,109.0,105-120 min,3.0,,,,,,,Unknown,False,5.5,18,6.119048581253388,0.494247,13,10
10288,Fido,2006,2006-09-07,9,2000s,Romance,Romance|Comedy|Drama|Horror,Andrew Currie,Billy Connolly,91.0,90-105 min,2.0,8000000.0,426224.0,8653353.26633258,461033.355323667,-7573776.0,0.053278,Loss-making,True,6.7,61,6.151965626696186,0.307279,15,36
44147,Wild Target,2010,2010-06-17,6,2010s,Action,Action|Comedy,Jonathan Lynn,Bill Nighy,98.0,90-105 min,2.0,8000000.0,3453043.0,8000000.0,3453043.0,-4546957.0,0.431630375,Loss-making,True,6.1,101,6.125384206128632,1.111487,14,11
12192,Pathology,2008,2008-04-11,4,2000s,Crime,Crime|Horror|Thriller,Marc Schölermann,Milo Ventimiglia,95.0,90-105 min,2.0,8000000.0,,8102293.07047334,,,,Unknown,False,5.9,59,6.117788237448003,0.477295,7,23
36597,Wuthering Heights,2009,2009-01-18,1,2000s,Drama,Drama,Coky Giedroyc,Tom Hardy,142.0,120-150 min,4.0,,,,,,,Unknown,False,7.4,21,6.146714099583865,0.103661,20,3
13197,10th & Wolf,2006,2006-02-19,2,2000s,Action,Action|Crime|Drama|Mystery|Thriller,Robert Moresco,James Marsden,107.0,105-120 min,3.0,8000000.0,143451.0,8653353.26633258,155166.522426084,-7856549.0,0.017931375,Loss-making,True,6.0,12,6.126159547864558,0.384988,13,3
10913,Dear Wendy,2005,2005-01-22,1,2000s,Comedy,Comedy|Crime|Drama|Romance,Thomas Vinterberg,Jamie Bell,105.0,90-105 min,2.0,,,,,,,Unknown,False,5.5,15,6.120405053201208,0.430394,8,17
251321,Aloft,2014,2014-02-12,2,2010s,Drama,Drama,Claudia Llosa,Jennifer Connelly,112.0,105-120 min,3.0,8000000.0,53086.0,7368728.40617167,48897.0395212537,-7946914.0,0.00663575,Loss-making,True,5.1,20,6.11232556461522,0.19104,11,2
10425,The Death and Life of Bobby Z,2007,2007-07-23,7,2000s,Drama,Drama|Action|Thriller|Crime,John Herzfeld,Paul Walker,97.0,90-105 min,2.0,22000000.0,413454.0,23136708.817894,434816.582163343,-21586546.0,0.018793363636363636,Loss-making,True,5.6,61,6.104548483031428,0.470193,23,29
49081,The Rocket: The Legend of Rocket Richard,2005,2005-10-25,10,2000s,Drama,Drama,Charles Binamé,Roy Dupuis,124.0,120-150 min,4.0,8000000.0,2019009.0,8932506.31723595,2254351.33088203,-5980991.0,0.252376125,Loss-making,True,5.5,10,6.122679098554192,0.141936999999999,8,1
256687,Swelter,2014,2014-04-20,4,2010s,Action,Action|Drama|Thriller,Keith Parmer,Jean-Claude Van Damme,96.0,90-105 min,2.0,,,,,,,Unknown,False,4.4,11,6.113359137306991,0.43435,8,4
1544,Imagine Me & You,2005,2005-02-01,2,2000s,Drama,Drama|Comedy|Romance,Ol Parker,Piper Perabo,93.0,90-105 min,2.0,,2455831.0,,2742090.74019548,,,Unknown,False,6.7,97,6.165561683094047,0.548181,15,20
302,Swimming Pool,2003,2003-05-18,5,2000s,Thriller,Thriller|Crime,François Ozon,Charlotte Rampling,102.0,90-105 min,2.0,7800000.0,22441323.0,9245750.62930371,26600881.5704689,14641323.0,2.8770926923076923,Profitable,True,6.2,68,6.130754910581375,0.366218,10,14
182873,Green Street Hooligans: Underground,2013,2013-01-01,1,2010s,Action,Action|Drama,James Nunn,Scott Adkins,90.0,< 90 min,1.0,,,,,,,Unknown,False,5.2,22,6.112452989127079,0.574723,24,15
21512,The Blood of Heroes,1989,1989-10-19,10,1980s,Action,Action|Adventure|Science Fiction,David Webb Peoples,Rutger Hauer,100.0,90-105 min,2.0,,882290.0,,1551934.82186847,,,Unknown,False,6.1,12,6.12703796086507,0.290697,13,17
403,Driving Miss Daisy,1989,1989-12-13,12,1980s,Comedy,Comedy|Drama,Bruce Beresford,Morgan Freeman,99.0,90-105 min,2.0,7500000.0,145793296.0,13192387.0428244,256448211.877475,138293296.0,19.439106133333333,Profitable,True,6.9,181,6.218387439474804,0.409695,16,40
29461,Soul Food,1997,1997-09-26,9,1990s,Comedy,Comedy|Drama,"George Tillman, Jr.",Vivica A. Fox,114.0,105-120 min,3.0,,,,,,,Unknown,False,6.7,11,6.13189257808056,0.076214,14,2
9388,Thank You for Smoking,2005,2005-09-05,9,2000s,Comedy,Comedy|Drama,Jason Reitman,Aaron Eckhart,92.0,90-105 min,2.0,6500000.0,24793509.0,7257661.38275421,27683521.9711183,18293509.0,3.814386,Profitable,True,7.1,341,6.322958266968186,0.852969,45,112
1691,Hostel: Part II,2007,2007-06-08,6,2000s,Horror,Horror,Eli Roth,Lauren German,93.0,90-105 min,2.0,10200000.0,35619521.0,10727019.5428417,37459931.1640845,25419521.0,3.4921099019607844,Profitable,True,5.6,203,6.058536098091177,0.874887,20,20
24684,An Education,2009,2009-10-29,10,2000s,Drama,Drama|Romance,Lone Scherfig,Carey Mulligan,100.0,90-105 min,2.0,7500000.0,26096852.0,7623003.25593715,26524851.7020946,18596852.0,3.479580266666667,Profitable,True,6.8,234,6.226400452325278,0.60652,29,7
2610,Shopgirl,2005,2005-10-21,10,2000s,Comedy,Comedy|Drama|Romance,Anand Tucker,Steve Martin,104.0,90-105 min,2.0,10284523.0,11588205.0,11483320.8334073,12938964.2959906,1303682.0,1.1267615425625477,Profitable,True,5.8,31,6.119952753113691,0.270403,11,12
11022,Narc,2002,2002-01-14,1,2000s,Action,Action|Crime|Drama|Thriller,Joe Carnahan,Jason Patric,105.0,90-105 min,2.0,6500000.0,12633747.0,7879699.05853355,15315403.7448694,6133747.0,1.9436533846153845,Profitable,True,6.2,61,6.130412379575842,0.400097,12,11
15365,Witless Protection,2008,2008-02-22,2,2000s,Action,Action|Adventure|Comedy|Crime,Charles Robert Carner,Larry the Cable Guy,97.0,90-105 min,2.0,,,,,,,Unknown,False,4.4,12,6.112104939856359,0.133564,8,2
12569,Extract,2009,2009-09-03,9,2000s,Comedy,Comedy,Mike Judge,Jason Bateman,92.0,90-105 min,2.0,8000000.0,10848783.0,8131203.47299962,11026707.7509274,2848783.0,1.356097875,Profitable,True,5.8,94,6.106033118111852,0.478888,25,8
2577,Code 46,2003,2003-09-02,9,2000s,Drama,Drama|Romance|Science Fiction|Thriller,Michael Winterbottom,Tim Robbins,92.0,90-105 min,2.0,7500000.0,,8890144.83586896,,,,Unknown,False,5.9,52,6.118872454546457,0.49676,20,16
73873,Albert Nobbs,2011,2011-12-21,12,2010s,Drama,Drama,Rodrigo García,Glenn Close,113.0,105-120 min,3.0,8000000.0,5634828.0,7755184.34073177,5462391.23353962,-2365172.0,0.7043535,Loss-making,True,6.1,68,6.125973249657389,0.283696,16,8
45650,The Hole,2009,2009-09-09,9,2000s,Thriller,Thriller|Adventure|Fantasy,Joe Dante,Chris Massoglia,92.0,90-105 min,2.0,,,,,,,Unknown,False,5.7,131,6.089587609142666,0.582583,13,21
25941,Harry Brown,2009,2009-11-11,11,2000s,Thriller,Thriller|Crime|Drama|Action,Daniel Barber,Michael Caine,103.0,90-105 min,2.0,7300000.0,10329747.0,7419723.16911216,10499159.3352009,3029747.0,1.4150338356164383,Profitable,True,6.6,172,6.180556030625629,0.429492,34,58
7326,Juno,2007,2007-12-05,12,2000s,Comedy,Comedy|Drama|Romance,Jason Reitman,Ellen Page,96.0,90-105 min,2.0,7500000.0,231411584.0,7887514.36973659,243368292.5498,223911584.0,30.854877866666666,Profitable,True,6.9,1329,6.510024433803352,2.148164,30,72
326284,Pound of Flesh,2015,2015-05-07,5,2010s,Action,Action,Ernie Barbarash,Jean-Claude Van Damme,104.0,90-105 min,2.0,7500000.0,,6899996.96400133,,,,Unknown,False,5.4,42,6.105398294060434,0.24828,8,13
681,Diamonds Are Forever,1971,1971-12-13,12,1970s,Adventure,Adventure|Action|Thriller|Science Fiction,Guy Hamilton,Sean Connery,120.0,105-120 min,3.0,7200000.0,116000000.0,38773403.3839487,624682610.07473,108800000.0,16.11111111111111,Profitable,True,6.2,331,6.141562256446368,1.75511699999999,23,19
238,The Godfather,1972,1972-03-15,3,1970s,Drama,Drama|Crime,Francis Ford Coppola,Marlon Brando,175.0,> 150 min,5.0,6000000.0,245066411.0,31287365.5881737,1277913732.38977,239066411.0,40.844401833333336,Profitable,True,8.3,3970,7.747402670561744,5.738034,58,42
535,Flashdance,1983,1983-04-14,4,1980s,Drama,Drama|Music|Romance,Adrian Lyne,Jennifer Beals,95.0,90-105 min,2.0,4000000.0,92921203.0,8757247.99103257,203433504.57402,88921203.0,23.23030075,Profitable,True,6.1,149,6.124573586812436,0.343668,26,20
19913,(500) Days of Summer,2009,2009-07-17,7,2000s,Comedy,Comedy|Drama|Romance,Marc Webb,Joseph Gordon-Levitt,95.0,90-105 min,2.0,7500000.0,60722734.0,7623003.25593715,61718613.198854,53222734.0,8.096364533333333,Profitable,True,7.3,1778,6.7929972090092186,3.244139,23,35
713,The Piano,1993,1993-05-19,5,1990s,Romance,Romance|Drama,Jane Campion,Holly Hunter,121.0,120-150 min,4.0,7000000.0,116700000.0,10566289.7318909,176155144.530239,109700000.0,16.67142857142857,Profitable,True,6.8,131,6.186618112139097,0.634017,15,7
77930,Magic Mike,2012,2012-06-28,6,2010s,Drama,Drama|Comedy,Steven Soderbergh,Channing Tatum,110.0,105-120 min,3.0,7000000.0,167221571.0,6648209.96946572,158817730.775988,160221571.0,23.888795857142856,Profitable,True,6.1,664,6.118302640274402,1.974672,84,25
10727,Darkness Falls,2003,2003-01-24,1,2000s,Thriller,Thriller|Horror,Jonathan Liebesman,Chaney Kley,86.0,< 90 min,1.0,,,,,,,Unknown,False,5.4,57,6.097899906695326,0.573472,10,118
253,Live and Let Die,1973,1973-07-05,7,1970s,Adventure,Adventure|Action|Thriller,Guy Hamilton,Roger Moore,121.0,120-150 min,4.0,7000000.0,161777836.0,34378117.0515951,794516768.908823,154777836.0,23.111119428571428,Profitable,True,6.1,293,6.1224252069320455,1.549139,15,16
17908,My Dog Skip,2000,2000-01-14,1,2000s,Comedy,Comedy|Drama|Family,Jay Russell,Frankie Muniz,95.0,90-105 min,2.0,7000000.0,,8864044.80040197,,,,Unknown,False,6.1,30,6.126686336491419,0.378034,6,5
8390,"Definitely, Maybe",2008,2008-02-08,2,2000s,Comedy,Comedy|Romance,Adam Brooks,Ryan Reynolds,112.0,105-120 min,3.0,,55447968.0,,56156960.8622784,,,Unknown,False,6.5,389,6.210456404301401,1.341805,15,28
57119,Jumping the Broom,2011,2011-05-06,5,2010s,Comedy,Comedy,Salim Akil,Paula Patton,112.0,105-120 min,3.0,6600000.0,37710610.0,6398027.08110371,36556591.5189304,31110610.0,5.713728787878788,Profitable,True,6.3,37,6.131871582443946,0.423412,11,5
3291,"Good Night, and Good Luck.",2005,2005-09-16,9,2000s,Drama,Drama|History,George Clooney,David Strathairn,93.0,90-105 min,2.0,7000000.0,54600000.0,7815943.02758145,60964355.6151353,47600000.0,7.8,Profitable,True,6.4,154,6.155126688109391,0.784909,21,19
398,Capote,2005,2005-09-30,9,2000s,Crime,Crime|Drama,Bennett Miller,Philip Seymour Hoffman,114.0,105-120 min,3.0,7000000.0,49084830.0,7815943.02758145,54806319.2569315,42084830.0,7.012118571428571,Profitable,True,6.7,202,6.201623647797553,0.561685,17,22
8068,Desperado,1995,1995-08-25,8,1990s,Thriller,Thriller|Action|Crime,Robert Rodriguez,Antonio Banderas,104.0,90-105 min,2.0,7000000.0,25405445.0,10016768.0697487,36354350.0391083,18405445.0,3.6293492857142855,Profitable,True,6.7,536,6.289691846112784,1.077787,16,20
10803,Logan's Run,1976,1976-06-23,6,1970s,Adventure,Adventure|Action|Romance|Science Fiction,Michael Anderson,Michael York,120.0,105-120 min,3.0,9000000.0,25000000.0,34485282.2562877,95792450.7119103,16000000.0,2.7777777777777777,Profitable,True,5.9,101,6.111501998720206,0.924068,19,26
682,The Man with the Golden Gun,1974,1974-12-01,12,1970s,Adventure,Adventure|Action|Thriller,Guy Hamilton,Roger Moore,125.0,120-150 min,4.0,7000000.0,97572000.0,30955987.2195995,431491083.570109,90572000.0,13.938857142857144,Profitable,True,6.1,283,6.122562188221718,1.619555,16,23
10117,Action Jackson,1988,1988-02-12,2,1980s,Action,Action|Adventure|Comedy|Crime|Drama,Craig R. Baxley,Carl Weathers,96.0,90-105 min,2.0,7000000.0,20256975.0,12907237.1616321,37351654.3574648,13256975.0,2.8938535714285716,Profitable,True,5.4,22,6.115650431173442,0.499298,19,7
9392,The Descent,2005,2005-07-08,7,2000s,Adventure,Adventure|Horror,Neil Marshall,Shauna Macdonald,99.0,90-105 min,2.0,,,,,,,Unknown,False,6.8,551,6.321844815672549,1.14217099999999,10,37
79316,Devil's Due,2014,2014-01-08,1,2010s,Horror,Horror,"Matt Bettinelli-Olpin, Tyler Gillett",Allison Miller,89.0,< 90 min,1.0,7000000.0,36433975.0,6447637.35540021,33559008.3165311,29433975.0,5.204853571428571,Profitable,True,4.5,164,5.951483142307998,0.283225,16,33
2074,Flirting with Disaster,1996,1996-03-22,3,1990s,Comedy,Comedy|Romance,David O. Russell,Ben Stiller,92.0,90-105 min,2.0,7000000.0,14702438.0,9731517.17272177,20439575.4111253,7702438.0,2.100348285714286,Profitable,True,6.2,28,6.128750856188245,0.566517,25,15
1696,The Devil's Rejects,2005,2005-07-22,7,2000s,Drama,Drama|Horror|Crime,Rob Zombie,Sid Haig,107.0,105-120 min,3.0,,,,,,,Unknown,False,6.6,132,6.169266239376739,0.371866,27,44
308639,Dope,2015,2015-06-19,6,2010s,Crime,Crime|Drama|Comedy,Rick Famuyiwa,Shameik Moore,103.0,90-105 min,2.0,700000.0,17986781.0,643999.716640124,16547831.2389542,17286781.0,25.69540142857143,Profitable,True,7.3,448,6.4188150259906624,1.40805,20,3
22314,In Too Deep,1999,1999-08-25,8,1990s,Drama,Drama|Action|Thriller|Crime,Michael Rymer,Omar Epps,97.0,90-105 min,2.0,7000000.0,14011454.0,9163369.92616025,18341733.7436254,7011454.0,2.0016362857142855,Profitable,True,6.5,10,6.130009939401637,0.312759,10,5
2662,House of 1000 Corpses,2003,2003-04-11,4,2000s,Horror,Horror,Rob Zombie,Sid Haig,89.0,< 90 min,1.0,7000000.0,16829545.0,8297468.51347769,19948945.6762365,9829545.0,2.404220714285714,Profitable,True,5.8,140,6.0966110423249935,0.407552,27,88
12573,A Serious Man,2009,2009-10-02,10,2000s,Comedy,Comedy|Drama,"Joel Coen, Ethan Coen",Michael Stuhlbarg,105.0,90-105 min,2.0,7000000.0,31430334.0,7114803.03887467,31945805.1222922,24430334.0,4.490047714285715,Profitable,True,6.4,240,6.1683373429131,0.884343,18,36
44718,Get Low,2010,2010-07-30,7,2010s,Comedy,Comedy|Drama|Mystery,Aaron Schneider,Bill Murray,103.0,90-105 min,2.0,7500000.0,,7500000.0,,,,Unknown,False,5.9,41,6.120598206822287,0.661465,8,12
11342,Warlock,1989,1989-06-01,6,1980s,Action,Action|Adventure|Fantasy|Horror,Steve Miner,Julian Sands,103.0,90-105 min,2.0,7000000.0,,12312894.5733027,,,,Unknown,False,5.7,46,6.113239453137471,0.437909,11,9
241771,Beyond the Lights,2014,2014-09-10,9,2010s,Drama,Drama,Gina Prince-Bythewood,Gugu Mbatha-Raw,116.0,105-120 min,3.0,7000000.0,14618727.0,6447637.35540021,13465178.6133711,7618727.0,2.0883895714285714,Profitable,True,6.9,95,6.177935655467374,0.398601,42,79
34653,A Single Man,2009,2009-10-19,10,2000s,Drama,Drama|Romance,Tom Ford,Colin Firth,101.0,90-105 min,2.0,7000000.0,,7114803.03887467,,,,Unknown,False,7.3,252,6.311279844553747,0.828531999999999,22,16
11051,The Last Temptation of Christ,1988,1988-08-12,8,1980s,Drama,Drama,Martin Scorsese,Willem Dafoe,164.0,> 150 min,5.0,7000000.0,8373585.0,12907237.1616321,15439978.2125836,1373585.0,1.1962264285714286,Profitable,True,6.7,76,6.157713837030818,0.35363,15,8
14578,Outside Providence,1999,1999-08-16,8,1990s,Romance,Romance|Comedy|Drama,Michael Corrente,Shawn Hatosy,96.0,90-105 min,2.0,7000000.0,7292175.0,9163369.92616025,9545842.44161395,292175.0,1.0417392857142858,Profitable,True,5.6,12,6.122645895862508,0.163336999999999,12,5
57825,Bride & Prejudice,2004,2004-02-11,2,2000s,Drama,Drama|Comedy|Music|Romance,Gurinder Chadha,Aishwarya Rai Bachchan,111.0,105-120 min,3.0,7000000.0,,8081117.79868504,,,,Unknown,False,6.8,64,6.157638077947799,0.626685,15,4
9555,Rabbit-Proof Fence,2002,2002-02-04,2,2000s,Adventure,Adventure|Drama|Action|History,Phillip Noyce,Everlyn Sampi,94.0,90-105 min,2.0,,,,,,,Unknown,False,6.7,38,6.142911111513378,0.346915,11,21
13006,Split Second,1992,1992-05-01,5,1990s,Thriller,Thriller|Action|Horror|Science Fiction|Crime,Tony Maylam,Rutger Hauer,90.0,< 90 min,1.0,,,,,,,Unknown,False,5.6,31,6.115476542009799,0.230129,22,18
12400,Redbelt,2008,2008-04-07,4,2000s,Drama,Drama,David Mamet,Chiwetel Ejiofor,99.0,90-105 min,2.0,7000000.0,,7089506.43666417,,,,Unknown,False,6.4,30,6.13318875683677,0.267935,22,2
39053,Cyrus,2010,2010-06-18,6,2010s,Comedy,Comedy|Drama|Romance,"Jay Duplass, Mark Duplass",John C. Reilly,91.0,90-105 min,2.0,7000000.0,,7000000.0,,,,Unknown,False,6.1,75,6.125846027806153,0.348945,11,18
14112,Auto Focus,2002,2002-10-18,10,2000s,Drama,Drama|Crime,Paul Schrader,Greg Kinnear,104.0,90-105 min,2.0,7000000.0,2062066.0,8485829.75534383,2499763.00289754,-4937934.0,0.29458085714285714,Loss-making,True,5.9,18,6.124296012198654,0.22758,15,6
12271,Factory Girl,2006,2006-12-29,12,2000s,Drama,Drama,George Hickenlooper,Sienna Miller,90.0,< 90 min,1.0,7000000.0,,7571684.10804101,,,,Unknown,False,6.2,53,6.130016742475854,0.118678,33,12
71859,We Need to Talk About Kevin,2011,2011-09-28,9,2010s,Drama,Drama|Thriller,Lynne Ramsay,John C. Reilly,112.0,105-120 min,3.0,7000000.0,6038942.0,6785786.2981403,5854138.55412343,-961058.0,0.862706,Loss-making,True,7.3,345,6.3653973034770015,1.079441,10,37
33676,Losin' It,1983,1983-04-08,4,1980s,Comedy,Comedy,Curtis Hanson,Tom Cruise,100.0,90-105 min,2.0,,,,,,,Unknown,False,4.5,13,6.111803495236466,0.258294,15,20
37080,Mother and Child,2009,2009-11-07,11,2000s,Drama,Drama|Romance,Rodrigo García,Naomi Watts,125.0,120-150 min,4.0,7000000.0,,7114803.03887467,,,,Unknown,False,6.7,22,6.136433804474801,0.430617,21,2
25388,March or Die,1977,1977-09-08,9,1970s,Action,Action|Adventure|Drama|War,Dick Richards,Gene Hackman,107.0,105-120 min,3.0,,,,,,,Unknown,False,6.1,10,6.127077603062659,0.622492,17,18
39210,Somewhere,2010,2010-09-03,9,2010s,Drama,Drama,Sofia Coppola,Stephen Dorff,98.0,90-105 min,2.0,8000000.0,,8000000.0,,,,Unknown,False,6.2,120,6.133197583839477,0.49843,21,27
30128,I Hope They Serve Beer in Hell,2009,2009-09-25,9,2000s,Comedy,Comedy|Drama,Bob Gosse,Matt Czuchry,106.0,105-120 min,3.0,7000000.0,1429299.0,7114803.03887467,1452740.12409436,-5570701.0,0.20418557142857144,Loss-making,True,5.6,11,6.1230287585801575,0.190162,9,4
44835,Hesher,2010,2010-01-22,1,2010s,Drama,Drama,Spencer Susser,Joseph Gordon-Levitt,106.0,105-120 min,3.0,7000000.0,382946.0,7000000.0,382946.0,-6617054.0,0.05470657142857143,Loss-making,True,6.2,104,6.132464548616538,0.564203,11,29
192134,Dom Hemingway,2013,2013-11-15,11,2010s,Comedy,Comedy|Crime|Drama,Richard Shepard,Jude Law,93.0,90-105 min,2.0,,523511.0,,490023.756526492,,,Unknown,False,5.9,135,6.106672861686772,0.703657,12,9
1956,Gerry,2002,2002-01-12,1,2000s,Mystery,Mystery|Drama|Adventure,Gus Van Sant,Casey Affleck,103.0,90-105 min,2.0,3500000.0,,4242914.87767191,,,,Unknown,False,5.9,31,6.122190858665636,0.269624,2,16
306745,Freeheld,2015,2015-10-02,10,2010s,Romance,Romance|Drama,Peter Sollett,Julianne Moore,103.0,90-105 min,2.0,7000000.0,573335.0,6439997.16640124,527467.967914094,-6426665.0,0.081905,Loss-making,True,7.1,86,6.185366681715001,0.706023,29,4
47088,The Extra Man,2010,2010-08-01,8,2010s,Comedy,Comedy,"Shari Springer Berman, Robert Pulcini",Kevin Kline,108.0,105-120 min,3.0,7000000.0,453079.0,7000000.0,453079.0,-6546921.0,0.06472557142857142,Loss-making,True,5.9,18,6.124296012198654,0.214381,16,19
27004,Ca$h,2010,2010-01-01,1,2010s,Crime,Crime|Thriller|Comedy,Stephen Milburn Anderson,Sean Bean,108.0,105-120 min,3.0,7000000.0,46488.0,7000000.0,46488.0,-6953512.0,0.006641142857142857,Loss-making,True,5.8,33,6.119491426961122,0.655955,12,11
8374,The Boondock Saints,1999,1999-01-22,1,1990s,Action,Action|Thriller|Crime,Troy Duffy,Willem Dafoe,108.0,105-120 min,3.0,6000000.0,30471.0,7854317.07956593,39888.1492885755,-5969529.0,0.0050785,Loss-making,True,7.1,521,6.397550295097741,0.992316,15,16
78381,Twixt,2011,2011-09-10,9,2010s,Horror,Horror|Thriller,Francis Ford Coppola,Val Kilmer,84.0,< 90 min,1.0,7000000.0,,6785786.2981403,,,,Unknown,False,4.7,35,6.0913156420256085,0.362217,11,24
8879,Pale Rider,1985,1985-06-28,6,1980s,Romance,Romance|Western,Clint Eastwood,Clint Eastwood,115.0,105-120 min,3.0,,41410568.0,,83946097.6546702,,,Unknown,False,6.8,120,6.182040945890899,0.619817,13,9
13001,Stargate: The Ark of Truth,2008,2008-03-11,3,2000s,Adventure,Adventure|Science Fiction,Robert C. Cooper,Ben Browder,97.0,90-105 min,2.0,7000000.0,8900000.0,7089506.43666417,9013801.04090159,1900000.0,1.2714285714285714,Profitable,True,6.8,106,6.176115716963066,0.938555,10,21
9571,Dazed and Confused,1993,1993-09-24,9,1990s,Comedy,Comedy|Drama,Richard Linklater,Jason London,102.0,90-105 min,2.0,6900000.0,7993039.0,10415342.735721,12065252.2731862,1093039.0,1.1584114492753623,Profitable,True,7.3,320,6.351440510326607,1.242232,17,8
13649,High School Musical 2,2007,2007-08-17,8,2000s,Comedy,Comedy|Drama|Family|Music,Kenny Ortega,Zac Efron,104.0,90-105 min,2.0,,7000000.0,,7361680.07842082,,,Unknown,False,6.0,448,6.095636512034723,0.996329,17,4
334527,Criminal Activities,2015,2015-11-20,11,2010s,Thriller,Thriller|Crime|Drama,Jackie Earle Haley,Dan Stevens,94.0,90-105 min,2.0,7000000.0,,6439997.16640124,,,,Unknown,False,5.9,67,6.116562211201022,0.560743999999999,24,35
13919,The Chumscrubber,2005,2005-06-08,6,2000s,Comedy,Comedy|Drama,Arie Posin,Jamie Bell,108.0,105-120 min,3.0,,,,,,,Unknown,False,7.0,24,6.1424762777285915,0.164823,28,37
14576,Shade,2003,2003-05-18,5,2000s,Action,Action|Thriller|Crime,Damian Nieman,Stuart Townsend,101.0,90-105 min,2.0,6800000.0,,8060397.98452119,,,,Unknown,False,6.3,38,6.131992355676871,0.248133,19,2
82505,House at the End of the Street,2012,2012-09-21,9,2010s,Horror,Horror|Thriller,Mark Tonderai,Jennifer Lawrence,101.0,90-105 min,2.0,6900000.0,,6553235.54133049,,,,Unknown,False,5.6,350,6.018981608085073,0.69948,24,29
41009,Perrier’s Bounty,2009,2009-09-11,9,2000s,Action,Action|Comedy|Crime|Drama,Ian Fitzgibbon,Cillian Murphy,88.0,< 90 min,1.0,,,,,,,Unknown,False,4.8,11,6.116582344398046,0.20979,17,2
250546,Annabelle,2014,2014-10-02,10,2010s,Horror,Horror,John R. Leonetti,Annabelle Wallis,99.0,90-105 min,2.0,6500000.0,255273813.0,5987091.83001448,235130424.650607,248773813.0,39.272894307692304,Profitable,True,5.6,827,5.927351592470668,1.018115,23,46
650,Boyz n the Hood,1991,1991-07-12,7,1990s,Crime,Crime|Drama,John Singleton,Laurence Fishburne,112.0,105-120 min,3.0,6500000.0,57504069.0,10407103.4725462,92069353.2577596,51004069.0,8.846779846153845,Profitable,True,7.3,168,6.256715431533915,0.649755,13,14
16620,La Bamba,1987,1987-07-24,7,1980s,Drama,Drama|Music,Luis Valdez,Lou Diamond Phillips,108.0,105-120 min,3.0,6500000.0,54215416.0,12474022.8474202,104043744.287137,47715416.0,8.340833230769231,Profitable,True,6.9,43,6.151060452607381,0.322457,47,22
11033,Dressed to Kill,1980,1980-06-25,6,1980s,Horror,Horror|Mystery|Thriller,Brian De Palma,Michael Caine,105.0,90-105 min,2.0,6500000.0,31899000.0,17199238.8939883,84405926.3814362,25399000.0,4.907538461538461,Profitable,True,6.7,60,6.1515780767539585,0.590127,14,19
34723,The Adventures of Huck Finn,1993,1993-04-02,4,1990s,Action,Action|Adventure|Drama|Family,Stephen Sommers,Elijah Wood,108.0,105-120 min,3.0,,,,,,,Unknown,False,6.6,15,6.132456766005239,0.09373,7,30
9430,Go,1999,1999-04-09,4,1990s,Crime,Crime|Comedy|Thriller,Doug Liman,Sarah Polley,98.0,90-105 min,2.0,6500000.0,28451622.0,8508843.50286309,37244676.7693256,21951622.0,4.377172615384615,Profitable,True,6.9,82,6.171399316438809,0.614402,17,8
8998,Friends with Money,2006,2006-09-07,9,2000s,Drama,Drama|Comedy|Romance,Nicole Holofcener,Catherine Keener,88.0,< 90 min,1.0,6500000.0,13368437.0,7030849.52889522,14460225.9974639,6868437.0,2.056682615384615,Profitable,True,5.0,67,6.074130292264987,0.641047,13,7
10514,The Andromeda Strain,1971,1971-03-12,3,1970s,Science Fiction,Science Fiction|Thriller,Robert Wise,Arthur Hill,131.0,120-150 min,4.0,6500000.0,,35003766.9438426,,,,Unknown,False,6.7,70,6.155429083868952,0.357413,22,17
10496,Bats,1999,1999-10-22,10,1990s,Horror,Horror|Thriller,Louis Morneau,Lou Diamond Phillips,91.0,90-105 min,2.0,,,,,,,Unknown,False,4.2,10,6.113149005452513,0.193797,12,48
76025,Shame,2011,2011-10-02,10,2010s,Drama,Drama,Steve McQueen,Michael Fassbender,100.0,90-105 min,2.0,6500000.0,17693675.0,6301087.27684457,17152213.9112496,11193675.0,2.7221038461538463,Profitable,True,6.9,458,6.322579635968088,1.885979,13,18
4836,Layer Cake,2004,2004-09-30,9,2000s,Drama,Drama|Thriller|Crime,Matthew Vaughn,Daniel Craig,105.0,90-105 min,2.0,6500000.0,11850214.0,7503895.09877896,13680425.0390895,5350214.0,1.8231098461538462,Profitable,True,7.0,308,6.288999794439428,1.035728,18,18
87499,The East,2013,2013-05-31,5,2010s,Drama,Drama|Thriller,Zal Batmanglij,Brit Marling,116.0,105-120 min,3.0,6500000.0,2401510.0,6084216.79281276,2247893.45693965,-4098490.0,0.36946307692307695,Loss-making,True,6.3,179,6.147444105627665,0.33771,15,34
18923,A Home at the End of the World,2004,2004-07-23,7,2000s,Romance,Romance|Drama,Michael Mayer,Colin Farrell,96.0,90-105 min,2.0,6500000.0,1548955.0,7503895.09877896,1788183.97426602,-4951045.0,0.23830076923076923,Loss-making,True,6.4,20,6.131247040490338,0.369726,9,3
28089,The Messenger,2009,2009-11-13,11,2000s,Drama,Drama|History,Oren Moverman,Ben Foster,113.0,105-120 min,3.0,6500000.0,1521261.0,6606602.82181219,1546210.34081736,-4978739.0,0.23404015384615384,Loss-making,True,6.9,61,6.160586925544324,0.471747,14,10
5708,Control,2007,2007-09-26,9,2000s,Drama,Drama,Anton Corbijn,Sam Riley,121.0,120-150 min,4.0,,8159508.0,,8581098.21333076,,,Unknown,False,7.0,107,6.191189212468532,0.575389,32,10
218,The Terminator,1984,1984-10-26,10,1980s,Action,Action|Thriller|Science Fiction,James Cameron,Arnold Schwarzenegger,108.0,105-120 min,3.0,6400000.0,78371200.0,13433869.0508425,164504443.462092,71971200.0,12.2455,Profitable,True,7.1,2692,6.774460976826518,4.831966,33,55
21641,The Damned United,2009,2009-03-27,3,2000s,Drama,Drama,Tom Hooper,Michael Sheen,97.0,90-105 min,2.0,10000000.0,,10164004.3412495,,,,Unknown,False,7.1,65,6.171831835908515,0.287231,26,14
10925,The Return of the Living Dead,1985,1985-05-15,5,1980s,Comedy,Comedy|Horror,Dan O'Bannon,Clu Gulager,91.0,90-105 min,2.0,4000000.0,14237000.0,8108664.20906569,28860763.086117,10237000.0,3.55925,Profitable,True,7.1,104,6.196657676659882,0.876636,15,21
2293,Mallrats,1995,1995-10-20,10,1990s,Romance,Romance|Comedy,Kevin Smith,Jason Lee,94.0,90-105 min,2.0,6000000.0,2.0,8585801.20264179,2.86193373421393,-5999998.0,3.3333333333333335e-07,Loss-making,True,6.8,201,6.214228382957864,0.552091,18,10
621,Grease,1978,1978-07-07,7,1970s,Music,Music,Randal Kleiser,John Travolta,110.0,105-120 min,3.0,6000000.0,181813770.0,20056204.1694842,607749015.323942,175813770.0,30.302295,Profitable,True,7.0,786,6.447804569103207,1.697618,23,20
792,Platoon,1986,1986-12-18,12,1980s,Drama,Drama|War|Action,Oliver Stone,Tom Berenger,120.0,105-120 min,3.0,6000000.0,138530565.0,11936438.4651729,275593594.111357,132530565.0,23.0884275,Profitable,True,7.3,650,6.507632632272727,1.522478,31,34
1777,Fahrenheit 9/11,2004,2004-06-25,6,2000s,Documentary,Documentary,Michael Moore,Robert De Niro,122.0,120-150 min,4.0,6000000.0,119114517.0,6926672.39887289,137511206.201495,113114517.0,19.8524195,Profitable,True,6.6,198,6.187582345427339,0.80542,17,5
642,Butch Cassidy and the Sundance Kid,1969,1969-09-23,9,1960s,History,History|Drama|Western|Crime,George Roy Hill,Paul Newman,110.0,105-120 min,3.0,6000000.0,102308889.0,35665585.2068663,608151066.341555,96308889.0,17.0514815,Profitable,True,7.0,379,6.318127377726485,1.357317,21,17
433,Mary Poppins,1964,1964-08-27,8,1960s,Comedy,Comedy|Music|Family|Fantasy,Robert Stevenson,Julie Andrews,139.0,120-150 min,4.0,6000000.0,102272727.0,42181604.4616889,719004619.588715,96272727.0,17.0454545,Profitable,True,7.2,613,6.461566040535699,1.987819,20,16
16619,Ordinary People,1980,1980-09-19,9,1980s,Drama,Drama,Robert Redford,Donald Sutherland,124.0,120-150 min,4.0,6000000.0,,15876220.5175277,,,,Unknown,False,6.8,54,6.153076172386743,0.225188,17,24
1725,West Side Story,1961,1961-10-18,10,1960s,Music,Music|Crime|Drama,"Robert Wise, Jerome Robbins",Natalie Wood,152.0,> 150 min,5.0,6000000.0,43656822.0,43769167.2478239,318470457.27108,37656822.0,7.276137,Profitable,True,6.6,192,6.185981862969907,0.900245,36,52
11977,Caddyshack,1980,1980-07-25,7,1980s,Comedy,Comedy,Harold Ramis,Chevy Chase,98.0,90-105 min,2.0,6000000.0,39846344.0,15876220.5175277,105434890.693544,33846344.0,6.641057333333333,Profitable,True,6.5,192,6.173563520042541,0.642289999999999,55,9
16158,The Wood,1999,1999-07-16,7,1990s,Comedy,Comedy|Drama|Romance,Rick Famuyiwa,Omar Epps,106.0,105-120 min,3.0,6000000.0,25059640.0,7854317.07956593,32804393.0766289,19059640.0,4.176606666666666,Profitable,True,7.6,24,6.152925446874518,0.25073,11,3
629,The Usual Suspects,1995,1995-07-19,7,1990s,Drama,Drama|Crime|Thriller,Bryan Singer,Stephen Baldwin,106.0,105-120 min,3.0,6000000.0,23341568.0,8585801.20264179,33401010.4343242,17341568.0,3.890261333333333,Profitable,True,8.0,1942,7.230650331706492,3.440238,18,64
10160,A Nightmare on Elm Street 5: The Dream Child,1989,1989-08-11,8,1980s,Horror,Horror|Thriller,Stephen Hopkins,Robert Englund,89.0,< 90 min,1.0,8000000.0,22168359.0,14071879.512346,38993809.604304,14168359.0,2.771044875,Profitable,True,5.6,128,6.081739800511283,0.918962,43,11
11452,National Lampoon’s Van Wilder,2002,2002-03-29,3,2000s,Comedy,Comedy|Romance,Walt Becker,Ryan Reynolds,92.0,90-105 min,2.0,5000000.0,38275483.0,6061306.96810273,46399890.3630795,33275483.0,7.6550966,Profitable,True,5.9,684,6.051001696844008,1.568528,13,10
12163,The Wrestler,2008,2008-09-07,9,2000s,Drama,Drama|Romance,Darren Aronofsky,Mickey Rourke,109.0,105-120 min,3.0,6000000.0,44703995.0,6076719.802855,45275608.6138718,38703995.0,7.450665833333334,Profitable,True,7.0,539,6.3757575185345585,1.254928,74,44
13785,Best in Show,2000,2000-09-19,9,2000s,Comedy,Comedy,Christopher Guest,Jay Brazeau,90.0,< 90 min,1.0,,,,,,,Unknown,False,6.7,83,6.160355269875286,0.475187,18,31
1103,Escape from New York,1981,1981-05-22,5,1980s,Science Fiction,Science Fiction|Action,John Carpenter,Kurt Russell,99.0,90-105 min,2.0,6000000.0,50000000.0,14389144.8291408,119909540.24284,44000000.0,8.333333333333334,Profitable,True,6.5,336,6.201376580283871,1.003963,14,14
36739,School Daze,1988,1988-02-12,2,1980s,Comedy,Comedy|Drama,Spike Lee,Samuel L. Jackson,121.0,120-150 min,4.0,,,,,,,Unknown,False,6.1,18,6.126919727671287,0.315482,17,5
14144,Daddy Day Camp,2007,2007-08-08,8,2000s,Comedy,Comedy|Family,Fred Savage,Cuba Gooding Jr.,89.0,< 90 min,1.0,6000000.0,18197398.0,6310011.49578927,19137631.7622421,12197398.0,3.0328996666666668,Profitable,True,4.8,51,6.079102240650326,0.680581,6,4
13370,A Mighty Wind,2003,2003-04-16,4,2000s,Comedy,Comedy|Music,Christopher Guest,Bob Balaban,91.0,90-105 min,2.0,6000000.0,18750246.0,7112115.86869516,22225653.686423,12750246.0,3.125041,Profitable,True,6.5,33,6.136144876604263,0.360105,20,11
11191,Mystic Pizza,1988,1988-10-13,10,1980s,Comedy,Comedy|Drama|Romance,Donald Petrie,Annabeth Gish,104.0,90-105 min,2.0,,,,,,,Unknown,False,5.7,60,6.1091482627379765,0.317301,8,12
10215,Sliding Doors,1998,1998-04-23,4,1990s,Comedy,Comedy|Drama|Fantasy|Romance,Peter Howitt,Gwyneth Paltrow,99.0,90-105 min,2.0,6000000.0,58000000.0,8026172.81446979,77586337.2065413,52000000.0,9.666666666666666,Profitable,True,6.4,196,6.161761536892958,0.562005,20,25
25066,Tales from the Hood,1995,1995-05-24,5,1990s,Horror,Horror|Thriller,Rusty Cundieff,Clarence Williams III,98.0,90-105 min,2.0,6.0,11.0,8.58580120264179,15.7406355381766,5.0,1.8333333333333333,Profitable,True,5.1,13,6.117509003246122,0.105894,30,9
1523,The Last King of Scotland,2006,2006-09-01,9,2000s,Drama,Drama,Kevin Macdonald,Forest Whitaker,121.0,120-150 min,4.0,6000000.0,48027970.0,6490014.94974943,51950373.8843529,42027970.0,8.004661666666667,Profitable,True,7.3,274,6.324640107080507,0.850959,16,38
11361,Halloween 5: The Revenge of Michael Myers,1989,1989-10-12,10,1980s,Horror,Horror|Thriller,Dominique Othenin-Girard,Donald Pleasence,96.0,90-105 min,2.0,5000000.0,11642254.0,8794924.69521628,20478549.4425161,6642254.0,2.3284508,Profitable,True,5.2,83,6.073722467704247,0.26954,19,12
92591,Bernie,2012,2012-04-27,4,2010s,Comedy,Comedy|Crime|Drama,Richard Linklater,Jack Black,100.0,90-105 min,2.0,,,,,,,Unknown,False,6.3,186,6.148137496485795,0.52938,18,23
12509,Pollock,2000,2000-09-06,9,2000s,Drama,Drama|Romance,Ed Harris,Ed Harris,122.0,120-150 min,4.0,,,,,,,Unknown,False,6.3,54,6.133901397867888,0.128892,51,31
15256,200 Cigarettes,1999,1999-02-26,2,1990s,Comedy,Comedy|Drama|Romance,Risa Bramon Garcia,Ben Affleck,101.0,90-105 min,2.0,6000000.0,6852450.0,7854317.07956593,8970219.17864526,852450.0,1.142075,Profitable,True,6.5,25,6.134034195009624,0.246669,11,3
83686,The Words,2012,2012-09-07,9,2010s,Drama,Drama|Thriller,"Brian Klugman, Lee Sternthal",Bradley Cooper,96.0,90-105 min,2.0,6000000.0,13231461.0,5698465.68811347,12566504.4186852,7231461.0,2.2052435,Profitable,True,6.3,234,6.15272750981536,0.580776,15,7
80304,Casa De Mi Padre,2012,2012-03-15,3,2010s,Comedy,Comedy|Western,Matt Piedmont,Will Ferrell,84.0,< 90 min,1.0,,,,,,,Unknown,False,5.4,50,6.101379216820578,0.525783,10,11
28053,City Island,2009,2009-03-06,3,2000s,Drama,Drama|Comedy,Raymond De Felitta,Andy García,104.0,90-105 min,2.0,6000000.0,6670712.0,6098402.60474972,6780114.57272253,670712.0,1.1117853333333334,Profitable,True,6.3,51,6.133546764171784,0.376543,11,24
67913,The Guard,2011,2011-07-07,7,2010s,Action,Action|Comedy|Thriller|Crime,John Michael McDonagh,Brendan Gleeson,96.0,90-105 min,2.0,6000000.0,19560274.0,5816388.25554883,18961691.3281528,13560274.0,3.2600456666666666,Profitable,True,6.6,194,6.1865167355712,0.802769,14,20
13991,College,2008,2008-08-28,8,2000s,Comedy,Comedy,Deb Hagan,Drake Bell,94.0,90-105 min,2.0,7000000.0,6230276.0,7089506.43666417,6309940.25774204,-769724.0,0.8900394285714286,Loss-making,True,4.8,16,6.111777650053115,0.513438,19,1
1443,The Virgin Suicides,1999,1999-04-21,4,1990s,Drama,Drama|Romance,Sofia Coppola,James Woods,97.0,90-105 min,2.0,6000000.0,10409377.0,7854317.07956593,13626424.5931234,4409377.0,1.7348961666666667,Profitable,True,7.0,460,6.348573153816092,0.941202,20,19
8545,Little Voice,1998,1998-11-05,11,1990s,Comedy,Comedy|Drama,Mark Herman,Brenda Blethyn,97.0,90-105 min,2.0,,,,,,,Unknown,False,5.9,18,6.124296012198654,0.640131,15,22
19556,Miss March,2009,2009-03-13,3,2000s,Comedy,Comedy|Romance,"Zach Cregger, Trevor Moore",Zach Cregger,89.0,< 90 min,1.0,,,,,,,Unknown,False,5.3,42,6.102389913571931,0.340416,23,12
231576,Wish I Was Here,2014,2014-01-18,1,2010s,Drama,Drama|Comedy,Zach Braff,Zach Braff,120.0,105-120 min,3.0,5500000.0,5483299.0,5066000.77924302,5050617.63760409,-16701.0,0.9969634545454545,Loss-making,True,6.3,192,6.14872683418781,0.778247,27,11
16172,Simply Irresistible,1999,1999-02-05,2,1990s,Comedy,Comedy,Mark Tarlov,Sarah Michelle Gellar,95.0,90-105 min,2.0,6000000.0,4398989.0,7854317.07956593,5758509.07258711,-1601011.0,0.7331648333333334,Loss-making,True,6.2,28,6.128750856188245,0.231418,15,19
13403,Hedwig and the Angry Inch,2001,2001-07-20,7,2000s,Comedy,Comedy|Music,John Cameron Mitchell,John Cameron Mitchell,95.0,90-105 min,2.0,,,,,,,Unknown,False,7.2,43,6.1602938646752365,0.382563,13,19
15797,Only the Strong,1993,1993-08-27,8,1990s,Action,Action,Sheldon Lettich,Mark Dacascos,99.0,90-105 min,2.0,6000000.0,3283371.0,9056819.77019225,4956149.89761265,-2716629.0,0.5472285,Loss-making,True,6.7,12,6.132308438868145,0.207999,8,6
13537,Shattered Glass,2003,2003-11-14,11,2000s,Drama,Drama|History,Billy Ray,Hayden Christensen,94.0,90-105 min,2.0,6000000.0,2.0,7112115.86869516,2.37070528956505,-5999998.0,3.3333333333333335e-07,Loss-making,True,6.4,46,6.136237810397667,0.462609,18,9
20794,Novocaine,2001,2001-11-23,11,2000s,Comedy,Comedy|Crime|Thriller,David Atkins,Chelcie Ross,95.0,90-105 min,2.0,6000000.0,2025238.0,7388928.70016306,2494056.5304768,-3974762.0,0.3375396666666667,Loss-making,True,5.9,12,6.1252811348640455,0.164669,37,21
576,The Wild Bunch,1969,1969-06-17,6,1960s,Adventure,Adventure|Western,Sam Peckinpah,William Holden,145.0,120-150 min,4.0,6244087.0,638641.0,37116502.822931,3796250.83368305,-5605446.0,0.10227932442325034,Loss-making,True,7.2,121,6.215271207604754,0.615889,44,34
13990,The Wackness,2008,2008-07-03,7,2000s,Drama,Drama,Jonathan Levine,Ben Kingsley,99.0,90-105 min,2.0,6000000.0,2899975.0,6076719.802855,2937055.91838074,-3100025.0,0.48332916666666664,Loss-making,True,6.3,40,6.132233382352609,0.371517,15,7
11583,The First Great Train Robbery,1979,1979-01-25,1,1970s,Thriller,Thriller|Adventure|Drama|Crime,Michael Crichton,Sean Connery,110.0,105-120 min,3.0,6000000.0,,18027324.0150095,,,,Unknown,False,6.3,38,6.131992355676871,0.255216,23,16
18602,Morvern Callar,2002,2002-01-01,1,2000s,Drama,Drama|Foreign,Lynne Ramsay,Samantha Morton,97.0,90-105 min,2.0,,,,,,,Unknown,False,7.0,12,6.134943677869682,0.143573,10,6
32395,The Greatest,2009,2009-01-17,1,2000s,Drama,Drama|Romance,Shana Feste,Pierce Brosnan,99.0,90-105 min,2.0,6000000.0,,6098402.60474972,,,,Unknown,False,6.2,19,6.1282838528423085,0.439396,18,2
58882,Snow Flower and the Secret Fan,2011,2011-07-15,7,2010s,History,History|Drama,Wayne Wang,Li Bingbing,104.0,90-105 min,2.0,134005.0,1332231.0,129904.18469747,1291462.12367967,1198226.0,9.941651430916757,Profitable,True,4.4,12,6.112104939856359,0.263908,18,22
42222,Julia,1977,1977-10-02,10,1970s,Drama,Drama,Fred Zinnemann,Jane Fonda,117.0,105-120 min,3.0,,,,,,,Unknown,False,5.0,10,6.119013678130469,0.398651,14,15
13827,"Surfer, Dude",2008,2008-09-05,9,2000s,Comedy,Comedy,S.R. Bindler,Matthew McConaughey,85.0,< 90 min,1.0,6000000.0,69497.0,6076719.802855,70385.6326898357,-5930503.0,0.011582833333333334,Loss-making,True,5.0,13,6.116558085244512,0.518011,8,7
9282,11:14,2003,2003-05-16,5,2000s,Crime,Crime|Drama|Thriller,Greg Marcks,Henry Thomas,86.0,< 90 min,1.0,6000000.0,,7112115.86869516,,,,Unknown,False,6.7,113,6.171390197217486,0.872052,13,22
38940,Men of War,1994,1994-09-04,9,1990s,Action,Action|Thriller,Perry Lang,Dolph Lundgren,103.0,90-105 min,2.0,,,,,,,Unknown,False,5.3,17,6.117020318239204,0.113355,5,3
35689,Don McKay,2009,2009-04-24,4,2000s,Crime,Crime|Mystery|Thriller,Jake Goldberger,Thomas Haden Church,87.0,< 90 min,1.0,,,,,,,Unknown,False,4.5,10,6.115348257706747,0.090351,7,2
97614,Deadfall,2012,2012-11-08,11,2010s,Crime,Crime|Drama|Thriller,Stefan Ruzowitzky,Eric Bana,95.0,90-105 min,2.0,12000000.0,66351.0,11396931.3762269,63016.4828120028,-11933649.0,0.00552925,Loss-making,True,5.5,138,6.0692624879952906,0.452064,34,51
58626,The Hit List,2011,2011-04-02,4,2010s,Action,Action|Thriller,William Kaufman,Cuba Gooding Jr.,90.0,< 90 min,1.0,6000000.0,,5816388.25554883,,,,Unknown,False,5.1,46,6.093526575485875,0.605805,13,3
183894,Emma,2009,2009-10-11,10,2000s,Romance,Romance|Comedy|Drama,Jim O'Hanlon,Romola Garai,240.0,> 150 min,5.0,,,,,,,Unknown,False,7.6,17,6.145537567163426,0.189207,28,2
837,Videodrome,1983,1983-02-04,2,1980s,Horror,Horror|Mystery|Science Fiction,David Cronenberg,James Woods,87.0,< 90 min,1.0,5952000.0,2120439.0,13030785.0106564,4642302.54321428,-3831561.0,0.35625655241935483,Loss-making,True,6.8,180,6.206209867895035,0.252008,20,18
244783,Song One,2014,2014-01-20,1,2010s,Drama,Drama,Kate Barker-Froyland,Anne Hathaway,86.0,< 90 min,1.0,6000000.0,32251.0,5526546.30462875,29706.1074784303,-5967749.0,0.005375166666666667,Loss-making,True,5.7,58,6.109727751814867,0.407983,5,14
16564,Winter in Wartime,2008,2008-11-17,11,2000s,Drama,Drama|History|War,Martin Koolhoven,Martijn Lakemeier,103.0,90-105 min,2.0,4000000.0,530048.0,4051146.53523667,536825.529677281,-3469952.0,0.132512,Loss-making,True,6.8,41,6.147047923688461,0.239048,15,19
168027,Freaky Deaky,2012,2012-04-22,4,2010s,Comedy,Comedy,Charles Matthau,Christian Slater,90.0,< 90 min,1.0,,,,,,,Unknown,False,4.8,10,6.11754750996098,0.252098,17,39
3482,The Train,1964,1964-09-21,9,1960s,Thriller,Thriller|Action|War,John Frankenheimer,Burt Lancaster,133.0,120-150 min,4.0,,,,,,,Unknown,False,6.8,32,6.142808281031508,0.27553,24,14
455,Bend It Like Beckham,2002,2002-04-11,4,2000s,Comedy,Comedy|Drama|Romance,Gurinder Chadha,Parminder Nagra,112.0,105-120 min,3.0,3500159.0,76578641.0,4243107.6272335,92833330.0602275,73078482.0,21.878617799934233,Profitable,True,6.0,309,6.103629702566156,1.496493,13,22
9277,The Sting,1973,1973-12-25,12,1970s,Comedy,Comedy|Crime|Drama,George Roy Hill,Paul Newman,129.0,120-150 min,4.0,5500000.0,159616327.0,27011377.6833962,783901253.278813,154116327.0,29.021150363636362,Profitable,True,7.7,304,6.415624243614843,0.863155999999999,40,39
9443,Chariots of Fire,1981,1981-05-15,5,1980s,Drama,Drama|History,Hugh Hudson,Ben Cross,123.0,120-150 min,4.0,5500000.0,58972904.0,13190049.4267124,141428276.108503,53472904.0,10.722346181818182,Profitable,True,6.6,93,6.157657769565181,0.6599,17,24
16186,Diary of a Mad Black Woman,2005,2005-02-25,2,2000s,Comedy,Comedy|Drama|Romance,Darren Grant,Kimberly Elise,116.0,105-120 min,3.0,,,,,,,Unknown,False,6.5,63,6.143847687769227,0.198398,11,16
7863,Shine,1996,1996-01-21,1,1990s,Drama,Drama,Scott Hicks,Geoffrey Rush,105.0,90-105 min,2.0,,,,,,,Unknown,False,7.1,58,6.167230761516729,0.331486,10,10
138697,Don Jon,2013,2013-07-26,7,2010s,Comedy,Comedy|Drama,Joseph Gordon-Levitt,Joseph Gordon-Levitt,90.0,< 90 min,1.0,6000000.0,,5616200.11644254,,,,Unknown,False,5.9,1136,6.0235920478445735,1.932704,53,35
11901,High Plains Drifter,1973,1973-04-19,4,1970s,Western,Western,Clint Eastwood,Clint Eastwood,105.0,90-105 min,2.0,,,,,,,Unknown,False,7.1,126,6.210084830982888,0.79974,15,11
1548,Ghost World,2001,2001-07-20,7,2000s,Comedy,Comedy|Drama,Terry Zwigoff,Thora Birch,111.0,105-120 min,3.0,,,,,,,Unknown,False,6.9,204,6.228449110030019,0.580121,23,21
11889,Iris,2001,2001-12-14,12,2000s,Drama,Drama|Romance,Richard Eyre,Judi Dench,91.0,90-105 min,2.0,,,,,,,Unknown,False,5.7,21,6.120752351347373,0.223151,13,13
321,Mambo Italiano,2003,2003-06-06,6,2000s,Comedy,Comedy|Romance,Émile Gaudreault,Luke Kirby,92.0,90-105 min,2.0,4361898.0,3031801.0,5170387.33057161,3593753.33380431,-1330097.0,0.6950646255368649,Loss-making,True,5.2,13,6.118459921247731,0.276911,15,12
4997,Wonderland,2003,2003-10-23,10,2000s,Crime,Crime|Drama|Mystery|Thriller,James Cox,Val Kilmer,104.0,90-105 min,2.0,5000000.0,2466444.0,5926763.22391264,2923605.91860799,-2533556.0,0.4932888,Loss-making,True,6.4,23,6.13183251640242,0.161748,18,9
925,Do the Right Thing,1989,1989-06-30,6,1980s,Crime,Crime|Drama,Spike Lee,Danny Aiello,120.0,105-120 min,3.0,6500000.0,37295445.0,11433402.1037811,65602126.0499161,30795445.0,5.7377607692307695,Profitable,True,7.5,134,6.250888084361113,0.307623,42,17
51995,Salvation Boulevard,2011,2011-07-15,7,2010s,Comedy,Comedy|Thriller|Action|Drama,George Ratliff,Jennifer Connelly,96.0,90-105 min,2.0,8000000.0,,7755184.34073177,,,,Unknown,False,4.9,12,6.116497004858921,0.244752,8,6
13173,The Ten,2007,2007-08-03,8,2000s,Comedy,Comedy,David Wain,Paul Rudd,96.0,90-105 min,2.0,,,,,,,Unknown,False,4.8,33,6.095700784613778,0.231155,24,4
70670,Headhunters,2011,2011-08-04,8,2010s,Thriller,Thriller|Crime,Morten Tyldum,Aksel Hennie,100.0,90-105 min,2.0,,15699707.0,,15219265.2350596,,,Unknown,False,7.0,257,6.26649280512555,0.859651,17,36
84204,Grabbers,2012,2012-08-10,8,2010s,Science Fiction,Science Fiction|Comedy|Thriller|Horror,Jon Wright,Richard Coyle,94.0,90-105 min,2.0,,,,,,,Unknown,False,5.6,63,6.103836397105195,0.206422,11,51
25248,Saint Ralph,2004,2004-09-11,9,2000s,Comedy,Comedy|Drama,Michael McGowan,Adam Butcher,95.0,90-105 min,2.0,,,,,,,Unknown,False,6.3,14,6.12904506858985,0.042066,6,15
230266,Miss Julie,2014,2014-09-07,9,2010s,Drama,Drama,Liv Ullmann,Jessica Chastain,120.0,105-120 min,3.0,5500000.0,5000000.0,5066000.77924302,4605455.25385729,-500000.0,0.9090909090909091,Loss-making,True,5.4,15,6.119309442946295,0.446458,4,10
16633,Somewhere in Time,1980,1980-10-02,10,1980s,Science Fiction,Science Fiction|Drama|Fantasy|Romance,Jeannot Szwarc,Christopher Reeve,103.0,90-105 min,2.0,5100000.0,,13494787.4398985,,,,Unknown,False,6.5,44,6.139007623444512,0.545843,13,12
91586,Insidious: Chapter 2,2013,2013-09-12,9,2010s,Horror,Horror|Thriller,James Wan,Patrick Wilson,106.0,105-120 min,3.0,5000000.0,,4680166.76370212,,,,Unknown,False,6.5,716,6.256193690323064,1.473406,31,21
215,Saw II,2005,2005-10-28,10,2000s,Horror,Horror,Darren Lynn Bousman,Tobin Bell,92.0,90-105 min,2.0,4000000.0,152925093.0,4466253.15861797,170750544.910799,148925093.0,38.23127325,Profitable,True,6.2,617,6.150041377067513,1.107734,15,23
9012,Jackass: The Movie,2002,2002-10-21,10,2000s,Comedy,Comedy,Jeff Tremaine,Johnny Knoxville,87.0,< 90 min,1.0,5000000.0,64282312.0,6061306.96810273,77926965.1302708,59282312.0,12.8564624,Profitable,True,6.2,197,6.136513802035828,0.925495,32,15
72571,Paranormal Activity 3,2011,2011-10-19,10,2010s,Horror,Horror,"Henry Joost, Ariel Schulman",Katie Featherston,83.0,< 90 min,1.0,5000000.0,205703818.0,4846990.21295736,199408878.522792,200703818.0,41.1407636,Profitable,True,6.0,406,6.0979186173159325,0.760193,11,24
242512,Ouija,2014,2014-10-24,10,2010s,Horror,Horror,Stiles White,Olivia Cooke,89.0,< 90 min,1.0,5000000.0,102529779.0,4605455.25385729,94439261.8744755,97529779.0,20.5059558,Profitable,True,4.9,569,5.764155040475157,3.489314,19,50
10072,A Nightmare on Elm Street 3: Dream Warriors,1987,1987-02-27,2,1980s,Horror,Horror|Thriller,Chuck Russell,Robert Englund,96.0,90-105 min,2.0,5000000.0,44793222.0,9595402.19032326,85961796.0980872,39793222.0,8.9586444,Profitable,True,6.2,168,6.135304223334717,1.121083,28,13
82990,Paranormal Activity 4,2012,2012-10-17,10,2010s,Horror,Horror,"Henry Joost, Ariel Schulman",Katie Featherston,95.0,90-105 min,2.0,5000000.0,142817992.0,4748721.40676122,135640571.17621,137817992.0,28.5635984,Profitable,True,5.3,352,5.956594899676322,0.557661,14,27
11843,The Return of the Pink Panther,1975,1975-05-21,5,1970s,Comedy,Comedy,Blake Edwards,Peter Sellers,113.0,105-120 min,3.0,5000000.0,41833347.0,20259105.860311,169501241.072824,36833347.0,8.3666694,Profitable,True,6.6,58,6.146693972337492,0.790976,12,6
11284,Freddy's Dead: The Final Nightmare,1991,1991-09-05,9,1990s,Horror,Horror|Thriller|Comedy,Rachel Talalay,Robert Englund,89.0,< 90 min,1.0,11000000.0,34872033.0,17612021.261232,55833362.4198532,23872033.0,3.170184818181818,Profitable,True,5.4,141,6.058689424344708,0.689242,32,9
504,Monster,2003,2003-11-16,11,2000s,Crime,Crime|Drama,Patty Jenkins,Charlize Theron,110.0,105-120 min,3.0,8000000.0,60378584.0,9482821.15826022,71569914.232624,52378584.0,7.547323,Profitable,True,6.8,216,6.219824570624656,0.490565,10,30
227348,Paranormal Activity: The Marked Ones,2013,2013-12-31,12,2010s,Horror,Horror|Thriller,Christopher B. Landon,Andrew Jacobs,84.0,< 90 min,1.0,5000000.0,86362372.0,4680166.76370212,80838060.6137757,81362372.0,17.2724744,Profitable,True,5.3,283,5.984268864661764,0.625753,10,9
1955,The Elephant Man,1980,1980-10-03,10,1980s,Drama,Drama|History,David Lynch,Anthony Hopkins,124.0,120-150 min,4.0,5000000.0,26010864.0,13230183.7646064,68825702.1192373,21010864.0,5.2021728,Profitable,True,7.6,329,6.415154511519085,0.814856999999999,53,40
152532,Dallas Buyers Club,2013,2013-09-07,9,2010s,Drama,Drama|History,Jean-Marc Vallée,Matthew McConaughey,117.0,105-120 min,3.0,5000000.0,55198285.0,4680166.76370212,51667435.7740715,50198285.0,11.039657,Profitable,True,7.8,1831,7.088865831006176,1.765514,16,24
243940,The Lazarus Effect,2015,2015-01-29,1,2010s,Thriller,Thriller|Horror,David Gelb,Olivia Wilde,83.0,< 90 min,1.0,3300000.0,64110728.0,3035998.66416058,58981843.8079887,60810728.0,19.427493333333334,Profitable,True,4.9,327,5.888553065455817,0.599655,9,45
77,Memento,2000,2000-10-11,10,2000s,Mystery,Mystery|Thriller,Christopher Nolan,Guy Pearce,113.0,105-120 min,3.0,9000000.0,39723096.0,11396629.0290882,50301043.2220954,30723096.0,4.413677333333333,Profitable,True,7.9,2144,7.213786500768352,3.095625,13,21
157547,Oculus,2013,2013-09-08,9,2010s,Horror,Horror,Mike Flanagan,Karen Gillan,104.0,90-105 min,2.0,5000000.0,44030246.0,4680166.76370212,41213778.7853656,39030246.0,8.8060492,Profitable,True,6.2,665,6.15122904181951,1.227417,10,43
2295,Clerks II,2006,2006-05-25,5,2000s,Comedy,Comedy,Kevin Smith,Brian O'Halloran,97.0,90-105 min,2.0,5000000.0,26888376.0,5408345.79145786,29084327.0357473,21888376.0,5.3776752,Profitable,True,6.9,195,6.2245475168406,0.913299,21,8
71,Billy Elliot,2000,2000-05-18,5,2000s,Drama,Drama|Comedy|Music,Stephen Daldry,Jamie Bell,110.0,105-120 min,3.0,5000000.0,110000000.0,6331460.57171569,139292132.577745,105000000.0,22.0,Profitable,True,7.1,359,6.331122852336566,1.211626,17,17
147773,The Way Way Back,2013,2013-06-06,6,2010s,Comedy,Comedy|Drama,"Nat Faxon, Jim Rash",Liam James,103.0,90-105 min,2.0,4600000.0,23198652.0,4305753.42260595,21714712.0106183,18598652.0,5.043185217391304,Profitable,True,7.1,490,6.385741856915446,0.752327,13,18
24266,The Man from Snowy River,1982,1982-03-02,3,1980s,Drama,Drama|Action|Western|Romance,George T. Miller,Tom Burlinson,104.0,90-105 min,2.0,3500000.0,20659423.0,7908748.40892929,46682908.223042,17159423.0,5.902692285714286,Profitable,True,6.2,19,6.1282838528423085,0.138161999999999,15,4
16508,Doug's 1st Movie,1999,1999-03-26,3,1990s,Animation,Animation|Family|Comedy,Maurice Joyce,Thomas McHugh,77.0,< 90 min,1.0,,,,,,,Unknown,False,5.4,10,6.121946014469447,0.127664,4,51
2895,The Apostle,1997,1997-10-09,10,1990s,Drama,Drama,Robert Duvall,Robert Duvall,134.0,120-150 min,4.0,5000000.0,,6792301.60536048,,,,Unknown,False,5.4,11,6.12141715503463,0.498525,9,5
15660,Mommie Dearest,1981,1981-09-18,9,1980s,Drama,Drama,Frank Perry,Faye Dunaway,129.0,120-150 min,4.0,,,,,,,Unknown,False,6.0,13,6.1260672652606045,0.207373,14,5
59968,Our Idiot Brother,2011,2011-08-26,8,2010s,Comedy,Comedy|Drama,Jesse Peretz,Paul Rudd,90.0,< 90 min,1.0,10000000.0,17273593.0,9693980.42591472,16744987.2427217,7273593.0,1.7273593,Profitable,True,5.7,199,6.072530138650295,0.80048,26,20
256274,"As Above, So Below",2014,2014-08-14,8,2010s,Horror,Horror|Thriller,John Erick Dowdle,Perdita Weeks,93.0,90-105 min,2.0,5000000.0,40100000.0,4605455.25385729,36935751.1359355,35100000.0,8.02,Profitable,True,6.1,501,6.119910817927752,1.140302,16,51
235271,Addicted,2014,2014-10-10,10,2010s,Drama,Drama|Thriller,Bille Woodruff,Boris Kodjoe,105.0,90-105 min,2.0,,,,,,,Unknown,False,5.3,46,6.100097534703073,0.399827,15,17
45153,Eve's Bayou,1997,1997-09-07,9,1990s,Drama,Drama,Kasi Lemmons,Jurnee Smollett,109.0,105-120 min,3.0,,,,,,,Unknown,False,5.3,13,6.1194108392493405,0.269281,25,34
284293,Still Alice,2014,2014-12-05,12,2010s,Drama,Drama,"Richard Glatzer, Wash Westmoreland",Julianne Moore,99.0,90-105 min,2.0,5000000.0,41797583.0,4605455.25385729,38499379.6451773,36797583.0,8.3595166,Profitable,True,7.5,725,6.605957653954967,1.142614,18,16
21610,Nighthawks,1981,1981-03-17,3,1980s,Action,Action|Crime|Thriller,Bruce Malmuth,Sylvester Stallone,99.0,90-105 min,2.0,5000000.0,19905359.0,11990954.024284,47736848.9211738,14905359.0,3.9810718,Profitable,True,6.6,42,6.1414988599224785,0.251658,11,2
10283,Friday the 13th Part VIII: Jason Takes Manhattan,1989,1989-07-28,7,1980s,Horror,Horror|Thriller,Rob Hedden,Kane Hodder,100.0,90-105 min,2.0,5000000.0,14000000.0,8794924.69521628,24625789.1466055,9000000.0,2.8,Profitable,True,4.7,85,6.042975858757399,0.498792,16,7
8346,My Big Fat Greek Wedding,2002,2002-02-22,2,2000s,Comedy,Comedy|Drama|Romance,Joel Zwick,Nia Vardalos,95.0,90-105 min,2.0,5000000.0,368744044.0,6061306.96810273,447014168.668716,363744044.0,73.7488088,Profitable,True,6.1,395,6.121117465175104,1.271588,16,9
122081,Spring Breakers,2013,2013-01-24,1,2010s,Drama,Drama|Crime,Harmony Korine,James Franco,94.0,90-105 min,2.0,5000000.0,31724284.0,4680166.76370212,29694987.9158094,26724284.0,6.3448568,Profitable,True,5.0,996,5.6495240876293655,1.626627,10,67
10987,Halloween: The Curse of Michael Myers,1995,1995-09-29,9,1990s,Horror,Horror|Thriller,Joe Chappelle,Donald Pleasence,88.0,< 90 min,1.0,5000000.0,15116634.0,7154834.33553483,21631402.3961826,10116634.0,3.0233268,Profitable,True,5.1,80,6.069971799970555,0.578548,17,17
747,Shaun of the Dead,2004,2004-04-09,4,2000s,Horror,Horror|Comedy,Edgar Wright,Simon Pegg,99.0,90-105 min,2.0,4000000.0,30039392.0,4617781.59924859,34678837.9075538,26039392.0,7.509848,Profitable,True,7.4,1413,6.777184257286608,1.823597,22,17
14745,The Haunting of Molly Hartley,2008,2008-10-31,10,2000s,Drama,Drama|Horror,Mickey Liddell,Haley Bennett,82.0,< 90 min,1.0,,,,,,,Unknown,False,4.8,24,6.104162657526865,0.2552,11,4
26748,Lone Star,1996,1996-06-21,6,1990s,Drama,Drama|Mystery|Romance,John Sayles,Chris Cooper,135.0,120-150 min,4.0,5000000.0,13269963.0,6951083.69480127,18448124.6879832,8269963.0,2.6539926,Profitable,True,6.6,27,6.136519121235083,0.397139,21,24
11357,Halloween 4: The Return of Michael Myers,1988,1988-10-21,10,1980s,Horror,Horror|Thriller,Dwight H. Little,Donald Pleasence,88.0,< 90 min,1.0,5000000.0,17768757.0,9219455.11545154,32763651.5237731,12768757.0,3.5537514,Profitable,True,5.9,92,6.112818310170647,0.513842,24,9
24913,April Fool's Day,1986,1986-03-28,3,1980s,Horror,Horror|Mystery|Thriller,Fred Walton,Deborah Foreman,89.0,< 90 min,1.0,5000000.0,,9947032.05431079,,,,Unknown,False,6.1,29,6.126705631073511,0.385105,13,14
13776,Diner,1982,1982-04-02,4,1980s,Comedy,Comedy|Drama,Barry Levinson,Steve Guttenberg,110.0,105-120 min,3.0,,,,,,,Unknown,False,6.9,27,6.142384011539913,0.368094,45,40
14854,Lone Wolf McQuade,1983,1983-04-14,4,1980s,Action,Action|Thriller|Drama|Western|Crime,Steve Carver,Chuck Norris,107.0,105-120 min,3.0,5000000.0,12232628.0,10946559.9887907,26781039.2445122,7232628.0,2.4465256,Profitable,True,5.2,27,6.109149633145879,0.290596,23,41
50357,Apollo 18,2011,2011-07-20,7,2010s,Horror,Horror|Thriller|Science Fiction,Gonzalo López-Gallego,Ryan Robbins,86.0,< 90 min,1.0,5000000.0,25562924.0,4846990.21295736,24780648.4885145,20562924.0,5.1125848,Profitable,True,4.9,205,5.9659076123005415,0.941604,11,74
13090,Sunshine Cleaning,2008,2008-01-18,1,2000s,Comedy,Comedy|Drama,Christine Jeffs,Amy Adams,102.0,90-105 min,2.0,5000000.0,16174377.0,5063933.16904583,16381192.8357904,11174377.0,3.2348754,Profitable,True,6.2,111,6.1327872215806245,0.576989,20,11
192141,No Escape,2015,2015-08-26,8,2010s,Action,Action|Thriller,John Erick Dowdle,Owen Wilson,103.0,90-105 min,2.0,5000000.0,54418872.0,4599997.97600089,50065340.2112503,49418872.0,10.8837744,Profitable,True,6.7,519,6.285967945298047,1.41239,23,45
16441,The Beastmaster,1982,1982-08-20,8,1980s,Action,Action|Fantasy,Don Coscarelli,Marc Singer,118.0,105-120 min,3.0,,14056528.0,,31762726.7014485,,,Unknown,False,6.2,40,6.129364147720948,0.197996,15,3
20455,Digimon: The Movie,2000,2000-03-17,3,2000s,Fantasy,Fantasy|Animation|Science Fiction|Family,"Mamoru Hosoda, Shigeyasu Yamauchi",Lara Jill Miller,82.0,< 90 min,1.0,5500000.0,,6964606.62888726,,,,Unknown,False,6.0,38,6.123803288799492,0.430191,9,3
13193,Saved!,2004,2004-01-21,1,2000s,Comedy,Comedy|Drama|Family,Brian Dannelly,Jena Malone,92.0,90-105 min,2.0,,,,,,,Unknown,False,6.0,71,6.120936466449915,0.681008,12,3
10786,Robin and Marian,1976,1976-03-11,3,1970s,Action,Action|Adventure|Drama|Romance,Richard Lester,Sean Connery,106.0,105-120 min,3.0,,,,,,,Unknown,False,6.5,20,6.132702538634578,0.214658,8,8
12484,The Forsaken,2001,2001-04-27,4,2000s,Action,Action|Adventure|Horror|Thriller,J.S. Cardone,Kerr Smith,90.0,< 90 min,1.0,5000000.0,,6157440.58346921,,,,Unknown,False,4.6,17,6.108341155523137,0.210173,11,8
17339,Force 10 from Navarone,1978,1978-11-01,11,1970s,Action,Action|Adventure|War|Thriller,Guy Hamilton,Harrison Ford,118.0,105-120 min,3.0,5000000.0,7230000.0,16713503.4745702,24167726.0242285,2230000.0,1.446,Profitable,True,6.6,39,6.140511491161993,0.435312,13,3
11959,UHF,1989,1989-07-21,7,1980s,Comedy,Comedy,Jay Levey,"""Weird Al"" Yankovic",97.0,90-105 min,2.0,5000000.0,,8794924.69521628,,,,Unknown,False,6.7,36,6.142109602429878,0.137632,10,10
9900,Grandma's Boy,2006,2006-01-06,1,2000s,Comedy,Comedy,Nicholaus Goossen,Linda Cardellini,94.0,90-105 min,2.0,,6538177.0,,7072144.41235132,,,Unknown,False,6.6,116,6.164578299665174,0.689946,22,24
14662,Slums of Beverly Hills,1998,1998-08-14,8,1990s,Comedy,Comedy|Drama,Tamara Jenkins,Natasha Lyonne,91.0,90-105 min,2.0,5000000.0,,6688477.34539149,,,,Unknown,False,6.1,15,6.126978714730679,0.117202,11,5
15745,Made,2001,2001-07-13,7,2000s,Action,Action|Comedy|Thriller,Jon Favreau,Vince Vaughn,94.0,90-105 min,2.0,5000000.0,5476060.0,6157440.58346921,6743702.81630248,476060.0,1.095212,Profitable,True,5.8,19,6.122748931860588,0.126065,13,5
17431,Moon,2009,2009-06-12,6,2000s,Science Fiction,Science Fiction|Drama,Duncan Jones,Sam Rockwell,97.0,90-105 min,2.0,5000000.0,9760104.0,5082002.17062476,9920173.94270469,4760104.0,1.9520208,Profitable,True,7.4,1027,6.6762196288848745,1.328218,10,23
10217,The Sweet Hereafter,1997,1997-05-14,5,1990s,Drama,Drama,Atom Egoyan,Ian Holm,112.0,105-120 min,3.0,5000000.0,3263585.0,6792301.60536048,4433450.72694607,-1736415.0,0.652717,Loss-making,True,6.4,41,6.135292493970161,0.511529,9,26
13996,Bottle Shock,2008,2008-08-06,8,2000s,Comedy,Comedy|Drama,Randall Miller,Alan Rickman,110.0,105-120 min,3.0,5000000.0,4040588.0,5063933.16904583,4092253.51912971,-959412.0,0.8081176,Loss-making,True,6.4,31,6.133381386425365,0.168979,12,3
1024,Heavenly Creatures,1994,1994-09-02,9,1990s,Drama,Drama|Fantasy,Peter Jackson,Melanie Lynskey,99.0,90-105 min,2.0,5000000.0,3049135.0,7355557.80799081,4485617.75137361,-1950865.0,0.609827,Loss-making,True,6.6,149,6.174137820729008,0.834029,14,10
343795,90 Minutes in Heaven,2015,2015-09-11,9,2010s,Drama,Drama,Michael Polish,Kate Bosworth,121.0,120-150 min,4.0,5000000.0,4842699.0,4599997.97600089,4455281.1196763,-157301.0,0.9685398,Loss-making,True,5.7,24,6.119836411245753,0.298751,16,3
45658,Everything Must Go,2010,2010-10-15,10,2010s,Comedy,Comedy|Drama|Romance,Dan Rush,Rebecca Hall,97.0,90-105 min,2.0,5000000.0,2614773.0,5000000.0,2614773.0,-2385227.0,0.5229546,Loss-making,True,5.8,111,6.102482122952544,0.513857,17,22
16148,Zero Effect,1998,1998-01-30,1,1990s,Comedy,Comedy|Crime|Mystery|Thriller,Jake Kasdan,Bill Pullman,116.0,105-120 min,3.0,5000000.0,1980338.0,6688477.34539149,2649089.16984358,-3019662.0,0.3960676,Loss-making,True,5.8,24,6.12157793943674,0.235951,15,9
4553,The Machinist,2004,2004-02-09,2,2000s,Thriller,Thriller|Drama,Brad Anderson,Christian Bale,101.0,90-105 min,2.0,5000000.0,8203235.0,5772226.99906074,9470186.90932801,3203235.0,1.640647,Profitable,True,7.2,621,6.464557013993101,0.925121,12,10
245916,Kill the Messenger,2014,2014-10-09,10,2010s,Thriller,Thriller|Crime|Drama|Mystery,Michael Cuesta,Jeremy Renner,112.0,105-120 min,3.0,5000000.0,2450846.0,4605455.25385729,2257452.31741902,-2549154.0,0.4901692,Loss-making,True,6.5,247,6.184777064729107,0.632047999999999,17,9
27585,Rabbit Hole,2010,2010-12-16,12,2010s,Drama,Drama,John Cameron Mitchell,Nicole Kidman,91.0,90-105 min,2.0,5000000.0,5129058.0,5000000.0,5129058.0,129058.0,1.0258116,Profitable,True,6.6,73,6.1514585931874235,0.498635,28,10
1415,Party Monster,2003,2003-09-05,9,2000s,Comedy,Comedy|Drama|Crime,"Fenton Bailey, Randy Barbato",Seth Green,98.0,90-105 min,2.0,5000000.0,742898.0,5926763.22391264,880596.10910365,-4257102.0,0.1485796,Loss-making,True,5.6,25,6.117719206973949,0.438475,12,19
14474,The Oh in Ohio,2006,2006-03-30,3,2000s,Comedy,Comedy|Drama|Romance,Billy Kent,Parker Posey,88.0,< 90 min,1.0,5000000.0,,5408345.79145786,,,,Unknown,False,5.6,14,6.1218818495269165,0.339084,7,5
13685,Bottle Rocket,1996,1996-02-21,2,1990s,Comedy,Comedy|Crime|Drama,Wes Anderson,Luke Wilson,91.0,90-105 min,2.0,7000000.0,560069.0,9731517.17272177,778617.29877273,-6439931.0,0.08000985714285715,Loss-making,True,6.7,128,6.176740137870436,0.481121,12,18
8744,Albino Alligator,1996,1996-09-09,9,1990s,Crime,Crime|Drama|Thriller,Kevin Spacey,Matt Dillon,97.0,90-105 min,2.0,6000000.0,,8341300.43376152,,,,Unknown,False,5.8,17,6.123219720179252,0.559817,11,4
46838,Tucker and Dale vs Evil,2010,2010-01-22,1,2010s,Comedy,Comedy|Horror,Eli Craig,Alan Tudyk,89.0,< 90 min,1.0,,,,,,,Unknown,False,7.2,457,6.397960663871555,1.046994,15,12
18442,Decoys,2004,2004-02-27,2,2000s,Horror,Horror|Science Fiction|Thriller,Matthew Hastings,Kim Poirier,95.0,90-105 min,2.0,5000000.0,,5772226.99906074,,,,Unknown,False,4.4,12,6.112104939856359,0.090812,11,5
298312,The Visit,2015,2015-09-10,9,2010s,Horror,Horror|Thriller,M. Night Shyamalan,Olivia DeJonge,94.0,90-105 min,2.0,5000000.0,98450062.0,4599997.97600089,90574017.1874324,93450062.0,19.6900124,Profitable,True,5.9,729,6.047739694847955,1.495112,22,26
57876,Area 51,2015,2015-05-15,5,2010s,Horror,Horror|Thriller|Science Fiction,Oren Peli,Reid Warner,91.0,90-105 min,2.0,5000000.0,,4599997.97600089,,,,Unknown,False,4.4,82,6.028651596920669,0.369529,20,20
13849,The Cottage,2008,2008-02-07,2,2000s,Horror,Horror|Comedy|Crime|Thriller,Paul Andrew Williams,Andy Serkis,92.0,90-105 min,2.0,,,,,,,Unknown,False,6.4,28,6.132802661412179,0.457004,15,43
14849,Dead Like Me: Life After Death,2009,2009-02-17,2,2000s,Drama,Drama|Fantasy|Comedy,Stephen Herek,Ellen Muth,87.0,< 90 min,1.0,,,,,,,Unknown,False,5.8,37,6.118572754178544,0.297677,16,4
244403,Rudderless,2014,2014-10-17,10,2010s,Music,Music|Drama|Comedy,William H. Macy,Billy Crudup,105.0,90-105 min,2.0,5000000.0,,4605455.25385729,,,,Unknown,False,7.1,65,6.171831835908515,0.240398,11,9
340816,Christmas Eve,2015,2015-12-04,12,2010s,Romance,Romance|Comedy,Mitch Davis,Patrick Stewart,95.0,90-105 min,2.0,,,,,,,Unknown,False,5.8,11,6.124640362125685,0.305916,14,32
297596,Dying of the Light,2014,2014-12-04,12,2010s,Thriller,Thriller|Drama,Paul Schrader,Nicolas Cage,94.0,90-105 min,2.0,15000000.0,,13816365.7615718,,,,Unknown,False,4.4,83,6.027518306546359,0.671825,15,48
11935,Capricorn One,1978,1978-01-11,1,1970s,Drama,Drama|Action|Thriller|Science Fiction,Peter Hyams,Elliott Gould,123.0,120-150 min,4.0,5000000.0,,16713503.4745702,,,,Unknown,False,5.9,61,6.117480431303634,0.480176,16,26
361159,Navy Seals vs. Zombies,2015,2015-10-08,10,2010s,Horror,Horror|Action,Stanton Barrett,Ed Quinn,97.0,90-105 min,2.0,,,,,,,Unknown,False,3.3,24,6.078039734662051,0.37668,16,21
12555,I Served the King of England,2006,2006-12-19,12,2000s,Comedy,Comedy|Drama|Foreign,Jiří Menzel,Ivan Barnev,120.0,105-120 min,3.0,,,,,,,Unknown,False,6.8,12,6.133186851868657,0.154077,9,9
12498,Sling Blade,1996,1996-08-30,8,1990s,Drama,Drama,Billy Bob Thornton,Billy Bob Thornton,135.0,120-150 min,4.0,1000000.0,24475416.0,1390216.73896025,34026133.0162156,23475416.0,24.475416,Profitable,True,6.9,87,6.1739272488639045,0.455716,17,9
77949,The Awakening,2011,2011-08-17,8,2010s,Drama,Drama|Horror|Thriller,Nick Murphy ,Rebecca Hall,107.0,105-120 min,3.0,4798235.0,209696.0,4651399.61689389,203278.891939261,-4588539.0,0.043702736527077145,Loss-making,True,6.2,243,6.138342344460443,0.570634,30,31
1690,Hostel,2005,2005-01-06,1,2000s,Horror,Horror,Eli Roth,Jay Hernandez,94.0,90-105 min,2.0,4800000.0,80578934.0,5359503.79034157,89971479.6238923,75778934.0,16.787277916666667,Profitable,True,5.7,448,6.021056854967967,1.056592,15,51
64720,Take Shelter,2011,2011-11-25,11,2010s,Thriller,Thriller|Drama,Jeff Nichols,Michael Shannon,120.0,105-120 min,3.0,5000000.0,3099314.0,4846990.21295736,3004468.92497634,-1900686.0,0.6198628,Loss-making,True,6.9,248,6.246892552485971,0.509532,18,13
11404,Driving Lessons,2006,2006-04-30,4,2000s,Comedy,Comedy|Drama|Foreign,Jeremy Brock,Laura Linney,98.0,90-105 min,2.0,,,,,,,Unknown,False,6.3,22,6.130038920382075,0.275554,15,7
300706,Let's Kill Ward's Wife,2014,2014-12-23,12,2010s,Comedy,Comedy,Scott Foley,Patrick Wilson,81.0,< 90 min,1.0,5000000.0,,4605455.25385729,,,,Unknown,False,5.3,48,6.098956250151753,0.340101,8,2
16337,The Texas Chainsaw Massacre 2,1986,1986-08-22,8,1980s,Horror,Horror,Tobe Hooper,Dennis Hopper,101.0,90-105 min,2.0,4700000.0,8025872.0,9350210.13105214,15966721.209559,3325872.0,1.707632340425532,Profitable,True,5.7,43,6.114126804335962,0.327717,12,11
11577,Pat Garrett & Billy the Kid,1973,1973-05-23,5,1970s,Western,Western,Sam Peckinpah,James Coburn,106.0,105-120 min,3.0,4638783.0,,22781803.5644214,,,,Unknown,False,7.4,18,6.143973878243403,0.384763,37,33
77987,Only God Forgives,2013,2013-05-30,5,2010s,Drama,Drama|Thriller|Crime,Nicolas Winding Refn,Ryan Gosling,90.0,< 90 min,1.0,4800000.0,10337387.0,4492960.09315403,9676139.01218528,5537387.0,2.1536222916666667,Profitable,True,5.3,562,5.884633661258688,0.890458,11,7
8981,Dear Frankie,2004,2004-05-18,5,2000s,Drama,Drama|Family,Shona Auerbach,Gerard Butler,105.0,90-105 min,2.0,,,,,,,Unknown,False,6.0,17,6.125699480955271,0.24591,14,9
10822,Savage Grace,2007,2007-05-18,5,2000s,Drama,Drama,Tom Kalin,Julianne Moore,97.0,90-105 min,2.0,4600000.0,,4837675.48010511,,,,Unknown,False,6.1,24,6.126802524009704,0.247661,15,7
9336,Police Academy,1984,1984-03-22,3,1980s,Comedy,Comedy|Crime,Hugh Wilson,Steve Guttenberg,96.0,90-105 min,2.0,4500000.0,81198894.0,9445689.17637368,170439892.042069,76698894.0,18.044198666666666,Profitable,True,6.3,270,6.155991969914274,0.9739,19,34
5689,The Blue Lagoon,1980,1980-07-05,7,1980s,Romance,Romance|Adventure|Drama,Randal Kleiser,Brooke Shields,104.0,90-105 min,2.0,4500000.0,58853106.0,11907165.3881458,155727481.499572,54353106.0,13.078468,Profitable,True,5.8,172,6.090391559096896,1.392663,13,6
712,Four Weddings and a Funeral,1994,1994-03-09,3,1990s,Comedy,Comedy|Drama|Romance,Mike Newell,Hugh Grant,117.0,105-120 min,3.0,6000000.0,254700832.0,8826669.36958897,374693338.703871,248700832.0,42.45013866666667,Profitable,True,6.5,319,6.1983423335949865,1.23287099999999,29,13
13342,Fast Times at Ridgemont High,1982,1982-08-13,8,1980s,Comedy,Comedy,Amy Heckerling,Sean Penn,90.0,< 90 min,1.0,4500000.0,27092880.0,10168390.8114805,61220220.455232,22592880.0,6.02064,Profitable,True,6.9,157,6.207561748618736,0.925383,34,15
1429,25th Hour,2002,2002-12-16,12,2000s,Crime,Crime|Drama,Spike Lee,Edward Norton,135.0,120-150 min,4.0,15000000.0,13060843.0,18183920.9043082,15833155.7370391,-1939157.0,0.8707228666666667,Loss-making,True,6.9,309,6.270847548757004,1.005627,18,27
9303,Bound,1996,1996-09-13,9,1990s,Romance,Romance|Drama|Thriller|Crime,"Lilly Wachowski, Lana Wachowski",Jennifer Tilly,108.0,105-120 min,3.0,4500000.0,7011317.0,6255975.32532114,9747250.25555659,2511317.0,1.5580704444444444,Profitable,True,6.5,100,6.152910087571537,0.833267,14,15
641,Requiem for a Dream,2000,2000-10-27,10,2000s,Drama,Drama,Darren Aronofsky,Ellen Burstyn,102.0,90-105 min,2.0,4500000.0,7390108.0,5698314.51454412,9358035.48454414,2890108.0,1.6422462222222223,Profitable,True,7.7,1316,6.902418096077964,1.050687,27,25
6106,Salvador,1986,1986-04-23,4,1980s,Drama,Drama,Oliver Stone,James Woods,123.0,120-150 min,4.0,4500000.0,,8952328.84887971,,,,Unknown,False,6.3,22,6.130038920382075,0.459005,15,17
252680,Moms' Night Out,2014,2014-03-25,3,2010s,Comedy,Comedy,"Jon Erwin, Andrew Erwin",Sarah Drew,98.0,90-105 min,2.0,5000000.0,10429707.0,4605455.25385729,9606709.77986845,5429707.0,2.0859414,Profitable,True,5.7,92,6.100094432153912,0.386307,22,27
141,Donnie Darko,2001,2001-01-18,1,2000s,Fantasy,Fantasy|Drama|Mystery,Richard Kelly,Jake Gyllenhaal,113.0,105-120 min,3.0,6000000.0,1270522.0,7388928.70016306,1564632.74499809,-4729478.0,0.21175366666666667,Loss-making,True,7.5,1777,6.906341719631367,3.851009,28,35
66607,Saving Private Perez,2011,2011-03-18,3,2010s,Action,Action|Comedy|Foreign,Beto Gómez,Joaquín Cosio,105.0,90-105 min,2.0,,,,,,,Unknown,False,6.0,14,6.125975117562878,0.16468,5,1
12079,Spun,2002,2002-06-01,6,2000s,Comedy,Comedy|Crime|Drama,Jonas Åkerlund,Jason Schwartzman,101.0,90-105 min,2.0,2000000.0,,2424522.78724109,,,,Unknown,False,6.5,54,6.14157130767543,0.441684,21,10
39800,Life During Wartime,2009,2009-10-10,10,2000s,Comedy,Comedy|Drama,Todd Solondz,Ally Sheedy,97.0,90-105 min,2.0,4500000.0,744816.0,4573801.95356229,757031.305743211,-3755184.0,0.16551466666666667,Loss-making,True,5.1,11,6.1189997497163375,0.713022,12,5
9991,Mean Machine,2001,2001-12-26,12,2000s,Comedy,Comedy|Drama,Barry Skolnick,Vinnie Jones,99.0,90-105 min,2.0,,,,,,,Unknown,False,6.1,80,6.125755915443674,0.381873,24,20
68818,Blackthorn,2011,2011-08-31,8,2010s,Adventure,Adventure|Action|Western,Mateo Gil,Sam Shepard,98.0,90-105 min,2.0,,623528.0,,604446.822700975,,,Unknown,False,6.7,45,6.1456983477505345,0.388036,15,42
36419,After.Life,2009,2009-11-07,11,2000s,Drama,Drama|Horror|Mystery|Thriller,Agnieszka Wojtowicz-Vosloo,Liam Neeson,104.0,90-105 min,2.0,4500000.0,3606395.0,4573801.95356229,3665541.44362606,-893605.0,0.8014211111111111,Loss-making,True,5.2,130,6.046052529032932,1.075405,20,45
510,One Flew Over the Cuckoo's Nest,1975,1975-11-18,11,1970s,Drama,Drama,Miloš Forman,Jack Nicholson,133.0,120-150 min,4.0,3000000.0,108981275.0,12155463.5161866,441572637.403333,105981275.0,36.32709166666667,Profitable,True,8.0,1612,7.145054636842241,3.258151,33,42
362105,R.L. Stine's Monsterville: The Cabinet of Souls,2015,2015-09-29,9,2010s,Comedy,Comedy|Horror,Peter DeLuise,Dove Cameron,85.0,< 90 min,1.0,4400000.0,,4047998.21888078,,,,Unknown,False,7.2,22,6.144427409590708,0.36603,17,5
10970,Silent Movie,1976,1976-06-17,6,1970s,Comedy,Comedy,Mel Brooks,Mel Brooks,86.0,< 90 min,1.0,,,,,,,Unknown,False,6.9,27,6.142384011539913,0.194746,19,13
17663,Anne of Green Gables,1985,1985-12-01,12,1980s,Drama,Drama|Family,Kevin Sullivan,Megan Follows,199.0,> 150 min,5.0,,,,,,,Unknown,False,7.9,36,6.173186503372256,0.194912,8,1
270938,Falcon Rising,2014,2014-09-05,9,2010s,Adventure,Adventure|Action,Ernie Barbarash,Michael Jai White,103.0,90-105 min,2.0,,,,,,,Unknown,False,5.4,50,6.101379216820578,0.380414,21,11
116613,The Sweeney,2012,2012-09-11,9,2010s,Action,Action|Drama|Crime,Nick Love,Ray Winstone,112.0,105-120 min,3.0,3730500.0,6294161.0,3543021.04158455,5977843.41566033,2563661.0,1.6872164589197158,Profitable,True,5.7,64,6.107994188236213,0.988109,28,48
11826,Sexy Beast,2000,2000-09-13,9,2000s,Drama,Drama|Action|Thriller|Crime,Jonathan Glazer,Ray Winstone,89.0,< 90 min,1.0,5000000.0,,6331460.57171569,,,,Unknown,False,6.8,95,6.171379862216392,0.607671,8,11
1088,Whale Rider,2003,2003-01-30,1,2000s,Drama,Drama|Family,Niki Caro,Keisha Castle-Hughes,101.0,90-105 min,2.0,8000000.0,41400000.0,9482821.15826022,49073599.4939966,33400000.0,5.175,Profitable,True,6.7,46,6.146094249223465,0.421807,12,9
26379,Paa,2009,2009-12-04,12,2000s,Drama,Drama|Family|Foreign,Unknown,Amitabh Bachchan,133.0,120-150 min,4.0,3250000.0,,3303301.41090609,,,,Unknown,False,6.1,11,6.127057767443977,0.091395,7,4
10947,High School Musical,2006,2006-01-20,1,2000s,Comedy,Comedy|Drama|Family|Music|TV Movie,Kenny Ortega,Zac Efron,98.0,90-105 min,2.0,4200000.0,,4543010.4648246,,,,Unknown,False,6.0,524,6.091766443926188,1.223392,14,8
11386,The Crying Game,1992,1992-09-02,9,1990s,Romance,Romance|Crime|Drama|Thriller,Neil Jordan,Stephen Rea,112.0,105-120 min,3.0,3705538.0,62548947.0,5758495.92830105,97202580.7369991,58843409.0,16.879855772630048,Profitable,True,6.7,67,6.154279472477498,0.420957,18,8
10246,Porky's,1981,1981-11-13,11,1980s,Comedy,Comedy,Bob Clark,Dan Monahan,94.0,90-105 min,2.0,4000000.0,125728258.0,9592763.21942726,301520352.246265,121728258.0,31.4320645,Profitable,True,6.0,75,6.120597969587695,0.473893,44,23
29426,Survival of the Dead,2009,2009-09-09,9,2000s,Horror,Horror|Science Fiction,George A. Romero,Alan van Sprang,90.0,< 90 min,1.0,4000000.0,143191.0,4065601.73649981,145539.394562786,-3856809.0,0.03579775,Loss-making,True,4.6,35,6.088796025007396,0.394989,8,13
10331,Night of the Living Dead,1968,1968-10-01,10,1960s,Horror,Horror,George A. Romero,Duane Jones,96.0,90-105 min,2.0,114000.0,,714661.85210261,,,,Unknown,False,7.2,279,6.3105422560392945,1.058272,13,7
153,Lost in Translation,2003,2003-08-31,8,2000s,Drama,Drama,Sofia Coppola,Bill Murray,102.0,90-105 min,2.0,4000000.0,119723856.0,4741410.57913011,141914989.353162,115723856.0,29.930964,Profitable,True,7.3,1135,6.662025052564289,1.765322,22,47
703,Annie Hall,1977,1977-04-19,4,1970s,Comedy,Comedy|Drama|Romance,Woody Allen,Woody Allen,93.0,90-105 min,2.0,4000000.0,38251425.0,14391124.1302814,137620251.333787,34251425.0,9.56285625,Profitable,True,7.6,493,6.520354370817916,1.179653,48,44
1365,Monster's Ball,2001,2001-11-11,11,2000s,Drama,Drama|Romance,Marc Forster,Halle Berry,111.0,105-120 min,3.0,4000000.0,44909486.0,4925952.46677537,55305498.3358285,40909486.0,11.2273715,Profitable,True,6.4,107,6.147249714829767,0.522846,18,21
287424,Maggie,2015,2015-05-08,5,2010s,Horror,Horror,Henry Hobson,Arnold Schwarzenegger,95.0,90-105 min,2.0,4000000.0,187112.0,3679998.38080071,172142.964257095,-3812888.0,0.046778,Loss-making,True,5.1,384,5.9003202107691,1.980039,26,72
451,Leaving Las Vegas,1995,1995-10-27,10,1990s,Drama,Drama|Romance,Mike Figgis,Nicolas Cage,112.0,105-120 min,3.0,3600000.0,49800000.0,5151480.72158507,71262149.9819269,46200000.0,13.833333333333334,Profitable,True,6.9,184,6.219716896390205,1.162695,14,12
165864,Hansel and Gretel Get Baked,2013,2013-02-19,2,2010s,Horror,Horror|Comedy,Duane Journey,Molly C. Quinn,86.0,< 90 min,1.0,4500000.0,,4212150.08733191,,,,Unknown,False,4.9,48,6.085262505055113,0.129819,7,2
987,The Front Page,1974,1974-12-01,12,1970s,Comedy,Comedy,Billy Wilder,Jack Lemmon,105.0,90-105 min,2.0,4000000.0,,17689135.5540568,,,,Unknown,False,6.4,29,6.13299584870058,0.258089,23,14
241251,The Boy Next Door,2015,2015-01-23,1,2010s,Thriller,Thriller,Rob Cohen,Jennifer Lopez,91.0,90-105 min,2.0,4000000.0,50163103.0,3679998.38080071,46150034.4539848,46163103.0,12.54077575,Profitable,True,3.9,810,5.29363086656706,1.65107799999999,19,37
39781,The Kids Are All Right,2010,2010-07-09,7,2010s,Comedy,Comedy|Drama,Lisa Cholodenko,Julianne Moore,106.0,105-120 min,3.0,4000000.0,34705850.0,4000000.0,34705850.0,30705850.0,8.6764625,Profitable,True,6.4,280,6.174008052345495,0.68633,16,13
8337,They Live,1988,1988-11-23,11,1980s,Action,Action|Horror|Science Fiction|Thriller,John Carpenter,Roddy Piper,94.0,90-105 min,2.0,4000000.0,13008928.0,7375564.09236123,23987045.5592281,9008928.0,3.252232,Profitable,True,6.9,229,6.239054107976611,0.540362,47,23
5925,The Great Escape,1963,1963-06-20,6,1960s,Adventure,Adventure|Drama|History|Thriller|War,John Sturges,Steve McQueen,172.0,> 150 min,5.0,4000000.0,5000000.0,28480717.4862349,35600896.8577936,1000000.0,1.25,Profitable,True,7.5,409,6.445718653699604,0.664326,27,11
8357,What the #$*! Do We (K)now!?,2004,2004-04-23,4,2000s,Documentary,Documentary,"William Arntz, Betsy Chasse",Marlee Matlin,109.0,105-120 min,3.0,,10000000.0,,11544453.9981214,,,Unknown,False,5.9,19,6.124132662106018,0.203253,5,5
146203,The Last Exorcism Part II,2013,2013-02-28,2,2010s,Horror,Horror|Thriller,Ed Gass-Donnelly,Ashley Bell,88.0,< 90 min,1.0,5000000.0,15179302.0,4680166.76370212,14208332.9433194,10179302.0,3.0358604,Profitable,True,4.5,145,5.969879633338518,0.238632,7,3
85350,Boyhood,2014,2014-06-05,6,2010s,Drama,Drama,Richard Linklater,Ellar Coltrane,164.0,> 150 min,5.0,4000000.0,44349000.0,3684364.20308583,40849467.0106634,40349000.0,11.08725,Profitable,True,7.6,1343,6.860608267523552,2.595951,81,28
512,Scoop,2006,2006-07-27,7,2000s,Comedy,Comedy|Mystery,Woody Allen,Scarlett Johansson,96.0,90-105 min,2.0,4000000.0,31584901.0,4326676.63316629,34164413.2793926,27584901.0,7.89622525,Profitable,True,6.2,208,6.136960859316159,0.489898,47,17
13408,The Wash,2001,2001-11-16,11,2000s,Action,Action|Comedy,DJ Pooh,Dr. Dre,93.0,90-105 min,2.0,7000000.0,10229331.0,8620416.8168569,12597299.5682279,3229331.0,1.461333,Profitable,True,5.6,15,6.1215006634561195,0.12891,9,2
10744,The Cooler,2003,2003-01-17,1,2000s,Drama,Drama|Romance,Wayne Kramer,William H. Macy,101.0,90-105 min,2.0,32000000.0,,37931284.6330408,,,,Unknown,False,6.5,33,6.136144876604263,0.197542,13,20
11536,The Misfits,1961,1961-01-01,1,1960s,Drama,Drama|Action|Romance,John Huston,Clark Gable,124.0,120-150 min,4.0,4000000.0,,29179444.8318826,,,,Unknown,False,6.2,23,6.1284921634868725,0.265092,10,6
9782,The Night Listener,2006,2006-02-12,2,2000s,Drama,Drama|Thriller,Patrick Stettner,Toni Collette,91.0,90-105 min,2.0,,,,,,,Unknown,False,4.7,15,6.111640171161912,0.360617,15,11
184345,A Haunted House 2,2014,2014-04-17,4,2010s,Comedy,Comedy|Horror,Michael Tiddes,Marlon Wayans,87.0,< 90 min,1.0,,,,,,,Unknown,False,5.4,251,6.0135484133934165,0.548529,14,3
1809,The Rules of Attraction,2002,2002-10-11,10,2000s,Romance,Romance|Comedy|Drama,Roger Avary,James Van Der Beek,110.0,105-120 min,3.0,4000000.0,,4849045.57448218,,,,Unknown,False,6.1,87,6.125630808644628,0.481286,19,3
2370,Topaz,1969,1969-12-18,12,1960s,Action,Action|Drama|Mystery|Thriller,Alfred Hitchcock,Frederick Stafford,143.0,120-150 min,4.0,4000000.0,,23777056.8045775,,,,Unknown,False,5.7,36,6.116212184977896,0.567962,17,11
9809,Let's Go to Prison,2006,2006-11-17,11,2000s,Comedy,Comedy|Crime,Bob Odenkirk,Dax Shepard,84.0,< 90 min,1.0,4000000.0,4630045.0,4326676.63316629,5008176.8780021,630045.0,1.15751125,Profitable,True,5.4,36,6.108442959742302,0.249949,20,28
5,Four Rooms,1995,1995-12-25,12,1990s,Comedy,Comedy,"Allison Anders, Alexandre Rockwell, Robert Rodriguez, Quentin Tarantino",Tim Roth,98.0,90-105 min,2.0,4000000.0,4300000.0,5723867.46842786,6153157.52855995,300000.0,1.075,Profitable,True,6.4,293,6.175791729911828,1.23489,24,88
11013,Secretary,2002,2002-01-11,1,2000s,Comedy,Comedy|Drama|Romance,Steven Shainberg,James Spader,104.0,90-105 min,2.0,,9304609.0,,11279618.2734342,,,Unknown,False,6.7,213,6.205121918408381,1.038507,9,10
10132,Talk Radio,1988,1988-12-21,12,1980s,Drama,Drama,Oliver Stone,Eric Bogosian,110.0,105-120 min,3.0,4000000.0,3468572.0,7375564.09236123,6395668.7737424,-531428.0,0.867143,Loss-making,True,5.5,16,6.119952235849772,0.246182,7,13
16448,Waiting for Guffman,1996,1996-01-31,1,1990s,Music,Music|Comedy,Christopher Guest,Christopher Guest,84.0,< 90 min,1.0,,,,,,,Unknown,False,7.4,28,6.153061687531852,0.19445,16,3
8141,You Kill Me,2007,2007-02-09,2,2000s,Comedy,Comedy|Crime|Thriller|Romance,John Dahl,Ben Kingsley,90.0,< 90 min,1.0,4000000.0,2426851.0,4206674.33052618,2552242.95142795,-1573149.0,0.60671275,Loss-making,True,6.1,33,6.126628619665325,0.290794,15,16
1546,Thumbsucker,2005,2005-01-23,1,2000s,Comedy,Comedy|Drama,Mike Mills,Lou Taylor Pucci,96.0,90-105 min,2.0,,1919197.0,,2142904.91581503,,,Unknown,False,6.2,29,6.128802370282534,0.289486,8,18
48572,Red State,2011,2011-08-19,8,2010s,Horror,Horror|Action|Thriller,Kevin Smith,Michael Parks,88.0,< 90 min,1.0,4000000.0,1104682.0,3877592.17036588,1070876.56848603,-2895318.0,0.2761705,Loss-making,True,5.8,137,6.097207805202718,0.548602,38,11
14517,Mirrormask,2005,2005-01-25,1,2000s,Adventure,Adventure|Fantasy|Drama|Science Fiction|Family,Dave McKean,Stephanie Leonidas,101.0,90-105 min,2.0,4000000.0,866999.0,4466253.15861797,968059.255567156,-3133001.0,0.21674975,Loss-making,True,6.5,44,6.139007623444512,0.663397999999999,13,4
89708,Samsara,2011,2011-09-16,9,2010s,Drama,Drama|Documentary,Ron Fricke,Marcos Luna,102.0,90-105 min,2.0,4000000.0,,3877592.17036588,,,,Unknown,False,7.9,83,6.229661511612116,0.982341,4,7
64678,The Art of Getting By,2011,2011-06-17,6,2010s,Drama,Drama|Romance,Gavin Wiesen,Freddie Highmore,83.0,< 90 min,1.0,,1406224.0,,1363190.79304515,,,Unknown,False,6.4,259,6.171065996117893,0.264294,18,16
309503,Zipper,2015,2015-08-28,8,2010s,Thriller,Thriller|Drama,Mora Stephens,Patrick Wilson,103.0,90-105 min,2.0,,,,,,,Unknown,False,5.5,30,6.1136814958007175,0.357567,21,27
103328,Holy Motors,2012,2012-07-02,7,2010s,Drama,Drama|Fantasy,Leos Carax,Eva Mendes,115.0,105-120 min,3.0,,641100.0,,608881.058774924,,,Unknown,False,6.7,133,6.178499467646946,0.41248,19,6
157847,Joe,2014,2014-04-10,4,2010s,Drama,Drama,David Gordon Green,Nicolas Cage,118.0,105-120 min,3.0,4000000.0,2365467.0,3684364.20308583,2178810.48459521,-1634533.0,0.59136675,Loss-making,True,6.5,207,6.176700120644272,0.340308,21,32
48309,Prison,1988,1988-03-04,3,1980s,Crime,Crime|Drama|Horror|Thriller,Renny Harlin,Viggo Mortensen,102.0,90-105 min,2.0,1300000.0,354704.0,2397058.3300174,654035.521454225,-945296.0,0.2728492307692308,Loss-making,True,6.8,11,6.132698379853324,0.336536,15,9
27723,Psycho Beach Party,2000,2000-08-06,8,2000s,Comedy,Comedy,Robert Lee King,Lauren Ambrose,95.0,90-105 min,2.0,1500000.0,,1899438.1715147,,,,Unknown,False,5.3,10,6.1212129303847025,0.198144,11,2
242575,"Guten Tag, Ramón",2013,2013-10-18,10,2010s,Drama,Drama,Jorge Ramírez Suárez,Adriana Barraza,119.0,105-120 min,3.0,4000000.0,,3744133.41096169,,,,Unknown,False,8.4,11,6.145591208217547,0.05438,19,13
44945,Trust,2011,2011-04-01,4,2010s,Crime,Crime|Drama|Thriller,David Schwimmer,Clive Owen,104.0,90-105 min,2.0,9500000.0,120000.0,9209281.40461898,116327.765110976,-9380000.0,0.01263157894736842,Loss-making,True,6.5,164,6.167542690427358,0.687144,32,35
111190,Adore,2013,2013-04-03,4,2010s,Drama,Drama,Anne Fontaine,Naomi Watts,100.0,90-105 min,2.0,16000000.0,318982.0,14976533.6438467,298577.790923846,-15681018.0,0.019936375,Loss-making,True,6.2,185,6.1360188151112816,0.860381,23,17
54580,Mondays in the Sun,2002,2002-09-27,9,2000s,Drama,Drama|Foreign,Fernando León de Aranoa,Javier Bardem,113.0,105-120 min,3.0,4000000.0,146402.0,4849045.57448218,177477.492548835,-3853598.0,0.0366005,Loss-making,True,6.5,16,6.131630215559283,0.111966,11,13
52015,Stake Land,2010,2010-09-30,9,2010s,Drama,Drama|Horror|Action|Thriller|Science Fiction,Jim Mickle,Danielle Harris,98.0,90-105 min,2.0,650000.0,33245.0,650000.0,33245.0,-616755.0,0.05114615384615385,Loss-making,True,6.2,143,6.134223871710489,0.2596,14,18
60422,Another Happy Day,2011,2011-11-18,11,2010s,Comedy,Comedy|Drama,Sam Levinson,Ellen Barkin,119.0,105-120 min,3.0,4000000.0,355688.0,3877592.17036588,344803.250973275,-3644312.0,0.088922,Loss-making,True,6.1,19,6.126900122596878,0.429826,10,5
81390,A Lonely Place to Die,2011,2011-04-09,4,2010s,Adventure,Adventure|Action|Thriller|Crime,Julian Gilbey,Melissa George,99.0,90-105 min,2.0,4000000.0,25345000.0,3877592.17036588,24569393.3894808,21345000.0,6.33625,Profitable,True,6.1,77,6.125809907300519,0.70252,11,8
10981,Nothing,2003,2003-09-09,9,2000s,Comedy,Comedy|Fantasy|Science Fiction,Vincenzo Natali,David Hewlett,90.0,< 90 min,1.0,,,,,,,Unknown,False,5.5,14,6.120858532517926,0.156803,4,12
46420,The Loved Ones,2009,2009-09-13,9,2000s,Horror,Horror,Sean Byrne,Xavier Samuel,84.0,< 90 min,1.0,,,,,,,Unknown,False,6.3,99,6.139045185009823,0.23156,9,9
158150,How to Fall in Love,2012,2012-07-21,7,2010s,Comedy,Comedy|Romance|TV Movie,Mark Griffiths,Brooke D'Orsay,,,,,,,,,,Unknown,False,4.7,11,6.115776542625282,0.026459,10,2
251979,The Perfect Wave,2014,2014-02-28,2,2010s,Romance,Romance|Adventure|Drama,Bruce MacDonald,Scott Eastwood,113.0,105-120 min,3.0,,,,,,,Unknown,False,4.5,14,6.11062536242802,0.097665,6,6
874,A Man for All Seasons,1966,1966-12-12,12,1960s,Drama,Drama|History,Fred Zinnemann,Paul Scofield,120.0,105-120 min,3.0,,,,,,,Unknown,False,6.3,29,6.1308991094915575,0.4189,25,15
10774,Network,1976,1976-11-01,11,1970s,Drama,Drama,Sidney Lumet,Faye Dunaway,121.0,120-150 min,4.0,3800000.0,23689877.0,14560452.5082103,90772454.9957487,19889877.0,6.234178157894737,Profitable,True,7.4,161,6.262521654239174,0.476406,23,12
266102,Desert Dancer,2014,2014-07-03,7,2010s,Drama,Drama,Richard Raymond,Freida Pinto,98.0,90-105 min,2.0,,,,,,,Unknown,False,6.5,13,6.1308218552686515,0.181227,10,39
29715,Major Dundee,1965,1965-04-07,4,1960s,Action,Action|Adventure|War|Western,Sam Peckinpah,Charlton Heston,123.0,120-150 min,4.0,3800000.0,,26298142.0362651,,,,Unknown,False,5.2,18,6.115113008044438,0.119918,14,12
37495,Four Lions,2010,2010-05-07,5,2010s,Comedy,Comedy|Crime|Drama,Chris Morris,Riz Ahmed,101.0,90-105 min,2.0,967686.0,4270000.0,967686.0,4270000.0,3302314.0,4.412588380941751,Profitable,True,7.0,262,6.268762179529592,0.240403,20,13
34769,Defendor,2009,2009-09-12,9,2000s,Drama,Drama|Action|Comedy|Crime,Peter Stebbings,Woody Harrelson,101.0,90-105 min,2.0,3500000.0,44462.0,3557401.51943733,45191.1961020636,-3455538.0,0.012703428571428572,Loss-making,True,6.3,85,6.137479367895054,0.476687,16,17
8618,The History Boys,2006,2006-10-02,10,2000s,Comedy,Comedy|Drama,Nicholas Hytner,Samuel Anderson,109.0,105-120 min,3.0,4000000.0,13401952.0,4326676.63316629,14496478.139304,9401952.0,3.350488,Profitable,True,5.6,27,6.116969486885651,0.326984,15,16
3116,Midnight Cowboy,1969,1969-05-25,5,1960s,Drama,Drama,John Schlesinger,Dustin Hoffman,113.0,105-120 min,3.0,3600000.0,44785053.0,21399351.1241198,266214187.294254,41185053.0,12.4402925,Profitable,True,7.0,124,6.200491548838219,0.859806,49,13
9427,The Full Monty,1997,1997-08-13,8,1990s,Comedy,Comedy,Peter Cattaneo,Robert Carlyle,91.0,90-105 min,2.0,3500000.0,257850122.0,4754611.12375233,350279159.520599,254350122.0,73.67146342857143,Profitable,True,6.4,163,6.156579367436406,1.412516,30,13
813,Airplane!,1980,1980-07-02,7,1980s,Comedy,Comedy|Romance,"Jerry Zucker, Jim Abrahams, David Zucker",Robert Hays,88.0,< 90 min,1.0,3500000.0,83453539.0,9261128.63522451,220821131.35535,79953539.0,23.843868285714287,Profitable,True,7.0,618,6.400763936077162,1.636256,23,30
10634,Friday,1995,1995-04-26,4,1990s,Comedy,Comedy|Drama,F. Gary Gray,Ice Cube,91.0,90-105 min,2.0,3500000.0,28215918.0,5008384.03487438,40376043.783007,24715918.0,8.061690857142857,Profitable,True,7.0,294,6.282960110635139,0.805549,18,5
9516,Menace II Society,1993,1993-05-26,5,1990s,Drama,Drama|Action|Crime,"Albert Hughes, Allen Hughes",Tyrin Turner,97.0,90-105 min,2.0,3500000.0,27900000.0,5283144.86594548,42114211.9313939,24400000.0,7.9714285714285715,Profitable,True,7.1,94,6.190419555512584,0.397807,12,8
16288,Creepshow 2,1987,1987-05-01,5,1980s,Horror,Horror,Michael Gornick,George Kennedy,92.0,90-105 min,2.0,3500000.0,14000000.0,6716781.53322628,26867126.1329051,10500000.0,4.0,Profitable,True,5.8,42,6.117431816014449,0.614942,15,21
23330,The Ballad of Cable Hogue,1970,1970-05-13,5,1970s,Action,Action|Comedy|Western,Sam Peckinpah,Jason Robards,121.0,120-150 min,4.0,3716946.0,3500000.0,20875737.8503911,19657289.2036551,-216946.0,0.9416332655895459,Loss-making,True,7.3,19,6.143504885542039,0.193759,13,13
18900,In Cold Blood,1967,1967-12-14,12,1960s,Crime,Crime|Drama,Richard Brooks,Robert Blake,134.0,120-150 min,4.0,3500000.0,,22878673.0892549,,,,Unknown,False,6.9,28,6.142932174472016,0.2771,16,5
26268,Harper,1966,1966-02-23,2,1960s,Action,Action|Drama|Thriller|Crime|Mystery,Jack Smight,Paul Newman,121.0,120-150 min,4.0,,,,,,,Unknown,False,6.0,14,6.125975117562878,0.202473,15,14
573,Frenzy,1972,1972-05-25,5,1970s,Crime,Crime|Drama|Mystery|Thriller,Alfred Hitchcock,Jon Finch,116.0,105-120 min,3.0,3500000.0,12600000.0,18250963.259768,65703467.7351649,9100000.0,3.6,Profitable,True,6.9,58,6.159016045845034,0.599109,13,11
310131,The Witch,2015,2015-03-24,3,2010s,Mystery,Mystery|Horror,Robert Eggers,Anya Taylor-Joy,92.0,90-105 min,2.0,3500000.0,40423945.0,3219998.58320062,37190013.0363942,36923945.0,11.549698571428571,Profitable,True,5.8,700,6.015747314316622,2.46449,32,47
11363,She's the One,1996,1996-08-26,8,1990s,Comedy,Comedy|Romance,Edward Burns,Edward Burns,96.0,90-105 min,2.0,3500000.0,9482579.0,4865758.58636088,13182840.0543129,5982579.0,2.7093082857142856,Profitable,True,5.7,42,6.1144234355259455,0.519242,8,8
3033,Gods and Monsters,1998,1998-01-21,1,1990s,Drama,Drama,Bill Condon,Ian McKellen,105.0,90-105 min,2.0,10000000.0,6451628.0,13376954.6907829,8630313.54377869,-3548372.0,0.6451628,Loss-making,True,5.6,23,6.118471104740231,0.189141,11,13
22007,Train,2008,2008-10-16,10,2000s,Horror,Horror|Thriller,Gideon Raff,Thora Birch,94.0,90-105 min,2.0,,,,,,,Unknown,False,4.9,19,6.110295359651718,0.24117,5,14
765,Evil Dead II,1987,1987-03-13,3,1980s,Horror,Horror|Comedy|Fantasy,Sam Raimi,Bruce Campbell,84.0,< 90 min,1.0,3600000.0,5923044.0,6908689.57703275,11366797.8741962,2323044.0,1.64529,Profitable,True,7.5,383,6.429938724505079,1.427206,9,21
10615,Pootie Tang,2001,2001-06-29,6,2000s,Action,Action|Comedy,Louis C.K.,Jennifer Coolidge,81.0,< 90 min,1.0,,,,,,,Unknown,False,5.8,19,6.122748931860588,0.241272,20,19
205321,Sharknado,2013,2013-07-11,7,2010s,TV Movie,TV Movie|Horror,Anthony C. Ferrante,Ian Ziering,86.0,< 90 min,1.0,1000000.0,,936033.352740424,,,,Unknown,False,3.9,312,5.71018939939846,0.422934,14,16
540,D.E.B.S.,2004,2004-01-21,1,2000s,Action,Action|Comedy,Angela Robinson,Sara Foster,91.0,90-105 min,2.0,3500000.0,,4040558.89934252,,,,Unknown,False,5.0,43,6.092582176177634,0.078715,26,17
142061,"Batman: The Dark Knight Returns, Part 2",2013,2013-01-18,1,2010s,Animation,Animation|Action,Jay Oliva,Peter Weller,78.0,< 90 min,1.0,3500000.0,,3276116.73459148,,,,Unknown,False,7.8,263,6.399323825575272,1.905773,23,8
252360,In the Name of the King III,2013,2013-12-27,12,2010s,Action,Action|Adventure|Drama|Fantasy,Uwe Boll,Dominic Purcell,85.0,< 90 min,1.0,3500000.0,,3276116.73459148,,,,Unknown,False,3.0,15,6.093014796828408,0.434924,5,3
256740,Wicked Blood,2014,2014-03-04,3,2010s,Action,Action|Drama|Thriller,Mark Young,Abigail Breslin,92.0,90-105 min,2.0,3500000.0,,3223818.6777001,,,,Unknown,False,4.9,24,6.105904185717852,0.375458,15,28
12535,High Anxiety,1977,1977-12-25,12,1970s,Comedy,Comedy|Music,Mel Brooks,Mel Brooks,94.0,90-105 min,2.0,3400000.0,31063038.0,12232455.5107391,111758008.930412,27663038.0,9.136187647058824,Profitable,True,6.2,29,6.128802370282534,0.560826,13,10
50839,Margin Call,2011,2011-09-28,9,2010s,Thriller,Thriller|Drama,J.C. Chandor,Kevin Spacey,107.0,105-120 min,3.0,3500000.0,19504039.0,3392893.14907015,18907177.2292277,16004039.0,5.572582571428572,Profitable,True,6.6,313,6.21603176674331,0.846125,13,28
86549,August,2011,2011-06-09,6,2010s,Drama,Drama,Eldar Rapaport,Murray Bartlett,100.0,90-105 min,2.0,,,,,,,Unknown,False,6.4,12,6.129673199866607,0.004748,3,1
13973,Choke,2008,2008-09-26,9,2000s,Comedy,Comedy|Drama,Clark Gregg,Sam Rockwell,92.0,90-105 min,2.0,3000000.0,3830137.0,3038359.9014275,3879111.55925794,830137.0,1.2767123333333332,Profitable,True,6.1,54,6.126231488060346,0.382852,22,29
244786,Whiplash,2014,2014-10-10,10,2010s,Drama,Drama|Music,Damien Chazelle,Miles Teller,105.0,90-105 min,2.0,3300000.0,13993093.0,3039600.46754581,12888912.7349127,10693093.0,4.2403312121212124,Profitable,True,8.2,2372,7.446753055027447,4.780419,51,64
11129,Human Traffic,1999,1999-06-04,6,1990s,Comedy,Comedy|Drama,Justin Kerrigan,John Simm,99.0,90-105 min,2.0,600000.0,4000000.0,785431.707956593,5236211.38637729,3400000.0,6.666666666666667,Profitable,True,6.8,42,6.147515620899486,0.312827,9,4
75861,To Write Love on Her Arms,2015,2015-03-13,3,2010s,Drama,Drama|Music,Nathan Frankowski,Kat Dennings,118.0,105-120 min,3.0,3400000.0,,3127998.6236806,,,,Unknown,False,6.9,32,6.145116916772075,0.253949,26,22
13551,The Dead Girl,2006,2006-11-07,11,2000s,Crime,Crime|Drama|Mystery|Thriller,Karen Moncrieff,Brittany Murphy,85.0,< 90 min,1.0,,,,,,,Unknown,False,6.5,21,6.132969644635134,0.155301,13,16
850,A Christmas Story,1983,1983-11-18,11,1980s,Comedy,Comedy|Family,Bob Clark,Melinda Dillon,94.0,90-105 min,2.0,,19294144.0,,42240900.9456733,,,Unknown,False,7.1,186,6.244754599271328,1.494805,15,12
12586,Bella,2006,2006-09-09,9,2000s,Drama,Drama|Romance,Alejandro Monteverde,Tammy Blanchard,91.0,90-105 min,2.0,,,,,,,Unknown,False,6.8,22,6.138032525497982,0.155835,22,28
11564,Class of 1984,1982,1982-08-20,8,1980s,Horror,Horror|Action|Crime|Drama|Thriller,Mark L. Lester,Perry King,98.0,90-105 min,2.0,4300000.0,,9716462.33097027,,,,Unknown,False,6.4,31,6.133381386425365,0.323363,15,17
805,Rosemary's Baby,1968,1968-06-12,6,1960s,Horror,Horror|Drama|Mystery,Roman Polanski,Mia Farrow,136.0,120-150 min,4.0,3200000.0,33395426.0,20060683.5677925,209354710.49926,30195426.0,10.436070625,Profitable,True,7.3,448,6.4188150259906624,0.724527,18,14
11697,The Man Who Shot Liberty Valance,1962,1962-04-22,4,1960s,Western,Western,John Ford,John Wayne,123.0,120-150 min,4.0,3200000.0,8000000.0,23067036.4120378,57667591.0300945,4800000.0,2.5,Profitable,True,7.1,134,6.214868999622184,0.507078,85,32
22051,Adam,2009,2009-07-29,7,2000s,Drama,Drama|Romance,Max Mayer,Hugh Dancy,99.0,90-105 min,2.0,,2277396.0,,2314746.28307443,,,Unknown,False,6.8,76,6.163028150715176,0.536572,24,13
55347,Beginners,2010,2010-09-11,9,2010s,Drama,Drama|Romance|Comedy,Mike Mills,Ewan McGregor,105.0,90-105 min,2.0,3200000.0,5332926.0,3200000.0,5332926.0,2132926.0,1.666539375,Profitable,True,6.8,204,6.21535624050945,0.802711,31,22
10070,Feast,2005,2005-10-14,10,2000s,Action,Action|Comedy|Horror,John Gulager,Balthazar Getty,95.0,90-105 min,2.0,,658573.0,,735338.435357629,,,Unknown,False,5.8,63,6.112727795030536,0.681346,20,65
8469,Animal House,1978,1978-07-27,7,1970s,Comedy,Comedy,John Landis,John Belushi,109.0,105-120 min,3.0,2700000.0,141000000.0,9025291.87626792,471320797.98288,138300000.0,52.22222222222222,Profitable,True,6.7,230,6.210432774659285,1.15793,41,40
658,Goldfinger,1964,1964-09-17,9,1960s,Adventure,Adventure|Action|Thriller,Guy Hamilton,Sean Connery,110.0,105-120 min,3.0,3500000.0,124900000.0,24605935.9359851,878080399.544157,121400000.0,35.68571428571428,Profitable,True,7.0,602,6.395862460169609,3.153791,27,13
125490,Antiviral,2012,2012-09-19,9,2010s,Science Fiction,Science Fiction|Horror,Brandon Cronenberg,Caleb Landry Jones,110.0,105-120 min,3.0,2400000.0,,2279386.27524539,,,,Unknown,False,5.7,75,6.104853794932317,0.541575,32,21
627,Trainspotting,1996,1996-02-23,2,1990s,Drama,Drama|Crime,Danny Boyle,Ewan McGregor,93.0,90-105 min,2.0,4000000.0,16491080.0,5560866.95584101,22926175.4595326,12491080.0,4.12277,Profitable,True,7.6,1163,6.807733724658445,2.94792,23,44
41436,Paranormal Activity 2,2010,2010-10-20,10,2010s,Horror,Horror|Thriller,Tod Williams,Katie Featherston,91.0,90-105 min,2.0,3000000.0,177512032.0,3000000.0,177512032.0,174512032.0,59.17067733333333,Profitable,True,5.7,421,6.025940261584008,0.875432,10,27
10162,Waking Ned,1998,1998-09-15,9,1990s,Comedy,Comedy|Romance,Kirk Jones,Ian Bannen,91.0,90-105 min,2.0,,,,,,,Unknown,False,7.5,27,6.154113792149571,0.212835,56,8
1430,Bowling for Columbine,2002,2002-10-09,10,2000s,Documentary,Documentary,Michael Moore,Michael Moore,120.0,105-120 min,3.0,4000000.0,35564473.0,4849045.57448218,43113437.6023603,31564473.0,8.89111825,Profitable,True,7.2,235,6.285914390748079,1.005772,21,23
10014,A Nightmare on Elm Street Part 2: Freddy's Revenge,1985,1985-11-01,11,1980s,Horror,Horror,Jack Sholder,Robert Englund,87.0,< 90 min,1.0,3000000.0,29999213.0,6081498.15679926,60813386.1883095,26999213.0,9.999737666666666,Profitable,True,5.7,168,6.0801173105169,1.299275,26,30
11257,A Room with a View,1986,1986-03-07,3,1980s,Drama,Drama|Romance,James Ivory,Maggie Smith,117.0,105-120 min,3.0,3000000.0,20966644.0,5968219.23258647,41711175.9878646,17966644.0,6.9888813333333335,Profitable,True,6.6,80,6.153647973180234,0.400218,25,8
158015,The Purge,2013,2013-05-31,5,2010s,Science Fiction,Science Fiction|Horror|Thriller,James DeMonaco,Lena Headey,86.0,< 90 min,1.0,3000000.0,89328627.0,2808100.05822127,83614574.2265088,86328627.0,29.776209,Profitable,True,5.8,1522,5.9540859352379165,2.811403,15,11
82507,Sinister,2012,2012-03-29,3,2010s,Horror,Horror|Thriller|Mystery,Scott Derrickson,Ethan Hawke,110.0,105-120 min,3.0,3000000.0,77712439.0,2849232.84405673,73806944.5301852,74712439.0,25.904146333333333,Profitable,True,6.7,914,6.358073523362186,1.3743,15,14
1685,Beneath the Planet of the Apes,1970,1970-05-01,5,1970s,Adventure,Adventure|Science Fiction|Mystery,Ted Post,James Franciscus,95.0,90-105 min,2.0,3000000.0,18999718.0,16849105.0317044,106709414.718254,15999718.0,6.333239333333333,Profitable,True,5.9,163,6.102858452532972,0.797231,16,16
20737,Air Bud,1997,1997-08-01,8,1990s,Comedy,Comedy|Family|Drama,Charles Martin Smith,Kevin Zegers,98.0,90-105 min,2.0,3000000.0,23144499.0,4075380.96321629,31440883.5425928,20144499.0,7.714833,Profitable,True,5.3,50,6.097818216891798,0.436806,8,4
10225,Friday the 13th Part VI: Jason Lives,1986,1986-08-01,8,1980s,Horror,Horror|Mystery|Thriller,Tom McLoughlin,Thom Mathews,86.0,< 90 min,1.0,3000000.0,19472057.0,5968219.23258647,38737835.0284733,16472057.0,6.490685666666667,Profitable,True,5.5,90,6.0881840304257135,0.541302,12,6
5854,Family Plot,1976,1976-04-09,4,1970s,Comedy,Comedy|Crime|Thriller,Alfred Hitchcock,Barbara Harris,121.0,120-150 min,4.0,2000000.0,7900000.0,7663396.05695282,30270414.4249636,5900000.0,3.95,Profitable,True,6.7,37,6.142510645056267,0.600495,16,8
284,The Apartment,1960,1960-06-15,6,1960s,Comedy,Comedy|Drama|Romance,Billy Wilder,Jack Lemmon,125.0,120-150 min,4.0,3000000.0,25000000.0,22118902.3715887,184324186.429905,22000000.0,8.333333333333334,Profitable,True,7.9,235,6.38943210517763,0.947307,23,26
10285,Jason Goes to Hell: The Final Friday,1993,1993-08-13,8,1990s,Horror,Horror|Thriller,Adam Marcus,Kane Hodder,87.0,< 90 min,1.0,3000000.0,15.0,4528409.88509612,22.6420494254806,-2999985.0,5e-06,Loss-making,True,3.9,86,5.994268841287253,0.504169,12,15
5780,Torn Curtain,1966,1966-07-13,7,1960s,Mystery,Mystery|Thriller,Alfred Hitchcock,Paul Newman,128.0,120-150 min,4.0,3000000.0,13000000.0,20154044.0768943,87334190.9998757,10000000.0,4.333333333333333,Profitable,True,6.3,46,6.132952330789067,0.40273,11,13
292,Dave Chappelle's Block Party,2005,2005-09-12,9,2000s,Comedy,Comedy|Documentary|Music,Michel Gondry,Dave Chappelle,100.0,90-105 min,2.0,3000000.0,11718595.0,3349689.86896348,13084552.9833287,8718595.0,3.906198333333333,Profitable,True,7.0,15,6.136839207024887,0.151442,15,13
223485,Slow West,2015,2015-04-16,4,2010s,Romance,Romance|Thriller|Western,John Maclean,Michael Fassbender,84.0,< 90 min,1.0,,229094.0,,210766.387262789,,,Unknown,False,6.6,229,6.195658239111726,1.329702,9,49
18065,Next Day Air,2009,2009-02-06,2,2000s,Action,Action|Comedy|Crime,Benny Boom,Donald Faison,84.0,< 90 min,1.0,,,,,,,Unknown,False,5.0,18,6.112489292571804,0.155519,6,3
22013,Elmer Gantry,1960,1960-06-19,6,1960s,Drama,Drama,Richard Brooks,Burt Lancaster,146.0,120-150 min,4.0,,,,,,,Unknown,False,6.3,11,6.128669370989504,0.138777,14,8
821,Judgment at Nuremberg,1961,1961-12-01,12,1960s,Drama,Drama|History,Stanley Kramer,Spencer Tracy,186.0,> 150 min,5.0,3000000.0,10000000.0,21884583.6239119,72948612.0797065,7000000.0,3.3333333333333335,Profitable,True,6.7,67,6.154279472477498,0.538364,55,25
132344,Before Midnight,2013,2013-04-05,4,2010s,Romance,Romance|Drama,Richard Linklater,Ethan Hawke,108.0,105-120 min,3.0,3000000.0,11176469.0,2808100.05822127,10461547.7498694,8176469.0,3.725489666666667,Profitable,True,7.1,346,6.325243549401666,0.639506,17,35
15582,Teen Wolf Too,1987,1987-11-20,11,1980s,Comedy,Comedy|Fantasy|Family,Christopher Leitch,Jason Bateman,95.0,90-105 min,2.0,,,,,,,Unknown,False,3.5,23,6.083397399126986,0.147904,34,21
15158,Phantasm II,1988,1988-07-08,7,1980s,Action,Action|Horror|Science Fiction|Thriller,Don Coscarelli,James Le Gros,97.0,90-105 min,2.0,3000000.0,7282851.0,5531673.06927092,13428783.5814042,4282851.0,2.427617,Profitable,True,6.1,25,6.126783089215991,0.538522,14,8
7509,Water,2005,2005-09-08,9,2000s,Drama,Drama|Foreign|Romance,Deepa Mehta,Lisa Ray,115.0,105-120 min,3.0,,10422387.0,,11637254.7147722,,,Unknown,False,6.3,17,6.1294191221193,0.11769,9,4
10557,East Is East,1999,1999-05-14,5,1990s,Comedy,Comedy,Damien O'Donnell,Om Puri,97.0,90-105 min,2.0,3800000.0,28200000.0,4974400.81705842,36915290.2739598,24400000.0,7.421052631578948,Profitable,True,6.5,24,6.133768636773654,0.238748,21,5
28005,Kama Sutra - A Tale of Love,1996,1996-09-11,9,1990s,Drama,Drama|History|Romance,Mira Nair,Indira Varma,117.0,105-120 min,3.0,3000000.0,4109095.0,4170650.21688076,5712532.65097788,1109095.0,1.3696983333333332,Profitable,True,6.1,20,6.126880546057619,0.459939,4,3
40247,Please Give,2010,2010-01-22,1,2010s,Comedy,Comedy|Drama,Nicole Holofcener,Rebecca Hall,90.0,< 90 min,1.0,3000000.0,,3000000.0,,,,Unknown,False,5.6,24,6.1180948830547655,0.534468,14,3
252,Willy Wonka & the Chocolate Factory,1971,1971-06-29,6,1970s,Family,Family|Fantasy,Mel Stuart,Gene Wilder,100.0,90-105 min,2.0,3000000.0,4000000.0,16155584.7433119,21540779.6577493,1000000.0,1.3333333333333333,Profitable,True,7.2,434,6.387644180044613,2.430667,36,14
24126,Warlock: The Armageddon,1993,1993-05-01,5,1990s,Fantasy,Fantasy|Horror|Science Fiction,Anthony Hickox,Julian Sands,98.0,90-105 min,2.0,,,,,,,Unknown,False,5.4,20,6.1166920590479394,0.512054,18,3
16642,Days of Heaven,1978,1978-09-13,9,1970s,Drama,Drama|Romance,Terrence Malick,Richard Gere,94.0,90-105 min,2.0,,,,,,,Unknown,False,7.3,92,6.20188545628779,0.598160999999999,7,17
18892,Jawbreaker,1999,1999-01-30,1,1990s,Comedy,Comedy,Darren Stein,Rose McGowan,87.0,< 90 min,1.0,3000000.0,3076820.0,3927158.53978296,4027719.97945834,76820.0,1.0256066666666668,Profitable,True,5.6,48,6.109226558974234,0.195048,14,22
549,Basquiat,1996,1996-08-09,8,1990s,Drama,Drama|History,Julian Schnabel,Jeffrey Wright,108.0,105-120 min,3.0,2962051.0,3011195.0,4117892.88185395,4186213.69327342,49144.0,1.016591206565991,Profitable,True,6.7,53,6.148849803381262,0.548582,20,27
121986,Frances Ha,2013,2013-05-17,5,2010s,Comedy,Comedy|Drama,Noah Baumbach,Greta Gerwig,86.0,< 90 min,1.0,,4069826.0,,3809492.87585015,,,Unknown,False,7.1,232,6.269558387452098,0.677303,48,23
868,Tsotsi,2005,2005-08-18,8,2000s,Crime,Crime|Drama,Gavin Hood,Presley Chweneyagae,94.0,90-105 min,2.0,3000000.0,9879971.0,3349689.86896348,11031612.921451,6879971.0,3.2933236666666668,Profitable,True,6.8,42,6.147515620899486,0.075624,16,14
10683,Happiness,1998,1998-10-16,10,1990s,Comedy,Comedy|Drama,Todd Solondz,Jane Adams,139.0,120-150 min,4.0,3000000.0,2807390.0,4013086.40723489,3755432.88293572,-192610.0,0.9357966666666667,Loss-making,True,6.9,75,6.167830493553827,0.477036,18,7
246403,Tusk,2014,2014-09-19,9,2010s,Comedy,Comedy|Drama|Horror,Kevin Smith,Michael Parks,102.0,90-105 min,2.0,2800000.0,1826705.0,2579054.94216008,1682561.62789947,-973295.0,0.6523946428571429,Loss-making,True,4.9,206,5.965224381986907,0.559472,10,18
35691,Letters to God,2010,2010-04-09,4,2010s,Action,Action|Drama|Family|Thriller,"David Nixon, Patrick Doughtie",Robyn Lively,110.0,105-120 min,3.0,,,,,,,Unknown,False,6.7,24,6.137251693155629,0.107729,15,3
49010,Hobo with a Shotgun,2011,2011-05-06,5,2010s,Action,Action|Comedy|Thriller,Jason Eisener,Rutger Hauer,86.0,< 90 min,1.0,3000000.0,672648.0,2908194.12777441,652063.654553068,-2327352.0,0.224216,Loss-making,True,5.8,84,6.108161155926411,0.567753,5,13
11229,Freeway,1996,1996-08-23,8,1990s,Comedy,Comedy|Drama|Thriller,Matthew Bright,Kiefer Sutherland,110.0,105-120 min,3.0,3000000.0,,4170650.21688076,,,,Unknown,False,6.6,30,6.13752370373367,0.361648,14,10
24469,Fish Tank,2009,2009-05-14,5,2000s,Drama,Drama,Andrea Arnold,Katie Jarvis,123.0,120-150 min,4.0,3000000.0,2357852.0,3049201.30237486,2396521.79640238,-642148.0,0.7859506666666667,Loss-making,True,6.6,124,6.166934955914872,1.159118,29,24
82533,Damsels in Distress,2012,2012-04-06,4,2010s,Comedy,Comedy|Romance,Whit Stillman,Greta Gerwig,99.0,90-105 min,2.0,,,,,,,Unknown,False,5.6,34,6.114362479891775,0.319294,21,2
50942,Creature,1998,1998-05-17,5,1990s,Horror,Horror|Science Fiction|Thriller,Stuart Gillard,Craig T. Nelson,176.0,> 150 min,5.0,,,,,,,Unknown,False,3.8,15,6.101779678867704,0.455013,15,3
84174,Bachelorette,2012,2012-08-06,8,2010s,Comedy,Comedy|Romance,Leslye Headland,Kirsten Dunst,87.0,< 90 min,1.0,3000000.0,11947954.0,2849232.84405673,11347500.9853596,8947954.0,3.9826513333333335,Profitable,True,5.3,288,5.982185347017704,0.604625,15,63
79940,Tim and Eric's Billion Dollar Movie,2012,2012-03-02,3,2010s,Comedy,Comedy,"Tim Heidecker, Eric Wareheim",Eric Wareheim,94.0,90-105 min,2.0,,,,,,,Unknown,False,4.4,19,6.103376708424568,0.113914,19,10
38033,Chain Letter,2010,2010-10-01,10,2010s,Horror,Horror|Thriller,Deon Taylor,Nikki Reed,96.0,90-105 min,2.0,,,,,,,Unknown,False,3.8,15,6.101779678867704,0.150336,8,34
38541,The Divide,2011,2011-03-13,3,2010s,Science Fiction,Science Fiction,Xavier Gens,Lauren German,112.0,105-120 min,3.0,3000000.0,22000.0,2908194.12777441,21326.7569370123,-2978000.0,0.007333333333333333,Loss-making,True,5.6,86,6.095789569014494,0.189663,10,35
234212,Demonic,2015,2015-02-12,2,2010s,Thriller,Thriller|Horror,Will Canon,Maria Bello,83.0,< 90 min,1.0,3000000.0,3387000.0,2759998.78560053,3116038.628943,387000.0,1.129,Profitable,True,5.0,91,6.056291300489774,0.414913,14,47
71866,Tanner Hall,2009,2009-09-14,9,2000s,Drama,Drama,"Francesca Gregorini, Tatiana von Furstenberg",Rooney Mara,96.0,90-105 min,2.0,,,,,,,Unknown,False,5.7,18,6.121672296726021,0.378554,12,10
192210,Open Road,2013,2013-04-12,4,2010s,Action,Action|Drama|Thriller,Márcio Garcia,Camilla Belle,85.0,< 90 min,1.0,3000000.0,,2808100.05822127,,,,Unknown,False,5.9,11,6.125446163898449,0.282226,11,6
180296,They Came Together,2014,2014-06-27,6,2010s,Comedy,Comedy,David Wain,Paul Rudd,84.0,< 90 min,1.0,,,,,,,Unknown,False,5.2,115,6.0546910069687385,0.119415,36,20
157058,30 Nights of Paranormal Activity With the Devil Inside the Girl With the Dragon Tattoo,2013,2013-01-14,1,2010s,Comedy,Comedy,Craig Moss,Kathryn Fiore,80.0,< 90 min,1.0,,,,,,,Unknown,False,2.6,18,6.081004706900206,0.473599,12,2
70006,Never Back Down 2: The Beatdown,2011,2011-09-13,9,2010s,Drama,Drama|Action,Michael Jai White,Stacey Asaro,90.0,< 90 min,1.0,3000000.0,,2908194.12777441,,,,Unknown,False,5.7,75,6.104853794932317,0.349834,11,10
26039,Point Blank,1967,1967-08-30,8,1960s,Action,Action|Adventure|Crime|Drama|Mystery,John Boorman,Lee Marvin,92.0,90-105 min,2.0,,,,,,,Unknown,False,6.7,35,6.141707982389874,0.337261,25,30
260947,Something Wicked,2014,2014-04-04,4,2010s,Mystery,Mystery|Thriller,Darin Scott,Shantel VanSanten,95.0,90-105 min,2.0,3000000.0,,2763273.15231437,,,,Unknown,False,4.7,11,6.115776542625282,0.068752,15,16
248,Pocketful of Miracles,1961,1961-12-18,12,1960s,Comedy,Comedy|Drama,Frank Capra,Glenn Ford,136.0,120-150 min,4.0,2900000.0,5000000.0,21155097.5031149,36474306.0398532,2100000.0,1.7241379310344827,Profitable,True,6.1,10,6.127077603062659,0.290285,40,9
325173,Close Range,2015,2015-12-11,12,2010s,Crime,Crime|Action,Isaac Florentine,Scott Adkins,80.0,< 90 min,1.0,,,,,,,Unknown,False,5.0,41,6.094148489956113,0.239496,6,29
351043,Amnesiac,2015,2015-08-14,8,2010s,Thriller,Thriller|Mystery|Drama|Horror,Michael Polish,Kate Bosworth,90.0,< 90 min,1.0,3000000.0,,2759998.78560053,,,,Unknown,False,4.1,29,6.084770846893047,0.137954,6,3
43942,Freakonomics,2010,2010-10-01,10,2010s,Documentary,Documentary,"Heidi Ewing, Rachel Grady, Morgan Spurlock, Seth Gordon, Alex Gibney, Eugene Jarecki",Zoe Sloane,93.0,90-105 min,2.0,3000000.0,103735.0,3000000.0,103735.0,-2896265.0,0.034578333333333336,Loss-making,True,6.7,25,6.137659747906441,0.27519,19,27
66942,Griff the Invisible,2011,2011-08-19,8,2010s,Action,Action|Comedy|Drama|Foreign|Romance,Leon Ford,Ryan Kwanten,93.0,90-105 min,2.0,2902660.0,,2813832.92230856,,,,Unknown,False,6.0,13,6.1260672652606045,0.062682,6,2
10476,Hustle & Flow,2005,2005-07-22,7,2000s,Drama,Drama,Craig Brewer,Terrence Howard,116.0,105-120 min,3.0,8000000.0,22201636.0,8932506.31723595,24789531.7278716,14201636.0,2.7752045,Profitable,True,6.2,50,6.129867216250818,0.37807,15,29
10281,Friday the 13th Part VII: The New Blood,1988,1988-05-13,5,1980s,Horror,Horror|Thriller,John Carl Buechler,Kane Hodder,88.0,< 90 min,1.0,2800000.0,19170001.0,5162894.86465286,35347392.7565322,16370001.0,6.846428928571428,Profitable,True,5.4,81,6.086228526470471,0.485136,15,12
3034,Young Frankenstein,1974,1974-12-15,12,1970s,Comedy,Comedy|Science Fiction,Mel Brooks,Gene Wilder,106.0,105-120 min,3.0,2800000.0,86273333.0,12382394.8878398,381525170.534322,83473333.0,30.811904642857144,Profitable,True,7.5,445,6.46681482871312,1.049959,34,44
13025,Diary of the Dead,2007,2007-09-08,9,2000s,Horror,Horror|Action|Science Fiction,George A. Romero,Michelle Morgan,95.0,90-105 min,2.0,2000000.0,5364858.0,2103337.16526309,5642052.60887951,3364858.0,2.682429,Profitable,True,5.3,72,6.085510524043036,0.663818999999999,10,2
21461,Lage Raho Munna Bhai,2006,2006-01-01,1,2000s,Comedy,Comedy|Drama|Romance,Rajkumar Hirani,Sanjay Dutt,144.0,120-150 min,4.0,,,,,,,Unknown,False,8.1,21,6.157404231210656,0.029925,12,8
17264,The Black Stallion,1979,1979-10-17,10,1970s,Adventure,Adventure|Family,Carroll Ballard,Kelly Reno,118.0,105-120 min,3.0,2700000.0,37799643.0,8112295.80675429,113571068.668781,35099643.0,13.999867777777778,Profitable,True,6.8,28,6.1409062718600484,0.159632,9,13
15875,Donovan's Reef,1963,1963-06-12,6,1960s,Adventure,Adventure|Comedy|Romance,John Ford,John Wayne,109.0,105-120 min,3.0,,,,,,,Unknown,False,6.0,14,6.125975117562878,0.215025,20,10
11072,Blazing Saddles,1974,1974-02-07,2,1970s,Comedy,Comedy|Western,Mel Brooks,Cleavon Little,93.0,90-105 min,2.0,2600000.0,119500000.0,11497938.1101369,528462924.677449,116900000.0,45.96153846153846,Profitable,True,7.0,334,6.299950570663926,0.577802,25,12
9730,Friday the 13th: The Final Chapter,1984,1984-04-13,4,1980s,Horror,Horror|Thriller,Joseph Zito,Kimberly Beck,91.0,90-105 min,2.0,,32.0,,67.1693452542128,,,Unknown,False,5.7,100,6.097893238661559,0.747792,13,8
26371,Maurice,1987,1987-09-18,9,1980s,Drama,Drama|Romance,James Ivory,James Wilby,134.0,120-150 min,4.0,,,,,,,Unknown,False,6.5,21,6.132969644635134,0.258955,27,9
14137,Beer League,2006,2006-09-15,9,2000s,Comedy,Comedy,Frank Sebastiano,Artie Lange,86.0,< 90 min,1.0,,,,,,,Unknown,False,4.9,12,6.116497004858921,0.077689,10,16
291,Riding Giants,2004,2004-07-09,7,2000s,Documentary,Documentary,Stacy Peralta,Jeff Clark,105.0,90-105 min,2.0,2600000.0,3166000.0,3001558.03951158,3654974.13580526,566000.0,1.2176923076923076,Profitable,True,6.9,13,6.134625527275088,0.156769,14,8
8875,Timber Falls,2007,2007-12-07,12,2000s,Horror,Horror|Thriller,Tony Giglio,Josh Randall,97.0,90-105 min,2.0,2600000.0,,2734338.31484201,,,,Unknown,False,5.2,18,6.115113008044438,0.43341,12,18
72914,"Fat, Sick & Nearly Dead",2010,2010-04-16,4,2010s,Documentary,Documentary,"Joe Cross, Kurt Engfehr",Joe Cross,97.0,90-105 min,2.0,,,,,,,Unknown,False,7.2,36,6.155058311155869,0.071963,5,2
139038,A Haunted House,2013,2013-01-11,1,2010s,Comedy,Comedy|Horror,Michael Tiddes,Marlon Wayans,86.0,< 90 min,1.0,2500000.0,60141683.0,2340083.38185106,56294621.1779418,57641683.0,24.0566732,Profitable,True,5.5,345,5.999909692388779,0.892454999999999,16,8
126509,2016: Obama's America,2012,2012-07-13,7,2010s,Documentary,Documentary,"John Sullivan, Dinesh D'Souza",Unknown,87.0,< 90 min,1.0,2500000.0,33400000.0,2374360.70338061,31721458.997165,30900000.0,13.36,Profitable,True,4.7,11,6.115776542625282,0.075043,0,7
9591,That Thing You Do!,1996,1996-10-04,10,1990s,Comedy,Comedy|Drama,Tom Hanks,Tom Everett Scott,108.0,105-120 min,3.0,,34585416.0,,48081224.2471037,,,Unknown,False,6.8,120,6.182040945890899,0.730181,25,9
10676,Halloween III: Season of the Witch,1982,1982-10-22,10,1980s,Horror,Horror|Mystery|Science Fiction,Tommy Lee Wallace,Tom Atkins,96.0,90-105 min,2.0,2500000.0,14400000.0,5649106.00637806,32538850.5967376,11900000.0,5.76,Profitable,True,4.7,90,6.038325987353904,0.310497,23,12
1687,Escape from the Planet of the Apes,1971,1971-05-20,5,1970s,Action,Action|Science Fiction,Don Taylor,Roddy McDowall,98.0,90-105 min,2.0,2500000.0,12348905.0,13462987.2860933,66501260.4048697,9848905.0,4.939562,Profitable,True,6.2,125,6.133423405001537,0.861629999999999,13,14
24748,Hud,1963,1963-05-29,5,1960s,Action,Action|Drama|Western,Martin Ritt,Paul Newman,112.0,105-120 min,3.0,,,,,,,Unknown,False,7.0,24,6.1424762777285915,0.3104,17,9
181330,Kevin Hart: Let Me Explain,2013,2013-07-03,7,2010s,Documentary,Documentary|Comedy,Leslie Small,Kevin Hart,75.0,< 90 min,1.0,,32230907.0,,30169203.9410748,,,Unknown,False,7.1,75,6.178326609990745,0.340767,7,21
468,My Own Private Idaho,1991,1991-10-18,10,1990s,Drama,Drama|Romance,Gus Van Sant,River Phoenix,104.0,90-105 min,2.0,2500000.0,,4002732.10482546,,,,Unknown,False,7.1,94,6.190419555512584,0.687589999999999,13,11
401,Garden State,2004,2004-01-16,1,2000s,Comedy,Comedy|Drama|Romance,Zach Braff,Zach Braff,102.0,90-105 min,2.0,2500000.0,26781723.0,2886113.49953037,30918036.9163932,24281723.0,10.7126892,Profitable,True,7.1,342,6.32341640135474,0.586936,37,22
76,Before Sunrise,1995,1995-01-27,1,1990s,Drama,Drama|Romance,Richard Linklater,Ethan Hawke,105.0,90-105 min,2.0,2500000.0,5535405.0,3577417.16776741,7920981.15101823,3035405.0,2.214162,Profitable,True,7.6,554,6.554869534268525,1.706784,27,12
19316,Saving Face,2004,2004-09-12,9,2000s,Comedy,Comedy|Romance,Alice Wu,Michelle Krusiec,91.0,90-105 min,2.0,,,,,,,Unknown,False,6.3,14,6.12904506858985,0.236471,5,24
84329,Robot & Frank,2012,2012-08-16,8,2010s,Science Fiction,Science Fiction|Comedy|Drama|Crime,Jake Schreier,Frank Langella,85.0,< 90 min,1.0,2500000.0,3325038.0,2374360.70338061,3157935.8257789,825038.0,1.3300152,Profitable,True,6.7,307,6.233126577772423,0.380291,15,23
20,My Life Without Me,2003,2003-03-07,3,2000s,Drama,Drama|Romance,Isabel Coixet,Sarah Polley,106.0,105-120 min,3.0,,9726954.0,,11529870.6495779,,,Unknown,False,6.7,44,6.145301879935465,0.28249,12,17
157386,The Spectacular Now,2013,2013-08-02,8,2010s,Comedy,Comedy|Drama|Romance,James Ponsoldt,Miles Teller,95.0,90-105 min,2.0,2500000.0,6854611.0,2340083.38185106,6416144.51606139,4354611.0,2.7418444,Profitable,True,6.8,669,6.3497338531648335,1.116296,29,18
13007,Religulous,2008,2008-10-01,10,2000s,Comedy,Comedy|Documentary,Larry Charles,Bill Maher,101.0,90-105 min,2.0,,,,,,,Unknown,False,6.9,104,6.182392537094694,0.312842,16,2
17334,The Other End of the Line,2008,2008-10-29,10,2000s,Comedy,Comedy|Romance,James Dodson,Jesse Metcalfe,106.0,105-120 min,3.0,14000000.0,,14179012.8733283,,,,Unknown,False,6.2,29,6.128802370282534,0.280443,16,18
20764,Sleep Dealer,2008,2008-12-10,12,2000s,Drama,Drama|Science Fiction|Thriller,Alex Rivera,Leonor Varela,90.0,< 90 min,1.0,2500000.0,107559.0,2531966.58452291,108934.31754588,-2392441.0,0.0430236,Loss-making,True,5.8,18,6.122984154462337,0.086287,3,5
45132,Super,2010,2010-09-09,9,2010s,Comedy,Comedy|Action|Drama,James Gunn,Rainn Wilson,96.0,90-105 min,2.0,2500000.0,324138.0,2500000.0,324138.0,-2175862.0,0.1296552,Loss-making,True,6.6,211,6.191007960090585,0.443893,48,27
13569,Thr3e,2006,2006-12-01,12,2000s,Drama,Drama|Horror|Thriller,Robby Henson,Marc Blucas,101.0,90-105 min,2.0,,,,,,,Unknown,False,5.4,10,6.121946014469447,0.105452,6,3
7512,Idiocracy,2006,2006-09-01,9,2000s,Adventure,Adventure|Comedy|Science Fiction,Mike Judge,Luke Wilson,84.0,< 90 min,1.0,30000000.0,495303.0,32450074.7487471,535753.97910929,-29504697.0,0.0165101,Loss-making,True,6.1,326,6.121984738014269,0.848086,53,7
356216,The Rise of the Krays,2015,2015-08-29,8,2010s,Crime,Crime,Zackary Adler,Kevin Leslie,110.0,105-120 min,3.0,2500000.0,,2299998.98800044,,,,Unknown,False,4.7,11,6.115776542625282,0.19957,13,21
11798,This Is England,2006,2006-09-12,9,2000s,Drama,Drama|Crime,Shane Meadows,Thomas Turgoose,101.0,90-105 min,2.0,2380000.0,8176544.0,2574372.59673394,8844315.46621401,5796544.0,3.43552268907563,Profitable,True,7.1,187,6.2453095570292465,0.225633,18,14
146631,U.F.O.,2012,2012-12-14,12,2010s,Action,Action|Adventure|Science Fiction,Dominic Burns,Bianca Bree,101.0,90-105 min,2.0,2500000.0,,2374360.70338061,,,,Unknown,False,3.0,30,6.059494659589461,0.194081,32,11
283384,The Calling,2014,2014-08-05,8,2010s,Thriller,Thriller,Jason Stone,Susan Sarandon,108.0,105-120 min,3.0,,,,,,,Unknown,False,5.7,52,6.111476110047488,0.926802,24,43
19933,The Brave Little Toaster,1987,1987-07-09,7,1980s,Fantasy,Fantasy|Adventure|Animation|Comedy|Family,Jerry Rees,Jon Lovitz,90.0,< 90 min,1.0,2000000.0,,3838160.8761293,,,,Unknown,False,6.5,48,6.140037485441676,0.367621,12,16
9728,Friday the 13th Part III,1982,1982-08-13,8,1980s,Horror,Horror|Thriller,Steve Miner,Dana Kimmell,95.0,90-105 min,2.0,4000000.0,36690067.0,9038569.6102049,82906431.1456454,32690067.0,9.17251675,Profitable,True,5.7,107,6.095986967584541,0.336314,16,11
9731,Friday the 13th: A New Beginning,1985,1985-03-22,3,1980s,Horror,Horror|Thriller,Danny Steinmann,Melanie Kinnaman,92.0,90-105 min,2.0,2200000.0,21930418.0,4459765.31498612,44456598.8816124,19730418.0,9.968371818181819,Profitable,True,5.2,82,6.074330867166474,0.662175,19,15
309425,Do You Believe?,2015,2015-03-20,3,2010s,Fantasy,Fantasy|Drama,Jon Gunn,Mira Sorvino,115.0,105-120 min,3.0,,,,,,,Unknown,False,7.4,30,6.154863491321272,0.245948,17,34
16205,Jack Brooks: Monster Slayer,2007,2007-10-09,10,2000s,Action,Action|Comedy|Horror,Jon Knautz,Robert Englund,85.0,< 90 min,1.0,,,,,,,Unknown,False,5.4,20,6.1166920590479394,0.183386,38,16
9517,Bully,2001,2001-06-15,6,2000s,Crime,Crime|Drama,Larry Clark,Brad Renfro,113.0,105-120 min,3.0,,480811.0,,592113.032875683,,,Unknown,False,6.3,52,6.133665143544394,0.400459,10,5
6007,Elling,2001,2001-03-16,3,2000s,Comedy,Comedy|Drama,Petter Næss,Per Christian Ellefsen,89.0,< 90 min,1.0,,,,,,,Unknown,False,6.6,27,6.136519121235083,0.478397,7,7
347548,Containment,2015,2015-07-09,7,2010s,Thriller,Thriller|Horror|Science Fiction,Neil Mcenery-West,Louise Brealey,77.0,< 90 min,1.0,,,,,,,Unknown,False,5.6,14,6.1218818495269165,0.218787,8,32
657,From Russia with Love,1963,1963-10-11,10,1960s,Action,Action|Thriller|Adventure,Terence Young,Sean Connery,115.0,105-120 min,3.0,2500000.0,78898765.0,17800448.4288968,561773358.994459,76398765.0,31.559506,Profitable,True,6.7,458,6.272030549273094,2.508235,45,29
28165,The Toxic Avenger Part II,1989,1989-02-24,2,1980s,Comedy,Comedy|Horror|Action,"Lloyd Kaufman, Michael Herz",Ron Fazio,96.0,90-105 min,2.0,,,,,,,Unknown,False,5.2,20,6.113781062759459,0.378753,17,16
11561,Sleeper,1973,1973-12-17,12,1970s,Science Fiction,Science Fiction|Comedy|Romance,Woody Allen,Woody Allen,89.0,< 90 min,1.0,2000000.0,18344729.0,9822319.15759862,90093891.5488274,16344729.0,9.1723645,Profitable,True,6.9,93,6.176937708753903,0.5684,9,11
270303,It Follows,2014,2014-08-27,8,2010s,Thriller,Thriller|Horror,David Robert Mitchell,Maika Monroe,100.0,90-105 min,2.0,2000000.0,13500000.0,1842182.10154291,12434729.1854147,11500000.0,6.75,Profitable,True,6.6,1003,6.32843178411513,3.393741,29,29
11624,Everything You Always Wanted to Know About Sex *But Were Afraid to Ask,1972,1972-08-06,8,1970s,Comedy,Comedy,Woody Allen,Woody Allen,88.0,< 90 min,1.0,2000000.0,18016290.0,10429121.8627245,93947041.9620932,16016290.0,9.008145,Profitable,True,6.5,93,6.15123112316894,0.400301,21,9
595,To Kill a Mockingbird,1962,1962-12-25,12,1960s,Crime,Crime|Drama,Robert Mulligan,Gregory Peck,129.0,120-150 min,4.0,2000000.0,13129846.0,14416897.7575236,94645823.6770153,11129846.0,6.564923,Profitable,True,7.7,317,6.42561579698269,0.810805,56,34
8810,Mad Max 2: The Road Warrior,1981,1981-12-23,12,1980s,Adventure,Adventure|Action|Thriller|Science Fiction,George Miller,Mel Gibson,95.0,90-105 min,2.0,2000000.0,24600832.0,4796381.60971363,58997489.0942273,22600832.0,12.300416,Profitable,True,7.1,501,6.389977121631056,1.248748,18,13
226,Boys Don't Cry,1999,1999-09-02,9,1990s,Crime,Crime|Drama,Kimberly Peirce,Hilary Swank,118.0,105-120 min,3.0,2000000.0,11540607.0,2618105.69318864,15107264.4447763,9540607.0,5.7703035,Profitable,True,7.0,170,6.224622110319384,1.43163,24,26
92182,Silent House,2011,2011-01-21,1,2010s,Horror,Horror|Mystery,"Chris Kentis, Laura Lau",Elizabeth Olsen,85.0,< 90 min,1.0,2000000.0,13101672.0,1938796.08518294,12700735.1914755,11101672.0,6.550836,Profitable,True,5.2,63,6.086053601254514,0.419201,6,7
72213,Courageous,2011,2011-09-30,9,2010s,Drama,Drama,Alex Kendrick,Alex Kendrick,129.0,120-150 min,4.0,1000000.0,34522221.0,969398.042591472,33465773.4633102,33522221.0,34.522221,Profitable,True,6.7,51,6.148065303777506,0.487945,16,3
990,The Hustler,1961,1961-09-25,9,1960s,Drama,Drama,Robert Rossen,Paul Newman,134.0,120-150 min,4.0,2000000.0,,14589722.4159413,,,,Unknown,False,7.3,99,6.207175389400436,0.291101,15,14
2771,American Splendor,2003,2003-08-15,8,2000s,Comedy,Comedy|Drama,"Shari Springer Berman, Robert Pulcini",Paul Giamatti,101.0,90-105 min,2.0,,6003587.0,,7116367.728632,,,Unknown,False,6.7,60,6.1515780767539585,0.573104,19,6
80,Before Sunset,2004,2004-02-10,2,2000s,Drama,Drama|Romance,Richard Linklater,Ethan Hawke,80.0,< 90 min,1.0,2700000.0,15992615.0,3117002.5794928,18462600.8177167,13292615.0,5.923190740740741,Profitable,True,7.5,418,6.4510730536300285,0.939705,10,15
11023,Thirteen,2003,2003-08-20,8,2000s,Drama,Drama,Catherine Hardwicke,Evan Rachel Wood,100.0,90-105 min,2.0,2000000.0,4601043.0,2370705.28956505,5453858.48880813,2601043.0,2.3005215,Profitable,True,6.6,153,6.1752681032033525,0.841686,16,26
39013,Winter's Bone,2010,2010-06-11,6,2010s,Drama,Drama,Debra Granik,Jennifer Lawrence,100.0,90-105 min,2.0,2000000.0,13831503.0,2000000.0,13831503.0,11831503.0,6.9157515,Profitable,True,6.7,289,6.228012025036682,0.659749,22,13
11194,Touching the Void,2003,2003-09-05,9,2000s,Documentary,Documentary|Action|Adventure,Kevin Macdonald,Brendan Mackey,106.0,105-120 min,3.0,,13885802.0,,16459572.1256265,,,Unknown,False,7.5,60,6.185521927966744,0.194794,6,12
1382,Me and You and Everyone We Know,2005,2005-06-17,6,2000s,Comedy,Comedy|Drama|Romance,Miranda July,Miranda July,90.0,< 90 min,1.0,,,,,,,Unknown,False,6.7,48,6.146884357989996,0.175572,11,15
44639,Inside Job,2010,2010-10-08,10,2010s,Documentary,Documentary,Charles Ferguson,Matt Damon,109.0,105-120 min,3.0,2000000.0,7871522.0,2000000.0,7871522.0,5871522.0,3.935761,Profitable,True,7.6,171,6.292404798595353,1.003782,9,31
301351,We Are Your Friends,2015,2015-08-26,8,2010s,Drama,Drama|Music|Romance,Max Joseph,Zac Efron,96.0,90-105 min,2.0,6000000.0,11122090.0,5519997.57120106,10232318.2977799,5122090.0,1.8536816666666667,Profitable,True,6.2,412,6.144242431537157,0.880937999999999,29,7
4816,Ghost Dog: The Way of the Samurai,1999,1999-09-13,9,1990s,Action,Action|Crime|Drama,Jim Jarmusch,Forest Whitaker,116.0,105-120 min,3.0,,,,,,,Unknown,False,7.0,146,6.212216891099109,0.627172,24,9
7873,Harsh Times,2005,2005-09-11,9,2000s,Crime,Crime|Drama|Thriller|Action,David Ayer,Christian Bale,120.0,105-120 min,3.0,2000000.0,5967038.0,2233126.57930898,6662575.57877337,3967038.0,2.983519,Profitable,True,6.0,85,6.119759959931743,0.722961,16,10
331190,Captive,2015,2015-09-17,9,2010s,Crime,Crime|Drama|Thriller,Jerry Jameson,Kate Mara,97.0,90-105 min,2.0,2000000.0,2801508.0,1839999.19040035,2577386.22595006,801508.0,1.400754,Profitable,True,5.7,55,6.1106000697876475,0.336107,23,48
15186,Full Frontal,2002,2002-08-02,8,2000s,Comedy,Comedy|Drama|Romance,Steven Soderbergh,David Duchovny,96.0,90-105 min,2.0,2000000.0,2506446.0,2424522.78724109,3038467.72099464,506446.0,1.253223,Profitable,True,4.7,12,6.114740178857897,0.192065,17,21
17994,Witchboard,1986,1986-12-31,12,1980s,Horror,Horror,Kevin Tenney,Stephen Nichols,98.0,90-105 min,2.0,,,,,,,Unknown,False,5.6,22,6.118847873219805,0.256518,13,2
1378,Shortbus,2006,2006-05-20,5,2000s,Romance,Romance|Drama|Comedy,John Cameron Mitchell,Sook-Yin Lee,101.0,90-105 min,2.0,2000000.0,5179037.0,2163338.31658314,5602004.59255091,3179037.0,2.5895185,Profitable,True,6.5,78,6.147578072996141,1.102933,27,10
8885,Waltz with Bashir,2008,2008-06-04,6,2000s,Drama,Drama|Animation|War,Ari Folman,Ari Folman,90.0,< 90 min,1.0,2000000.0,11125849.0,2025573.26761833,11268111.156979,9125849.0,5.5629245,Profitable,True,7.7,168,6.300864961788169,0.630893,4,11
12901,No End in Sight,2007,2007-07-27,7,2000s,Documentary,Documentary,Charles Ferguson,Campbell Scott,102.0,90-105 min,2.0,2000000.0,1431623.0,2103337.16526309,1505592.93127272,-568377.0,0.7158115,Loss-making,True,6.7,12,6.132308438868145,0.019101,4,2
250124,The Diary of a Teenage Girl,2015,2015-08-07,8,2010s,Drama,Drama|Romance,Marielle Heller,Bel Powley,102.0,90-105 min,2.0,2000000.0,1477002.0,1839999.19040035,1358841.24210985,-522998.0,0.738501,Loss-making,True,6.8,186,6.2085231857267535,1.03839,22,27
14284,In the Shadow of the Moon,2007,2007-01-19,1,2000s,Documentary,Documentary,David Sington,Buzz Aldrin,109.0,105-120 min,3.0,2000000.0,,2103337.16526309,,,,Unknown,False,6.2,13,6.127969101263823,0.316739,9,1
57120,Meek's Cutoff,2010,2010-09-05,9,2010s,Drama,Drama|Western,Kelly Reichardt,Michelle Williams,104.0,90-105 min,2.0,,876302.0,,876302.0,,,Unknown,False,6.3,39,6.132112955522054,0.170821,9,33
12228,Inside Deep Throat,2005,2005-02-11,2,2000s,Documentary,Documentary,"Fenton Bailey, Randy Barbato",Dennis Hopper,92.0,90-105 min,2.0,2000000.0,653621.0,2233126.57930898,729809.213947259,-1346379.0,0.3268105,Loss-making,True,6.8,17,6.135618524059348,0.290754,4,14
13121,Teeth,2007,2007-01-19,1,2000s,Comedy,Comedy|Horror,Mitchell Lichtenstein,Jess Weixler,94.0,90-105 min,2.0,,,,,,,Unknown,False,5.2,94,6.067085531619206,0.227352,7,13
24746,Six-String Samurai,1998,1998-09-18,9,1990s,Action,Action|Adventure|Science Fiction,Lance Mungia,Jeffrey Falcon,91.0,90-105 min,2.0,2000000.0,124494.0,2675390.93815659,166535.059727433,-1875506.0,0.062247,Loss-making,True,5.8,15,6.123691883965943,0.226558,15,9
12109,It's All Gone Pete Tong,2004,2004-09-12,9,2000s,Drama,Drama|Comedy|Music,Michael Dowse,Paul Kaye,90.0,< 90 min,1.0,2000000.0,120620.0,2308890.79962429,139249.204125341,-1879380.0,0.06031,Loss-making,True,6.8,19,6.136586234314889,0.429419,11,10
273899,Stonewall,2015,2015-09-18,9,2010s,Drama,Drama,Roland Emmerich,Jeremy Irvine,129.0,120-150 min,4.0,13500000.0,187674.0,12419994.5352024,172660.004029598,-13312326.0,0.013901777777777779,Loss-making,True,5.6,14,6.1218818495269165,0.076109,17,4
206296,The Last Five Years,2014,2014-11-03,11,2010s,Comedy,Comedy|Drama|Music|Romance,Richard LaGravenese,Anna Kendrick,94.0,90-105 min,2.0,,,,,,,Unknown,False,5.4,108,6.073556226207354,0.318608,14,5
28260,Return of the Living Dead 3,1993,1993-10-01,10,1990s,Horror,Horror|Romance|Science Fiction,Brian Yuzna,Melinda Clarke,97.0,90-105 min,2.0,2000000.0,54207.0,3018939.92339741,81823.8382138019,-1945793.0,0.0271035,Loss-making,True,5.6,34,6.114362479891775,0.128982,17,9
7515,London,2005,2005-02-10,2,2000s,Drama,Drama|Action|Romance,Hunter Richards,Chris Evans,92.0,90-105 min,2.0,,,,,,,Unknown,False,5.7,52,6.111476110047488,0.622677,16,25
13075,Sherrybaby,2006,2006-09-08,9,2000s,Drama,Drama,Laurie Collyer,Maggie Gyllenhaal,96.0,90-105 min,2.0,2000000.0,622806.0,2163338.31658314,673670.041798941,-1377194.0,0.311403,Loss-making,True,6.5,14,6.131091702607831,0.367893,8,28
335866,Circle,2015,2015-10-02,10,2010s,Drama,Drama|Horror|Science Fiction|Thriller,"Aaron Hann, Mario Miscione",Julie Benz,87.0,< 90 min,1.0,,,,,,,Unknown,False,6.1,167,6.124282794252694,0.350599,15,4
13510,Eden Lake,2008,2008-09-12,9,2000s,Horror,Horror|Thriller,James Watkins,Kelly Reilly,91.0,90-105 min,2.0,,3983997.0,,4034938.91073582,,,Unknown,False,6.8,183,6.207368784293651,0.648934,16,36
215881,Plush,2013,2013-09-13,9,2010s,Thriller,Thriller,Catherine Hardwicke,Emily Browning,98.0,90-105 min,2.0,,,,,,,Unknown,False,6.0,18,6.125607869934971,0.831703,19,7
18238,Lesbian Vampire Killers,2009,2009-03-16,3,2000s,Horror,Horror|Comedy,Phil Claydon,James Corden,86.0,< 90 min,1.0,,,,,,,Unknown,False,5.1,61,6.082995235911083,0.295735,15,10
22600,Gangster's Paradise: Jerusalema,2008,2008-02-11,2,2000s,Drama,Drama|Action|Crime|Foreign,Ralph Ziman,Daniel Buckland,120.0,105-120 min,3.0,,,,,,,Unknown,False,6.0,11,6.126251965671213,0.178752,14,2
50698,Grave Encounters,2011,2011-09-09,9,2010s,Thriller,Thriller|Horror,"Colin Minihan, Stuart Ortiz",Sean Rogerson,92.0,90-105 min,2.0,1000000.0,,969398.042591472,,,,Unknown,False,6.0,204,6.11061328434489,0.472008,12,16
115210,Stitches,2012,2012-05-19,5,2010s,Horror,Horror,Conor McMahon,Ross Noble,86.0,< 90 min,1.0,100000.0,95000.0,94974.4281352245,90225.7067284633,-5000.0,0.95,Loss-making,True,5.2,45,6.097453047200181,0.128685,4,11
34335,Nine Dead,2010,2010-01-01,1,2010s,Crime,Crime|Drama|Horror|Thriller,Chris Shadley,Melissa Joan Hart,98.0,90-105 min,2.0,2000000.0,,2000000.0,,,,Unknown,False,5.2,43,6.0987377842228705,0.210231,9,2
11302,Bananas,1971,1971-04-28,4,1970s,Comedy,Comedy,Woody Allen,Woody Allen,82.0,< 90 min,1.0,2000000.0,,10770389.8288746,,,,Unknown,False,6.5,76,6.147085209662103,0.448675,16,13
18616,No Man's Land: The Rise of Reeker,2008,2008-05-01,5,2000s,Horror,Horror|Thriller,Dave Payne,Stephen Martines,88.0,< 90 min,1.0,2000000.0,,2025573.26761833,,,,Unknown,False,4.7,13,6.113705331239685,0.31438,8,8
18808,Highway,2002,2002-01-01,1,2000s,Action,Action|Adventure|Drama,James Cox,Jake Gyllenhaal,97.0,90-105 min,2.0,14000000.0,,16971659.5106876,,,,Unknown,False,5.6,21,6.119225189686403,0.174183,8,2
95755,Small Apartments,2012,2012-03-10,3,2010s,Comedy,Comedy|Crime,Jonas Åkerlund,Matt Lucas,96.0,90-105 min,2.0,2000000.0,,1899488.56270449,,,,Unknown,False,5.1,24,6.109387242099827,0.401012,15,27
198062,Coffee Town,2013,2013-07-09,7,2010s,Comedy,Comedy,Brad Copeland,Glenn Howerton,87.0,< 90 min,1.0,,,,,,,Unknown,False,6.6,28,6.136854466636114,0.083891,11,6
174311,All Is Bright,2013,2013-09-10,9,2010s,Comedy,Comedy|Drama,Phil Morrison,Paul Rudd,107.0,105-120 min,3.0,,,,,,,Unknown,False,5.2,18,6.115113008044438,0.759606,12,16
153795,Straight A's,2013,2013-01-16,1,2010s,Comedy,Comedy|Drama,James Cox,Anna Paquin,88.0,< 90 min,1.0,7000000.0,,6552233.46918297,,,,Unknown,False,5.2,24,6.111128770290815,0.221125,11,5
312793,The Walking Deceased,2015,2015-03-20,3,2010s,Science Fiction,Science Fiction|Comedy,Scott Dow,Tim Ogletree,90.0,< 90 min,1.0,,,,,,,Unknown,False,3.9,18,6.0980588574723225,0.037147,26,2
309919,The Curse of Downers Grove,2015,2015-08-21,8,2010s,Thriller,Thriller|Mystery|Horror|Drama,Derick Martini,Bella Heathcote,89.0,< 90 min,1.0,2000000.0,,1839999.19040035,,,,Unknown,False,4.2,11,6.111747533761463,0.056244,13,23
21309,River's Edge,1987,1987-04-23,4,1980s,Crime,Crime|Drama,Tim Hunter,Crispin Glover,99.0,90-105 min,2.0,19000000.0,,36462528.3232284,,,,Unknown,False,5.7,16,6.122287831791675,0.188258,7,2
32235,Northfork,2003,2003-01-01,1,2000s,Fantasy,Fantasy|Drama|Science Fiction,Michael Polish,James Woods,103.0,90-105 min,2.0,,,,,,,Unknown,False,5.7,10,6.124145266723681,0.159996,12,4
329540,The Marine 4: Moving Target,2015,2015-04-10,4,2010s,Thriller,Thriller|Action,William Kaufman,Mike Mizanin,90.0,< 90 min,1.0,1950000.0,,1793999.21064034,,,,Unknown,False,5.7,35,6.116511812207741,0.394466,10,29
26388,Buried,2010,2010-09-24,9,2010s,Drama,Drama|Thriller|Mystery,Rodrigo Cortés,Ryan Reynolds,94.0,90-105 min,2.0,1987650.0,19152480.0,1987650.0,19152480.0,17164830.0,9.635740698815184,Profitable,True,6.5,458,6.221481462578099,0.740867,20,15
49020,Submarine,2011,2011-03-18,3,2010s,Drama,Drama|Comedy|Romance,Richard Ayoade,Craig Roberts,97.0,90-105 min,2.0,,864659.0,,838198.742109099,,,Unknown,False,7.4,252,6.326970025737982,0.847636,21,51
14048,Man on Wire,2008,2008-07-25,7,2000s,Thriller,Thriller|Documentary|Crime|History,James Marsh,Philippe Petit,94.0,90-105 min,2.0,,2957978.0,,2995800.58150157,,,Unknown,False,7.6,140,6.2652744517353405,0.344268,8,12
295886,Brotherly Love,2015,2015-04-24,4,2010s,Drama,Drama,Jamal Hill,Keke Palmer,89.0,< 90 min,1.0,1900000.0,,1747999.23088033,,,,Unknown,False,7.4,11,6.137533190489908,0.083912,5,12
38358,The Last Exorcism,2010,2010-08-27,8,2010s,Horror,Horror|Drama|Thriller,Daniel Stamm,Ashley Bell,87.0,< 90 min,1.0,1800000.0,67738090.0,1800000.0,67738090.0,65938090.0,37.63227222222222,Profitable,True,5.4,179,6.042362897617751,0.761889,8,10
33511,Nowhere Boy,2009,2009-12-25,12,2000s,Drama,Drama,Sam Taylor-Johnson,Aaron Taylor-Johnson,98.0,90-105 min,2.0,,,,,,,Unknown,False,6.9,152,6.205262969482619,0.302925,21,15
935,Dr. Strangelove or: How I Learned to Stop Worrying and Love the Bomb,1964,1964-01-29,1,1960s,Drama,Drama|Comedy|War,Stanley Kubrick,Peter Sellers,95.0,90-105 min,2.0,1800000.0,9440272.0,12654481.3385066,66367636.5857928,7640272.0,5.244595555555556,Profitable,True,7.7,804,6.713195198710798,2.210475,21,28
84175,Beasts of the Southern Wild,2012,2012-06-29,6,2010s,Drama,Drama|Fantasy,Benh Zeitlin,Quvenzhané Wallis,93.0,90-105 min,2.0,1800000.0,21107746.0,1709539.70643404,20046961.0557357,19307746.0,11.726525555555556,Profitable,True,6.6,262,6.20391470721971,0.430256,15,17
1705,Battle for the Planet of the Apes,1973,1973-06-14,6,1970s,Action,Action|Science Fiction,J. Lee Thompson,Roddy McDowall,93.0,90-105 min,2.0,1700000.0,8844595.0,8348971.28395882,43437217.4548504,7144595.0,5.2027029411764705,Profitable,True,5.3,99,6.070914980619209,0.876503,17,10
58492,The Greatest Movie Ever Sold,2011,2011-04-22,4,2010s,Comedy,Comedy|Documentary,Morgan Spurlock,Morgan Spurlock,90.0,< 90 min,1.0,,621951.0,,602918.081987808,,,Unknown,False,6.4,50,6.136989216108377,0.277237,7,2
4929,Hang 'em High,1968,1968-07-31,7,1960s,Western,Western,Ted Post,Clint Eastwood,114.0,105-120 min,3.0,1800000.0,6800000.0,11284134.5068833,42628952.5815592,5000000.0,3.7777777777777777,Profitable,True,6.3,86,6.137592221608064,0.621202,24,11
9783,Sublime,2007,2007-06-15,6,2000s,Horror,Horror|Thriller,Tony Krantz,Tom Cavanagh,113.0,105-120 min,3.0,,,,,,,Unknown,False,5.1,11,6.1189997497163375,0.326556,21,6
10894,May,2002,2002-01-13,1,2000s,Drama,Drama|Horror|Thriller|Romance,Lucky McKee,Angela Bettis,93.0,90-105 min,2.0,500000.0,150277.0,606130.696810273,182175.005449114,-349723.0,0.300554,Loss-making,True,5.9,52,6.118872454546457,0.342912,17,12
246449,Against the Wild,2013,2013-12-29,12,2010s,Adventure,Adventure|Family,Richard Boddington,Natasha Henstridge,90.0,< 90 min,1.0,,,,,,,Unknown,False,5.2,12,6.1191322438604585,0.039128,9,2
32579,Under the Same Moon,2008,2008-03-20,3,2000s,Drama,Drama|Foreign,Patricia Riggen,Kate del Castillo,106.0,105-120 min,3.0,,23311391.0,,23609465.2202993,,,Unknown,False,7.3,16,6.140972599326891,0.104739,11,5
1688,Conquest of the Planet of the Apes,1972,1972-06-29,6,1970s,Action,Action|Science Fiction,J. Lee Thompson,Roddy McDowall,88.0,< 90 min,1.0,1800000.0,9700000.0,9386209.67645213,50581241.0342142,7900000.0,5.388888888888889,Profitable,True,6.1,109,6.125245409293809,0.881814,29,8
1999,In the Bedroom,2001,2001-11-23,11,2000s,Drama,Drama|Thriller,Todd Field,Tom Wilkinson,130.0,120-150 min,4.0,1700000.0,,2093529.79837953,,,,Unknown,False,5.6,33,6.114733298491653,0.390152,11,12
43947,I Spit on Your Grave,2010,2010-06-17,6,2010s,Thriller,Thriller|Crime|Horror,Steven R. Monroe,Sarah Butler,108.0,105-120 min,3.0,2000000.0,572809.0,2000000.0,572809.0,-1427191.0,0.2864045,Loss-making,True,6.2,269,6.139330021771778,0.788144,9,13
24066,"Happy, Texas",1999,1999-12-03,12,1990s,Comedy,Comedy|Crime,Mark Illsley,Steve Zahn,98.0,90-105 min,2.0,1700000.0,1943649.0,2225389.83921034,2544339.2562302,243649.0,1.1433229411764705,Profitable,True,5.3,13,6.1194108392493405,0.204411,9,4
9709,My Summer of Love,2004,2004-08-20,8,2000s,Drama,Drama|Thriller|Romance,Paweł Pawlikowski,Natalie Press,86.0,< 90 min,1.0,,,,,,,Unknown,False,5.5,33,6.112354234256919,0.180015,4,17
206284,Grace Unplugged,2013,2013-10-04,10,2010s,Drama,Drama|Music,Brad J. Silverman,AJ Michalka,102.0,90-105 min,2.0,,,,,,,Unknown,False,6.1,22,6.126841478335712,0.31727,8,2
283686,Out of the Dark,2014,2014-08-27,8,2010s,Thriller,Thriller|Horror,Lluís Quílez,Julia Stiles,92.0,90-105 min,2.0,,,,,,,Unknown,False,4.5,30,6.092006761316215,0.466921,6,36
592,The Conversation,1974,1974-04-07,4,1970s,Crime,Crime|Drama|Mystery,Francis Ford Coppola,Gene Hackman,113.0,105-120 min,3.0,1600000.0,4420000.0,7075654.22162275,19546494.7872328,2820000.0,2.7625,Profitable,True,7.2,166,6.244422444798219,0.761779,17,17
10758,Waitress,2007,2007-05-25,5,2000s,Comedy,Comedy,Adrienne Shelly,Keri Russell,108.0,105-120 min,3.0,2000000.0,22179430.0,2103337.16526309,23325409.7116755,20179430.0,11.089715,Profitable,True,6.7,59,6.151189978301446,0.67455,20,17
11690,Bloodsport,1988,1988-02-26,2,1980s,Action,Action,Newt Arnold,Jean-Claude Van Damme,92.0,90-105 min,2.0,1500000.0,11806119.0,2765836.53463546,21769196.8416359,10306119.0,7.870746,Profitable,True,6.4,180,6.15927681268351,1.39258099999999,9,12
9344,Kids,1995,1995-07-28,7,1990s,Drama,Drama|Crime,Larry Clark,Leo Fitzpatrick,91.0,90-105 min,2.0,1500000.0,7412216.0,2146450.30066044,10606635.5078401,5912216.0,4.941477333333333,Profitable,True,6.7,141,6.181289919294879,0.446622,16,10
10707,The Squid and the Whale,2005,2005-10-05,10,2000s,Comedy,Comedy|Drama,Noah Baumbach,Jeff Daniels,81.0,< 90 min,1.0,1500000.0,11098131.0,1674844.93448174,12391765.6583765,9598131.0,7.398754,Profitable,True,6.7,118,6.173185624847342,0.326577,41,40
15647,Kissing Jessica Stein,2001,2001-04-21,4,2000s,Comedy,Comedy,Charles Herman-Wurmfeld,Jennifer Westfeldt,97.0,90-105 min,2.0,1000000.0,10013424.0,1231488.11669384,12331412.6634169,9013424.0,10.013424,Profitable,True,5.9,22,6.123644036289349,0.195196,9,21
20156,Exotica,1994,1994-09-24,9,1990s,Drama,Drama|Mystery,Atom Egoyan,Bruce Greenwood,103.0,90-105 min,2.0,,,,,,,Unknown,False,6.2,29,6.128802370282534,0.421125,14,2
9464,Buffalo '66,1998,1998-01-20,1,1990s,Romance,Romance|Comedy|Crime|Drama,Vincent Gallo,Vincent Gallo,110.0,105-120 min,3.0,1500000.0,2375097.0,2006543.20361744,3177156.49552146,875097.0,1.583398,Profitable,True,6.9,84,6.1724125988024285,0.263935,26,13
49018,Insidious,2010,2010-09-13,9,2010s,Horror,Horror|Thriller,James Wan,Patrick Wilson,103.0,90-105 min,2.0,1500000.0,97009150.0,1500000.0,97009150.0,95509150.0,64.67276666666666,Profitable,True,6.7,999,6.370424783620659,1.396973,19,14
13820,Repo Man,1984,1984-02-20,2,1980s,Comedy,Comedy|Drama|Science Fiction,Alex Cox,Harry Dean Stanton,92.0,90-105 min,2.0,1500000.0,2300000.0,3148563.05879122,4827796.69014655,800000.0,1.5333333333333334,Profitable,True,6.3,54,6.133901397867888,0.742001,17,17
127918,The Gatekeepers,2012,2012-07-09,7,2010s,Documentary,Documentary,Dror Moreh,Ami Ayalon,101.0,90-105 min,2.0,,,,,,,Unknown,False,6.2,28,6.128750856188245,0.140904,6,1
17113,The Ballad of Jack and Rose,2005,2005-03-25,3,2000s,Drama,Drama,Rebecca Miller,Daniel Day-Lewis,111.0,105-120 min,3.0,1500000.0,712294.0,1674844.93448174,795321.331841158,-787706.0,0.47486266666666666,Loss-making,True,6.4,22,6.1316376414052565,0.406323,9,2
129139,The To Do List,2013,2013-07-24,7,2010s,Comedy,Comedy|Romance,Maggie Carey,Aubrey Plaza,104.0,90-105 min,2.0,1500000.0,3566225.0,1404050.02911063,3338105.54337672,2066225.0,2.377483333333333,Profitable,True,5.6,225,6.052147779328588,0.53635,20,14
507,Killing Zoe,1993,1993-10-01,10,1990s,Action,Action|Crime|Drama|Thriller,Roger Avary,Eric Stoltz,96.0,90-105 min,2.0,1500000.0,418961.0,2264204.94254806,632409.044623252,-1081039.0,0.27930733333333335,Loss-making,True,5.8,46,6.11652493274607,0.320607,11,7
4012,The Believer,2001,2001-01-19,1,2000s,Drama,Drama,Henry Bean,Ryan Gosling,98.0,90-105 min,2.0,1500000.0,416925.0,1847232.17504076,513438.18305258,-1083075.0,0.27795,Loss-making,True,6.8,78,6.163917714082657,0.353327,33,20
14054,Snow Angels,2008,2008-03-07,3,2000s,Drama,Drama|Romance,David Gordon Green,Kate Beckinsale,106.0,105-120 min,3.0,,414404.0,,419702.832197054,,,Unknown,False,6.9,18,6.1374145895618195,0.220417,10,3
10972,Session 9,2001,2001-08-10,8,2000s,Horror,Horror|Mystery,Brad Anderson,Peter Mullan,100.0,90-105 min,2.0,1500000.0,373967.0,1847232.17504076,460535.916535646,-1126033.0,0.24931133333333333,Loss-making,True,6.0,94,6.119015646942733,0.530702999999999,9,31
11908,Hatchet,2006,2006-04-27,4,2000s,Comedy,Comedy|Horror,Adam Green,Joel David Moore,83.0,< 90 min,1.0,,,,,,,Unknown,False,5.3,67,6.088274265243665,0.574533,15,10
1961,My Name Is Bruce,2007,2007-10-01,10,2000s,Comedy,Comedy|Horror,Bruce Campbell,Bruce Campbell,86.0,< 90 min,1.0,1500000.0,173066.0,1577502.87394731,182008.074921711,-1326934.0,0.11537733333333333,Loss-making,True,6.0,41,6.123537064251862,0.422526,7,3
23963,Pontypool,2008,2008-09-06,9,2000s,Horror,Horror|Mystery|Science Fiction,Bruce McDonald,Stephen McHattie,93.0,90-105 min,2.0,1500000.0,,1519179.95071375,,,,Unknown,False,6.5,60,6.143092113950762,0.292965,13,15
104755,The Lords of Salem,2012,2012-09-10,9,2010s,Horror,Horror|Thriller,Rob Zombie,Sheri Moon Zombie,101.0,90-105 min,2.0,1500000.0,1165882.0,1424616.42202836,1107289.76223151,-334118.0,0.7772546666666666,Loss-making,True,4.7,120,6.011089178710924,0.612153,43,32
253306,Housebound,2014,2014-09-04,9,2010s,Horror,Horror|Comedy|Thriller,Gerard Johnstone,Morgana O'Reilly,109.0,105-120 min,3.0,,,,,,,Unknown,False,6.4,217,6.164945934910428,0.722464999999999,10,26
29595,Wal-Mart: The High Cost of Low Price,2005,2005-11-04,11,2000s,Documentary,Documentary,Robert Greenwald,Lee Scott,98.0,90-105 min,2.0,,,,,,,Unknown,False,6.9,14,6.1351849706437935,0.073715,23,6
312791,GirlHouse,2014,2014-10-16,10,2010s,Horror,Horror|Thriller,"Jon Knautz, Trevor Matthews",Ali Cobrin,100.0,90-105 min,2.0,3150000.0,,2901436.80993009,,,,Unknown,False,4.9,62,6.073544635504395,0.460188,13,39
2661,Batman,1966,1966-07-30,7,1960s,Family,Family|Adventure|Comedy|Science Fiction|Crime,Leslie H. Martinson,Adam West,105.0,90-105 min,2.0,1377800.0,,9256080.64304836,,,,Unknown,False,5.9,99,6.111793103253578,0.410366,18,9
100,"Lock, Stock and Two Smoking Barrels",1998,1998-03-05,3,1990s,Comedy,Comedy|Crime,Guy Ritchie,Jason Flemyng,105.0,90-105 min,2.0,1350000.0,3897569.0,1805888.8832557,5213760.39172004,2547569.0,2.8870881481481483,Profitable,True,7.3,1167,6.670122787012722,0.699006999999999,27,12
27845,Trees Lounge,1996,1996-10-11,10,1990s,Comedy,Comedy|Drama,Steve Buscemi,Steve Buscemi,95.0,90-105 min,2.0,,,,,,,Unknown,False,5.9,20,6.123969549769138,0.271121,13,17
100275,Eddie: The Sleepwalking Cannibal,2012,2012-04-22,4,2010s,Horror,Horror|Comedy,Boris Rodriguez,Thure Lindhardt,79.0,< 90 min,1.0,,1632.0,,1549.98266716686,,,Unknown,False,6.1,16,6.126959023675479,0.029385,18,12
38570,The 41–Year–Old Virgin Who Knocked Up Sarah Marshall and Felt Superbad About It,2010,2010-06-08,6,2010s,Comedy,Comedy,Craig Moss,Bryan Callen,82.0,< 90 min,1.0,,,,,,,Unknown,False,3.2,17,6.090982830091002,0.448095,10,3
27588,Forget Me Not,2009,2009-10-22,10,2000s,Drama,Drama|Horror|Romance,Tyler Oliver,Carly Schroeder,103.0,90-105 min,2.0,,,,,,,Unknown,False,5.2,29,6.107834978192302,0.298874,34,3
9725,Friday the 13th Part 2,1981,1981-05-01,5,1980s,Horror,Horror|Thriller,Steve Miner,Amy Steel,87.0,< 90 min,1.0,1250000.0,21722776.0,2997738.50607102,52095361.6591643,20472776.0,17.3782208,Profitable,True,6.2,134,6.1338260589595945,0.61576,12,6
23730,C.H.U.D.,1984,1984-08-31,8,1980s,Horror,Horror|Science Fiction,Douglas Cheek,John Heard,88.0,< 90 min,1.0,1250000.0,3412497.0,2623802.54899269,7162974.66162392,2162497.0,2.7299976,Profitable,True,4.5,22,6.101261941964808,0.197425,18,17
1412,"Sex, Lies, and Videotape",1989,1989-08-18,8,1980s,Drama,Drama,Steven Soderbergh,Andie MacDowell,100.0,90-105 min,2.0,1200000.0,,2110781.9268519,,,,Unknown,False,6.3,97,6.138823346659619,0.625627,9,9
176,Saw,2004,2004-10-01,10,2000s,Horror,Horror|Mystery|Crime,James Wan,Cary Elwes,103.0,90-105 min,2.0,1200000.0,103911669.0,1385334.47977457,119960348.263852,102711669.0,86.5930575,Profitable,True,7.1,1135,6.570827430933981,1.309753,17,67
39939,Super Troopers,2001,2001-01-18,1,2000s,Comedy,Comedy|Crime|Mystery,Jay Chandrasekhar,Jay Chandrasekhar,100.0,90-105 min,2.0,3000000.0,18492362.0,3694464.35008153,22773124.0526008,15492362.0,6.164120666666666,Profitable,True,6.7,224,6.2085714202761375,0.813396,16,6
14295,You Can Count on Me,2000,2000-11-17,11,2000s,Drama,Drama|Romance,Kenneth Lonergan,Laura Linney,111.0,105-120 min,3.0,,,,,,,Unknown,False,6.1,31,6.126667069769527,0.090689,22,25
20770,But I'm a Cheerleader,1999,1999-09-12,9,1990s,Comedy,Comedy,Jamie Babbit,Natasha Lyonne,85.0,< 90 min,1.0,,,,,,,Unknown,False,6.4,40,6.1351026169842715,0.299004,22,1
176124,Home Run,2013,2013-04-19,4,2010s,Drama,Drama,David Boyd,Scott Elrod,114.0,105-120 min,3.0,1200000.0,2861020.0,1123240.0232885,2678010.14285741,1661020.0,2.3841833333333335,Profitable,True,6.5,19,6.132435043578599,0.0758669999999999,14,6
500,Reservoir Dogs,1992,1992-06-25,6,1990s,Crime,Crime|Thriller,Quentin Tarantino,Harvey Keitel,99.0,90-105 min,2.0,1200000.0,14661007.0,1864829.10550674,22783560.4746984,13461007.0,12.217505833333334,Profitable,True,7.9,2018,7.188145831481204,4.586426,15,63
98369,Blue Like Jazz,2012,2012-04-13,4,2010s,Drama,Drama|Comedy,Steve Taylor,Marshall Allman,106.0,105-120 min,3.0,1250000.0,,1187180.3516903,,,,Unknown,False,6.5,15,6.131361155750327,0.242816,11,6
15544,Extreme Movie,2008,2008-12-05,12,2000s,Comedy,Comedy,"Adam Jay Epstein, Andrew Jacobson",Patrick J. Adams,88.0,< 90 min,1.0,,,,,,,Unknown,False,3.4,19,6.0895394059702666,0.25984,11,15
157422,The Wicked Within,2015,2015-10-16,10,2010s,Horror,Horror,Jay Alaimo,Sienna Guillory,91.0,90-105 min,2.0,,,,,,,Unknown,False,4.1,17,6.102141753583088,0.292437,8,18
7553,Waiting...,2005,2005-10-07,10,2000s,Comedy,Comedy,Rob McKittrick,Ryan Reynolds,94.0,90-105 min,2.0,3000000.0,18637690.0,3349689.86896348,20810160.4579606,15637690.0,6.212563333333334,Profitable,True,6.0,108,6.1178760401735675,0.635843,28,2
12877,Dead Man's Shoes,2004,2004-09-29,9,2000s,Drama,Drama|Thriller|Crime,Shane Meadows,Paddy Considine,90.0,< 90 min,1.0,,,,,,,Unknown,False,7.3,50,6.169038215467397,0.144917,12,28
50037,Beyond the Black Rainbow,2010,2010-12-03,12,2010s,Fantasy,Fantasy|Science Fiction|Horror,Panos Cosmatos,Michael Rogers,110.0,105-120 min,3.0,1100000.0,,1100000.0,,,,Unknown,False,5.3,30,6.109346548903817,0.191889,9,38
202604,The Vatican Exorcisms,2013,2013-05-29,5,2010s,Horror,Horror|Documentary|Mystery,Joe Marino,Joe Marino,,,,,,,,,,Unknown,False,4.7,10,6.116814425876235,0.011798,1,1
27374,Lake Mungo,2008,2008-06-17,6,2000s,Horror,Horror|Thriller,Joel Anderson,Talia Zucker,84.0,< 90 min,1.0,,,,,,,Unknown,False,5.9,24,6.123319467627728,0.054939,7,2
811,Silent Running,1972,1972-03-09,3,1970s,Adventure,Adventure|Drama|Science Fiction,Douglas Trumbull,Bruce Dern,89.0,< 90 min,1.0,1000000.0,,5214560.93136229,,,,Unknown,False,6.1,69,6.125954998480621,0.450264,7,11
1366,Rocky,1976,1976-11-21,11,1970s,Drama,Drama,John G. Avildsen,Sylvester Stallone,119.0,105-120 min,3.0,1100000.0,117235147.0,4214867.83132405,449209681.628042,116135147.0,106.57740636363637,Profitable,True,7.2,963,6.5731071418315015,2.389663,37,31
5769,Tom Jones,1963,1963-10-06,10,1960s,Adventure,Adventure|Comedy|History|Romance,Tony Richardson,Albert Finney,128.0,120-150 min,4.0,1000000.0,,7120179.37155872,,,,Unknown,False,5.4,16,6.118784437878821,0.250451,18,7
277685,Unfriended,2015,2015-04-17,4,2010s,Horror,Horror|Thriller,Levan Gabriadze,Shelley Hennig,82.0,< 90 min,1.0,1000000.0,62882090.0,919999.595200178,57851497.3453411,61882090.0,62.88209,Profitable,True,5.6,643,5.95751167109197,1.191138,11,41
103,Taxi Driver,1976,1976-02-08,2,1970s,Crime,Crime|Drama,Martin Scorsese,Robert De Niro,113.0,105-120 min,3.0,1300000.0,28262574.0,4981207.43701933,108293649.075468,26962574.0,21.74044153846154,Profitable,True,7.8,1269,6.936505111638051,2.582657,30,46
11298,The Howling,1981,1981-04-03,4,1980s,Drama,Drama|Horror,Joe Dante,Patrick Macnee,91.0,90-105 min,2.0,1000000.0,17985893.0,2398190.80485681,43133603.2097385,16985893.0,17.985893,Profitable,True,6.3,58,6.13437189882995,0.265411,22,12
646,Dr. No,1962,1962-10-04,10,1960s,Adventure,Adventure|Action|Thriller,Terence Young,Sean Connery,110.0,105-120 min,3.0,1100000.0,59600000.0,7929293.766638,429623553.174204,58500000.0,54.18181818181818,Profitable,True,6.7,560,6.294836507151022,3.170651,11,12
93856,Chernobyl Diaries,2012,2012-05-24,5,2010s,Horror,Horror|Thriller,Bradley Parker,Jesse McCartney,88.0,< 90 min,1.0,,18112929.0,,17202650.7362892,,,Unknown,False,4.8,289,5.893826643745221,0.70817,12,69
9003,Hellraiser,1987,1987-09-11,9,1980s,Horror,Horror,Clive Barker,Andrew Robinson,94.0,90-105 min,2.0,1000000.0,14564027.0,1919080.43806465,27949539.3151454,13564027.0,14.564027,Profitable,True,6.7,189,6.197425026464761,0.349927,22,71
10092,Cry_Wolf,2005,2005-09-16,9,2000s,Horror,Horror|Thriller,Jeff Wadlow,Julian Morris,90.0,< 90 min,1.0,1000000.0,10047674.0,1116563.28965449,11218863.9348159,9047674.0,10.047674,Profitable,True,5.4,62,6.0954357448893255,0.466529,20,16
46705,Blue Valentine,2010,2010-12-27,12,2010s,Drama,Drama|Romance,Derek Cianfrance,Ryan Gosling,112.0,105-120 min,3.0,1000000.0,12355734.0,1000000.0,12355734.0,11355734.0,12.355734,Profitable,True,6.9,530,6.344645485026152,1.271367,15,26
546,Transamerica,2005,2005-12-23,12,2000s,Drama,Drama,Duncan Tucker,Felicity Huffman,103.0,90-105 min,2.0,1000000.0,13350369.0,1116563.28965449,14906531.9287413,12350369.0,13.350369,Profitable,True,6.5,65,6.144349628875888,0.374704,13,16
76487,The Devil Inside,2012,2012-01-06,1,2010s,Thriller,Thriller|Horror,William Brent Bell,Fernanda Andrade,83.0,< 90 min,1.0,1000000.0,101758490.0,949744.281352245,96644543.9565396,100758490.0,101.75849,Profitable,True,4.5,162,5.953397901416644,0.491648,10,43
5722,Beyond the Valley of the Dolls,1970,1970-07-17,7,1970s,Comedy,Comedy|Drama|Thriller,Russ Meyer,Dolly Read,109.0,105-120 min,3.0,,,,,,,Unknown,False,6.2,19,6.1282838528423085,0.374514,22,25
1781,An Inconvenient Truth,2006,2006-01-24,1,2000s,Documentary,Documentary,Davis Guggenheim,Al Gore,100.0,90-105 min,2.0,1000000.0,46243000.0,1081669.15829157,50019626.8868772,45243000.0,46.243,Profitable,True,6.5,130,6.1599262572183635,0.251388,5,20
7944,Shine a Light,2008,2008-02-07,2,2000s,Documentary,Documentary|Music,Martin Scorsese,Mick Jagger,122.0,120-150 min,4.0,,,,,,,Unknown,False,6.9,21,6.139078291279014,0.134056999999999,13,13
171424,The Green Inferno,2014,2014-09-04,9,2010s,Horror,Horror|Thriller,Eli Roth,Lorenza Izzo,100.0,90-105 min,2.0,5000000.0,6833445.0,4605455.25385729,6294225.03543897,1833445.0,1.366689,Profitable,True,4.8,194,5.960949911722611,0.890965,21,57
113947,The Sessions,2012,2012-05-02,5,2010s,Drama,Drama|Romance|Comedy,Ben Lewin,John Hawkes,98.0,90-105 min,2.0,1000000.0,9138338.0,949744.281352245,8679084.25656392,8138338.0,9.138338,Profitable,True,6.3,102,6.1393767999023225,0.591005,19,17
18570,"Food, Inc.",2008,2008-09-07,9,2000s,Documentary,Documentary,Robert Kenner,Michael Pollan,94.0,90-105 min,2.0,,,,,,,Unknown,False,7.2,145,6.231036327354928,0.43785,5,4
83860,October Baby,2011,2011-10-30,10,2010s,Drama,Drama,"Andrew Erwin, Jon Erwin ",Rachel Hendrix ,107.0,105-120 min,3.0,,5355847.0,,5191947.59821941,,,Unknown,False,6.7,17,6.134378643671338,0.047706,4,4
244772,The Skeleton Twins,2014,2014-09-12,9,2010s,Drama,Drama,Craig Johnson,Kristen Wiig,90.0,< 90 min,1.0,,5284309.0,,4867329.72941108,,,Unknown,False,6.7,208,6.2035379030393525,0.929125,16,9
50837,Martha Marcy May Marlene,2011,2011-10-21,10,2010s,Drama,Drama|Thriller,Sean Durkin,Elizabeth Olsen,101.0,90-105 min,2.0,,3538446.0,,3430162.62621562,,,Unknown,False,6.6,140,6.1715725576184814,0.509793,14,29
248774,Obvious Child,2014,2014-06-06,6,2010s,Comedy,Comedy|Romance,Gillian Robespierre,Jenny Slate,83.0,< 90 min,1.0,,3123963.0,,2877454.36224116,,,Unknown,False,6.7,145,6.182673976611148,0.360727,131,25
10183,Frozen River,2008,2008-08-01,8,2000s,Drama,Drama|Thriller|Crime,Courtney Hunt,Melissa Leo,97.0,90-105 min,2.0,,,,,,,Unknown,False,6.9,39,6.148910026801933,0.412295,9,16
159014,20 Feet from Stardom,2013,2013-06-14,6,2010s,Documentary,Documentary|Music,Morgan Neville,Bette Midler,89.0,< 90 min,1.0,1000000.0,,936033.352740424,,,,Unknown,False,7.3,59,6.176241283941527,0.507866,15,1
13508,Who Killed the Electric Car?,2006,2006-01-23,1,2000s,Documentary,Documentary,Chris Paine,Martin Sheen,92.0,90-105 min,2.0,1000000.0,1678874.0,1081669.15829157,1815986.2264576,678874.0,1.678874,Profitable,True,6.6,25,6.135846971458033,0.145707,3,2
22597,The Broken Hearts Club: A Romantic Comedy,2000,2000-02-01,2,2000s,Comedy,Comedy|Drama|Romance,Greg Berlanti,Ben Weber,94.0,90-105 min,2.0,1000000.0,1744858.0,1266292.11434313,2209499.92604854,744858.0,1.744858,Profitable,True,5.8,10,6.124878350808426,0.222291,15,7
9707,Bubba Ho-tep,2002,2002-06-09,6,2000s,Comedy,Comedy|Horror|Thriller|Mystery|Fantasy,Don Coscarelli,Bruce Campbell,92.0,90-105 min,2.0,1000000.0,,1212261.39362054,,,,Unknown,False,6.4,92,6.144628005212484,0.218854,15,12
8675,Orgazmo,1997,1997-09-06,9,1990s,Comedy,Comedy,Trey Parker,Trey Parker,94.0,90-105 min,2.0,1000000.0,,1358460.32107209,,,,Unknown,False,6.3,47,6.13307155687515,0.568327,23,7
13132,All the Real Girls,2003,2003-08-01,8,2000s,Drama,Drama|Romance,David Gordon Green,Paul Schneider,108.0,105-120 min,3.0,,,,,,,Unknown,False,5.6,15,6.1215006634561195,0.218799,8,2
192132,Palo Alto,2014,2014-05-09,5,2010s,Drama,Drama,Gia Coppola,Emma Roberts,100.0,90-105 min,2.0,,,,,,,Unknown,False,6.4,240,6.1683373429131,0.984445,41,21
13198,Wristcutters: A Love Story,2006,2006-01-24,1,2000s,Comedy,Comedy|Drama|Fantasy|Romance,Goran Dukic,Patrick Fugit,88.0,< 90 min,1.0,,,,,,,Unknown,False,6.4,73,6.141228055733847,0.275745,20,16
244267,I Origins,2014,2014-07-18,7,2010s,Science Fiction,Science Fiction|Drama,Mike Cahill,Michael Pitt,106.0,105-120 min,3.0,,336472.0,,309921.348035174,,,Unknown,False,7.5,652,6.573424334947296,2.260131,18,9
13362,Taxi to the Dark Side,2007,2007-04-30,4,2000s,Documentary,Documentary,Alex Gibney,Brian Keith Allen,106.0,105-120 min,3.0,1000000.0,274661.0,1051668.58263154,288852.344574163,-725339.0,0.274661,Loss-making,True,5.2,21,6.113116543042522,0.203044,4,6
201132,Antarctica: A Year on Ice,2013,2013-09-05,9,2010s,Drama,Drama|Adventure|Documentary,Anthony Powell,Genevieve Bachman,92.0,90-105 min,2.0,1000000.0,,936033.352740424,,,,Unknown,False,7.1,16,6.138637003384988,0.086723,11,14
251471,A LEGO Brickumentary,2015,2015-07-31,7,2010s,Documentary,Documentary,"Kief Davidson, Daniel Junge",Jason Bateman,93.0,90-105 min,2.0,650000.0,,597999.736880115,,,,Unknown,False,6.5,49,6.140294033452906,0.206155,2,26
25983,The House of the Devil,2009,2009-04-25,4,2000s,Mystery,Mystery|Horror,Ti West,Jocelin Donahue,95.0,90-105 min,2.0,,,,,,,Unknown,False,5.9,72,6.115802929905177,0.31344,9,17
66195,The Perfect Host,2010,2010-07-01,7,2010s,Comedy,Comedy|Thriller|Crime,Nick Tomnay,David Hyde Pierce,93.0,90-105 min,2.0,,14870.0,,14870.0,,,Unknown,False,5.8,47,6.116299021010472,0.144892,4,3
13856,Special,2006,2006-01-30,1,2000s,Drama,Drama|Fantasy|Science Fiction,"Hal Haberman, Jeremy Passmore",Michael Rapaport,81.0,< 90 min,1.0,1000000.0,7202.0,1081669.15829157,7790.1812780159,-992798.0,0.007202,Loss-making,True,6.5,13,6.1308218552686515,0.040915,8,4
19344,Loving Annabelle,2006,2006-03-08,3,2000s,Drama,Drama|Romance,Katherine Brooks,Erin Kelly,76.0,< 90 min,1.0,900000.0,,973502.242462415,,,,Unknown,False,6.6,27,6.136519121235083,0.292225,25,4
242083,Hits,2014,2014-01-21,1,2010s,Drama,Drama|Comedy,David Cross,Meredith Hagner,96.0,90-105 min,2.0,1000000.0,,921091.050771459,,,,Unknown,False,4.9,13,6.115607167242903,0.07643,20,2
63287,The Poker House,2008,2008-06-20,6,2000s,Drama,Drama,Lori Petty,Jennifer Lawrence,93.0,90-105 min,2.0,,,,,,,Unknown,False,6.2,27,6.1286992674953105,0.358438,12,5
34592,ZMD: Zombies of Mass Destruction,2009,2009-01-01,1,2000s,Horror,Horror,Kevin Hamedani,Janette Armand,92.0,90-105 min,2.0,,,,,,,Unknown,False,3.7,14,6.102438826356095,0.428574,18,3
84178,Black Rock,2012,2012-01-21,1,2010s,Thriller,Thriller|Horror,Katie Aselton,Kate Bosworth,83.0,< 90 min,1.0,,,,,,,Unknown,False,4.8,43,6.0864265681323975,0.651197999999999,7,20
101179,Truth or Dare,2012,2012-08-05,8,2010s,Horror,Horror|Thriller|Mystery,Robert Heath,Liam Boyle,95.0,90-105 min,2.0,,,,,,,Unknown,False,5.6,57,6.105978710465434,0.505292,9,15
287524,Fear Clinic,2014,2014-10-31,10,2010s,Horror,Horror,Robert Hall,Thomas Dekker,95.0,90-105 min,2.0,1.0,,0.921091050771459,,,,Unknown,False,4.1,15,6.105066509632439,0.177102,14,6
206213,Zombie Hunter,2013,2013-07-25,7,2010s,Comedy,Comedy|Action|Science Fiction|Thriller,Kevin King,Martin Copping,93.0,90-105 min,2.0,,,,,,,Unknown,False,3.5,23,6.083397399126986,0.296488,5,4
29146,Charly,1968,1968-09-23,9,1960s,Drama,Drama|Romance|Science Fiction,Ralph Nelson,Cliff Robertson,103.0,90-105 min,2.0,950000.0,814666.0,5955515.43418842,5107111.51232478,-135334.0,0.8575431578947369,Loss-making,True,6.0,13,6.1260672652606045,0.045242,8,8
207769,Banshee Chapter,2013,2013-08-26,8,2010s,Horror,Horror|Thriller,Blair Erickson,Ted Levine,87.0,< 90 min,1.0,950000.0,,889231.685103403,,,,Unknown,False,5.7,35,6.116511812207741,0.328484,12,29
271185,Ask Me Anything,2014,2014-04-19,4,2010s,Drama,Drama|Mystery|Thriller,Allison Burnett,Britt Robertson,100.0,90-105 min,2.0,950000.0,,875036.498232886,,,,Unknown,False,5.4,103,6.075867516531311,0.186933,18,17
91070,L!fe Happens,2011,2011-06-18,6,2010s,Comedy,Comedy,Kat Coiro,Krysten Ritter,100.0,90-105 min,2.0,930000.0,30905.0,901540.179610069,29959.2465062894,-899095.0,0.03323118279569892,Loss-making,True,5.2,47,6.096171977972859,0.372627,25,13
2652,Hard Candy,2005,2005-01-14,1,2000s,Drama,Drama|Thriller,David Slade,Patrick Wilson,103.0,90-105 min,2.0,950000.0,7022209.0,1060735.12517176,7840740.78168139,6072209.0,7.391798947368421,Profitable,True,6.8,353,6.2663854246018245,0.548165999999999,5,15
9813,The Quiet,2005,2005-09-12,9,2000s,Drama,Drama|Thriller,Jamie Babbit,Elisha Cuthbert,96.0,90-105 min,2.0,900000.0,381420.0,1004906.96068904,425879.569940017,-518580.0,0.4238,Loss-making,True,5.6,34,6.114362479891775,0.443093999999999,20,23
157354,Fruitvale Station,2013,2013-07-25,7,2010s,Drama,Drama,Ryan Coogler,Michael B. Jordan,85.0,< 90 min,1.0,,17385830.0,,16273716.745075,,,Unknown,False,7.2,259,6.299514325421717,0.550559,11,20
127867,The Brass Teapot,2012,2012-09-08,9,2010s,Comedy,Comedy|Fantasy|Thriller,Ramaa Mosley,Juno Temple,100.0,90-105 min,2.0,,,,,,,Unknown,False,5.6,104,6.089669129920975,0.460239,32,12
15708,Latter Days,2003,2003-07-10,7,2000s,Drama,Drama|Comedy|Romance,C. Jay Cox,Steve Sandvoss,107.0,105-120 min,3.0,850000.0,819939.0,1007549.74806514,971916.862210341,-30061.0,0.9646341176470589,Loss-making,True,6.4,26,6.132415446951506,0.351678,11,2
84200,"For a Good Time, Call...",2012,2012-08-31,8,2010s,Comedy,Comedy,Jamie Travis,Ari Graynor,85.0,< 90 min,1.0,850000.0,1243961.0,807282.639149409,1181444.84597522,393961.0,1.4634835294117647,Profitable,True,5.8,69,6.111409288411055,0.518403,14,24
84184,Celeste & Jesse Forever,2012,2012-08-03,8,2010s,Comedy,Comedy|Drama|Romance,Lee Toland Krieger,Rashida Jones,91.0,90-105 min,2.0,,3094813.0,,2939280.94860458,,,Unknown,False,6.4,129,6.150998960513635,0.304212,21,7
14823,London to Brighton,2006,2006-12-01,12,2000s,Action,Action|Crime|Drama|Foreign|Thriller,Paul Andrew Williams,Georgia Groome,85.0,< 90 min,1.0,,,,,,,Unknown,False,6.0,12,6.126159547864558,0.224856,8,7
367551,American Hero,2015,2015-12-11,12,2010s,Action,Action|Comedy|Science Fiction,Nick Love,Stephen Dorff,86.0,< 90 min,1.0,,,,,,,Unknown,False,5.2,31,6.106524119802017,0.28365,4,8
11446,Welcome to the Dollhouse,1995,1995-05-24,5,1990s,Comedy,Comedy|Drama,Todd Solondz,Heather Matarazzo,88.0,< 90 min,1.0,,,,,,,Unknown,False,5.9,34,6.121710653654473,0.323966,14,7
292483,Not Cool,2014,2014-09-23,9,2010s,Comedy,Comedy,Shane Dawson,Shane Dawson,90.0,< 90 min,1.0,,,,,,,Unknown,False,4.1,17,6.102141753583088,0.0759649999999999,5,20
10105,Saints and Soldiers,2003,2003-09-11,9,2000s,Action,Action|Adventure|Drama|History|War,Ryan Little,Larry Bagby,90.0,< 90 min,1.0,780000.0,,924575.062930371,,,,Unknown,False,6.7,46,6.146094249223465,0.317456,20,17
838,American Graffiti,1973,1973-08-01,8,1970s,Comedy,Comedy|Drama,George Lucas,Richard Dreyfuss,110.0,105-120 min,3.0,777000.0,115000000.0,3815970.99272706,564783351.56192,114223000.0,148.00514800514802,Profitable,True,6.5,145,6.163329036313636,0.684079,26,15
13158,Aqua Teen Hunger Force Colon Movie Film for Theaters,2007,2007-04-13,4,2000s,Animation,Animation|Comedy,"Dave Willis, Matt Maiellaro",Dana Snyder,86.0,< 90 min,1.0,,,,,,,Unknown,False,6.6,19,6.133818773824029,0.370495,7,31
84332,Safety Not Guaranteed,2012,2012-06-08,6,2010s,Comedy,Comedy|Romance|Science Fiction|Drama,Colin Trevorrow,Aubrey Plaza,85.0,< 90 min,1.0,750000.0,4007792.0,712308.211014184,3806377.53284928,3257792.0,5.343722666666666,Profitable,True,6.7,341,6.242491037896155,0.40801,19,23
74510,Kevin Hart: Laugh at My Pain,2011,2011-09-09,9,2010s,Comedy,Comedy|Documentary,"Tim Story, Leslie Small",Kevin Hart,89.0,< 90 min,1.0,,,,,,,Unknown,False,7.6,36,6.165417278136662,0.06667,2,3
74725,Kill List,2011,2011-09-02,9,2010s,Horror,Horror|Thriller|Crime,Ben Wheatley,Neil Maskell,95.0,90-105 min,2.0,500000.0,171760.0,484699.021295736,166503.807795511,-328240.0,0.34352,Loss-making,True,5.9,88,6.113408611287548,0.198863,19,14
58428,The Innkeepers,2011,2011-12-01,12,2010s,Horror,Horror|Thriller,Ti West,Sara Paxton,102.0,90-105 min,2.0,750000.0,78396.0,727048.531943604,75996.928947001,-671604.0,0.104528,Loss-making,True,5.2,104,6.061138850790599,0.604152,8,15
13429,Donkey Punch,2008,2008-07-18,7,2000s,Horror,Horror|Drama|Thriller|Crime,Olly Blackburn,Nichola Burley,99.0,90-105 min,2.0,,,,,,,Unknown,False,4.0,19,6.097841787442847,0.201483,7,19
9022,All the Boys Love Mandy Lane,2008,2008-02-15,2,2000s,Horror,Horror|Mystery|Thriller,Jonathan Levine,Amber Heard,90.0,< 90 min,1.0,750000.0,,759589.975356875,,,,Unknown,False,5.5,116,6.077781483122083,0.305643,13,11
14275,Hoop Dreams,1994,1994-09-12,9,1990s,Documentary,Documentary,Steve James,William Gates,171.0,> 150 min,5.0,700000.0,7830611.0,1029778.09311871,11519702.3764777,7130611.0,11.186587142857142,Profitable,True,7.3,48,6.167424975634957,0.394187,3,3
2287,Rize,2005,2005-01-15,1,2000s,Documentary,Documentary,David LaChapelle,Christopher Toler,86.0,< 90 min,1.0,,,,,,,Unknown,False,5.6,10,6.123412182638936,0.279805,8,8
18734,L.I.E.,2001,2001-01-20,1,2000s,Drama,Drama,Michael Cuesta,Paul Dano,97.0,90-105 min,2.0,700000.0,1667192.0,862041.68168569,2053127.13624704,967192.0,2.3817028571428573,Profitable,True,5.2,13,6.118459921247731,0.185009,9,4
206197,The Sisterhood of Night,2015,2015-04-10,4,2010s,Mystery,Mystery|Drama|Thriller,Caryn Waechter,Kara Hayward,104.0,90-105 min,2.0,,,,,,,Unknown,False,6.6,25,6.135846971458033,0.302474,49,3
7859,Half Nelson,2006,2006-08-11,8,2000s,Drama,Drama,Ryan Fleck,Ryan Gosling,107.0,105-120 min,3.0,700000.0,,757168.410804101,,,,Unknown,False,6.2,117,6.133061354318382,0.490229,23,18
158752,Escape from Tomorrow,2013,2013-10-11,10,2010s,Horror,Horror|Fantasy,Randy Moore,Roy Abramsohn,90.0,< 90 min,1.0,650.0,,608.421679281276,,,,Unknown,False,4.1,50,6.055086217746438,0.015951,8,10
118612,After,2012,2012-08-27,8,2010s,Mystery,Mystery|Thriller,Ryan Smith,Steven Strait,90.0,< 90 min,1.0,,,,,,,Unknown,False,5.6,31,6.115476542009799,0.310779,13,31
323967,Walter,2015,2015-03-13,3,2010s,Drama,Drama|Comedy,Anna Mastro,Andrew J. West,87.0,< 90 min,1.0,700000.0,,643999.716640124,,,,Unknown,False,5.2,12,6.1191322438604585,0.289526,10,30
2667,The Blair Witch Project,1999,1999-07-14,7,1990s,Horror,Horror|Mystery,"Daniel Myrick, Eduardo Sánchez",Michael C. Williams,81.0,< 90 min,1.0,25000.0,248000000.0,32726.321164858,324645105.955391,247975000.0,9920.0,Profitable,True,6.3,522,6.175335301070184,0.934621,10,28
9459,Woodstock,1970,1970-03-26,3,1970s,Documentary,Documentary|Music,Michael Wadleigh,Joe Cocker,225.0,> 150 min,5.0,,,,,,,Unknown,False,6.2,33,6.12900768390006,0.203225,12,20
11598,The Kentucky Fried Movie,1977,1977-08-10,8,1970s,Comedy,Comedy,John Landis,Evan C. Kim,83.0,< 90 min,1.0,600000.0,,2158668.61954221,,,,Unknown,False,6.2,31,6.128905175321473,0.125508999999999,22,12
704,A Hard Day's Night,1964,1964-07-06,7,1960s,Comedy,Comedy|Music,Richard Lester,John Lennon,88.0,< 90 min,1.0,500000.0,1000549.0,3515133.70514074,7034127.02708972,500549.0,2.001098,Profitable,True,6.9,92,6.17643770025432,0.812194,14,9
14438,Fireproof,2008,2008-09-26,9,2000s,Drama,Drama,Alex Kendrick,Kirk Cameron,122.0,120-150 min,4.0,500000.0,33456317.0,506393.316904583,33884110.6740824,32956317.0,66.912634,Profitable,True,7.5,54,6.1799208567131405,0.280555,15,3
23069,Benji,1974,1974-10-17,10,1970s,Adventure,Adventure|Family|Romance,Joe Camp,Patsy Garrett,86.0,< 90 min,1.0,,,,,,,Unknown,False,6.4,22,6.1316376414052565,0.040689,10,1
83,Open Water,2004,2004-08-06,8,2000s,Drama,Drama|Thriller,Chris Kentis,Blanchard Ryan,79.0,< 90 min,1.0,130000.0,54667954.0,150077.901975579,63111168.0124421,54537954.0,420.52272307692306,Profitable,True,5.3,171,6.034520069725115,0.762134,6,25
89857,High Road,2012,2012-03-06,3,2010s,Comedy,Comedy,Matt Walsh,Kathryn Burns,87.0,< 90 min,1.0,,,,,,,Unknown,False,6.0,11,6.126251965671213,0.209121,16,10
30315,Kingdom of the Spiders,1977,1977-08-24,8,1970s,Horror,Horror|Science Fiction,John 'Bud' Cardos,William Shatner,97.0,90-105 min,2.0,500000.0,17000000.0,1798890.51628517,61162277.5536959,16500000.0,34.0,Profitable,True,5.7,16,6.122287831791675,0.164123,19,20
2056,The Station Agent,2003,2003-01-26,1,2000s,Drama,Drama|Comedy,Tom McCarthy,Peter Dinklage,88.0,< 90 min,1.0,500000.0,8679814.0,592676.322391263,10288640.4811204,8179814.0,17.359628,Profitable,True,7.4,107,6.220482210894376,0.350293,15,16
41144,To Save A Life,2009,2009-11-05,11,2000s,Drama,Drama,Brian Baugh,Randy Wayne,120.0,105-120 min,3.0,,,,,,,Unknown,False,5.6,13,6.122263593254168,0.135641,8,1
12281,Mean Creek,2004,2004-01-15,1,2000s,Crime,Crime|Drama,Jacob Aaron Estes,Rory Culkin,90.0,< 90 min,1.0,500000.0,603943.0,577222.699906074,697219.218098748,103943.0,1.207886,Profitable,True,7.3,33,6.155177390482137,0.154421,7,13
172533,Drinking Buddies,2013,2013-08-23,8,2010s,Romance,Romance|Drama,Joe Swanberg,Olivia Wilde,90.0,< 90 min,1.0,,343341.0,,321378.62736325,,,Unknown,False,6.1,257,6.122926297770326,0.835456,14,22
45649,Rubber,2010,2010-07-09,7,2010s,Comedy,Comedy|Drama|Fantasy|Horror|Mystery,Quentin Dupieux,Thomas F. Duffy,85.0,< 90 min,1.0,500000.0,98017.0,500000.0,98017.0,-401983.0,0.196034,Loss-making,True,5.6,140,6.0778706635016215,0.619772,22,13
43933,Monsters,2010,2010-06-18,6,2010s,Drama,Drama|Thriller|Science Fiction,Gareth Edwards,Whitney Able,94.0,90-105 min,2.0,500000.0,4242978.0,500000.0,4242978.0,3742978.0,8.485956,Profitable,True,6.3,328,6.160957468841194,0.827664,5,13
139715,Detention of the Dead,2012,2012-04-27,4,2010s,Comedy,Comedy|Horror,Alex Craig Mann,Jacob Zachar,87.0,< 90 min,1.0,500000.0,,474872.140676122,,,,Unknown,False,4.0,12,6.10859128785431,0.181137,12,7
45380,Crazy Stone,2006,2006-01-01,1,2000s,Action,Action|Comedy,Ning Hao,Guo Tao,98.0,90-105 min,2.0,,,,,,,Unknown,False,6.6,14,6.132115019616822,0.075688,12,5
253626,Good Kill,2015,2015-04-09,4,2010s,Action,Action|Drama|Thriller,Andrew Niccol,Ethan Hawke,104.0,90-105 min,2.0,,316472.0,,291154.11189219,,,Unknown,False,5.7,132,6.089325454772743,0.45016,13,39
90369,Now Is Good,2012,2012-05-25,5,2010s,Drama,Drama|Romance,Ol Parker,Dakota Fanning,103.0,90-105 min,2.0,,,,,,,Unknown,False,7.4,246,6.322946414810183,0.800033,19,2
98568,Enter Nowhere,2011,2011-10-22,10,2010s,Horror,Horror|Thriller|Science Fiction|Mystery,Jack Heller,Katherine Waterston,90.0,< 90 min,1.0,,,,,,,Unknown,False,6.3,16,6.12929461961738,0.246407,7,15
15239,The Toxic Avenger,1984,1984-05-01,5,1980s,Science Fiction,Science Fiction|Action|Comedy|Horror,"Lloyd Kaufman, Michael Herz",Mitch Cohen,82.0,< 90 min,1.0,,,,,,,Unknown,False,6.2,51,6.129917129270353,0.335414,26,15
4107,Bloody Sunday,2002,2002-01-16,1,2000s,Action,Action|Adventure|Drama|History,Paul Greengrass,James Nesbitt,107.0,105-120 min,3.0,,773228.0,,937354.452866428,,,Unknown,False,6.3,30,6.1310212833883195,0.293428,25,3
15624,Conversations with Other Women,2005,2005-09-02,9,2000s,Drama,Drama|Romance,Hans Canosa,Helena Bonham Carter,84.0,< 90 min,1.0,450000.0,973525.0,502453.480344522,1087002.27656089,523525.0,2.163388888888889,Profitable,True,6.3,14,6.12904506858985,0.401768,7,2
17287,Poultrygeist: Night of the Chicken Dead,2006,2006-12-26,12,2000s,Comedy,Comedy|Horror,Lloyd Kaufman,Jason Yachanin,103.0,90-105 min,2.0,,,,,,,Unknown,False,5.1,13,6.117509003246122,0.152191,15,20
15389,Metropolitan,1990,1990-08-03,8,1990s,Comedy,Comedy|Drama,Whit Stillman,Edward Clements,98.0,90-105 min,2.0,225000.0,,375502.17157078,,,,Unknown,False,7.0,17,6.138098284835367,0.0791019999999999,6,2
8193,Napoleon Dynamite,2004,2004-06-11,6,2000s,Comedy,Comedy,Jared Hess,Jon Heder,95.0,90-105 min,2.0,400000.0,46118097.0,461778.159924859,53240824.9297404,45718097.0,115.2952425,Profitable,True,6.6,290,6.210660275127895,0.577759,13,6
188166,Blue Ruin,2014,2014-04-25,4,2010s,Crime,Crime|Thriller,Jeremy Saulnier,Macon Blair,90.0,< 90 min,1.0,,258384.0,,237995.190062532,,,Unknown,False,6.7,263,6.220423324678605,0.896627,13,30
23827,Paranormal Activity,2007,2007-09-14,9,2000s,Horror,Horror|Mystery,Oren Peli,Katie Featherston,86.0,< 90 min,1.0,15000.0,193355800.0,15775.0287394731,203346220.129588,193340800.0,12890.386666666667,Profitable,True,6.1,714,6.117860141355724,1.120442,5,11
1282,Dogtown and Z-Boys,2001,2001-01-18,1,2000s,Documentary,Documentary,Stacy Peralta,Sean Penn,91.0,90-105 min,2.0,,,,,,,Unknown,False,6.7,28,6.138880369248081,0.138860999999999,9,7
762,Monty Python and the Holy Grail,1975,1975-03-13,3,1970s,Adventure,Adventure|Comedy|Fantasy,"Terry Gilliam, Terry Jones",Graham Chapman,91.0,90-105 min,2.0,400000.0,5028948.0,1620728.46882488,20376397.9795998,4628948.0,12.57237,Profitable,True,7.6,1097,6.786400619451582,2.234953,19,16
9029,What Happens in Vegas,2008,2008-05-07,5,2000s,Comedy,Comedy|Romance,Tom Vaughan,Ashton Kutcher,99.0,90-105 min,2.0,35000000.0,170000000.0,35447532.1833208,172173727.747558,135000000.0,4.857142857142857,Profitable,True,5.8,573,6.02996552246265,1.682909,14,11
11240,My Beautiful Laundrette,1985,1985-09-07,9,1980s,Drama,Drama,Stephen Frears,Gordon Warnecke,97.0,90-105 min,2.0,860000.0,2451545.0,1743362.80494912,4969688.79960348,1591545.0,2.8506337209302326,Profitable,True,6.2,23,6.1284921634868725,0.112015,31,18
15800,Trekkies,1997,1997-10-18,10,1990s,Documentary,Documentary,Roger Nygard,Denise Crosby,86.0,< 90 min,1.0,,,,,,,Unknown,False,5.3,10,6.1212129303847025,0.148904999999999,12,1
764,The Evil Dead,1981,1981-10-15,10,1980s,Horror,Horror,Sam Raimi,Bruce Campbell,85.0,< 90 min,1.0,350000.0,29400000.0,839366.781699885,70506809.6627903,29050000.0,84.0,Profitable,True,7.2,426,6.383993347754494,1.021218,10,11
103620,Maniac,2012,2012-12-26,12,2010s,Horror,Horror|Crime|Mystery|Thriller,Franck Khalfoun,Elijah Wood,89.0,< 90 min,1.0,6000000.0,31081.0,5698465.68811347,29519.0020087091,-5968919.0,0.005180166666666666,Loss-making,True,5.8,189,6.087192377900183,0.913638,27,12
21525,Tupac: Resurrection,2003,2003-01-23,1,2000s,Music,Music|Documentary,Lauren Lazin,Tupac Amaru Shakur,112.0,105-120 min,3.0,,7808524.0,,9255854.57524784,,,Unknown,False,8.0,15,6.147795309574007,0.23825,1,4
11980,The Prophecy,1995,1995-09-01,9,1990s,Fantasy,Fantasy|Horror|Thriller,Gregory Widen,Christopher Walken,98.0,90-105 min,2.0,8.0,16.0,11.4477349368557,22.8954698737114,8.0,2.0,Profitable,True,5.5,54,6.103221758637719,0.705828,9,8
1550,Pieces of April,2003,2003-01-19,1,2000s,Comedy,Comedy|Drama,Peter Hedges,Katie Holmes,81.0,< 90 min,1.0,300000.0,,355605.793434758,,,,Unknown,False,6.3,28,6.130776758800212,0.379915,30,11
26518,Old Joy,2006,2006-01-01,1,2000s,Drama,Drama,Kelly Reichardt,Daniel London,73.0,< 90 min,1.0,300000.0,,324500.747487471,,,,Unknown,False,6.4,16,6.1304624175883315,0.0845139999999999,10,4
8942,Wendy and Lucy,2008,2008-05-22,5,2000s,Drama,Drama,Kelly Reichardt,Michelle Williams,80.0,< 90 min,1.0,200000.0,,202557.326761833,,,,Unknown,False,6.6,27,6.136519121235083,0.232479,4,17
13282,Death Race 2000,1975,1975-04-27,4,1970s,Action,Action|Comedy|Science Fiction,Paul Bartel,David Carradine,80.0,< 90 min,1.0,300000.0,,1215546.35161866,,,,Unknown,False,5.9,57,6.118096916120597,0.513067,15,9
80468,Some Guy Who Kills People,2011,2011-04-14,4,2010s,Comedy,Comedy|Horror|Thriller,Jack Perez,Kevin Corrigan,97.0,90-105 min,2.0,300000.0,,290819.412777441,,,,Unknown,False,5.1,18,6.113801150308121,0.072612,11,3
84188,Compliance,2012,2012-08-23,8,2010s,Drama,Drama|Thriller|Crime,Craig Zobel,Ann Dowd,90.0,< 90 min,1.0,,319285.0,,303239.102871551,,,Unknown,False,6.3,118,6.141122585651635,0.446244,14,5
2255,Chasing Amy,1997,1997-04-04,4,1990s,Comedy,Comedy|Drama|Romance,Kevin Smith,Ben Affleck,113.0,105-120 min,3.0,250000.0,12021272.0,339615.080268024,16330421.020815,11771272.0,48.085088,Profitable,True,6.7,227,6.209503863346893,1.212565,16,9
50035,Lovely & Amazing,2001,2001-08-31,8,2000s,Comedy,Comedy|Drama|Romance,Nicole Holofcener,Catherine Keener,91.0,90-105 min,2.0,250000.0,4186931.0,307872.02917346,5156155.77191707,3936931.0,16.747724,Profitable,True,6.3,10,6.128543771232148,0.251798,16,2
14290,Better Luck Tomorrow,2002,2002-01-01,1,2000s,Crime,Crime|Drama,Justin Lin,Parry Shen,101.0,90-105 min,2.0,,,,,,,Unknown,False,6.6,13,6.13177277327026,0.147215,10,1
431,Cube,1997,1997-09-09,9,1990s,Thriller,Thriller|Science Fiction|Mystery,Vincenzo Natali,Nicole de Boer,90.0,< 90 min,1.0,250000.0,501818.0,339615.080268024,681699.841399757,251818.0,2.007272,Profitable,True,6.7,508,6.283522130034784,0.663483,7,48
60420,Like Crazy,2011,2011-10-28,10,2010s,Drama,Drama|Romance,Drake Doremus,Anton Yelchin,90.0,< 90 min,1.0,250000.0,3542353.0,242349.510647868,3433950.06436803,3292353.0,14.169412,Profitable,True,6.4,257,6.170781800222067,1.22871,10,7
109729,The Canyons,2013,2013-07-29,7,2010s,Thriller,Thriller|Drama,Paul Schrader,Lindsay Lohan,99.0,90-105 min,2.0,250000.0,56825.0,234008.338185106,53190.0952694746,-193175.0,0.2273,Loss-making,True,4.4,41,6.076515345378663,0.510294999999999,18,32
12247,Shotgun Stories,2007,2007-10-01,10,2000s,Drama,Drama|Thriller,Jeff Nichols,Michael Shannon,92.0,90-105 min,2.0,,,,,,,Unknown,False,6.4,21,6.131442482974164,0.099129,15,14
29917,Exam,2009,2009-06-19,6,2000s,Thriller,Thriller|Mystery,Stuart Hazeldine,Luke Mably,101.0,90-105 min,2.0,,,,,,,Unknown,False,6.6,232,6.196423023981951,0.416013,10,23
24869,Ink,2009,2009-01-23,1,2000s,Action,Action|Fantasy,Jamin Winans,Chris Kelly,106.0,105-120 min,3.0,,,,,,,Unknown,False,6.6,39,6.140511491161993,0.132841,12,6
18533,Bronson,2008,2008-10-09,10,2000s,Drama,Drama|Action|Crime,Nicolas Winding Refn,Tom Hardy,92.0,90-105 min,2.0,,,,,,,Unknown,False,6.9,375,6.2948623898778395,0.632340999999999,16,19
9659,Mad Max,1979,1979-04-12,4,1970s,Adventure,Adventure|Action|Thriller|Science Fiction,George Miller,Mel Gibson,93.0,90-105 min,2.0,400000.0,100000000.0,1201821.60100063,300455400.250159,99600000.0,250.0,Profitable,True,6.5,667,6.25028279567452,2.012021,18,17
10218,Swingers,1996,1996-10-18,10,1990s,Comedy,Comedy|Romance,Doug Liman,Jon Favreau,94.0,90-105 min,2.0,200000.0,4505922.0,278043.34779205,6264208.18884926,4305922.0,22.52961,Profitable,True,6.9,129,6.194488947702632,0.802896,61,14
69270,Super Hybrid,2010,2010-01-01,1,2010s,Horror,Horror,Eric Valette,Shannon Beckner,95.0,90-105 min,2.0,13000000.0,,13000000.0,,,,Unknown,False,3.5,14,6.100392192338114,0.256392,8,2
14758,Good Dick,2008,2008-10-03,10,2000s,Comedy,Comedy|Drama|Romance,Marianna Palka,Marianna Palka,86.0,< 90 min,1.0,,,,,,,Unknown,False,5.6,18,6.120360438989704,0.083339,19,17
13363,The Man from Earth,2007,2007-06-10,6,2000s,Science Fiction,Science Fiction|Drama,Richard Schenkman,David Lee Smith,87.0,< 90 min,1.0,,,,,,,Unknown,False,7.6,386,6.45396618489614,0.674256,11,10
79120,Weekend,2011,2011-09-22,9,2010s,Drama,Drama|Romance,Andrew Haigh,Tom Cullen,96.0,90-105 min,2.0,8000.0,469947.0,7755.18434073177,455565.701921734,461947.0,58.743375,Profitable,True,7.4,96,6.211534761973501,0.243777,5,3
27995,She's Gotta Have It,1986,1986-08-08,8,1980s,Comedy,Comedy|Romance,Spike Lee,Tracy Camilla Johns,84.0,< 90 min,1.0,,,,,,,Unknown,False,5.2,11,6.119805551489102,0.139942,7,10
55420,Another Earth,2011,2011-07-22,7,2010s,Drama,Drama|Science Fiction,Mike Cahill,William Mapother,92.0,90-105 min,2.0,100000.0,1776935.0,96939.8042591472,1722557.31081227,1676935.0,17.76935,Profitable,True,6.8,299,6.248954424014139,0.779536,33,44
5723,Once,2007,2007-03-23,3,2000s,Drama,Drama|Music|Romance,John Carney,Glen Hansard,85.0,< 90 min,1.0,160000.0,20710513.0,168266.973221047,21780595.8522822,20550513.0,129.44070625,Profitable,True,7.3,305,6.342864540014329,1.254438,11,12
50497,When the Lights Went Out,2012,2012-01-31,1,2010s,Thriller,Thriller|Drama|Horror,Pat Holden,Kate Ashfield,86.0,< 90 min,1.0,,,,,,,Unknown,False,5.8,23,6.121811457655778,0.109652,14,12
13187,A Charlie Brown Christmas,1965,1965-12-09,12,1960s,Animation,Animation|Family|Comedy|TV Movie,Bill Melendez,Ann Altieri,25.0,< 90 min,1.0,,,,,,,Unknown,False,7.6,84,6.213299880632621,0.600975,10,2
1779,Roger & Me,1989,1989-09-01,9,1980s,Documentary,Documentary|History,Michael Moore,Michael Moore,91.0,90-105 min,2.0,,,,,,,Unknown,False,7.1,34,6.151103348705261,0.292579,4,3
86812,Sound of My Voice,2011,2011-01-22,1,2010s,Science Fiction,Science Fiction|Drama|Mystery,Zal Batmanglij,Brit Marling,85.0,< 90 min,1.0,,,,,,,Unknown,False,5.7,46,6.113239453137471,0.486641,21,4
84355,Your Sister's Sister,2011,2011-09-11,9,2010s,Drama,Drama|Comedy,Lynn Shelton,Mark Duplass,90.0,< 90 min,1.0,125000.0,3200000.0,121174.755323934,3102073.73629271,3075000.0,25.6,Profitable,True,6.3,96,6.138712198012394,0.524527,6,8
18632,A Dog's Breakfast,2007,2007-03-03,3,2000s,Comedy,Comedy,David Hewlett,David Hewlett,88.0,< 90 min,1.0,120000.0,,126200.229915785,,,,Unknown,False,4.9,11,6.11738814617081,0.228338,7,16
18925,Facing the Giants,2006,2006-09-29,9,2000s,Drama,Drama,Alex Kendrick,James Blackwell,111.0,105-120 min,3.0,100000.0,10178331.0,108166.915829157,11009586.725583,10078331.0,101.78331,Profitable,True,6.8,41,6.147047923688461,0.206454,5,2
299245,The Gallows,2015,2015-07-10,7,2010s,Horror,Horror|Thriller,"Travis Cluff, Chris Lofing",Cassidy Gifford,87.0,< 90 min,1.0,100000.0,42664410.0,91999.9595200178,39251239.9294544,42564410.0,426.6441,Profitable,True,5.0,247,5.953373654573589,0.532205,11,8
985,Eraserhead,1977,1977-03-19,3,1970s,Science Fiction,Science Fiction|Fantasy|Horror|Drama,David Lynch,Jack Nance,89.0,< 90 min,1.0,10000.0,7000000.0,35977.8103257035,25184467.2279924,6990000.0,700.0,Profitable,True,7.1,194,6.249174186640252,0.331417,11,11
34101,Hollywood Shuffle,1987,1987-03-20,3,1980s,Comedy,Comedy,Robert Townsend,Robert Townsend,78.0,< 90 min,1.0,,,,,,,Unknown,False,5.1,12,6.118253830859946,0.063503,10,3
9821,The Mighty,1998,1998-10-23,10,1990s,Comedy,Comedy|Drama,Peter Chelsom,Sharon Stone,100.0,90-105 min,2.0,,,,,,,Unknown,False,7.4,18,6.143973878243403,0.420915,9,6
175291,Cheap Thrills,2013,2013-03-08,3,2010s,Comedy,Comedy|Crime|Drama,E.L. Katz,Pat Healy,85.0,< 90 min,1.0,,,,,,,Unknown,False,6.0,81,6.1200937623425355,0.400903,15,17
80215,Indie Game: The Movie,2012,2012-05-18,5,2010s,Documentary,Documentary,"Lisanne Pajot, James Swirsky",Jonathan Blow,96.0,90-105 min,2.0,,,,,,,Unknown,False,7.3,153,6.246331735344551,0.224198,4,3
13538,Straightheads,2007,2007-04-27,4,2000s,Thriller,Thriller,Dan Reed,Gillian Anderson,88.0,< 90 min,1.0,,,,,,,Unknown,False,4.8,20,6.1079590701825,0.197104,9,17
473,Pi,1998,1998-07-10,7,1990s,Mystery,Mystery|Drama|Thriller,Darren Aronofsky,Sean Gullette,84.0,< 90 min,1.0,60000.0,3221152.0,80261.7281446979,4308920.4356125,3161152.0,53.68586666666667,Profitable,True,6.9,286,6.262024607242103,1.011829,13,10
9372,Super Size Me,2004,2004-01-17,1,2000s,Documentary,Documentary|Comedy|Drama,Morgan Spurlock,Morgan Spurlock,100.0,90-105 min,2.0,65000.0,28575078.0,75038.9509877896,32988367.3463733,28510078.0,439.6165846153846,Profitable,True,6.5,295,6.193952191096824,0.263897,15,8
244534,Happy Christmas,2014,2014-06-26,6,2010s,Comedy,Comedy|Drama,Joe Swanberg,Anna Kendrick,82.0,< 90 min,1.0,,,,,,,Unknown,False,5.4,42,6.105398294060434,0.101299,15,5
33468,The Brain That Wouldn't Die,1962,1962-02-25,2,1960s,Horror,Horror|Science Fiction,Joseph Green,Jason Evers,82.0,< 90 min,1.0,62000.0,,446923.830483232,,,,Unknown,False,4.9,12,6.116497004858921,0.215748,15,13
74777,Absentia,2011,2011-03-03,3,2010s,Mystery,Mystery|Horror|Thriller,Mike Flanagan,Katie Parker,92.0,90-105 min,2.0,70000.0,,67857.862981403,,,,Unknown,False,5.7,48,6.112649995248394,0.262882,15,30
159770,The Dirties,2013,2013-10-04,10,2010s,Drama,Drama,Matt Johnson,Matt Johnson,83.0,< 90 min,1.0,,,,,,,Unknown,False,6.2,15,6.128074324985591,0.146961999999999,6,5
47607,Tiny Furniture,2010,2010-11-12,11,2010s,Comedy,Comedy,Lena Dunham,Lena Dunham,99.0,90-105 min,2.0,65000.0,,65000.0,,,,Unknown,False,5.8,29,6.120415413446441,0.271442,21,12
20981,The Call of Cthulhu,2005,2005-01-01,1,2000s,Horror,Horror|Thriller|Fantasy,Andrew Leman,Matt Foyer,47.0,< 90 min,1.0,50000.0,,55828.1644827247,,,,Unknown,False,6.1,14,6.126998434571869,0.168435,6,3
242095,The Signal,2014,2014-03-15,3,2010s,Thriller,Thriller|Science Fiction,William Eubank,Brenton Thwaites,95.0,90-105 min,2.0,4000000.0,600896.0,3684364.20308583,553479.928044367,-3399104.0,0.150224,Loss-making,True,5.8,400,6.052646119570021,1.319416,12,52
18292,George Washington,2000,2000-10-01,10,2000s,Drama,Drama,David Gordon Green,Candace Evanofski,89.0,< 90 min,1.0,,,,,,,Unknown,False,4.9,14,6.114718630463982,0.080819,14,16
13963,The Last Waltz,1978,1978-05-01,5,1970s,Documentary,Documentary|Music,Martin Scorsese,Robbie Robertson,117.0,105-120 min,3.0,,321952.0,,1076189.17412896,,,Unknown,False,8.0,33,6.171830840125278,0.064029,30,17
42151,Down Terrace,2009,2009-09-01,9,2000s,Drama,Drama|Action|Comedy,Ben Wheatley,Robert Hill,89.0,< 90 min,1.0,31192.0,10000.0,31703.5623412255,10164.0043412495,-21192.0,0.32059502436522186,Loss-making,True,6.5,15,6.131361155750327,0.092519,9,3
2292,Clerks,1994,1994-09-13,9,1990s,Comedy,Comedy,Kevin Smith,Brian O'Halloran,92.0,90-105 min,2.0,27000.0,3151130.0,39720.0121631503,4635663.77509881,3124130.0,116.70851851851852,Profitable,True,7.2,383,6.3637940005398494,1.297355,15,7
14585,In the Company of Men,1997,1997-01-19,1,1990s,Comedy,Comedy|Drama,Neil LaBute,Aaron Eckhart,97.0,90-105 min,2.0,,,,,,,Unknown,False,6.1,16,6.126959023675479,0.351183,5,8
38780,Rampage,2009,2009-08-14,8,2000s,Action,Action|Drama|Crime|Thriller,Uwe Boll,Brendan Fletcher,85.0,< 90 min,1.0,,,,,,,Unknown,False,6.0,61,6.121791080727704,0.452402,14,15
14022,Slacker,1991,1991-07-05,7,1990s,Comedy,Comedy,Richard Linklater,Richard Linklater,97.0,90-105 min,2.0,,,,,,,Unknown,False,6.4,41,6.135292493970161,0.159178,2,2
17345,Flywheel,2003,2003-01-01,1,2000s,Drama,Drama|Family,Alex Kendrick,Alex Kendrick,120.0,105-120 min,3.0,,,,,,,Unknown,False,6.9,13,6.134625527275088,0.202514,1,13
226458,Backmask,2015,2015-01-16,1,2010s,Thriller,Thriller|Horror,Marcus Nispel,Stephen Lang,91.0,90-105 min,2.0,,,,,,,Unknown,False,4.6,46,6.077099177442878,0.256286,22,36
692,Pink Flamingos,1972,1972-03-12,3,1970s,Comedy,Comedy,John Waters,Divine,93.0,90-105 min,2.0,12000.0,6000000.0,62574.7311763475,31287365.5881737,5988000.0,500.0,Profitable,True,6.3,51,6.133546764171784,0.412913,11,7
14337,Primer,2004,2004-10-08,10,2000s,Science Fiction,Science Fiction|Drama|Thriller,Shane Carruth,Shane Carruth,79.0,< 90 min,1.0,7000.0,424760.0,8081.11779868504,490362.228024208,417760.0,60.68,Profitable,True,6.9,341,6.2827246524321705,0.856329,19,6
9367,El Mariachi,1992,1992-09-04,9,1990s,Action,Action|Crime|Thriller,Robert Rodriguez,Carlos Gallardo,81.0,< 90 min,1.0,220000.0,2040920.0,341885.33600957,3171639.18167569,1820920.0,9.276909090909092,Profitable,True,6.5,116,6.156687679979439,0.548647999999999,7,11
